timestamp,cpu_user_pct,cpu_system_pct,cpu_idle_pct,context_switch_rate,interrupt_rate,load_avg_1m,ram_used_mb,ram_free_mb,swap_used_mb,total_process_count,total_thread_count,high_cpu_process_count,top_process_cpu_pct,top_process_uptime_sec,packets_recv_per_sec,packets_sent_per_sec,tcp_connection_count,failed_connection_attempts,unique_dst_port_count,is_attack,is_legitimate_peak,attack_type,system_phase,pi_ram_used_mb,pi_ram_free_mb
2026-02-12 16:19:37.919349,6.21,2.07,91.72,567.0,1058.0,0.18,1341.05,2574.78,0.0,9,16,0,0.0,0,0.0,0.0,9.0,0.0,0,1,0,crypto,onset,315.07,604.93
2026-02-12 16:19:39.022729,1.5,1.25,97.25,803.0,885.0,0.41,1341.16,2574.67,0.0,9,18,0,0.0,0,0.0,0.0,9.0,0.0,0,1,0,crypto,onset,315.1,604.9
2026-02-12 16:19:40.048721,5.68,2.84,91.48,893.0,1006.0,0.41,1341.16,2574.67,0.0,10,19,0,0.0,0,0.0,0.0,10.0,0.0,0,1,0,crypto,onset,315.1,604.9
2026-02-12 16:19:42.169209,4.99,1.08,93.93,404.0,920.0,0.41,1360.46,2555.37,0.0,14,28,1,26.0,3,0.0,0.0,14.0,0.0,0,1,0,crypto,onset,319.63,600.37
2026-02-12 16:19:44.988442,2.17,1.45,96.38,496.0,717.0,0.37,1359.19,2556.64,0.0,14,28,4,59.9,5,0.0,0.0,14.0,0.0,0,1,0,crypto,onset,319.33,600.67
2026-02-12 16:19:46.584826,0.85,1.13,98.02,240.0,285.0,0.37,1359.19,2556.64,0.0,14,27,4,67.4,6,0.0,0.0,14.0,0.0,0,1,0,crypto,onset,319.33,600.67
2026-02-12 16:19:47.772810,2.35,2.94,94.71,317.0,370.0,0.37,1359.19,2556.64,0.0,14,26,4,63.7,8,0.0,0.0,14.0,0.0,0,1,0,crypto,onset,319.33,600.67
2026-02-12 16:19:49.398422,51.3,15.65,33.04,1655.0,1571.0,0.82,1363.27,2552.56,0.0,14,28,4,85.4,9,98.0,98.0,14.0,0.0,0,1,0,crypto,onset,320.29,599.71
2026-02-12 16:19:50.870048,9.68,2.3,88.02,935.0,936.0,0.82,1363.27,2552.57,0.0,14,28,4,56.0,12,0.0,0.0,14.0,0.0,0,1,0,crypto,onset,320.29,599.71
2026-02-12 16:19:53.869822,4.04,1.15,94.81,831.0,942.0,0.92,1364.67,2551.16,0.0,17,33,4,73.7,14,84.0,84.0,17.0,0.0,0,1,0,crypto,onset,320.62,599.38
2026-02-12 16:19:56.375202,0.5,0.33,99.17,412.0,711.0,0.92,1366.09,2549.75,0.0,17,33,3,46.3,16,0.0,0.0,17.0,0.0,0,1,0,crypto,onset,320.95,599.05
2026-02-12 16:19:58.184933,0.98,0.65,98.37,291.0,481.0,0.92,1366.26,2549.57,0.0,18,36,4,57.5,18,0.0,0.0,18.0,0.0,0,1,0,crypto,onset,320.99,599.01
2026-02-12 16:19:59.476616,16.57,5.92,77.51,558.0,812.0,0.84,1366.75,2549.08,0.0,15,27,5,51.6,20,98.0,98.0,15.0,0.0,0,1,0,crypto,onset,321.11,598.89
2026-02-12 16:20:01.584125,18.64,9.55,71.82,997.0,1230.0,0.84,1372.46,2543.37,0.0,15,30,4,69.9,22,0.0,0.0,15.0,0.0,0,1,0,crypto,onset,322.45,597.55
2026-02-12 16:20:03.716110,6.39,1.67,91.94,554.0,886.0,0.94,1372.46,2543.37,0.0,15,30,4,54.9,24,0.0,0.0,15.0,0.0,0,1,0,crypto,onset,322.45,597.55
2026-02-12 16:20:05.268275,6.29,3.14,90.57,757.0,712.0,0.94,1372.46,2543.37,0.0,16,31,4,64.7,25,0.0,0.0,16.0,0.0,0,1,0,crypto,onset,322.45,597.55
2026-02-12 16:20:06.385696,7.52,3.01,89.47,699.0,602.0,0.94,1373.7,2542.14,0.0,17,33,4,67.2,26,0.0,0.0,17.0,0.0,0,1,0,crypto,onset,322.74,597.26
2026-02-12 16:20:07.508756,44.35,14.78,40.87,1325.0,1375.0,0.94,1376.56,2539.27,0.0,15,30,5,81.7,27,0.0,0.0,15.0,0.0,0,1,0,crypto,onset,323.41,596.59
2026-02-12 16:20:08.975498,4.63,0.0,95.37,252.0,419.0,1.02,1376.64,2539.19,0.0,15,30,4,63.0,29,0.0,0.0,15.0,0.0,0,1,0,crypto,onset,323.43,596.57
2026-02-12 16:20:11.307529,0.57,0.38,99.06,399.0,448.0,1.02,1370.62,2545.21,0.0,14,27,4,64.4,31,0.0,0.0,14.0,0.0,0,1,0,crypto,onset,322.02,597.98
2026-02-12 16:20:12.429046,4.42,1.1,94.48,323.0,282.0,1.02,1376.29,2539.55,0.0,14,28,4,77.4,32,98.0,98.0,14.0,0.0,0,1,0,crypto,onset,323.35,596.65
2026-02-12 16:20:14.986797,2.9,1.24,95.85,736.0,973.0,1.18,1366.64,2549.2,0.0,14,28,4,50.6,35,0.0,0.0,14.0,0.0,0,1,0,crypto,onset,321.08,598.92
2026-02-12 16:20:16.768427,4.65,0.87,94.48,531.0,698.0,1.18,1362.8,2553.03,0.0,14,28,4,70.7,37,0.0,0.0,14.0,0.0,0,1,0,crypto,onset,320.18,599.82
2026-02-12 16:20:19.225607,2.3,0.42,97.28,370.0,660.0,1.33,1362.8,2553.03,0.0,14,28,4,55.0,39,0.0,0.0,14.0,0.0,0,1,0,crypto,onset,320.18,599.82
2026-02-12 16:20:20.670029,9.09,4.04,86.87,688.0,910.0,1.33,1362.8,2553.04,0.0,15,30,4,59.5,41,0.0,0.0,15.0,0.0,0,1,0,crypto,onset,320.18,599.82
2026-02-12 16:20:23.313661,2.01,0.91,97.08,507.0,713.0,1.33,1367.04,2548.79,0.0,16,30,4,55.8,43,0.0,0.0,16.0,0.0,0,1,0,crypto,onset,321.18,598.82
2026-02-12 16:20:25.501769,1.4,0.47,98.13,420.0,658.0,1.3,1369.39,2546.44,0.0,18,36,4,48.9,45,0.0,98.0,18.0,0.0,0,1,0,crypto,onset,321.73,598.27
2026-02-12 16:20:27.210246,0.26,0.26,99.49,275.0,581.0,1.3,1365.59,2550.24,0.0,16,29,3,51.3,47,98.0,0.0,16.0,0.0,0,1,0,crypto,onset,320.84,599.16
2026-02-12 16:20:29.285506,1.97,0.28,97.75,361.0,583.0,1.2,1360.48,2555.35,0.0,16,31,4,63.9,49,0.0,0.0,16.0,0.0,0,1,0,crypto,onset,319.64,600.36
2026-02-12 16:20:31.086736,11.73,2.28,85.99,833.0,904.0,1.2,1367.18,2548.65,0.0,15,30,4,54.5,51,42.0,42.0,15.0,0.0,0,1,0,crypto,onset,321.21,598.79
2026-02-12 16:20:33.492947,2.87,0.44,96.69,381.0,590.0,1.1,1367.18,2548.65,0.0,15,30,4,53.7,53,0.0,0.0,15.0,0.0,0,1,0,crypto,onset,321.21,598.79
2026-02-12 16:20:35.325659,0.89,0.3,98.81,301.0,474.0,1.1,1367.9,2547.93,0.0,17,34,4,51.0,55,0.0,0.0,17.0,0.0,0,1,0,crypto,onset,321.38,598.62
2026-02-12 16:20:37.740300,0.84,0.63,98.54,425.0,685.0,1.1,1368.9,2546.93,0.0,18,36,4,46.8,58,0.0,0.0,18.0,0.0,0,1,0,crypto,onset,321.61,598.39
2026-02-12 16:20:39.117832,2.21,0.37,97.42,231.0,339.0,1.01,1369.68,2546.15,0.0,17,31,4,55.6,59,0.0,98.0,17.0,0.0,0,1,0,crypto,onset,321.8,598.2
2026-02-12 16:20:40.435476,1.33,0.38,98.29,291.0,437.0,1.01,1365.06,2550.77,0.0,16,30,4,52.2,64,98.0,0.0,16.0,0.0,0,1,0,crypto,onset,320.71,599.29
2026-02-12 16:20:44.968111,1.83,0.52,97.65,697.0,1020.0,0.93,1362.78,2553.05,0.0,15,30,4,43.9,65,42.0,42.0,15.0,0.0,0,1,0,crypto,onset,320.18,599.82
2026-02-12 16:20:45.998684,2.25,0.56,97.19,543.0,619.0,0.93,1368.26,2547.57,0.0,15,30,4,53.3,67,0.0,0.0,15.0,0.0,0,1,0,crypto,onset,321.46,598.54
2026-02-12 16:20:48.552196,2.7,0.77,96.53,422.0,634.0,0.94,1367.26,2548.57,0.0,15,30,4,53.8,68,0.0,0.0,15.0,0.0,0,1,0,crypto,onset,321.23,598.77
2026-02-12 16:20:50.424248,0.27,0.0,99.73,242.0,412.0,0.94,1367.39,2548.44,0.0,16,32,4,47.6,70,0.0,0.0,16.0,0.0,0,1,0,crypto,onset,321.26,598.74
2026-02-12 16:20:52.478449,5.9,1.28,92.82,503.0,665.0,0.94,1369.12,2546.71,0.0,15,30,5,53.9,72,0.0,0.0,15.0,0.0,0,1,0,crypto,onset,321.67,598.33
2026-02-12 16:20:53.727323,2.11,1.05,96.84,325.0,343.0,0.86,1369.12,2546.71,0.0,15,26,4,61.3,74,98.0,98.0,15.0,0.0,0,1,0,crypto,onset,321.67,598.33
2026-02-12 16:20:55.467888,3.47,0.77,95.75,320.0,530.0,0.86,1371.33,2544.5,0.0,15,30,4,47.8,76,0.0,0.0,15.0,0.0,0,1,0,crypto,onset,322.19,597.81
2026-02-12 16:20:58.220111,0.26,0.26,99.47,489.0,823.0,0.86,1371.33,2544.5,0.0,17,32,3,58.5,78,0.0,0.0,17.0,0.0,0,1,0,crypto,onset,322.19,597.81
2026-02-12 16:20:59.472536,1.87,0.62,97.51,623.0,725.0,0.87,1372.31,2543.52,0.0,18,36,4,47.9,80,0.0,0.0,18.0,0.0,0,1,0,crypto,onset,322.42,597.58
2026-02-12 16:21:02.969449,0.17,0.17,99.66,259.0,532.0,0.87,1372.31,2543.52,0.0,18,36,4,36.4,83,0.0,0.0,18.0,0.0,0,1,0,crypto,onset,322.42,597.58
2026-02-12 16:21:04.200286,2.53,0.51,96.97,238.0,337.0,0.96,1372.45,2543.38,0.0,15,30,5,54.9,84,87.0,0.0,15.0,0.0,0,1,0,crypto,onset,322.45,597.55
2026-02-12 16:21:06.468786,3.09,0.48,96.44,516.0,747.0,0.96,1373.05,2542.79,0.0,15,28,4,52.2,86,0.0,0.0,15.0,0.0,0,1,0,crypto,onset,322.59,597.41
2026-02-12 16:21:08.368413,0.59,0.59,98.82,255.0,622.0,0.96,1373.29,2542.54,0.0,15,30,4,54.3,88,0.0,0.0,15.0,0.0,0,1,0,crypto,onset,322.65,597.35
2026-02-12 16:21:09.471776,11.76,0.0,88.24,349.0,577.0,0.97,1374.02,2541.81,0.0,15,28,4,52.5,90,98.0,98.0,15.0,0.0,0,1,0,crypto,onset,322.82,597.18
2026-02-12 16:21:12.198638,0.76,0.31,98.93,316.0,468.0,0.97,1374.02,2541.81,0.0,15,30,4,55.5,92,0.0,0.0,15.0,0.0,0,1,0,crypto,onset,322.82,597.18
2026-02-12 16:21:13.671384,3.12,0.85,96.03,440.0,589.0,1.21,1375.99,2539.84,0.0,17,29,4,56.5,94,0.0,0.0,17.0,0.0,0,1,0,crypto,onset,323.28,596.72
2026-02-12 16:21:15.729964,6.56,1.64,91.8,446.0,507.0,1.21,1368.93,2546.9,0.0,15,30,5,56.7,96,42.0,42.0,15.0,0.0,0,1,0,crypto,onset,321.62,598.38
2026-02-12 16:21:18.234214,1.05,0.42,98.53,565.0,831.0,1.21,1373.66,2542.17,0.0,15,30,4,58.1,98,0.0,0.0,15.0,0.0,0,1,0,crypto,onset,322.73,597.27
2026-02-12 16:21:20.289865,4.92,0.62,94.46,333.0,585.0,1.35,1373.66,2542.17,0.0,15,29,4,57.9,100,0.0,0.0,15.0,0.0,0,1,0,crypto,onset,322.73,597.27
2026-02-12 16:21:22.466143,0.59,0.0,99.41,336.0,485.0,1.35,1373.66,2542.17,0.0,17,32,3,52.6,102,0.0,0.0,17.0,0.0,0,1,0,crypto,onset,322.73,597.27
2026-02-12 16:21:24.049877,0.65,0.65,98.69,272.0,708.0,1.32,1375.63,2540.2,0.0,18,36,3,70.0,104,0.0,98.0,18.0,0.0,0,1,0,crypto,onset,323.2,596.8
2026-02-12 16:21:25.869316,0.56,0.28,99.16,254.0,423.0,1.32,1382.34,2533.49,0.0,18,29,4,59.0,106,98.0,0.0,18.0,0.0,0,1,0,crypto,onset,324.77,595.23
2026-02-12 16:21:28.804281,7.1,1.64,91.26,822.0,1101.0,1.22,1378.34,2537.49,0.0,15,30,4,54.2,109,42.0,42.0,15.0,0.0,0,1,0,crypto,onset,323.83,596.17
2026-02-12 16:21:30.622046,3.44,0.62,95.94,386.0,674.0,1.22,1378.34,2537.49,0.0,15,30,4,57.5,111,0.0,0.0,15.0,0.0,0,1,0,crypto,onset,323.83,596.17
2026-02-12 16:21:32.477729,1.62,0.16,98.22,372.0,557.0,1.22,1378.34,2537.49,0.0,17,33,4,57.7,113,0.0,0.0,17.0,0.0,0,1,0,crypto,onset,323.83,596.17
2026-02-12 16:21:35.174888,0.42,0.21,99.36,330.0,433.0,1.2,1379.07,2536.76,0.0,18,35,4,63.2,115,0.0,0.0,18.0,0.0,0,1,0,crypto,onset,324.0,596.0
2026-02-12 16:21:37.181661,1.36,0.81,97.83,352.0,506.0,1.2,1384.79,2531.04,0.0,18,27,4,63.4,117,0.0,0.0,18.0,0.0,0,1,0,crypto,onset,325.35,594.65
2026-02-12 16:21:38.810188,8.33,1.52,90.15,580.0,714.0,1.27,1376.9,2538.93,0.0,15,30,5,68.4,119,98.0,98.0,15.0,0.0,0,1,0,crypto,onset,323.49,596.51
2026-02-12 16:21:39.875451,5.93,1.48,92.59,246.0,338.0,1.27,1376.9,2538.93,0.0,15,30,4,66.2,120,0.0,0.0,15.0,0.0,0,1,0,crypto,onset,323.49,596.51
2026-02-12 16:21:42.180355,5.21,0.98,93.81,433.0,635.0,1.27,1376.89,2538.94,0.0,15,30,4,56.7,122,0.0,0.0,15.0,0.0,0,1,0,crypto,sustained,323.49,596.51
2026-02-12 16:21:44.106133,2.2,0.49,97.32,307.0,613.0,1.32,1376.89,2538.94,0.0,17,32,4,59.9,124,0.0,0.0,17.0,0.0,0,1,0,crypto,sustained,323.49,596.51
2026-02-12 16:21:46.122763,1.49,0.5,98.01,251.0,490.0,1.32,1374.99,2540.84,0.0,18,36,3,58.9,126,0.0,0.0,18.0,0.0,0,1,0,crypto,sustained,323.05,596.95
2026-02-12 16:21:48.669405,1.08,0.72,98.19,584.0,753.0,1.22,1376.71,2539.12,0.0,15,30,4,43.2,129,0.0,0.0,15.0,0.0,0,1,0,crypto,sustained,323.45,596.55
2026-02-12 16:21:50.409871,1.68,0.28,98.04,384.0,451.0,1.22,1376.7,2539.13,0.0,15,30,4,46.6,130,0.0,0.0,15.0,0.0,0,1,0,crypto,sustained,323.45,596.55
2026-02-12 16:21:52.277975,1.87,0.62,97.51,396.0,589.0,1.22,1376.7,2539.13,0.0,15,30,4,54.9,132,98.0,98.0,15.0,0.0,0,1,0,crypto,sustained,323.45,596.55
2026-02-12 16:21:53.983032,4.57,0.96,94.47,429.0,642.0,1.12,1368.85,2546.98,0.0,17,34,4,57.7,134,0.0,0.0,17.0,0.0,0,1,0,crypto,sustained,321.6,598.4
2026-02-12 16:21:55.883039,3.21,1.28,95.51,433.0,532.0,1.12,1370.43,2545.41,0.0,17,33,2,74.0,136,0.0,0.0,17.0,0.0,0,1,0,crypto,sustained,321.97,598.03
2026-02-12 16:21:56.968551,2.29,1.14,96.57,287.0,464.0,1.12,1370.42,2545.41,0.0,16,30,4,57.0,137,0.0,0.0,16.0,0.0,0,1,0,crypto,sustained,321.97,598.03
2026-02-12 16:21:58.046344,1.01,1.01,97.99,209.0,314.0,1.12,1374.41,2541.42,0.0,16,30,4,59.5,138,42.0,42.0,16.0,0.0,0,1,0,crypto,sustained,322.91,597.09
2026-02-12 16:21:59.871285,7.89,1.79,90.32,715.0,711.0,1.11,1370.41,2545.42,0.0,15,30,4,60.2,140,0.0,0.0,15.0,0.0,0,1,0,crypto,sustained,321.97,598.03
2026-02-12 16:22:01.611190,0.27,0.27,99.46,263.0,309.0,1.11,1370.41,2545.42,0.0,15,30,4,81.0,141,0.0,0.0,15.0,0.0,0,1,0,crypto,sustained,321.97,598.03
2026-02-12 16:22:04.409280,0.78,0.62,98.6,504.0,827.0,1.18,1362.41,2553.42,0.0,17,34,4,44.5,147,0.0,0.0,17.0,0.0,0,1,0,crypto,sustained,320.09,599.91
2026-02-12 16:22:07.906740,1.22,0.54,98.24,541.0,1185.0,1.18,1371.85,2543.98,0.0,16,31,5,73.1,148,98.0,98.0,16.0,0.0,0,1,0,crypto,sustained,322.31,597.69
2026-02-12 16:22:10.311355,7.5,0.28,92.22,425.0,623.0,1.25,1371.9,2543.93,0.0,15,30,4,54.9,152,0.0,0.0,15.0,0.0,0,1,0,crypto,sustained,322.32,597.68
2026-02-12 16:22:13.074151,1.62,0.0,98.38,276.0,741.0,1.25,1372.34,2543.5,0.0,17,34,4,53.3,153,0.0,0.0,17.0,0.0,0,1,0,crypto,sustained,322.42,597.58
2026-02-12 16:22:14.269165,7.22,2.22,90.56,455.0,605.0,1.23,1372.89,2542.95,0.0,15,30,5,58.7,154,0.0,0.0,15.0,0.0,0,1,0,crypto,sustained,322.55,597.45
2026-02-12 16:22:15.313711,28.16,1.94,69.9,329.0,486.0,1.23,1373.62,2542.21,0.0,15,30,4,78.6,155,0.0,0.0,15.0,0.0,0,1,0,crypto,sustained,322.72,597.28
2026-02-12 16:22:16.947943,11.06,0.5,88.44,350.0,560.0,1.23,1373.62,2542.21,0.0,15,28,4,61.5,157,0.0,0.0,15.0,0.0,0,1,0,crypto,sustained,322.72,597.28
2026-02-12 16:22:19.793876,1.91,0.32,97.77,452.0,650.0,1.37,1372.27,2543.56,0.0,17,33,4,49.3,161,98.0,98.0,17.0,0.0,0,1,0,crypto,sustained,322.41,597.59
2026-02-12 16:22:22.616345,0.88,0.59,98.53,571.0,747.0,1.37,1376.27,2539.56,0.0,17,32,4,68.4,163,42.0,42.0,17.0,0.0,0,1,0,crypto,sustained,323.35,596.65
2026-02-12 16:22:25.374137,4.28,0.97,94.75,720.0,916.0,1.34,1377.99,2537.84,0.0,15,30,4,49.1,166,0.0,0.0,15.0,0.0,0,1,0,crypto,sustained,323.75,596.25
2026-02-12 16:22:27.130429,1.97,0.66,97.38,324.0,427.0,1.34,1377.99,2537.84,0.0,15,28,4,56.0,168,0.0,0.0,15.0,0.0,0,1,0,crypto,sustained,323.75,596.25
2026-02-12 16:22:28.872192,0.74,0.5,98.76,404.0,649.0,1.31,1375.01,2540.82,0.0,15,26,4,51.4,169,0.0,98.0,15.0,0.0,0,1,0,crypto,sustained,323.05,596.95
2026-02-12 16:22:31.568919,2.44,0.89,96.67,440.0,806.0,1.31,1375.01,2540.82,0.0,16,32,4,49.0,171,98.0,0.0,16.0,0.0,0,1,0,crypto,sustained,323.05,596.95
2026-02-12 16:22:33.560104,2.35,0.78,96.87,396.0,659.0,1.21,1372.87,2542.96,0.0,16,29,4,49.7,173,0.0,0.0,16.0,0.0,0,1,0,crypto,sustained,322.55,597.45
2026-02-12 16:22:35.488295,0.81,0.54,98.64,280.0,611.0,1.21,1372.69,2543.14,0.0,15,30,4,58.7,177,42.0,42.0,15.0,0.0,0,1,0,crypto,sustained,322.51,597.49
2026-02-12 16:22:37.998566,2.35,0.64,97.01,549.0,746.0,1.21,1372.69,2543.14,0.0,15,30,3,20.9,178,0.0,0.0,15.0,0.0,0,1,0,crypto,sustained,322.51,597.49
2026-02-12 16:22:39.046127,4.68,0.58,94.74,288.0,346.0,1.11,1372.69,2543.14,0.0,15,30,4,77.4,179,0.0,0.0,15.0,0.0,0,1,0,crypto,sustained,322.51,597.49
2026-02-12 16:22:41.971938,0.84,0.34,98.83,438.0,608.0,1.11,1369.37,2546.46,0.0,15,30,4,65.1,182,0.0,0.0,15.0,0.0,0,1,0,crypto,sustained,321.72,598.28
2026-02-12 16:22:43.998218,4.42,1.89,93.69,753.0,890.0,1.1,1376.31,2539.52,0.0,15,29,4,59.3,184,98.0,98.0,15.0,0.0,0,1,0,crypto,sustained,323.36,596.64
2026-02-12 16:22:46.176384,1.27,0.51,98.23,347.0,568.0,1.1,1376.31,2539.52,0.0,15,30,4,52.0,186,0.0,0.0,15.0,0.0,0,1,0,crypto,sustained,323.36,596.64
2026-02-12 16:22:48.206367,5.63,0.47,93.9,515.0,791.0,1.09,1376.31,2539.52,0.0,15,30,4,58.3,189,0.0,0.0,15.0,0.0,0,1,0,crypto,sustained,323.36,596.64
2026-02-12 16:22:51.487679,6.75,0.84,92.41,504.0,857.0,1.09,1378.94,2536.89,0.0,16,30,4,58.4,191,0.0,0.0,16.0,0.0,0,1,0,crypto,sustained,323.97,596.03
2026-02-12 16:22:53.792955,0.6,0.4,99.01,315.0,565.0,1.0,1378.94,2536.89,0.0,15,30,4,42.9,194,0.0,0.0,15.0,0.0,0,1,0,crypto,sustained,323.97,596.03
2026-02-12 16:22:56.108701,0.54,0.36,99.1,430.0,758.0,1.0,1374.94,2540.89,0.0,15,27,4,65.3,196,98.0,98.0,15.0,0.0,0,1,0,crypto,sustained,323.03,596.97
2026-02-12 16:22:57.668555,3.59,0.98,95.42,398.0,705.0,1.0,1383.67,2532.16,0.0,17,33,4,56.6,199,0.0,0.0,17.0,0.0,0,1,0,crypto,sustained,325.08,594.92
2026-02-12 16:23:01.275351,0.79,0.47,98.74,566.0,930.0,0.92,1371.46,2544.37,0.0,15,30,4,60.7,201,0.0,0.0,15.0,0.0,0,1,0,crypto,sustained,322.22,597.78
2026-02-12 16:23:03.283115,2.65,0.53,96.82,399.0,610.0,0.92,1371.36,2544.48,0.0,15,28,4,56.1,203,0.0,0.0,15.0,0.0,0,1,0,crypto,sustained,322.19,597.81
2026-02-12 16:23:05.324855,1.19,0.48,98.34,348.0,582.0,1.01,1373.07,2542.76,0.0,15,30,4,59.9,205,0.0,0.0,15.0,0.0,0,1,0,crypto,sustained,322.59,597.41
2026-02-12 16:23:07.279301,1.18,0.59,98.23,218.0,587.0,1.01,1378.3,2537.53,0.0,17,34,4,56.3,207,0.0,0.0,17.0,0.0,0,1,0,crypto,sustained,323.82,596.18
2026-02-12 16:23:09.319090,2.77,0.62,96.62,381.0,771.0,1.09,1381.97,2533.86,0.0,15,30,5,59.3,209,98.0,98.0,15.0,0.0,0,1,0,crypto,sustained,324.69,595.31
2026-02-12 16:23:10.961668,8.96,1.42,89.62,442.0,491.0,1.09,1381.95,2533.88,0.0,15,30,4,67.9,211,0.0,0.0,15.0,0.0,0,1,0,crypto,sustained,324.68,595.32
2026-02-12 16:23:12.129241,0.48,0.0,99.52,96.0,305.0,1.09,1381.95,2533.88,0.0,15,30,1,33.5,212,0.0,0.0,15.0,0.0,0,1,0,crypto,sustained,324.68,595.32
2026-02-12 16:23:13.202347,97.87,2.13,0.0,163.0,495.0,1.09,1381.95,2533.88,0.0,15,30,4,99.9,213,0.0,0.0,15.0,0.0,0,1,0,crypto,sustained,324.68,595.32
2026-02-12 16:23:15.336029,5.2,0.29,94.51,336.0,662.0,1.32,1381.95,2533.88,0.0,16,30,4,61.1,215,84.0,84.0,16.0,0.0,0,1,0,crypto,sustained,324.68,595.32
2026-02-12 16:23:18.319394,1.42,0.32,98.26,404.0,886.0,1.32,1377.9,2537.93,0.0,18,36,4,44.0,218,0.0,0.0,18.0,0.0,0,1,0,crypto,sustained,323.73,596.27
2026-02-12 16:23:19.705175,2.58,2.06,95.36,336.0,397.0,1.54,1375.64,2540.19,0.0,14,26,5,57.6,220,0.0,0.0,14.0,0.0,0,1,0,crypto,sustained,323.2,596.8
2026-02-12 16:23:21.495501,3.5,2.33,94.16,657.0,700.0,1.54,1376.14,2539.7,0.0,15,30,4,48.2,221,0.0,0.0,15.0,0.0,0,1,0,crypto,sustained,323.31,596.69
2026-02-12 16:23:23.501654,3.41,1.24,95.36,407.0,484.0,1.66,1380.14,2535.7,0.0,15,30,4,55.6,225,98.0,98.0,15.0,0.0,0,1,0,crypto,sustained,324.25,595.75
2026-02-12 16:23:26.909294,2.4,0.66,96.94,480.0,669.0,1.66,1380.14,2535.7,0.0,15,30,4,82.1,227,0.0,0.0,15.0,0.0,0,1,0,crypto,sustained,324.25,595.75
2026-02-12 16:23:29.697557,0.14,0.28,99.58,431.0,784.0,1.6,1380.14,2535.7,0.0,17,34,4,32.6,230,0.0,0.0,17.0,0.0,0,1,0,crypto,sustained,324.25,595.75
2026-02-12 16:23:30.968454,2.1,0.84,97.06,366.0,606.0,1.6,1380.14,2535.7,0.0,17,31,4,40.2,232,0.0,0.0,17.0,0.0,0,1,0,crypto,sustained,324.25,595.75
2026-02-12 16:23:34.384934,2.86,1.25,95.89,687.0,1062.0,1.47,1379.14,2536.69,0.0,15,30,4,48.3,237,98.0,98.0,15.0,0.0,0,1,0,crypto,sustained,324.02,595.98
2026-02-12 16:23:38.469599,0.61,0.76,98.63,685.0,977.0,1.52,1374.41,2541.42,0.0,15,30,4,46.3,241,0.0,0.0,15.0,0.0,0,1,0,crypto,sustained,322.91,597.09
2026-02-12 16:23:44.634784,3.05,1.04,95.91,1405.0,2117.0,1.48,1375.14,2540.7,0.0,15,30,5,52.4,245,0.0,0.0,15.0,0.0,0,1,0,crypto,sustained,323.08,596.92
2026-02-12 16:23:46.809985,3.46,1.23,95.31,526.0,653.0,1.48,1375.48,2540.35,0.0,15,30,4,43.8,249,0.0,0.0,15.0,0.0,0,1,0,crypto,sustained,323.16,596.84
2026-02-12 16:23:50.300321,1.35,0.6,98.05,579.0,896.0,1.36,1381.2,2534.63,0.0,17,33,4,56.1,250,0.0,98.0,17.0,0.0,0,1,0,crypto,sustained,324.5,595.5
2026-02-12 16:23:52.113278,3.21,1.07,95.73,833.0,1053.0,1.25,1381.2,2534.63,0.0,18,36,4,62.1,254,98.0,0.0,18.0,0.0,0,1,0,crypto,sustained,324.5,595.5
2026-02-12 16:23:56.269405,2.36,1.18,96.45,454.0,661.0,1.25,1381.2,2534.63,0.0,16,31,5,60.4,256,42.0,42.0,16.0,0.0,0,1,0,crypto,sustained,324.5,595.5
2026-02-12 16:23:58.774935,1.84,0.74,97.43,607.0,822.0,1.15,1381.2,2534.63,0.0,14,28,4,45.4,260,0.0,0.0,14.0,0.0,0,1,0,crypto,sustained,324.5,595.5
2026-02-12 16:24:02.770998,2.15,0.67,97.18,687.0,1103.0,1.15,1381.2,2534.63,0.0,16,30,4,51.1,263,0.0,0.0,16.0,0.0,0,1,0,crypto,sustained,324.5,595.5
2026-02-12 16:24:05.242022,0.67,0.5,98.82,329.0,580.0,1.06,1381.18,2534.65,0.0,16,28,5,50.0,266,98.0,98.0,16.0,0.0,0,1,0,crypto,sustained,324.5,595.5
2026-02-12 16:24:07.169122,1.25,0.62,98.13,363.0,616.0,1.06,1381.18,2534.65,0.0,15,30,4,53.3,267,0.0,0.0,15.0,0.0,0,1,0,crypto,sustained,324.5,595.5
2026-02-12 16:24:08.228953,1.06,0.53,98.41,157.0,384.0,1.06,1381.18,2534.65,0.0,15,30,4,53.9,268,42.0,42.0,15.0,0.0,0,1,0,crypto,sustained,324.5,595.5
2026-02-12 16:24:09.284822,3.3,0.55,96.15,132.0,282.0,0.97,1381.18,2534.65,0.0,15,28,4,62.4,270,0.0,0.0,15.0,0.0,0,1,0,crypto,sustained,324.5,595.5
2026-02-12 16:24:11.274050,1.43,0.36,98.21,279.0,623.0,0.97,1381.18,2534.65,0.0,16,30,4,47.6,273,0.0,0.0,16.0,0.0,0,1,0,crypto,sustained,324.5,595.5
2026-02-12 16:24:15.384932,2.4,0.36,97.24,566.0,1227.0,0.89,1377.95,2537.88,0.0,17,29,5,63.1,276,0.0,0.0,17.0,0.0,0,1,0,crypto,sustained,323.74,596.26
2026-02-12 16:24:17.132188,11.81,2.76,85.43,701.0,884.0,0.89,1380.41,2535.42,0.0,15,28,5,62.9,277,0.0,0.0,15.0,0.0,0,1,0,crypto,sustained,324.32,595.68
2026-02-12 16:24:19.296978,4.21,1.12,94.66,462.0,747.0,0.82,1381.15,2534.68,0.0,15,28,4,53.0,279,0.0,0.0,15.0,0.0,0,1,0,crypto,sustained,324.49,595.51
2026-02-12 16:24:21.604119,3.0,0.86,96.14,616.0,715.0,0.82,1376.92,2538.91,0.0,15,29,4,53.4,281,98.0,98.0,15.0,0.0,0,1,0,crypto,sustained,323.5,596.5
2026-02-12 16:24:23.007514,0.36,0.72,98.92,254.0,339.0,0.82,1373.86,2541.97,0.0,16,32,3,66.0,283,0.0,0.0,16.0,0.0,0,1,0,crypto,sustained,322.78,597.22
2026-02-12 16:24:24.354896,15.38,4.81,79.81,427.0,561.0,0.84,1373.86,2541.97,0.0,16,31,5,74.8,285,0.0,0.0,16.0,0.0,0,1,0,crypto,sustained,322.78,597.22
2026-02-12 16:24:25.894023,9.09,1.4,89.51,297.0,460.0,0.84,1373.86,2541.97,0.0,16,28,4,59.2,286,0.0,0.0,16.0,0.0,0,1,0,crypto,sustained,322.78,597.22
2026-02-12 16:24:27.882884,7.85,1.74,90.41,505.0,709.0,0.84,1373.86,2541.97,0.0,15,30,3,52.0,289,0.0,0.0,15.0,0.0,0,1,0,crypto,sustained,322.78,597.22
2026-02-12 16:24:30.829580,1.05,0.39,98.56,467.0,931.0,0.77,1374.11,2541.73,0.0,15,29,4,46.1,291,0.0,0.0,15.0,0.0,0,1,0,crypto,sustained,322.84,597.16
2026-02-12 16:24:32.768464,1.01,1.01,97.97,442.0,575.0,0.77,1374.59,2541.24,0.0,18,36,4,59.7,293,0.0,0.0,18.0,0.0,0,1,0,crypto,sustained,322.95,597.05
2026-02-12 16:24:34.281821,6.28,2.09,91.63,420.0,625.0,0.79,1374.84,2541.0,0.0,16,31,4,61.7,294,0.0,0.0,16.0,0.0,0,1,0,crypto,sustained,323.01,596.99
2026-02-12 16:24:35.710812,29.86,5.56,64.58,763.0,1045.0,0.79,1378.84,2537.0,0.0,15,30,5,62.2,297,98.0,98.0,15.0,0.0,0,1,0,crypto,sustained,323.95,596.05
2026-02-12 16:24:38.783790,4.97,1.55,93.48,682.0,1232.0,0.8,1379.33,2536.5,0.0,15,28,4,56.8,299,0.0,0.0,15.0,0.0,0,1,0,crypto,sustained,324.07,595.93
2026-02-12 16:24:41.568516,1.71,0.68,97.6,376.0,568.0,0.8,1379.57,2536.27,0.0,17,34,4,57.0,301,42.0,42.0,17.0,0.0,0,1,0,crypto,sustained,324.12,595.88
2026-02-12 16:24:43.776684,2.59,1.44,95.97,516.0,732.0,0.74,1379.57,2536.27,0.0,18,30,5,50.9,304,0.0,0.0,18.0,0.0,0,1,0,crypto,sustained,324.12,595.88
2026-02-12 16:24:46.781272,1.86,1.11,97.03,501.0,652.0,0.74,1377.02,2538.81,0.0,15,30,4,52.8,307,0.0,0.0,15.0,0.0,0,1,0,crypto,sustained,323.52,596.48
2026-02-12 16:24:49.866543,0.9,0.64,98.45,709.0,1009.0,0.68,1373.02,2542.81,0.0,15,30,4,34.4,310,0.0,0.0,15.0,0.0,0,1,0,crypto,sustained,322.58,597.42
2026-02-12 16:24:51.374259,2.07,0.83,97.11,284.0,462.0,0.68,1373.02,2542.81,0.0,15,28,4,55.5,311,98.0,98.0,15.0,0.0,0,1,0,crypto,sustained,322.58,597.42
2026-02-12 16:24:53.291429,2.12,0.94,96.94,354.0,558.0,0.68,1374.49,2541.34,0.0,16,30,4,62.6,313,0.0,0.0,16.0,0.0,0,1,0,crypto,sustained,322.93,597.07
2026-02-12 16:24:54.768450,1.8,1.2,97.01,463.0,552.0,0.71,1374.49,2541.34,0.0,17,33,4,62.6,315,0.0,0.0,17.0,0.0,0,1,0,crypto,sustained,322.93,597.07
2026-02-12 16:24:56.302773,2.52,0.72,96.76,207.0,456.0,0.71,1366.49,2549.34,0.0,16,31,5,60.2,317,42.0,42.0,16.0,0.0,0,1,0,crypto,sustained,321.05,598.95
2026-02-12 16:24:58.687924,1.58,0.23,98.19,362.0,648.0,0.65,1366.49,2549.34,0.0,15,28,4,48.2,320,0.0,0.0,15.0,0.0,0,1,0,crypto,sustained,321.05,598.95
2026-02-12 16:25:01.868512,2.74,1.98,95.27,997.0,1297.0,0.65,1366.49,2549.34,0.0,15,29,4,53.0,322,0.0,0.0,15.0,0.0,0,1,0,crypto,sustained,321.05,598.95
2026-02-12 16:25:05.070076,0.75,0.38,98.87,446.0,655.0,0.68,1362.48,2553.35,0.0,17,34,4,45.9,325,0.0,0.0,17.0,0.0,0,1,0,crypto,sustained,320.11,599.89
2026-02-12 16:25:07.337890,2.59,1.51,95.91,492.0,712.0,0.68,1366.48,2549.36,0.0,18,35,4,70.1,327,98.0,98.0,18.0,0.0,0,1,0,crypto,sustained,321.05,598.95
2026-02-12 16:25:09.416117,13.42,2.24,84.35,706.0,952.0,0.78,1372.45,2543.39,0.0,15,30,5,58.0,329,0.0,0.0,15.0,0.0,0,1,0,crypto,sustained,322.45,597.55
2026-02-12 16:25:11.395548,11.59,1.66,86.75,418.0,729.0,0.78,1372.45,2543.39,0.0,15,30,4,66.3,331,0.0,0.0,15.0,0.0,0,1,0,crypto,sustained,322.45,597.55
2026-02-12 16:25:13.609928,5.9,1.07,93.03,444.0,717.0,0.72,1372.45,2543.39,0.0,15,30,4,53.7,333,0.0,0.0,15.0,0.0,0,1,0,crypto,sustained,322.45,597.55
2026-02-12 16:25:15.870033,0.47,0.94,98.58,331.0,575.0,0.72,1372.45,2543.39,0.0,16,32,4,60.7,337,0.0,0.0,16.0,0.0,0,1,0,crypto,sustained,322.45,597.55
2026-02-12 16:25:18.602938,2.79,1.0,96.22,602.0,818.0,0.66,1369.34,2546.5,0.0,15,30,5,44.6,338,0.0,0.0,15.0,0.0,0,1,0,crypto,sustained,321.72,598.28
2026-02-12 16:25:20.669437,3.59,2.1,94.31,1015.0,862.0,0.66,1369.58,2546.25,0.0,15,28,4,54.6,341,98.0,98.0,15.0,0.0,0,1,0,crypto,sustained,321.77,598.23
2026-02-12 16:25:22.269055,26.92,14.1,58.97,2099.0,1785.0,0.66,1356.74,2559.09,0.0,15,30,4,61.9,342,0.0,0.0,15.0,0.0,0,1,0,crypto,sustained,318.76,601.24
2026-02-12 16:25:24.070105,14.57,4.45,80.97,1200.0,1062.0,0.61,1348.92,2566.91,0.0,15,30,5,61.9,344,0.0,0.0,15.0,0.0,0,1,0,crypto,sustained,316.92,603.08
2026-02-12 16:25:25.722406,1.47,0.49,98.04,401.0,493.0,0.61,1348.91,2566.92,0.0,14,28,3,75.6,346,42.0,42.0,14.0,0.0,0,1,0,crypto,sustained,316.92,603.08
2026-02-12 16:25:27.778644,0.92,0.0,99.08,151.0,268.0,0.61,1348.91,2566.92,0.0,15,30,4,64.5,349,0.0,0.0,15.0,0.0,0,1,0,crypto,sustained,316.92,603.08
2026-02-12 16:25:30.633848,0.79,0.47,98.74,415.0,893.0,0.56,1350.63,2565.2,0.0,15,30,5,63.9,350,0.0,0.0,15.0,0.0,0,1,0,crypto,sustained,317.32,602.68
2026-02-12 16:25:32.763323,2.63,0.48,96.89,553.0,1137.0,0.52,1346.63,2569.2,0.0,15,28,4,52.3,354,0.0,0.0,15.0,0.0,0,1,0,crypto,sustained,316.38,603.62
2026-02-12 16:25:36.368781,2.31,0.5,97.19,347.0,659.0,0.52,1346.87,2568.96,0.0,15,30,4,62.3,356,98.0,98.0,15.0,0.0,0,1,0,crypto,sustained,316.44,603.56
2026-02-12 16:25:37.764255,4.57,1.83,93.61,301.0,543.0,0.52,1355.05,2560.78,0.0,15,30,5,65.7,358,0.0,0.0,15.0,0.0,0,1,0,crypto,sustained,318.36,601.64
2026-02-12 16:25:39.378453,2.66,0.38,96.96,235.0,458.0,0.55,1355.05,2560.78,0.0,15,30,4,57.9,359,0.0,0.0,15.0,0.0,0,1,0,crypto,sustained,318.36,601.64
2026-02-12 16:25:42.268926,1.54,0.17,98.29,330.0,646.0,0.55,1355.05,2560.78,0.0,15,30,4,65.2,362,0.0,0.0,15.0,0.0,0,1,0,crypto,sustained,318.36,601.64
2026-02-12 16:25:43.770176,1.29,0.32,98.38,168.0,402.0,0.67,1355.05,2560.78,0.0,15,29,4,72.6,364,0.0,0.0,15.0,0.0,0,1,0,crypto,sustained,318.36,601.64
2026-02-12 16:25:45.872687,1.04,0.78,98.17,457.0,811.0,0.67,1354.99,2560.84,0.0,17,34,4,59.9,366,0.0,0.0,17.0,0.0,0,1,0,crypto,sustained,318.35,601.65
2026-02-12 16:25:47.105504,2.68,0.77,96.55,275.0,472.0,0.67,1354.98,2560.85,0.0,17,34,4,55.3,367,0.0,0.0,17.0,0.0,0,1,0,crypto,sustained,318.34,601.66
2026-02-12 16:25:50.079560,0.8,0.16,99.04,381.0,600.0,0.62,1354.98,2560.85,0.0,18,35,4,67.3,370,98.0,98.0,18.0,0.0,0,1,0,crypto,sustained,318.34,601.66
2026-02-12 16:25:51.171550,0.44,0.44,99.11,154.0,324.0,0.62,1358.98,2556.85,0.0,18,35,3,56.4,371,0.0,0.0,18.0,0.0,0,1,0,crypto,sustained,319.28,600.72
2026-02-12 16:25:52.822675,4.38,1.09,94.53,417.0,689.0,0.62,1354.98,2560.85,0.0,15,28,5,66.1,373,0.0,0.0,15.0,0.0,0,1,0,crypto,decay,318.34,601.66
2026-02-12 16:25:54.487926,2.28,0.33,97.39,204.0,472.0,0.73,1350.98,2564.85,0.0,15,30,4,55.0,375,0.0,0.0,15.0,0.0,0,1,0,crypto,decay,317.4,602.6
2026-02-12 16:25:55.989026,2.3,0.33,97.37,313.0,464.0,0.73,1351.23,2564.6,0.0,15,30,2,74.9,376,42.0,42.0,15.0,0.0,0,1,0,crypto,decay,317.46,602.54
2026-02-12 16:25:57.284082,1.69,0.42,97.88,185.0,405.0,0.73,1351.22,2564.61,0.0,15,30,4,54.9,378,0.0,0.0,15.0,0.0,0,1,0,crypto,decay,317.46,602.54
2026-02-12 16:25:59.106281,8.19,1.07,90.75,378.0,714.0,0.83,1355.22,2560.61,0.0,15,30,4,68.0,379,0.0,0.0,15.0,0.0,0,1,0,crypto,decay,318.4,601.6
2026-02-12 16:26:01.069537,2.8,0.93,96.27,438.0,797.0,0.83,1355.96,2559.87,0.0,18,36,4,60.2,381,0.0,0.0,18.0,0.0,0,1,0,crypto,decay,318.57,601.43
2026-02-12 16:26:03.083896,1.25,0.42,98.34,222.0,426.0,0.83,1357.68,2558.15,0.0,18,30,4,69.8,383,0.0,0.0,18.0,0.0,0,1,0,crypto,decay,318.98,601.02
2026-02-12 16:26:04.231073,2.01,0.5,97.49,196.0,355.0,0.84,1349.68,2566.15,0.0,16,30,5,95.1,386,0.0,0.0,16.0,0.0,0,1,0,crypto,decay,317.1,602.9
2026-02-12 16:26:07.203184,2.4,0.75,96.85,583.0,996.0,0.84,1353.92,2561.91,0.0,15,30,4,73.0,387,98.0,98.0,15.0,0.0,0,1,0,crypto,decay,318.1,601.9
2026-02-12 16:26:08.868256,24.56,1.75,73.68,405.0,784.0,0.86,1354.17,2561.66,0.0,15,30,4,68.2,389,0.0,0.0,15.0,0.0,0,1,0,crypto,decay,318.15,601.85
2026-02-12 16:26:10.967964,8.72,0.34,90.94,235.0,593.0,0.86,1354.17,2561.66,0.0,15,30,4,82.3,391,0.0,0.0,15.0,0.0,0,1,0,crypto,decay,318.15,601.85
2026-02-12 16:26:13.506492,0.14,0.14,99.72,240.0,607.0,0.79,1354.17,2561.66,0.0,18,36,2,47.6,393,42.0,42.0,18.0,0.0,0,1,0,crypto,decay,318.15,601.85
2026-02-12 16:26:15.669234,0.95,0.24,98.82,324.0,604.0,0.79,1354.17,2561.66,0.0,16,28,4,49.1,398,0.0,0.0,16.0,0.0,0,1,0,crypto,decay,318.15,601.85
2026-02-12 16:26:20.561105,1.65,0.55,97.8,861.0,1496.0,0.72,1347.25,2568.58,0.0,15,29,4,53.5,403,98.0,98.0,15.0,0.0,0,1,0,crypto,decay,316.53,603.47
2026-02-12 16:26:25.269451,0.5,0.2,99.3,485.0,1109.0,0.67,1347.25,2568.58,0.0,16,30,4,61.9,405,0.0,0.0,16.0,0.0,0,1,0,crypto,decay,316.53,603.47
2026-02-12 16:26:27.344605,2.11,0.6,97.28,323.0,523.0,0.67,1348.98,2566.86,0.0,16,31,4,57.3,407,0.0,0.0,16.0,0.0,0,1,0,crypto,decay,316.93,603.07
2026-02-12 16:26:29.847092,1.33,0.67,98.0,372.0,654.0,0.77,1348.98,2566.86,0.0,15,27,5,54.1,410,0.0,0.0,15.0,0.0,0,1,0,crypto,decay,316.93,603.07
2026-02-12 16:26:31.271381,1.42,0.35,98.23,245.0,356.0,0.77,1346.25,2569.58,0.0,15,29,4,63.3,412,0.0,0.0,15.0,0.0,0,1,0,crypto,decay,316.29,603.71
2026-02-12 16:26:33.569719,0.8,0.4,98.8,293.0,542.0,0.71,1351.09,2564.74,0.0,15,30,3,52.8,413,0.0,0.0,15.0,0.0,0,1,0,crypto,decay,317.43,602.57
2026-02-12 16:26:34.999478,7.69,1.71,90.6,256.0,327.0,0.71,1352.07,2563.76,0.0,17,34,4,61.3,415,98.0,98.0,17.0,0.0,0,1,0,crypto,decay,317.66,602.34
2026-02-12 16:26:37.292531,0.8,0.64,98.56,304.0,623.0,0.71,1351.36,2564.47,0.0,18,35,4,65.4,418,0.0,0.0,18.0,0.0,0,1,0,crypto,decay,317.49,602.51
2026-02-12 16:26:40.229791,2.99,0.6,96.41,532.0,941.0,0.65,1351.86,2563.98,0.0,15,30,5,54.3,420,0.0,0.0,15.0,0.0,0,1,0,crypto,decay,317.61,602.39
2026-02-12 16:26:42.284490,0.66,0.44,98.91,431.0,1234.0,0.65,1351.85,2563.98,0.0,15,30,4,62.6,422,0.0,0.0,15.0,0.0,0,1,0,crypto,decay,317.61,602.39
2026-02-12 16:26:44.565745,1.38,0.28,98.34,222.0,358.0,0.6,1351.85,2563.98,0.0,15,30,4,56.8,424,0.0,0.0,15.0,0.0,0,1,0,crypto,decay,317.61,602.39
2026-02-12 16:26:46.674913,0.21,0.0,99.79,151.0,392.0,0.6,1351.85,2563.98,0.0,16,32,3,54.9,426,0.0,0.0,16.0,0.0,0,1,0,crypto,decay,317.61,602.39
2026-02-12 16:26:48.379393,6.04,0.67,93.29,427.0,742.0,0.6,1351.85,2563.98,0.0,17,33,4,54.0,428,0.0,0.0,17.0,0.0,0,1,0,crypto,decay,317.61,602.39
2026-02-12 16:26:49.739258,6.09,2.61,91.3,400.0,641.0,0.55,1351.85,2563.98,0.0,15,30,5,58.4,430,98.0,98.0,15.0,0.0,0,1,0,crypto,decay,317.61,602.39
2026-02-12 16:26:51.553441,0.95,0.32,98.74,237.0,539.0,0.55,1348.29,2567.55,0.0,15,30,4,55.0,431,0.0,0.0,15.0,0.0,0,1,0,crypto,decay,316.77,603.23
2026-02-12 16:26:53.588224,0.98,0.25,98.77,278.0,500.0,0.51,1352.29,2563.55,0.0,15,30,4,52.4,435,42.0,42.0,15.0,0.0,0,1,0,crypto,decay,317.71,602.29
2026-02-12 16:26:57.001868,3.02,0.17,96.82,511.0,1204.0,0.51,1352.29,2563.55,0.0,17,34,4,71.6,437,0.0,0.0,17.0,0.0,0,1,0,crypto,decay,317.71,602.29
2026-02-12 16:26:59.164980,2.45,0.61,96.93,323.0,648.0,0.55,1352.29,2563.55,0.0,17,32,4,56.3,439,0.0,0.0,17.0,0.0,0,1,0,crypto,decay,317.71,602.29
2026-02-12 16:27:00.233153,21.3,3.7,75.0,424.0,634.0,0.55,1356.28,2559.55,0.0,16,31,5,66.8,440,0.0,0.0,16.0,0.0,0,1,0,crypto,decay,318.65,601.35
2026-02-12 16:27:03.293340,1.96,0.56,97.49,732.0,1412.0,0.5,1356.28,2559.55,0.0,16,28,4,61.5,446,140.0,140.0,16.0,0.0,0,1,0,crypto,decay,318.65,601.35
2026-02-12 16:27:07.457664,4.53,1.74,93.73,414.0,683.0,0.5,1356.28,2559.55,0.0,16,30,4,52.1,448,0.0,0.0,16.0,0.0,0,1,0,crypto,decay,318.65,601.35
2026-02-12 16:27:11.768360,2.08,0.64,97.28,690.0,1293.0,0.46,1357.99,2557.84,0.0,15,29,4,63.1,453,0.0,0.0,15.0,0.0,0,1,0,crypto,decay,319.05,600.95
2026-02-12 16:27:14.247369,1.65,0.55,97.8,310.0,620.0,0.51,1357.13,2558.7,0.0,15,30,4,56.4,454,0.0,98.0,15.0,0.0,0,1,0,crypto,decay,318.85,601.15
2026-02-12 16:27:16.243325,1.05,0.26,98.69,305.0,651.0,0.51,1360.56,2555.27,0.0,17,32,4,60.3,457,98.0,0.0,17.0,0.0,0,1,0,crypto,decay,319.66,600.34
2026-02-12 16:27:18.273885,0.53,0.53,98.93,291.0,486.0,0.51,1360.67,2555.16,0.0,18,32,4,61.9,458,0.0,0.0,18.0,0.0,0,1,0,crypto,decay,319.68,600.32
2026-02-12 16:27:19.586938,5.74,1.91,92.34,300.0,509.0,0.47,1357.46,2558.37,0.0,15,30,5,57.9,459,0.0,0.0,15.0,0.0,0,1,0,crypto,decay,318.93,601.07
2026-02-12 16:27:20.874322,5.17,0.34,94.48,256.0,543.0,0.47,1357.46,2558.37,0.0,15,30,4,60.9,462,0.0,0.0,15.0,0.0,0,1,0,crypto,decay,318.93,601.07
2026-02-12 16:27:23.169008,1.17,0.39,98.44,209.0,453.0,0.47,1357.46,2558.37,0.0,15,30,4,54.2,463,0.0,0.0,15.0,0.0,0,1,0,crypto,decay,318.93,601.07
2026-02-12 16:27:24.868390,1.45,0.32,98.22,260.0,588.0,0.83,1357.46,2558.37,0.0,17,33,4,60.4,465,0.0,0.0,17.0,0.0,0,1,0,crypto,decay,318.93,601.07
2026-02-12 16:27:27.681312,2.65,0.8,96.55,321.0,576.0,0.83,1357.45,2558.38,0.0,18,36,4,53.8,467,0.0,0.0,18.0,0.0,0,1,0,crypto,decay,318.92,601.08
2026-02-12 16:27:29.268219,3.98,1.33,94.69,351.0,762.0,0.84,1357.45,2558.38,0.0,16,31,4,57.2,469,0.0,98.0,16.0,0.0,0,1,0,crypto,decay,318.92,601.08
2026-02-12 16:27:31.077962,9.54,1.53,88.93,468.0,889.0,0.84,1353.98,2561.85,0.0,15,30,5,67.8,471,98.0,0.0,15.0,0.0,0,1,0,crypto,decay,318.11,601.89
2026-02-12 16:27:32.222168,11.61,0.65,87.74,137.0,369.0,0.84,1353.89,2561.94,0.0,15,30,4,72.0,472,0.0,0.0,15.0,0.0,0,1,0,crypto,decay,318.09,601.91
2026-02-12 16:27:33.768114,3.41,0.31,96.28,337.0,623.0,0.86,1349.89,2565.94,0.0,15,29,4,69.4,474,0.0,0.0,15.0,0.0,0,1,0,crypto,decay,317.15,602.85
2026-02-12 16:27:35.274500,0.96,0.0,99.04,122.0,316.0,0.86,1349.89,2565.94,0.0,16,32,4,60.5,476,0.0,0.0,16.0,0.0,0,1,0,crypto,decay,317.15,602.85
2026-02-12 16:27:37.401322,0.5,0.5,99.0,302.0,566.0,0.86,1355.61,2560.23,0.0,18,36,4,55.3,477,0.0,0.0,18.0,0.0,0,1,0,crypto,decay,318.49,601.51
2026-02-12 16:27:40.031995,1.23,0.35,98.42,329.0,647.0,0.79,1355.61,2560.23,0.0,16,28,5,49.8,481,0.0,0.0,16.0,0.0,0,1,0,crypto,decay,318.49,601.51
2026-02-12 16:27:42.663741,1.02,0.41,98.57,324.0,616.0,0.79,1351.61,2564.23,0.0,15,26,4,52.6,483,0.0,98.0,15.0,0.0,0,1,0,crypto,decay,317.55,602.45
2026-02-12 16:27:44.371272,4.96,1.15,93.89,372.0,559.0,0.88,1348.59,2567.24,0.0,15,30,4,55.8,484,98.0,0.0,15.0,0.0,0,1,0,crypto,decay,316.84,603.16
2026-02-12 16:27:46.775701,2.84,0.87,96.29,550.0,761.0,0.88,1346.8,2569.03,0.0,15,30,4,49.6,489,84.0,84.0,15.0,0.0,0,1,0,crypto,decay,316.42,603.58
2026-02-12 16:27:50.297298,1.48,0.59,97.93,543.0,913.0,0.81,1356.96,2558.88,0.0,18,34,4,57.5,490,0.0,0.0,18.0,0.0,0,1,0,crypto,decay,318.81,601.19
2026-02-12 16:27:52.373559,0.82,0.21,98.97,272.0,426.0,0.81,1356.95,2558.88,0.0,16,30,3,61.8,493,0.0,0.0,16.0,0.0,0,1,0,crypto,decay,318.81,601.19
2026-02-12 16:27:54.292502,0.52,0.26,99.21,402.0,528.0,0.75,1352.95,2562.88,0.0,15,29,5,53.4,494,0.0,0.0,15.0,0.0,0,1,0,crypto,decay,317.87,602.13
2026-02-12 16:27:56.780519,2.7,0.62,96.67,437.0,1001.0,0.75,1349.09,2566.74,0.0,14,28,4,49.5,497,0.0,98.0,14.0,0.0,0,1,0,crypto,decay,316.96,603.04
2026-02-12 16:27:58.655085,1.37,0.55,98.09,233.0,538.0,0.69,1354.42,2561.41,0.0,15,30,4,47.4,498,98.0,0.0,15.0,0.0,0,1,0,crypto,decay,318.21,601.79
2026-02-12 16:28:00.774849,0.51,0.25,99.24,363.0,559.0,0.69,1354.66,2561.17,0.0,17,32,4,62.5,502,0.0,0.0,17.0,0.0,0,1,0,crypto,decay,318.27,601.73
2026-02-12 16:28:05.628882,2.42,0.6,96.98,765.0,1193.0,0.63,1356.79,2559.04,0.0,15,30,5,64.0,505,0.0,0.0,15.0,0.0,0,1,0,crypto,decay,318.77,601.23
2026-02-12 16:28:07.771481,1.78,0.25,97.96,293.0,528.0,0.63,1356.81,2559.02,0.0,15,30,4,52.3,508,0.0,0.0,15.0,0.0,0,1,0,crypto,decay,318.77,601.23
2026-02-12 16:28:09.833083,1.61,0.23,98.16,222.0,442.0,0.74,1356.8,2559.03,0.0,15,30,4,48.8,510,0.0,0.0,15.0,0.0,0,1,0,crypto,decay,318.77,601.23
2026-02-12 16:28:11.758577,1.01,0.51,98.48,317.0,525.0,0.74,1357.05,2558.79,0.0,16,32,4,51.4,512,0.0,0.0,16.0,0.0,0,1,0,crypto,decay,318.83,601.17
2026-02-12 16:28:13.678432,6.73,1.75,91.52,561.0,866.0,0.76,1355.26,2560.57,0.0,15,30,5,61.3,514,98.0,98.0,15.0,0.0,0,1,0,crypto,decay,318.41,601.59
2026-02-12 16:28:16.923247,0.44,0.44,99.12,820.0,942.0,0.76,1355.82,2560.02,0.0,15,30,4,53.9,517,0.0,0.0,15.0,0.0,0,1,0,crypto,decay,318.54,601.46
2026-02-12 16:28:19.089174,1.31,0.22,98.47,264.0,489.0,0.86,1359.94,2555.89,0.0,15,30,4,66.8,519,0.0,0.0,15.0,0.0,0,1,0,crypto,decay,319.51,600.49
2026-02-12 16:28:20.881122,0.86,0.86,98.28,320.0,624.0,0.86,1360.76,2555.07,0.0,17,33,4,62.1,521,0.0,0.0,17.0,0.0,0,1,0,crypto,decay,319.7,600.3
2026-02-12 16:28:22.337723,1.72,1.29,96.98,256.0,451.0,0.86,1362.5,2553.33,0.0,18,35,4,57.7,522,0.0,0.0,18.0,0.0,0,1,0,crypto,decay,320.11,599.89
2026-02-12 16:28:23.900567,7.06,2.94,90.0,386.0,570.0,0.79,1357.88,2557.95,0.0,15,30,5,74.8,524,98.0,98.0,15.0,0.0,0,1,0,crypto,decay,319.03,600.97
2026-02-12 16:28:26.195752,0.4,0.2,99.4,285.0,509.0,0.79,1358.02,2557.81,0.0,15,30,4,60.5,526,0.0,0.0,15.0,0.0,0,1,0,crypto,decay,319.06,600.94
2026-02-12 16:28:28.102383,1.21,0.24,98.54,323.0,559.0,0.79,1358.02,2557.81,0.0,15,30,4,76.2,528,0.0,0.0,15.0,0.0,0,1,0,crypto,decay,319.06,600.94
2026-02-12 16:28:29.446239,0.0,0.0,100.0,127.0,207.0,0.81,1358.02,2557.81,0.0,15,30,3,52.0,529,0.0,0.0,15.0,0.0,0,1,0,crypto,decay,319.06,600.94
2026-02-12 16:28:32.243369,2.31,0.42,97.27,489.0,845.0,0.81,1358.01,2557.82,0.0,17,34,4,55.5,532,0.0,0.0,17.0,0.0,0,1,0,crypto,decay,319.06,600.94
2026-02-12 16:28:34.221577,20.87,2.61,76.52,636.0,922.0,0.99,1351.75,2564.08,0.0,15,30,5,70.3,534,98.0,98.0,15.0,0.0,0,1,0,crypto,decay,317.59,602.41
2026-02-12 16:28:37.069009,1.31,0.16,98.53,306.0,541.0,0.99,1357.25,2558.59,0.0,15,28,4,68.5,537,0.0,0.0,15.0,0.0,0,1,0,crypto,decay,318.88,601.12
2026-02-12 16:28:39.422194,3.0,0.92,96.07,455.0,889.0,0.99,1354.7,2561.13,0.0,17,34,4,61.3,539,84.0,84.0,17.0,0.0,0,1,0,crypto,decay,318.28,601.72
2026-02-12 16:28:41.645250,5.56,1.06,93.39,438.0,702.0,0.99,1354.96,2560.87,0.0,16,31,4,58.3,541,0.0,0.0,16.0,0.0,0,1,0,crypto,decay,318.34,601.66
2026-02-12 16:28:44.077940,3.67,0.39,95.95,382.0,587.0,1.07,1354.96,2560.87,0.0,15,29,4,75.9,544,0.0,0.0,15.0,0.0,0,1,0,crypto,decay,318.34,601.66
2026-02-12 16:28:46.368043,1.93,0.58,97.49,386.0,831.0,1.07,1355.52,2560.31,0.0,15,30,4,59.8,546,98.0,98.0,15.0,0.0,0,1,0,crypto,decay,318.47,601.53
2026-02-12 16:28:48.372842,8.37,1.14,90.49,446.0,710.0,1.07,1357.1,2558.73,0.0,15,30,4,60.2,549,0.0,0.0,15.0,0.0,0,1,0,crypto,decay,318.84,601.16
2026-02-12 16:28:50.581945,1.64,0.23,98.12,228.0,467.0,0.98,1363.06,2552.77,0.0,17,34,4,52.7,552,0.0,0.0,17.0,0.0,0,1,0,crypto,decay,320.24,599.76
2026-02-12 16:28:54.868991,1.61,0.64,97.75,633.0,1157.0,0.9,1353.15,2562.68,0.0,16,30,3,37.8,555,0.0,0.0,16.0,0.0,0,1,0,crypto,decay,317.91,602.09
2026-02-12 16:28:57.168262,0.39,0.58,99.04,397.0,498.0,0.9,1351.41,2564.42,0.0,15,29,5,63.7,557,0.0,0.0,15.0,0.0,0,1,0,crypto,decay,317.51,602.49
2026-02-12 16:28:58.315277,0.47,0.0,99.53,132.0,353.0,0.9,1351.41,2564.43,0.0,15,30,3,61.7,558,0.0,98.0,15.0,0.0,0,1,0,crypto,decay,317.5,602.5
2026-02-12 16:28:59.769437,2.29,1.14,96.57,169.0,267.0,0.99,1348.51,2567.32,0.0,15,30,4,65.2,561,98.0,0.0,15.0,0.0,0,1,0,crypto,decay,316.82,603.18
2026-02-12 16:29:02.010370,3.81,1.06,95.14,520.0,964.0,0.99,1348.51,2567.32,0.0,18,35,4,47.7,563,0.0,0.0,18.0,0.0,0,1,0,crypto,decay,316.82,603.18
2026-02-12 16:29:05.499719,1.23,0.27,98.49,389.0,665.0,0.99,1348.51,2567.32,0.0,15,30,5,63.1,565,0.0,0.0,15.0,0.0,0,1,0,crypto,decay,316.82,603.18
2026-02-12 16:29:07.201308,2.23,0.45,97.32,414.0,708.0,0.99,1348.51,2567.32,0.0,15,27,4,53.1,569,0.0,0.0,15.0,0.0,0,1,0,crypto,decay,316.82,603.18
2026-02-12 16:29:11.360646,1.28,0.48,98.25,423.0,780.0,0.99,1352.75,2563.08,0.0,15,30,4,67.1,571,0.0,0.0,15.0,0.0,0,1,0,crypto,decay,317.82,602.18
2026-02-12 16:29:13.232892,0.57,0.19,99.24,252.0,573.0,0.99,1353.47,2562.36,0.0,18,32,2,53.5,573,98.0,98.0,18.0,0.0,0,1,0,crypto,decay,317.99,602.01
2026-02-12 16:29:14.876556,3.79,0.69,95.52,582.0,591.0,1.07,1353.73,2562.1,0.0,16,29,5,52.8,575,0.0,0.0,16.0,0.0,0,1,0,crypto,decay,318.05,601.95
2026-02-12 16:29:15.956861,84.34,15.66,-0.0,1549.0,1549.0,1.07,1357.72,2558.11,0.0,15,30,4,97.9,576,0.0,0.0,15.0,0.0,0,1,0,crypto,decay,318.99,601.01
2026-02-12 16:29:17.474066,9.19,4.78,86.03,2432.0,1578.0,1.07,1357.96,2557.87,0.0,15,30,4,48.5,577,0.0,0.0,15.0,0.0,0,1,0,crypto,decay,319.04,600.96
2026-02-12 16:29:19.097789,2.61,1.49,95.9,1232.0,923.0,1.15,1357.96,2557.87,0.0,16,32,4,55.3,580,0.0,0.0,16.0,0.0,0,1,0,crypto,decay,319.04,600.96
2026-02-12 16:29:22.168171,1.25,1.79,96.96,947.0,869.0,1.15,1357.96,2557.87,0.0,18,35,4,48.2,582,0.0,0.0,18.0,0.0,0,1,0,crypto,decay,319.04,600.96
2026-02-12 16:29:24.041640,3.51,1.75,94.74,1393.0,1326.0,1.22,1359.68,2556.16,0.0,18,33,4,51.9,585,0.0,0.0,18.0,0.0,0,1,0,crypto,decay,319.45,600.55
2026-02-12 16:29:26.721570,4.07,2.71,93.22,1531.0,1290.0,1.22,1360.14,2555.7,0.0,16,31,4,53.0,586,0.0,98.0,16.0,0.0,0,1,0,crypto,decay,319.56,600.44
2026-02-12 16:29:27.968027,23.47,16.33,60.2,1515.0,1401.0,1.22,1360.13,2555.7,0.0,15,28,4,57.3,588,98.0,0.0,15.0,0.0,0,1,0,crypto,decay,319.55,600.45
2026-02-12 16:29:30.423195,12.09,6.05,81.86,1314.0,1199.0,1.68,1360.13,2555.7,0.0,15,30,4,61.1,590,0.0,0.0,15.0,0.0,0,1,0,crypto,decay,319.55,600.45
2026-02-12 16:29:32.684285,0.79,0.59,98.62,351.0,746.0,1.68,1360.12,2555.71,0.0,17,32,4,44.4,592,84.0,84.0,17.0,0.0,0,1,0,crypto,decay,319.55,600.45
2026-02-12 16:29:34.705718,7.46,3.34,89.2,1405.0,1150.0,1.63,1351.19,2564.64,0.0,16,31,3,54.2,594,0.0,0.0,16.0,0.0,0,1,0,crypto,decay,317.45,602.55
2026-02-12 16:29:35.806060,4.85,1.94,93.2,129.0,94.0,1.63,1351.29,2564.54,0.0,15,30,3,65.0,597,0.0,0.0,15.0,0.0,0,1,0,crypto,decay,317.48,602.52
2026-02-12 16:29:39.346659,0.38,0.13,99.5,397.0,826.0,1.74,1351.05,2564.79,0.0,15,30,4,82.4,599,98.0,98.0,15.0,0.0,0,1,0,crypto,decay,317.42,602.58
2026-02-12 16:29:42.390263,0.24,0.12,99.64,463.0,687.0,1.74,1351.05,2564.79,0.0,17,34,4,31.9,602,0.0,0.0,17.0,0.0,0,1,0,crypto,decay,317.42,602.58
2026-02-12 16:29:44.395479,1.37,0.27,98.36,370.0,841.0,1.76,1357.36,2558.48,0.0,16,31,5,52.4,604,0.0,0.0,16.0,0.0,0,1,0,crypto,decay,318.9,601.1
2026-02-12 16:29:45.808408,5.97,0.75,93.28,308.0,605.0,1.76,1357.35,2558.48,0.0,15,30,4,53.5,606,0.0,0.0,15.0,0.0,0,1,0,crypto,decay,318.9,601.1
2026-02-12 16:29:47.986948,2.86,0.66,96.48,464.0,574.0,1.76,1357.35,2558.48,0.0,15,30,4,58.4,609,0.0,0.0,15.0,0.0,0,1,0,crypto,decay,318.9,601.1
2026-02-12 16:29:50.308183,2.04,0.0,97.96,265.0,948.0,1.62,1357.35,2558.48,0.0,17,32,4,69.9,610,0.0,0.0,17.0,0.0,0,1,0,crypto,decay,318.9,601.1
2026-02-12 16:29:51.606875,0.64,0.32,99.04,231.0,389.0,1.62,1357.59,2558.24,0.0,17,33,4,38.1,611,0.0,0.0,17.0,0.0,0,1,0,crypto,decay,318.96,601.04
2026-02-12 16:29:53.785617,1.23,0.62,98.15,355.0,550.0,1.49,1357.82,2558.02,0.0,16,31,3,50.8,614,98.0,98.0,16.0,0.0,0,1,0,crypto,decay,319.01,600.99
2026-02-12 16:29:54.824179,1.23,0.31,98.46,304.0,416.0,1.49,1357.8,2558.03,0.0,15,30,5,59.2,615,0.0,0.0,15.0,0.0,0,1,0,crypto,decay,319.01,600.99
2026-02-12 16:29:57.185103,5.44,0.42,94.14,454.0,593.0,1.49,1358.05,2557.79,0.0,15,30,4,63.5,617,0.0,0.0,15.0,0.0,0,1,0,crypto,decay,319.06,600.94
2026-02-12 16:29:58.564558,27.22,0.0,72.78,177.0,605.0,1.61,1358.05,2557.79,0.0,15,30,4,91.1,618,0.0,0.0,15.0,0.0,0,1,0,crypto,decay,319.06,600.94
2026-02-12 16:29:59.828697,3.81,0.95,95.24,238.0,341.0,1.61,1358.05,2557.79,0.0,16,30,4,55.0,621,0.0,0.0,16.0,0.0,0,1,0,crypto,decay,319.06,600.94
2026-02-12 16:30:02.303480,1.21,0.3,98.49,332.0,539.0,1.61,1364.5,2551.33,0.0,17,34,4,60.4,623,0.0,0.0,17.0,0.0,0,1,0,crypto,decay,320.58,599.42
2026-02-12 16:30:04.608907,0.16,0.0,99.84,312.0,582.0,1.56,1364.5,2551.33,0.0,16,27,3,56.0,625,0.0,0.0,16.0,0.0,0,1,0,crypto,decay,320.58,599.42
2026-02-12 16:30:07.177077,2.73,0.46,96.81,422.0,694.0,1.56,1355.53,2560.3,0.0,15,26,4,53.7,628,98.0,98.0,15.0,0.0,0,1,0,crypto,decay,318.47,601.53
2026-02-12 16:30:11.088884,0.73,0.24,99.02,488.0,853.0,1.59,1359.53,2556.3,0.0,15,28,4,54.2,632,42.0,42.0,15.0,0.0,0,1,0,crypto,decay,319.41,600.59
2026-02-12 16:30:14.676648,4.57,0.31,95.12,479.0,977.0,1.63,1363.52,2552.31,0.0,15,30,5,63.3,634,0.0,0.0,15.0,0.0,0,1,0,crypto,decay,320.35,599.65
2026-02-12 16:30:15.873151,0.45,0.23,99.32,229.0,228.0,1.63,1363.52,2552.31,0.0,15,30,4,75.8,636,0.0,0.0,15.0,0.0,0,1,0,crypto,decay,320.35,599.65
2026-02-12 16:30:18.574256,0.18,0.0,99.82,219.0,298.0,1.5,1363.52,2552.31,0.0,14,26,4,70.6,638,0.0,0.0,14.0,0.0,0,1,0,crypto,decay,320.35,599.65
2026-02-12 16:30:20.368891,2.64,0.96,96.4,371.0,589.0,1.5,1363.52,2552.31,0.0,16,32,2,68.5,640,0.0,98.0,16.0,0.0,0,1,0,crypto,decay,320.35,599.65
2026-02-12 16:30:21.976921,8.17,0.78,91.05,491.0,811.0,1.5,1367.76,2548.07,0.0,15,30,5,60.4,642,98.0,0.0,15.0,0.0,0,1,0,crypto,decay,321.35,598.65
2026-02-12 16:30:24.740627,1.28,0.57,98.15,424.0,722.0,1.38,1367.76,2548.07,0.0,15,30,4,43.7,645,0.0,0.0,15.0,0.0,0,1,0,crypto,decay,321.35,598.65
2026-02-12 16:30:26.907844,0.74,0.0,99.26,267.0,376.0,1.38,1367.76,2548.07,0.0,15,28,4,45.1,649,42.0,42.0,15.0,0.0,0,1,0,crypto,decay,321.35,598.65
2026-02-12 16:30:31.073035,0.7,0.2,99.1,547.0,1149.0,1.27,1367.75,2548.08,0.0,17,33,4,43.7,651,0.0,0.0,17.0,0.0,0,1,0,crypto,decay,321.34,598.66
2026-02-12 16:30:32.810610,0.0,0.22,99.78,159.0,328.0,1.27,1368.0,2547.84,0.0,18,36,3,44.3,653,0.0,0.0,18.0,0.0,0,1,0,crypto,decay,321.4,598.6
2026-02-12 16:30:34.607252,2.38,0.53,97.09,391.0,804.0,1.17,1360.76,2555.07,0.0,15,30,4,47.4,655,98.0,98.0,15.0,0.0,0,1,0,crypto,decay,319.7,600.3
2026-02-12 16:30:36.972305,0.43,0.14,99.43,319.0,490.0,1.17,1360.76,2555.07,0.0,15,30,4,61.3,657,0.0,0.0,15.0,0.0,0,1,0,crypto,decay,319.7,600.3
2026-02-12 16:30:40.460174,1.58,0.63,97.79,396.0,766.0,1.23,1357.5,2558.34,0.0,17,33,4,47.8,660,0.0,0.0,17.0,0.0,0,1,0,crypto,decay,318.94,601.06
2026-02-12 16:30:41.688442,6.38,1.6,92.02,408.0,755.0,1.23,1361.74,2554.09,0.0,16,30,4,54.9,664,0.0,0.0,16.0,0.0,0,1,0,crypto,decay,319.93,600.07
2026-02-12 16:30:45.677333,1.25,0.23,98.52,506.0,931.0,1.13,1357.08,2558.75,0.0,15,28,4,41.9,665,98.0,98.0,15.0,0.0,0,1,0,crypto,decay,318.84,601.16
2026-02-12 16:30:50.440704,2.63,0.61,96.76,1111.0,1572.0,1.04,1352.93,2562.9,0.0,15,30,4,48.7,670,0.0,0.0,15.0,0.0,0,1,0,crypto,decay,317.86,602.14
2026-02-12 16:30:52.947281,0.16,0.0,99.84,301.0,534.0,1.04,1353.66,2562.17,0.0,15,30,4,56.7,673,42.0,42.0,15.0,0.0,0,1,0,crypto,decay,318.03,601.97
2026-02-12 16:30:55.084310,1.06,0.21,98.73,317.0,726.0,0.96,1353.66,2562.17,0.0,15,30,4,44.9,675,0.0,0.0,15.0,0.0,0,1,0,crypto,decay,318.03,601.97
2026-02-12 16:30:56.369100,7.32,0.0,92.68,138.0,368.0,0.96,1354.39,2561.45,0.0,17,34,4,60.8,676,0.0,0.0,17.0,0.0,0,1,0,crypto,decay,318.2,601.8
2026-02-12 16:30:57.524772,11.43,1.14,87.43,353.0,585.0,0.96,1351.63,2564.2,0.0,15,30,5,64.8,677,0.0,0.0,15.0,0.0,0,1,0,crypto,decay,317.56,602.44
2026-02-12 16:30:59.721075,3.49,0.29,96.22,398.0,605.0,0.96,1351.63,2564.2,0.0,15,30,4,62.9,679,0.0,0.0,15.0,0.0,0,1,0,crypto,decay,317.56,602.44
2026-02-12 16:31:01.973176,0.19,0.38,99.43,293.0,755.0,0.96,1351.63,2564.2,0.0,15,29,4,42.7,682,0.0,0.0,15.0,0.0,0,1,0,crypto,decay,317.56,602.44
2026-02-12 16:31:03.822101,1.08,0.27,98.64,201.0,442.0,0.88,1351.63,2564.2,0.0,17,34,4,50.4,684,98.0,98.0,17.0,0.0,0,1,0,crypto,decay,317.56,602.44
2026-02-12 16:31:05.992951,0.91,0.23,98.86,226.0,465.0,0.88,1351.63,2564.2,0.0,18,35,4,48.8,686,0.0,0.0,18.0,0.0,0,1,0,crypto,decay,317.56,602.44
2026-02-12 16:31:07.283095,3.23,0.92,95.85,310.0,502.0,0.88,1353.59,2562.25,0.0,15,30,5,65.3,687,0.0,0.0,15.0,0.0,0,1,0,crypto,decay,318.02,601.98
2026-02-12 16:31:09.710858,2.37,0.22,97.42,296.0,629.0,0.81,1353.83,2562.0,0.0,15,30,4,54.1,689,42.0,42.0,15.0,0.0,0,1,0,crypto,decay,318.07,601.93
2026-02-12 16:31:10.968002,44.83,3.45,51.72,383.0,713.0,0.81,1352.44,2563.39,0.0,15,30,4,56.9,692,0.0,0.0,15.0,0.0,0,1,0,crypto,decay,317.75,602.25
2026-02-12 16:31:13.752346,1.52,0.45,98.03,293.0,535.0,0.75,1356.03,2559.8,0.0,17,34,4,56.2,694,0.0,0.0,17.0,0.0,0,1,0,crypto,decay,318.59,601.41
2026-02-12 16:31:16.059278,3.72,0.65,95.64,630.0,849.0,0.75,1358.11,2557.72,0.0,15,30,4,64.6,696,98.0,98.0,15.0,0.0,0,1,0,crypto,decay,319.08,600.92
2026-02-12 16:31:18.191293,11.71,1.46,86.83,260.0,512.0,0.75,1358.11,2557.72,0.0,15,30,4,70.1,698,0.0,0.0,15.0,0.0,0,1,0,crypto,decay,319.08,600.92
2026-02-12 16:31:19.511518,3.23,0.0,96.77,114.0,324.0,0.69,1358.11,2557.72,0.0,15,29,4,53.3,699,0.0,0.0,15.0,0.0,0,1,0,crypto,decay,319.08,600.92
2026-02-12 16:31:21.177044,4.3,1.17,94.53,433.0,587.0,0.69,1358.54,2557.3,0.0,16,31,4,58.5,701,0.0,0.0,16.0,0.0,0,1,0,crypto,decay,319.18,600.82
2026-02-12 16:31:22.222354,10.0,0.77,89.23,317.0,401.0,0.69,1358.54,2557.3,0.0,15,30,5,74.6,702,0.0,0.0,15.0,0.0,0,1,0,crypto,decay,319.18,600.82
2026-02-12 16:31:24.035194,39.13,1.09,59.78,156.0,468.0,0.71,1358.54,2557.3,0.0,15,28,4,61.5,705,0.0,0.0,15.0,0.0,0,1,0,crypto,decay,319.18,600.82
2026-02-12 16:31:26.199631,0.95,0.0,99.05,282.0,636.0,0.71,1353.0,2562.84,0.0,15,28,4,71.5,706,98.0,98.0,15.0,0.0,0,1,0,crypto,decay,317.88,602.12
2026-02-12 16:31:27.315955,10.24,5.42,84.34,2049.0,1318.0,0.71,1357.6,2558.23,0.0,16,32,4,60.6,707,0.0,0.0,16.0,0.0,0,1,0,crypto,decay,318.96,601.04
2026-02-12 16:31:28.967850,8.47,2.54,88.98,412.0,512.0,0.74,1357.27,2558.56,0.0,15,30,4,53.8,710,0.0,0.0,15.0,0.0,0,1,0,crypto,decay,318.88,601.12
2026-02-12 16:31:32.047480,0.24,0.12,99.64,402.0,713.0,0.74,1357.27,2558.56,0.0,15,30,4,44.7,712,42.0,42.0,15.0,0.0,0,1,0,crypto,decay,318.88,601.12
2026-02-12 16:31:33.751123,0.0,0.0,100.0,187.0,349.0,0.68,1357.27,2558.56,0.0,15,30,4,51.6,714,0.0,0.0,15.0,0.0,0,1,0,crypto,decay,318.88,601.12
2026-02-12 16:31:35.542057,5.95,0.37,93.68,171.0,440.0,0.68,1357.27,2558.56,0.0,16,30,4,57.8,715,0.0,0.0,16.0,0.0,0,1,0,crypto,decay,318.88,601.12
2026-02-12 16:31:37.172773,0.44,0.22,99.34,168.0,345.0,0.68,1357.27,2558.57,0.0,18,34,4,81.5,717,0.0,0.0,18.0,0.0,0,1,0,crypto,decay,318.88,601.12
2026-02-12 16:31:38.451032,3.91,1.3,94.78,349.0,515.0,0.68,1354.52,2561.31,0.0,16,28,5,59.6,719,98.0,98.0,16.0,0.0,0,1,0,crypto,decay,318.24,601.76
2026-02-12 16:31:40.668954,1.4,0.28,98.32,342.0,822.0,0.62,1356.49,2559.34,0.0,14,28,4,55.2,720,0.0,0.0,14.0,0.0,0,1,0,crypto,decay,318.7,601.3
2026-02-12 16:31:42.168019,0.33,0.33,99.34,116.0,208.0,0.62,1356.93,2558.9,0.0,15,30,3,65.6,722,0.0,0.0,15.0,0.0,0,1,0,crypto,decay,318.8,601.2
2026-02-12 16:31:44.637973,1.1,0.18,98.72,407.0,827.0,0.81,1355.54,2560.29,0.0,17,34,4,50.3,724,0.0,0.0,17.0,0.0,0,1,0,crypto,decay,318.48,601.52
2026-02-12 16:31:46.168646,0.49,0.24,99.27,169.0,207.0,0.81,1359.09,2556.74,0.0,17,34,4,79.5,727,0.0,0.0,17.0,0.0,0,1,0,crypto,decay,319.31,600.69
2026-02-12 16:31:49.297379,0.33,0.17,99.5,411.0,791.0,0.91,1364.8,2551.03,0.0,18,34,4,59.6,730,0.0,0.0,18.0,0.0,0,1,0,crypto,decay,320.65,599.35
2026-02-12 16:31:52.109097,2.64,0.47,96.9,433.0,714.0,0.91,1364.8,2551.03,0.0,15,29,4,75.4,732,0.0,0.0,15.0,0.0,0,1,0,crypto,decay,320.65,599.35
2026-02-12 16:31:54.280216,4.97,0.79,94.24,555.0,797.0,0.84,1364.8,2551.03,0.0,15,30,4,47.2,737,98.0,98.0,15.0,0.0,0,1,0,crypto,decay,320.65,599.35
2026-02-12 16:31:58.352509,2.22,0.12,97.66,390.0,1223.0,0.84,1364.8,2551.03,0.0,15,28,4,55.6,739,42.0,42.0,15.0,0.0,0,1,0,crypto,decay,320.65,599.35
2026-02-12 16:32:00.795494,1.72,0.38,97.9,411.0,629.0,0.77,1370.52,2545.31,0.0,18,36,4,57.1,741,0.0,0.0,18.0,0.0,0,1,0,crypto,decay,322.0,598.0
2026-02-12 16:32:02.128837,4.13,0.28,95.59,297.0,531.0,0.77,1356.03,2559.8,0.0,16,31,4,54.6,743,0.0,0.0,16.0,0.0,0,1,0,crypto,decay,318.59,601.41
2026-02-12 16:32:04.190575,16.41,2.34,81.25,366.0,492.0,0.71,1360.02,2555.81,0.0,15,30,4,81.4,744,98.0,98.0,15.0,0.0,0,1,0,crypto,decay,319.53,600.47
2026-02-12 16:32:06.014262,0.47,0.0,99.53,150.0,404.0,0.71,1360.02,2555.81,0.0,15,30,4,49.6,746,0.0,0.0,15.0,0.0,0,1,0,crypto,decay,319.53,600.47
2026-02-12 16:32:07.167827,2.99,0.5,96.52,180.0,286.0,0.71,1360.02,2555.81,0.0,15,29,3,58.4,747,0.0,0.0,15.0,0.0,0,1,0,crypto,decay,319.53,600.47
2026-02-12 16:32:09.407669,0.77,0.19,99.03,398.0,705.0,0.73,1359.26,2556.57,0.0,17,34,4,52.9,749,42.0,42.0,17.0,0.0,0,1,0,crypto,decay,319.35,600.65
2026-02-12 16:32:11.980730,2.16,0.43,97.41,418.0,622.0,0.73,1365.22,2550.61,0.0,15,30,4,56.8,752,0.0,0.0,15.0,0.0,0,1,0,crypto,decay,320.75,599.25
2026-02-12 16:32:13.574202,1.35,0.34,98.32,210.0,467.0,0.67,1365.22,2550.61,0.0,14,28,4,46.5,754,0.0,0.0,14.0,0.0,0,1,0,crypto,decay,320.75,599.25
2026-02-12 16:32:15.931497,1.14,0.38,98.48,277.0,413.0,0.67,1361.22,2554.61,0.0,15,24,4,44.9,756,98.0,98.0,15.0,0.0,0,1,0,crypto,decay,319.81,600.19
2026-02-12 16:32:18.776101,0.49,0.33,99.19,360.0,530.0,0.7,1356.54,2559.29,0.0,15,30,4,29.0,759,0.0,0.0,15.0,0.0,0,1,0,crypto,decay,318.71,601.29
2026-02-12 16:32:22.838602,0.86,0.32,98.82,622.0,1153.0,0.64,1360.48,2555.35,0.0,16,32,4,57.0,763,0.0,0.0,16.0,0.0,0,1,0,crypto,decay,319.64,600.36
2026-02-12 16:32:24.820130,1.18,0.24,98.58,322.0,404.0,0.64,1360.48,2555.35,0.0,15,30,4,49.3,765,0.0,0.0,15.0,0.0,0,1,0,crypto,decay,319.64,600.36
2026-02-12 16:32:27.444275,0.8,0.4,98.8,225.0,430.0,0.64,1360.47,2555.36,0.0,15,30,4,67.9,768,0.0,0.0,15.0,0.0,0,1,0,crypto,decay,319.63,600.37
2026-02-12 16:32:29.894167,1.17,0.2,98.63,271.0,674.0,0.59,1360.47,2555.36,0.0,15,30,4,50.4,770,0.0,0.0,15.0,0.0,0,1,0,crypto,decay,319.63,600.37
2026-02-12 16:32:32.045725,0.52,0.26,99.23,209.0,494.0,0.59,1365.2,2550.64,0.0,18,36,4,53.4,772,0.0,0.0,18.0,0.0,0,1,0,crypto,decay,320.74,599.26
2026-02-12 16:32:33.868481,2.19,0.62,97.19,280.0,707.0,0.54,1366.2,2549.64,0.0,16,31,4,58.9,774,0.0,98.0,16.0,0.0,0,1,0,crypto,decay,320.98,599.02
2026-02-12 16:32:36.034980,6.56,1.57,91.86,475.0,884.0,0.54,1354.76,2561.07,0.0,16,30,5,63.2,776,98.0,0.0,16.0,0.0,0,1,0,crypto,decay,318.29,601.71
2026-02-12 16:32:38.286902,3.04,0.76,96.2,387.0,651.0,0.54,1359.49,2556.34,0.0,15,30,4,56.6,778,0.0,0.0,15.0,0.0,0,1,0,crypto,decay,319.4,600.6
2026-02-12 16:32:40.206514,3.05,0.28,96.68,274.0,589.0,0.5,1359.49,2556.34,0.0,15,30,4,52.4,780,42.0,42.0,15.0,0.0,0,1,0,crypto,decay,319.4,600.6
2026-02-12 16:32:42.356453,0.97,0.24,98.79,179.0,531.0,0.5,1360.21,2555.62,0.0,17,34,4,51.0,782,0.0,0.0,17.0,0.0,0,1,0,crypto,decay,319.57,600.43
2026-02-12 16:32:44.272524,0.79,0.26,98.95,266.0,523.0,0.46,1361.46,2554.37,0.0,18,29,4,52.7,784,0.0,0.0,18.0,0.0,0,1,0,crypto,decay,319.87,600.13
2026-02-12 16:32:46.568170,9.45,3.26,87.3,839.0,1133.0,0.46,1361.7,2554.13,0.0,15,28,5,66.8,787,0.0,0.0,15.0,0.0,0,1,0,crypto,decay,319.92,600.08
2026-02-12 16:32:48.560225,2.03,0.25,97.72,223.0,509.0,0.42,1361.39,2554.45,0.0,15,28,4,53.0,789,0.0,98.0,15.0,0.0,0,1,0,crypto,decay,319.85,600.15
2026-02-12 16:32:51.128508,1.93,0.86,97.21,402.0,755.0,0.42,1361.57,2554.26,0.0,17,31,4,55.0,791,98.0,0.0,17.0,0.0,0,1,0,crypto,decay,319.89,600.11
2026-02-12 16:32:53.268605,1.8,0.26,97.94,319.0,740.0,0.42,1368.28,2547.55,0.0,18,34,4,52.6,793,0.0,0.0,18.0,0.0,0,1,0,crypto,decay,321.47,598.53
2026-02-12 16:32:55.168219,2.27,0.85,96.88,377.0,604.0,0.39,1368.53,2547.3,0.0,16,31,4,45.2,795,42.0,42.0,16.0,0.0,0,1,0,crypto,decay,321.53,598.47
2026-02-12 16:32:58.476247,2.89,0.61,96.5,662.0,1161.0,0.39,1365.26,2550.57,0.0,15,30,5,51.6,798,0.0,0.0,15.0,0.0,0,1,0,crypto,decay,320.76,599.24
2026-02-12 16:32:59.768449,5.67,0.0,94.33,194.0,433.0,0.76,1365.26,2550.57,0.0,15,30,4,64.3,800,0.0,0.0,15.0,0.0,0,1,0,crypto,decay,320.76,599.24
2026-02-12 16:33:02.181097,5.41,0.27,94.32,267.0,767.0,0.76,1362.54,2553.3,0.0,17,33,4,62.8,802,0.0,0.0,17.0,0.0,0,1,0,crypto,decay,320.12,599.88
2026-02-12 16:33:03.784012,11.21,3.45,85.34,534.0,829.0,0.7,1370.77,2545.06,0.0,16,29,4,64.5,804,98.0,98.0,16.0,0.0,0,1,0,crypto,decay,322.05,597.95
2026-02-12 16:33:05.931875,5.45,0.91,93.64,439.0,594.0,0.7,1370.77,2545.07,0.0,15,30,5,61.6,806,0.0,0.0,15.0,0.0,0,1,0,crypto,decay,322.05,597.95
2026-02-12 16:33:08.187113,3.96,0.0,96.04,202.0,619.0,0.7,1370.77,2545.07,0.0,15,30,4,61.0,808,0.0,0.0,15.0,0.0,0,1,0,crypto,decay,322.05,597.95
2026-02-12 16:33:10.976878,1.18,0.15,98.67,354.0,636.0,0.64,1370.77,2545.07,0.0,17,34,4,39.0,811,0.0,0.0,17.0,0.0,0,1,0,crypto,decay,322.05,597.95
2026-02-12 16:33:13.281480,2.02,0.9,97.08,347.0,580.0,0.64,1365.27,2550.57,0.0,15,30,5,54.0,813,0.0,0.0,15.0,0.0,0,1,0,crypto,decay,320.76,599.24
2026-02-12 16:33:15.092527,2.8,0.62,96.57,372.0,692.0,0.67,1361.94,2553.89,0.0,15,30,4,54.7,815,0.0,98.0,15.0,0.0,0,1,0,crypto,decay,319.98,600.02
2026-02-12 16:33:17.461258,1.28,0.43,98.29,339.0,534.0,0.67,1365.9,2549.93,0.0,15,28,4,54.9,819,98.0,0.0,15.0,0.0,0,1,0,crypto,decay,320.91,599.09
2026-02-12 16:33:21.227850,0.39,0.26,99.35,669.0,929.0,0.62,1367.49,2548.34,0.0,18,35,4,47.9,821,42.0,42.0,18.0,0.0,0,1,0,crypto,decay,321.28,598.72
2026-02-12 16:33:22.558525,4.38,1.2,94.42,412.0,502.0,0.62,1363.62,2552.21,0.0,16,30,5,62.8,823,0.0,0.0,16.0,0.0,0,1,0,crypto,decay,320.37,599.63
2026-02-12 16:33:24.041228,0.68,0.34,98.98,216.0,370.0,0.57,1363.62,2552.21,0.0,15,29,4,41.6,824,0.0,0.0,15.0,0.0,0,1,0,crypto,decay,320.37,599.63
2026-02-12 16:33:28.234208,0.55,0.33,99.12,490.0,954.0,0.57,1363.61,2552.22,0.0,15,30,4,51.4,828,0.0,0.0,15.0,0.0,0,1,0,crypto,decay,320.37,599.63
2026-02-12 16:33:29.513222,0.42,0.42,99.16,87.0,177.0,0.52,1360.26,2555.57,0.0,15,26,4,54.9,830,0.0,0.0,15.0,0.0,0,1,0,crypto,decay,319.58,600.42
2026-02-12 16:33:31.919456,0.45,0.3,99.24,343.0,574.0,0.52,1360.26,2555.57,0.0,17,33,3,47.5,832,0.0,0.0,17.0,0.0,0,1,0,crypto,decay,319.58,600.42
2026-02-12 16:33:35.127671,0.38,0.13,99.49,394.0,740.0,0.48,1356.97,2558.86,0.0,15,30,4,59.5,835,0.0,0.0,15.0,0.0,0,1,0,crypto,decay,318.81,601.19
2026-02-12 16:33:36.654308,5.14,1.14,93.71,292.0,386.0,0.48,1356.96,2558.87,0.0,15,30,4,49.5,837,0.0,98.0,15.0,0.0,0,1,0,crypto,decay,318.81,601.19
2026-02-12 16:33:39.962886,0.71,0.24,99.05,487.0,784.0,0.44,1356.96,2558.87,0.0,15,30,4,40.4,840,98.0,0.0,15.0,0.0,0,1,0,crypto,decay,318.81,601.19
2026-02-12 16:33:41.766308,0.93,0.47,98.6,283.0,504.0,0.44,1358.93,2556.9,0.0,17,34,4,55.8,842,0.0,0.0,17.0,0.0,0,1,0,crypto,decay,319.27,600.73
2026-02-12 16:33:42.886681,4.6,2.3,93.1,272.0,406.0,0.44,1365.11,2550.72,0.0,18,36,4,54.9,843,42.0,42.0,18.0,0.0,0,1,0,crypto,decay,320.72,599.28
2026-02-12 16:33:45.243656,0.87,0.17,98.96,261.0,326.0,0.4,1365.38,2550.45,0.0,16,31,5,58.5,845,0.0,0.0,16.0,0.0,0,1,0,crypto,decay,320.79,599.21
2026-02-12 16:33:47.486405,2.73,0.68,96.58,352.0,604.0,0.4,1365.38,2550.45,0.0,15,28,4,64.5,848,0.0,0.0,15.0,0.0,0,1,0,crypto,decay,320.79,599.21
2026-02-12 16:33:52.868148,0.28,0.09,99.62,584.0,1556.0,0.37,1358.64,2557.19,0.0,17,33,4,47.9,853,0.0,0.0,17.0,0.0,0,1,0,crypto,decay,319.2,600.8
2026-02-12 16:33:55.508165,2.5,1.0,96.49,581.0,851.0,0.34,1355.38,2560.46,0.0,15,29,5,70.9,855,98.0,98.0,15.0,0.0,0,1,0,crypto,decay,318.44,601.56
2026-02-12 16:33:56.785072,3.65,1.04,95.31,234.0,437.0,0.34,1359.38,2556.46,0.0,15,30,4,59.6,857,0.0,0.0,15.0,0.0,0,1,0,crypto,decay,319.38,600.62
2026-02-12 16:33:59.468790,1.53,0.0,98.47,285.0,673.0,0.47,1359.38,2556.46,0.0,15,30,4,68.2,860,42.0,42.0,15.0,0.0,0,1,0,crypto,decay,319.38,600.62
2026-02-12 16:34:01.987349,3.0,0.4,96.6,382.0,755.0,0.47,1359.38,2556.46,0.0,17,32,4,57.2,862,0.0,0.0,17.0,0.0,0,1,0,crypto,decay,319.38,600.62
2026-02-12 16:34:04.869024,1.94,0.35,97.7,510.0,860.0,0.44,1358.56,2557.27,0.0,16,31,5,53.7,865,0.0,0.0,16.0,0.0,0,1,0,crypto,decay,319.19,600.81
2026-02-12 16:34:06.308231,1.02,0.41,98.57,297.0,544.0,0.44,1358.56,2557.27,0.0,15,28,3,62.2,867,0.0,0.0,15.0,0.0,0,1,0,crypto,decay,319.19,600.81
2026-02-12 16:34:08.820461,0.85,0.56,98.59,248.0,408.0,0.4,1358.56,2557.27,0.0,15,30,4,70.4,869,98.0,98.0,15.0,0.0,0,1,0,crypto,decay,319.19,600.81
2026-02-12 16:34:10.471834,0.9,0.45,98.64,259.0,656.0,0.4,1354.8,2561.03,0.0,17,33,4,52.0,871,0.0,0.0,17.0,0.0,0,1,0,crypto,decay,318.3,601.7
2026-02-12 16:34:12.732786,0.32,0.16,99.52,186.0,290.0,0.4,1356.53,2559.3,0.0,17,32,4,64.1,874,0.0,0.0,17.0,0.0,0,1,0,crypto,decay,318.71,601.29
2026-02-12 16:34:15.591174,1.77,0.44,97.79,385.0,902.0,0.37,1360.25,2555.58,0.0,18,31,4,76.9,875,0.0,0.0,18.0,0.0,0,1,0,crypto,decay,319.58,600.42
2026-02-12 16:34:17.309366,3.37,0.72,95.9,333.0,684.0,0.37,1353.0,2562.84,0.0,15,30,5,41.5,877,0.0,0.0,15.0,0.0,0,1,0,crypto,decay,317.88,602.12
2026-02-12 16:34:19.279985,1.3,0.26,98.45,192.0,476.0,0.34,1353.0,2562.84,0.0,15,30,4,60.3,881,0.0,0.0,15.0,0.0,0,1,0,crypto,decay,317.88,602.12
2026-02-12 16:34:23.925797,0.58,0.29,99.14,614.0,1217.0,0.31,1350.27,2565.56,0.0,15,30,4,48.3,884,0.0,0.0,15.0,0.0,0,1,0,crypto,decay,317.24,602.76
2026-02-12 16:34:26.372115,5.08,0.85,94.07,543.0,869.0,0.31,1354.3,2561.53,0.0,18,36,4,63.0,886,98.0,98.0,18.0,0.0,0,1,0,crypto,decay,318.18,601.82
2026-02-12 16:34:27.968999,6.92,3.85,89.23,1226.0,1073.0,0.31,1354.3,2561.53,0.0,17,33,4,52.1,888,0.0,0.0,17.0,0.0,0,1,0,crypto,decay,318.18,601.82
2026-02-12 16:34:29.869621,0.24,0.24,99.52,167.0,406.0,0.29,1354.3,2561.53,0.0,16,31,4,70.7,890,42.0,42.0,16.0,0.0,0,1,0,crypto,decay,318.18,601.82
2026-02-12 16:34:31.368333,3.18,0.29,96.53,392.0,799.0,0.29,1354.3,2561.53,0.0,15,29,4,42.6,893,0.0,0.0,15.0,0.0,0,1,0,crypto,decay,318.18,601.82
2026-02-12 16:34:34.324616,0.87,0.35,98.78,301.0,392.0,0.34,1352.03,2563.8,0.0,15,29,4,61.9,895,0.0,0.0,15.0,0.0,0,1,0,crypto,decay,317.65,602.35
2026-02-12 16:34:37.226486,3.24,0.54,96.22,389.0,720.0,0.34,1352.02,2563.81,0.0,15,30,4,56.8,897,98.0,98.0,15.0,0.0,0,1,0,crypto,decay,317.65,602.35
2026-02-12 16:34:39.066168,0.27,0.27,99.47,177.0,362.0,0.32,1351.7,2564.13,0.0,16,32,3,60.8,899,0.0,0.0,16.0,0.0,0,1,0,crypto,decay,317.57,602.43
2026-02-12 16:34:41.089898,0.95,0.48,98.57,343.0,505.0,0.32,1352.3,2563.54,0.0,18,36,3,59.5,901,42.0,42.0,18.0,0.0,0,1,0,crypto,decay,317.71,602.29
2026-02-12 16:34:42.930135,0.23,0.23,99.54,154.0,255.0,0.32,1356.54,2559.29,0.0,16,32,3,68.5,903,0.0,0.0,16.0,0.0,0,1,0,crypto,decay,318.71,601.29
2026-02-12 16:34:44.863646,1.51,0.6,97.89,429.0,541.0,0.29,1358.51,2557.32,0.0,15,30,4,62.4,905,0.0,0.0,15.0,0.0,0,1,0,crypto,decay,319.17,600.83
2026-02-12 16:34:46.868648,2.12,0.71,97.17,262.0,402.0,0.29,1358.51,2557.32,0.0,15,26,4,49.1,909,0.0,0.0,15.0,0.0,0,1,0,crypto,decay,319.17,600.83
2026-02-12 16:34:51.072250,2.73,0.76,96.51,806.0,1379.0,0.27,1356.41,2559.42,0.0,16,31,4,54.6,911,98.0,98.0,16.0,0.0,0,1,0,crypto,decay,318.68,601.32
2026-02-12 16:34:53.358624,1.89,0.47,97.64,336.0,581.0,0.27,1352.4,2563.43,0.0,15,30,5,52.5,913,0.0,0.0,15.0,0.0,0,1,0,crypto,decay,317.74,602.26
2026-02-12 16:34:54.906009,0.0,0.0,100.0,122.0,214.0,0.25,1352.4,2563.43,0.0,16,32,4,45.7,917,0.0,0.0,16.0,0.0,0,1,0,crypto,decay,317.74,602.26
2026-02-12 16:34:58.568426,6.82,0.7,92.49,782.0,1292.0,0.25,1352.4,2563.43,0.0,15,26,5,66.3,920,0.0,0.0,15.0,0.0,0,1,0,crypto,decay,317.74,602.26
2026-02-12 16:35:03.168560,0.84,0.73,98.43,650.0,1135.0,0.71,1352.62,2563.21,0.0,15,30,4,65.4,923,0.0,0.0,15.0,0.0,0,1,0,crypto,decay,317.79,602.21
2026-02-12 16:35:05.229956,1.23,0.25,98.53,278.0,493.0,0.81,1352.61,2563.22,0.0,15,30,4,45.9,925,98.0,98.0,15.0,0.0,0,1,0,crypto,decay,317.79,602.21
2026-02-12 16:35:07.068479,0.49,0.24,99.27,203.0,390.0,0.81,1352.61,2563.22,0.0,17,33,4,48.2,927,0.0,0.0,17.0,0.0,0,1,0,crypto,decay,317.79,602.21
2026-02-12 16:35:09.487062,1.9,0.44,97.67,512.0,821.0,0.75,1353.11,2562.73,0.0,18,29,4,44.3,930,42.0,42.0,18.0,0.0,0,1,0,crypto,decay,317.9,602.1
2026-02-12 16:35:11.357098,8.33,2.5,89.17,294.0,409.0,0.75,1355.07,2560.76,0.0,15,29,5,65.7,931,0.0,0.0,15.0,0.0,0,1,0,crypto,decay,318.37,601.63
2026-02-12 16:35:12.613335,1.02,0.34,98.63,269.0,430.0,0.75,1355.07,2560.76,0.0,15,28,3,69.4,933,0.0,0.0,15.0,0.0,0,1,0,crypto,decay,318.37,601.63
2026-02-12 16:35:14.355886,0.49,0.32,99.19,213.0,397.0,0.69,1351.67,2564.16,0.0,15,29,3,74.5,935,0.0,0.0,15.0,0.0,0,1,0,crypto,decay,317.57,602.43
2026-02-12 16:35:16.618551,0.23,0.0,99.77,124.0,169.0,0.69,1351.67,2564.16,0.0,17,33,3,80.3,937,0.0,0.0,17.0,0.0,0,1,0,crypto,decay,317.57,602.43
2026-02-12 16:35:18.172830,10.87,3.62,85.51,538.0,693.0,0.69,1355.27,2560.56,0.0,15,28,5,76.7,938,0.0,0.0,15.0,0.0,0,1,0,crypto,decay,318.41,601.59
2026-02-12 16:35:20.058436,1.96,0.33,97.71,157.0,318.0,0.95,1355.27,2560.56,0.0,15,30,4,51.0,940,0.0,0.0,15.0,0.0,0,1,0,crypto,decay,318.41,601.59
2026-02-12 16:35:22.921198,2.05,0.86,97.09,603.0,1147.0,0.95,1355.52,2560.32,0.0,15,30,4,52.7,943,98.0,98.0,15.0,0.0,0,1,0,crypto,decay,318.47,601.53
2026-02-12 16:35:24.610451,0.84,0.42,98.74,388.0,835.0,0.88,1361.85,2553.98,0.0,16,32,4,57.2,945,0.0,0.0,16.0,0.0,0,1,0,crypto,decay,319.96,600.04
2026-02-12 16:35:26.918516,0.0,0.0,100.0,132.0,273.0,0.88,1361.96,2553.88,0.0,17,34,3,61.1,947,42.0,42.0,17.0,0.0,0,1,0,crypto,decay,319.98,600.02
2026-02-12 16:35:28.768372,1.66,0.5,97.85,358.0,602.0,0.8,1360.93,2554.9,0.0,16,32,4,51.7,949,0.0,0.0,16.0,0.0,0,1,0,crypto,decay,319.74,600.26
2026-02-12 16:35:32.360442,0.7,0.47,98.84,354.0,722.0,0.8,1356.87,2558.96,0.0,15,29,5,59.2,952,0.0,0.0,15.0,0.0,0,1,0,crypto,decay,318.79,601.21
2026-02-12 16:35:34.290048,1.39,0.28,98.34,308.0,550.0,0.74,1352.87,2562.96,0.0,15,30,4,48.6,954,0.0,0.0,15.0,0.0,0,1,0,crypto,decay,317.85,602.15
2026-02-12 16:35:36.037068,0.98,0.33,98.69,244.0,438.0,0.74,1352.87,2562.96,0.0,15,29,4,59.3,956,98.0,98.0,15.0,0.0,0,1,0,crypto,decay,317.85,602.15
2026-02-12 16:35:38.502255,0.23,0.23,99.55,276.0,496.0,0.74,1352.87,2562.96,0.0,16,32,4,55.9,958,0.0,0.0,16.0,0.0,0,1,0,crypto,decay,317.85,602.15
2026-02-12 16:35:39.682174,8.7,0.72,90.58,201.0,301.0,0.92,1353.11,2562.72,0.0,18,36,4,55.3,960,0.0,0.0,18.0,0.0,0,1,0,crypto,decay,317.9,602.1
2026-02-12 16:35:42.083297,1.94,0.86,97.2,444.0,714.0,0.92,1351.82,2564.01,0.0,15,29,5,53.4,962,0.0,0.0,15.0,0.0,0,1,0,crypto,decay,317.6,602.4
2026-02-12 16:35:43.768911,4.74,0.79,94.47,278.0,569.0,0.85,1351.82,2564.01,0.0,15,30,4,61.1,964,0.0,0.0,15.0,0.0,0,1,0,crypto,decay,317.6,602.4
2026-02-12 16:35:45.774127,3.0,0.54,96.46,298.0,611.0,0.85,1351.81,2564.02,0.0,15,30,4,64.2,966,0.0,0.0,15.0,0.0,0,1,0,crypto,decay,317.6,602.4
2026-02-12 16:35:47.868538,1.99,0.85,97.16,383.0,800.0,0.85,1352.06,2563.77,0.0,17,31,4,55.7,968,0.0,0.0,17.0,0.0,0,1,0,crypto,decay,317.66,602.34
2026-02-12 16:35:49.368291,5.33,1.33,93.33,433.0,597.0,1.74,1357.29,2558.54,0.0,15,30,4,66.2,969,98.0,98.0,15.0,0.0,0,1,0,crypto,decay,318.89,601.11
2026-02-12 16:35:51.169189,1.85,0.31,97.85,254.0,683.0,1.74,1357.29,2558.54,0.0,15,27,4,54.3,971,0.0,0.0,15.0,0.0,0,1,0,crypto,decay,318.89,601.11
2026-02-12 16:35:53.237281,4.82,1.51,93.67,539.0,875.0,1.74,1353.53,2562.3,0.0,15,30,4,55.1,973,0.0,0.0,15.0,0.0,0,1,0,crypto,decay,318.0,602.0
2026-02-12 16:35:55.668697,1.09,0.0,98.91,285.0,674.0,2.24,1352.88,2562.95,0.0,15,30,4,46.5,975,0.0,0.0,15.0,0.0,0,1,0,crypto,decay,317.85,602.15
2026-02-12 16:35:57.199423,1.25,0.31,98.44,169.0,329.0,2.24,1352.88,2562.96,0.0,16,32,4,49.7,977,0.0,0.0,16.0,0.0,0,1,0,crypto,decay,317.85,602.15
2026-02-12 16:35:59.731352,1.31,0.38,98.31,325.0,580.0,2.06,1352.88,2562.96,0.0,18,29,4,47.5,980,0.0,0.0,18.0,0.0,0,1,0,crypto,decay,317.85,602.15
2026-02-12 16:36:02.396031,13.53,2.92,83.55,808.0,998.0,2.06,1350.65,2565.18,0.0,15,30,5,64.0,983,98.0,98.0,15.0,0.0,0,1,0,crypto,decay,317.33,602.67
2026-02-12 16:36:05.545566,0.49,0.12,99.38,333.0,798.0,1.9,1350.65,2565.18,0.0,15,28,4,49.2,985,84.0,84.0,15.0,0.0,0,1,0,crypto,decay,317.33,602.67
2026-02-12 16:36:09.383510,2.56,0.54,96.9,594.0,1232.0,1.74,1354.64,2561.2,0.0,17,33,4,50.3,989,0.0,0.0,17.0,0.0,0,1,0,crypto,decay,318.26,601.74
2026-02-12 16:36:12.884935,0.7,0.35,98.95,540.0,809.0,1.74,1354.64,2561.2,0.0,15,30,5,46.4,993,0.0,0.0,15.0,0.0,0,1,0,crypto,decay,318.26,601.74
2026-02-12 16:36:15.186529,0.64,0.32,99.04,224.0,404.0,1.6,1354.64,2561.2,0.0,15,30,4,54.8,998,98.0,98.0,15.0,0.0,0,1,0,crypto,decay,318.26,601.74
2026-02-12 16:36:20.031253,0.37,0.28,99.36,570.0,1089.0,1.56,1354.64,2561.2,0.0,17,34,4,60.1,1000,0.0,0.0,17.0,0.0,0,1,0,crypto,decay,318.26,601.74
2026-02-12 16:36:21.406195,2.0,1.0,97.0,254.0,477.0,1.56,1360.35,2555.48,0.0,17,34,3,50.2,1002,0.0,0.0,17.0,0.0,0,1,0,crypto,decay,319.61,600.39
2026-02-12 16:36:23.458218,0.25,0.12,99.63,176.0,379.0,1.43,1360.35,2555.48,0.0,18,33,3,52.9,1004,0.0,0.0,18.0,0.0,0,1,0,crypto,decay,319.61,600.39
2026-02-12 16:36:26.761576,1.48,0.55,97.97,325.0,609.0,1.43,1357.34,2558.5,0.0,16,30,4,45.3,1007,0.0,0.0,16.0,0.0,0,1,0,crypto,decay,318.9,601.1
2026-02-12 16:36:27.862165,2.63,1.05,96.32,214.0,407.0,1.43,1361.57,2554.26,0.0,16,31,5,61.7,1008,98.0,98.0,16.0,0.0,0,1,0,crypto,decay,319.89,600.11
2026-02-12 16:36:29.069064,1.59,0.79,97.62,398.0,507.0,1.32,1362.5,2553.34,0.0,15,29,5,67.2,1009,0.0,0.0,15.0,0.0,0,1,0,crypto,decay,320.11,599.89
2026-02-12 16:36:31.163426,1.2,0.48,98.33,213.0,447.0,1.32,1363.48,2552.35,0.0,15,30,4,61.6,1011,0.0,0.0,15.0,0.0,0,1,0,crypto,decay,320.34,599.66
2026-02-12 16:36:32.633623,6.15,0.0,93.85,313.0,440.0,1.32,1363.48,2552.35,0.0,15,30,4,71.3,1012,0.0,0.0,15.0,0.0,0,1,0,crypto,decay,320.34,599.66
2026-02-12 16:36:33.948705,1.37,0.0,98.63,182.0,313.0,1.21,1363.48,2552.35,0.0,15,30,3,60.5,1014,0.0,0.0,15.0,0.0,0,1,0,crypto,decay,320.34,599.66
2026-02-12 16:36:35.904944,5.08,0.85,94.07,393.0,693.0,1.21,1364.71,2551.12,0.0,18,34,4,61.9,1016,0.0,0.0,18.0,0.0,0,1,0,crypto,decay,320.63,599.37
2026-02-12 16:36:37.969580,2.64,0.88,96.48,330.0,737.0,1.21,1361.45,2554.38,0.0,16,31,4,52.0,1018,0.0,0.0,16.0,0.0,0,1,0,crypto,decay,319.86,600.14
2026-02-12 16:36:39.973310,1.21,0.4,98.39,221.0,414.0,1.11,1357.61,2558.22,0.0,16,31,4,69.5,1020,0.0,0.0,16.0,0.0,0,1,0,crypto,decay,318.96,601.04
2026-02-12 16:36:41.589643,4.6,1.1,94.3,672.0,1016.0,1.11,1360.31,2555.52,0.0,15,30,4,64.3,1023,98.0,98.0,15.0,0.0,0,1,0,crypto,decay,319.6,600.4
2026-02-12 16:36:44.510474,1.12,0.37,98.51,168.0,275.0,1.02,1360.31,2555.52,0.0,15,30,4,71.9,1025,0.0,0.0,15.0,0.0,0,1,0,crypto,decay,319.6,600.4
2026-02-12 16:36:47.173338,5.87,0.88,93.26,408.0,740.0,1.02,1357.29,2558.54,0.0,16,31,4,64.1,1027,42.0,42.0,16.0,0.0,0,1,0,crypto,decay,318.89,601.11
2026-02-12 16:36:48.231965,7.43,2.03,90.54,303.0,425.0,1.02,1353.53,2562.3,0.0,15,30,5,65.8,1028,0.0,0.0,15.0,0.0,0,1,0,crypto,decay,318.0,602.0
2026-02-12 16:36:49.924889,13.56,0.42,86.02,276.0,609.0,1.26,1353.53,2562.3,0.0,15,28,4,62.5,1031,0.0,0.0,15.0,0.0,0,1,0,crypto,decay,318.0,602.0
2026-02-12 16:36:52.002477,2.47,0.49,97.04,366.0,762.0,1.26,1357.53,2558.3,0.0,15,30,4,55.6,1032,0.0,98.0,15.0,0.0,0,1,0,crypto,decay,318.94,601.06
2026-02-12 16:36:54.182604,1.15,0.58,98.27,232.0,521.0,1.16,1357.78,2558.05,0.0,16,30,4,62.9,1034,98.0,0.0,16.0,0.0,0,1,0,crypto,decay,319.0,601.0
2026-02-12 16:36:55.768978,0.91,0.3,98.79,195.0,400.0,1.16,1357.78,2558.05,0.0,18,36,2,71.6,1036,0.0,0.0,18.0,0.0,0,1,0,crypto,decay,319.0,601.0
2026-02-12 16:36:58.668262,3.35,0.74,95.9,531.0,909.0,1.07,1357.77,2558.06,0.0,16,31,5,66.6,1038,42.0,42.0,16.0,0.0,0,1,0,crypto,decay,319.0,601.0
2026-02-12 16:36:59.941461,0.99,0.49,98.52,165.0,387.0,1.07,1357.18,2558.66,0.0,15,30,4,60.3,1040,0.0,0.0,15.0,0.0,0,1,0,crypto,decay,318.86,601.14
2026-02-12 16:37:01.468097,6.82,1.52,91.67,490.0,825.0,1.07,1362.9,2552.93,0.0,15,28,4,61.3,1043,0.0,0.0,15.0,0.0,0,1,0,crypto,decay,320.2,599.8
2026-02-12 16:37:05.523467,3.15,0.22,96.63,415.0,772.0,0.98,1363.14,2552.69,0.0,17,33,4,52.6,1045,98.0,98.0,17.0,0.0,0,1,0,crypto,decay,320.26,599.74
2026-02-12 16:37:07.273671,2.37,0.68,96.95,326.0,576.0,0.98,1366.27,2549.57,0.0,18,33,4,57.6,1047,0.0,0.0,18.0,0.0,0,1,0,crypto,decay,321.0,599.0
2026-02-12 16:37:08.338998,9.02,0.82,90.16,228.0,321.0,0.98,1364.1,2551.73,0.0,15,30,5,73.4,1048,0.0,0.0,15.0,0.0,0,1,0,crypto,decay,320.49,599.51
2026-02-12 16:37:09.634061,7.5,1.25,91.25,120.0,194.0,0.9,1360.1,2555.73,0.0,15,30,4,84.7,1049,0.0,0.0,15.0,0.0,0,1,0,crypto,decay,319.55,600.45
2026-02-12 16:37:11.667938,0.65,0.16,99.19,359.0,816.0,0.9,1360.09,2555.74,0.0,15,30,4,42.1,1052,0.0,0.0,15.0,0.0,0,1,0,crypto,decay,319.54,600.46
2026-02-12 16:37:13.468446,78.12,0.0,21.88,120.0,303.0,0.9,1360.09,2555.74,0.0,15,30,4,96.8,1053,0.0,0.0,15.0,0.0,0,1,0,crypto,decay,319.54,600.46
2026-02-12 16:37:14.515867,18.99,0.56,80.45,186.0,647.0,0.83,1360.09,2555.74,0.0,15,30,4,66.9,1054,0.0,0.0,15.0,0.0,0,1,0,crypto,decay,319.54,600.46
2026-02-12 16:37:15.969113,4.76,0.48,94.76,153.0,468.0,0.83,1360.09,2555.74,0.0,16,32,4,63.4,1056,0.0,0.0,16.0,0.0,0,1,0,crypto,decay,319.54,600.46
2026-02-12 16:37:18.119332,1.43,0.32,98.25,419.0,738.0,0.76,1356.09,2559.74,0.0,16,31,4,42.9,1059,0.0,0.0,16.0,0.0,0,1,0,crypto,decay,318.6,601.4
2026-02-12 16:37:20.468209,4.56,1.09,94.34,606.0,918.0,0.76,1357.15,2558.68,0.0,16,31,4,47.6,1061,98.0,98.0,16.0,0.0,0,1,0,crypto,decay,318.85,601.15
2026-02-12 16:37:22.888229,3.92,0.98,95.1,253.0,388.0,0.76,1357.15,2558.68,0.0,15,30,5,61.0,1063,0.0,0.0,15.0,0.0,0,1,0,crypto,decay,318.85,601.15
2026-02-12 16:37:25.582538,1.06,0.0,98.94,261.0,516.0,0.7,1357.15,2558.68,0.0,15,30,4,71.7,1066,42.0,42.0,15.0,0.0,0,1,0,crypto,decay,318.85,601.15
2026-02-12 16:37:28.127704,1.18,0.2,98.62,209.0,364.0,0.7,1357.15,2558.68,0.0,17,33,4,69.4,1068,0.0,0.0,17.0,0.0,0,1,0,crypto,decay,318.85,601.15
2026-02-12 16:37:29.902463,0.56,0.56,98.89,205.0,426.0,0.73,1357.14,2558.69,0.0,18,32,2,72.4,1070,0.0,0.0,18.0,0.0,0,1,0,crypto,decay,318.85,601.15
2026-02-12 16:37:31.717109,3.88,1.49,94.63,466.0,894.0,0.73,1356.61,2559.23,0.0,15,29,4,54.2,1071,0.0,0.0,15.0,0.0,0,1,0,crypto,decay,318.73,601.27
2026-02-12 16:37:32.868471,3.7,0.62,95.68,222.0,344.0,0.73,1356.61,2559.23,0.0,15,26,4,58.7,1073,98.0,98.0,15.0,0.0,0,1,0,crypto,decay,318.73,601.27
2026-02-12 16:37:34.822061,1.36,0.34,98.3,195.0,394.0,0.83,1356.61,2559.23,0.0,15,30,4,48.5,1075,0.0,0.0,15.0,0.0,0,1,0,crypto,decay,318.73,601.27
2026-02-12 16:37:36.697532,1.44,0.29,98.28,244.0,435.0,0.83,1353.34,2562.49,0.0,16,32,4,53.1,1079,0.0,0.0,16.0,0.0,0,1,0,crypto,decay,317.96,602.04
2026-02-12 16:37:39.944670,1.17,0.39,98.44,575.0,970.0,0.76,1356.18,2559.66,0.0,18,36,4,52.1,1080,0.0,0.0,18.0,0.0,0,1,0,crypto,decay,318.63,601.37
2026-02-12 16:37:41.016440,8.0,0.8,91.2,176.0,271.0,0.76,1356.28,2559.55,0.0,16,31,5,71.8,1081,0.0,0.0,16.0,0.0,0,1,0,crypto,decay,318.65,601.35
2026-02-12 16:37:42.789219,3.65,1.04,95.31,306.0,408.0,0.76,1356.28,2559.55,0.0,15,30,4,66.8,1083,0.0,0.0,15.0,0.0,0,1,0,crypto,decay,318.65,601.35
2026-01-28 14:54:07.531453,22.06,11.97,65.97,3504.67,5291.36,0.57,1495.81,2420.02,0.0,12,27,0,0.0,0,6567.29,12409.86,201.58,11.34,0,1,0,ddos,onset,351.43,568.57
2026-01-28 14:54:08.790280,24.01,21.14,54.85,7816.83,10860.44,0.57,1496.04,2419.79,0.0,12,27,0,0.0,0,10746.76,9428.96,254.4,10.25,0,1,0,ddos,onset,351.49,568.51
2026-01-28 14:54:10.023102,21.95,19.76,58.29,6635.46,10594.98,0.57,1503.48,2412.34,0.0,12,27,0,0.0,0,13485.9,12940.74,321.07,18.64,0,1,0,ddos,onset,353.23,566.77
2026-01-28 14:54:11.156275,15.33,15.84,68.83,5494.87,6733.03,0.53,1511.11,2404.71,0.0,12,27,0,0.0,0,11741.87,6739.31,358.59,12.43,0,1,0,ddos,onset,355.03,564.97
2026-01-28 14:54:12.232170,28.15,18.66,53.19,9026.91,7135.2,0.53,1503.11,2412.71,0.0,12,27,0,0.0,0,10696.94,6724.08,186.34,9.74,0,1,0,ddos,onset,353.15,566.85
2026-01-28 14:54:13.261783,25.34,11.49,63.17,9770.32,9624.41,0.53,1503.36,2412.47,0.0,12,27,0,0.0,0,5122.53,11261.69,296.04,29.75,0,1,0,ddos,onset,353.21,566.79
2026-01-28 14:54:14.293481,15.35,23.14,61.51,3655.25,11812.07,0.53,1515.53,2400.29,0.0,12,27,0,0.0,0,10082.44,9946.18,369.68,43.05,0,1,0,ddos,onset,356.07,563.93
2026-01-28 14:54:15.323429,20.35,10.54,69.11,5797.93,13460.8,0.53,1515.4,2400.43,0.0,12,27,0,0.0,0,14080.57,6222.37,193.26,18.97,0,1,0,ddos,onset,356.03,563.97
2026-01-28 14:54:16.351899,26.62,19.54,53.84,3869.36,10367.86,0.48,1520.95,2394.88,0.0,12,27,0,0.0,0,11276.52,13506.87,394.06,6.78,0,1,0,ddos,onset,357.34,562.66
2026-01-28 14:54:17.443230,22.12,20.94,56.94,7663.85,10771.99,0.48,1520.97,2394.85,0.0,12,27,0,0.0,0,10991.56,11979.93,163.88,12.57,0,1,0,ddos,onset,357.34,562.66
2026-01-28 14:54:18.527908,18.48,13.61,67.91,7406.91,6555.61,0.48,1514.62,2401.21,0.0,12,27,0,0.0,0,8720.21,9070.59,206.1,36.28,0,1,0,ddos,onset,355.85,564.15
2026-01-28 14:54:19.588263,21.8,17.76,60.44,3575.02,7729.2,0.48,1518.32,2397.51,0.0,12,27,0,0.0,0,9832.83,13932.2,255.39,20.27,0,1,0,ddos,onset,356.72,563.28
2026-01-28 14:54:20.620693,25.53,23.77,50.7,9428.05,8653.4,0.48,1520.04,2395.79,0.0,12,27,0,0.0,0,14791.78,6385.05,177.86,21.94,0,1,0,ddos,onset,357.12,562.88
2026-01-28 14:54:21.649363,27.88,17.15,54.97,4058.98,14692.54,0.45,1517.82,2398.0,0.0,12,27,0,0.0,0,10523.01,8904.48,168.16,17.14,0,1,0,ddos,onset,356.6,563.4
2026-01-28 14:54:22.696920,28.37,12.1,59.53,5264.01,7515.66,0.45,1520.55,2395.27,0.0,12,27,0,0.0,0,14983.0,8596.21,274.55,22.3,0,1,0,ddos,onset,357.24,562.76
2026-01-28 14:54:23.724710,29.99,24.95,45.06,3188.76,12785.17,0.45,1518.99,2396.84,0.0,12,27,0,0.0,0,5530.13,10603.66,355.12,23.83,0,1,0,ddos,onset,356.88,563.12
2026-01-28 14:54:24.753044,23.08,18.32,58.6,6738.12,10539.93,0.45,1523.39,2392.43,0.0,12,27,0,0.0,0,9765.84,14757.19,348.26,22.47,0,1,0,ddos,onset,357.91,562.09
2026-01-28 14:54:25.771212,27.89,12.59,59.52,9893.78,13785.98,0.45,1522.64,2393.19,0.0,12,27,0,0.0,0,12476.61,11111.4,257.19,48.57,0,1,0,ddos,onset,357.73,562.27
2026-01-28 14:54:26.815408,25.36,12.74,61.9,6585.1,8568.09,0.49,1515.86,2399.96,0.0,12,27,0,0.0,0,13303.55,11481.94,339.35,25.64,0,1,0,ddos,onset,356.14,563.86
2026-01-28 14:54:27.844195,15.41,24.02,60.57,5248.03,7270.71,0.49,1517.4,2398.43,0.0,12,27,0,0.0,0,11868.48,11397.39,229.35,8.09,0,1,0,ddos,onset,356.5,563.5
2026-01-28 14:54:28.868061,21.88,19.33,58.79,9712.39,13833.11,0.49,1520.07,2395.76,0.0,12,27,0,0.0,0,9792.65,9018.2,232.82,20.61,0,1,0,ddos,onset,357.13,562.87
2026-01-28 14:54:29.894081,23.72,16.94,59.34,8462.17,7860.28,0.49,1524.2,2391.63,0.0,12,27,0,0.0,0,5247.33,14441.74,367.33,47.77,0,1,0,ddos,onset,358.1,561.9
2026-01-28 14:54:30.920552,19.56,12.22,68.22,7368.88,5522.55,0.49,1518.05,2397.77,0.0,12,27,0,0.0,0,11570.04,7288.57,197.64,30.82,0,1,0,ddos,onset,356.66,563.34
2026-01-28 14:54:31.952408,25.52,16.75,57.73,9218.91,12983.53,0.45,1522.05,2393.78,0.0,12,27,0,0.0,0,10377.83,13125.71,379.27,13.74,0,1,0,ddos,onset,357.6,562.4
2026-01-28 14:54:32.975179,23.21,10.3,66.49,8460.27,13099.59,0.45,1516.98,2398.84,0.0,12,27,0,0.0,0,11415.22,14373.65,192.21,42.84,0,1,0,ddos,onset,356.41,563.59
2026-01-28 14:54:34.003902,17.03,13.77,69.2,7708.87,8023.86,0.45,1506.64,2409.19,0.0,12,27,0,0.0,0,13547.11,5294.35,383.5,29.82,0,1,0,ddos,onset,353.98,566.02
2026-01-28 14:54:35.034088,23.15,14.78,62.07,7416.75,13096.15,0.45,1511.31,2404.52,0.0,12,27,0,0.0,0,12520.51,8377.14,182.59,16.09,0,1,0,ddos,onset,355.07,564.93
2026-01-28 14:54:36.062278,22.97,21.05,55.98,5901.22,13332.95,0.5,1512.74,2403.09,0.0,12,27,0,0.0,0,7493.75,5568.78,232.42,16.64,0,1,0,ddos,onset,355.41,564.59
2026-01-28 14:54:37.087295,24.23,15.78,59.99,8404.39,13350.39,0.5,1516.63,2399.19,0.0,12,27,0,0.0,0,6203.15,6602.97,164.03,16.77,0,1,0,ddos,onset,356.32,563.68
2026-01-28 14:54:38.110366,27.82,11.33,60.85,5801.09,11148.17,0.5,1506.63,2409.19,0.0,12,27,0,0.0,0,14366.67,9081.86,266.5,14.67,0,1,0,ddos,onset,353.97,566.03
2026-01-28 14:54:39.135553,21.11,18.96,59.93,8382.44,6462.87,0.5,1515.07,2400.76,0.0,12,27,0,0.0,0,5649.9,14658.65,227.81,22.89,0,1,0,ddos,onset,355.96,564.04
2026-01-28 14:54:40.168638,29.11,11.79,59.1,9040.49,9085.27,0.5,1518.36,2397.46,0.0,12,27,0,0.0,0,12438.0,11357.21,210.47,13.16,0,1,0,ddos,onset,356.73,563.27
2026-01-28 14:54:41.197244,19.59,20.81,59.6,9942.61,9067.46,0.46,1518.36,2397.47,0.0,12,27,0,0.0,0,10837.02,14317.57,298.06,22.45,0,1,0,ddos,onset,356.73,563.27
2026-01-28 14:54:42.224185,18.8,15.88,65.32,7657.9,10340.74,0.46,1518.5,2397.32,0.0,12,27,0,0.0,0,14296.44,12807.99,294.46,35.78,0,1,0,ddos,onset,356.76,563.24
2026-01-28 14:54:43.258183,28.43,22.95,48.62,8327.81,11632.91,0.46,1518.5,2397.32,0.0,12,27,0,0.0,0,14692.12,11426.73,180.33,7.44,0,1,0,ddos,onset,356.76,563.24
2026-01-28 14:54:44.303774,23.35,23.24,53.41,6663.26,6261.25,0.46,1512.76,2403.06,0.0,12,27,0,0.0,0,11713.02,8640.32,230.6,34.47,0,1,0,ddos,onset,355.41,564.59
2026-01-28 14:54:45.335760,19.63,16.5,63.87,7340.58,6258.81,0.46,1519.95,2395.87,0.0,12,27,0,0.0,0,6543.73,14991.98,326.3,39.48,0,1,0,ddos,onset,357.1,562.9
2026-01-28 14:54:46.364322,22.17,20.79,57.04,6417.64,11921.06,0.5,1515.95,2399.87,0.0,12,27,0,0.0,0,9125.02,7184.75,398.96,24.0,0,1,0,ddos,onset,356.16,563.84
2026-01-28 14:54:47.392524,21.09,21.14,57.77,7275.87,7822.68,0.5,1518.92,2396.91,0.0,12,27,0,0.0,0,11678.78,7039.76,350.58,47.24,0,1,0,ddos,onset,356.86,563.14
2026-01-28 14:54:48.417478,23.36,17.02,59.62,7099.0,9229.38,0.5,1518.95,2396.88,0.0,12,27,0,0.0,0,5123.64,11643.87,376.75,13.27,0,1,0,ddos,onset,356.87,563.13
2026-01-28 14:54:49.445507,19.23,22.64,58.13,5165.13,6742.9,0.5,1518.95,2396.88,0.0,12,27,0,0.0,0,8584.25,7001.04,165.65,6.58,0,1,0,ddos,onset,356.87,563.13
2026-01-28 14:54:50.472724,27.2,21.1,51.7,6594.73,13995.74,0.5,1508.36,2407.46,0.0,12,27,0,0.0,0,6503.66,6902.88,225.54,7.6,0,1,0,ddos,onset,354.38,565.62
2026-01-28 14:54:51.501254,19.98,11.5,68.52,3834.8,9402.96,0.46,1509.67,2406.15,0.0,12,27,0,0.0,0,14347.74,14074.98,175.12,16.91,0,1,0,ddos,onset,354.69,565.31
2026-01-28 14:54:52.533153,17.94,14.81,67.25,9355.24,9953.36,0.46,1509.92,2405.91,0.0,12,27,0,0.0,0,11184.39,12302.41,157.88,6.38,0,1,0,ddos,onset,354.75,565.25
2026-01-28 14:54:53.573124,21.23,12.04,66.73,8248.87,8279.64,0.46,1509.92,2405.91,0.0,12,27,0,0.0,0,11437.69,5700.31,396.43,5.25,0,1,0,ddos,onset,354.75,565.25
2026-01-28 14:54:54.601398,19.48,22.8,57.72,4174.07,7776.39,0.46,1510.79,2405.03,0.0,12,27,0,0.0,0,13493.38,11717.65,397.36,31.91,0,1,0,ddos,onset,354.95,565.05
2026-01-28 14:54:55.641831,28.65,17.64,53.71,3400.92,5550.3,0.46,1518.65,2397.17,0.0,12,27,0,0.0,0,7836.5,7397.51,221.49,46.1,0,1,0,ddos,onset,356.8,563.2
2026-01-28 14:54:56.669581,18.61,24.77,56.62,8518.44,14205.35,0.42,1514.68,2401.14,0.0,12,27,0,0.0,0,8689.95,6404.44,336.97,20.25,0,1,0,ddos,onset,355.87,564.13
2026-01-28 14:54:57.780941,25.45,19.98,54.57,7068.82,7187.28,0.42,1513.82,2402.0,0.0,12,27,0,0.0,0,7100.8,6175.56,201.11,20.32,0,1,0,ddos,onset,355.66,564.34
2026-01-28 14:54:58.923030,22.53,19.42,58.05,9619.63,6419.38,0.42,1515.66,2400.16,0.0,12,27,0,0.0,0,7069.67,9853.03,208.66,42.62,0,1,0,ddos,onset,356.1,563.9
2026-01-28 14:54:59.951893,20.78,14.74,64.48,6628.49,14280.41,0.42,1511.16,2404.66,0.0,12,27,0,0.0,0,14497.29,6266.33,299.61,19.82,0,1,0,ddos,onset,355.04,564.96
2026-01-28 14:55:00.973702,16.91,22.4,60.69,9468.74,11642.05,0.42,1518.86,2396.97,0.0,12,27,0,0.0,0,5534.28,13915.81,350.74,11.06,0,1,0,ddos,onset,356.85,563.15
2026-01-28 14:55:01.996861,19.4,10.57,70.03,5090.1,9300.06,0.39,1518.86,2396.97,0.0,12,27,0,0.0,0,11535.85,7477.15,398.13,10.26,0,1,0,ddos,onset,356.85,563.15
2026-01-28 14:55:03.021510,28.08,11.48,60.44,8169.18,14401.13,0.39,1520.14,2395.68,0.0,12,27,0,0.0,0,5992.25,5005.48,293.76,31.89,0,1,0,ddos,onset,357.15,562.85
2026-01-28 14:55:04.049518,27.16,24.7,48.14,3586.15,6969.05,0.39,1520.16,2395.67,0.0,12,27,0,0.0,0,10772.82,12187.01,394.54,33.01,0,1,0,ddos,onset,357.15,562.85
2026-01-28 14:55:05.189416,29.62,14.64,55.74,6061.21,6746.01,0.39,1515.23,2400.59,0.0,12,27,0,0.0,0,5611.38,7065.91,210.0,45.27,0,1,0,ddos,onset,355.99,564.01
2026-01-28 14:55:06.760583,18.79,15.22,65.99,7229.61,8835.09,0.36,1518.73,2397.09,0.0,12,27,0,0.0,0,9815.48,8883.18,216.26,21.21,0,1,0,ddos,onset,356.82,563.18
2026-01-28 14:55:07.831924,28.52,22.37,49.11,7178.59,6205.29,0.36,1522.73,2393.09,0.0,12,27,0,0.0,0,8419.16,12335.02,280.25,9.87,0,1,0,ddos,onset,357.76,562.24
2026-01-28 14:55:08.917248,23.58,19.43,56.99,8614.52,12199.71,0.36,1516.98,2398.85,0.0,12,27,0,0.0,0,5109.32,11396.28,356.94,43.12,0,1,0,ddos,onset,356.41,563.59
2026-01-28 14:55:09.950012,20.75,23.8,55.45,3292.42,9102.58,0.36,1517.22,2398.61,0.0,12,27,0,0.0,0,6130.52,5979.33,295.52,38.73,0,1,0,ddos,onset,356.46,563.54
2026-01-28 14:55:10.980216,20.39,24.65,54.96,7568.99,11308.1,0.36,1518.17,2397.65,0.0,12,27,0,0.0,0,5874.33,9777.07,242.79,23.57,0,1,0,ddos,onset,356.69,563.31
2026-01-28 14:55:12.011015,26.55,13.84,59.61,9599.34,5413.18,0.33,1514.07,2401.75,0.0,12,27,0,0.0,0,12224.57,10567.37,398.3,12.55,0,1,0,ddos,onset,355.72,564.28
2026-01-28 14:55:13.027487,19.21,16.51,64.28,4519.21,6748.88,0.33,1514.07,2401.75,0.0,12,27,0,0.0,0,9916.07,6658.01,170.06,16.65,0,1,0,ddos,onset,355.72,564.28
2026-01-28 14:55:14.045914,26.02,18.72,55.26,6572.96,12772.72,0.33,1510.07,2405.75,0.0,12,27,0,0.0,0,14108.38,11151.53,152.05,23.84,0,1,0,ddos,onset,354.78,565.22
2026-01-28 14:55:15.075506,22.91,10.77,66.32,6429.8,10569.58,0.33,1518.32,2397.51,0.0,12,27,0,0.0,0,8292.78,11373.83,243.68,7.07,0,1,0,ddos,onset,356.72,563.28
2026-01-28 14:55:16.101160,26.32,16.32,57.36,6001.64,6899.06,0.3,1509.1,2406.73,0.0,12,27,0,0.0,0,7951.21,13006.67,198.23,47.2,0,1,0,ddos,onset,354.55,565.45
2026-01-28 14:55:17.130811,22.46,14.9,62.64,9715.32,9689.41,0.3,1513.24,2402.58,0.0,12,27,0,0.0,0,6784.31,12215.37,222.16,25.0,0,1,0,ddos,onset,355.53,564.47
2026-01-28 14:55:18.158103,21.9,11.62,66.48,4003.36,8030.96,0.3,1513.36,2402.46,0.0,12,27,0,0.0,0,9692.7,11617.6,249.77,12.22,0,1,0,ddos,onset,355.56,564.44
2026-01-28 14:55:19.186231,23.11,14.95,61.94,3911.99,12301.15,0.3,1506.28,2409.55,0.0,12,27,0,0.0,0,8820.26,9296.15,234.29,16.09,0,1,0,ddos,onset,353.89,566.11
2026-01-28 14:55:20.216416,16.92,18.29,64.79,3549.16,14658.76,0.3,1513.83,2401.99,0.0,12,27,0,0.0,0,6977.56,8490.63,289.2,37.8,0,1,0,ddos,onset,355.67,564.33
2026-01-28 14:55:21.459233,15.61,22.49,61.9,6642.13,13399.73,0.28,1504.0,2411.82,0.0,12,27,0,0.0,0,12976.29,14907.05,353.02,47.36,0,1,0,ddos,onset,353.36,566.64
2026-01-28 14:55:22.486182,19.33,20.12,60.55,6630.24,13167.82,0.28,1510.95,2404.87,0.0,12,27,0,0.0,0,10716.71,9793.75,386.65,17.2,0,1,0,ddos,onset,354.99,565.01
2026-01-28 14:55:23.505910,16.41,20.63,62.96,7588.94,7430.57,0.28,1510.95,2404.88,0.0,12,27,0,0.0,0,5230.89,13960.88,335.5,32.4,0,1,0,ddos,onset,354.99,565.01
2026-01-28 14:55:24.534579,26.62,17.23,56.15,8289.97,10662.37,0.28,1518.39,2397.43,0.0,11,25,0,0.0,0,12231.92,12473.9,284.46,17.4,0,1,0,ddos,onset,356.74,563.26
2026-01-28 14:55:25.558843,25.52,20.21,54.27,6060.48,10093.8,0.28,1518.39,2397.43,0.0,12,27,0,0.0,0,8332.25,8520.28,398.61,27.2,0,1,0,ddos,onset,356.74,563.26
2026-01-28 14:55:26.597375,29.33,21.58,49.09,6429.24,6529.1,0.33,1514.42,2401.41,0.0,12,27,0,0.0,0,14634.04,5124.28,373.14,30.37,0,1,0,ddos,onset,355.8,564.2
2026-01-28 14:55:27.628976,18.12,15.88,66.0,7250.14,14581.39,0.33,1514.56,2401.26,0.0,12,27,0,0.0,0,5289.56,8345.06,293.18,33.39,0,1,0,ddos,onset,355.84,564.16
2026-01-28 14:55:28.659705,24.86,20.35,54.79,6807.52,13472.95,0.33,1506.7,2409.12,0.0,12,27,0,0.0,0,10709.64,12386.17,195.0,41.59,0,1,0,ddos,onset,353.99,566.01
2026-01-28 14:55:29.686574,20.84,10.3,68.86,7045.57,5490.29,0.33,1508.3,2407.52,0.0,12,27,0,0.0,0,11485.5,7559.38,229.45,26.07,0,1,0,ddos,onset,354.37,565.63
2026-01-28 14:55:30.722036,21.03,22.14,56.83,3988.66,11853.4,0.33,1509.09,2406.74,0.0,12,27,0,0.0,0,7931.93,13605.52,295.14,34.14,0,1,0,ddos,onset,354.55,565.45
2026-01-28 14:55:31.751717,27.23,24.74,48.03,3648.72,10017.16,0.31,1508.81,2407.02,0.0,12,27,0,0.0,0,8613.01,9378.64,342.03,29.86,0,1,0,ddos,onset,354.49,565.51
2026-01-28 14:55:32.780490,21.75,12.14,66.11,4772.1,9959.74,0.31,1509.8,2406.02,0.0,12,27,0,0.0,0,14656.26,13024.84,349.23,35.67,0,1,0,ddos,onset,354.72,565.28
2026-01-28 14:55:33.813715,24.62,13.74,61.64,4944.63,8684.2,0.31,1504.68,2411.14,0.0,12,27,0,0.0,0,9063.73,5657.79,361.76,45.83,0,1,0,ddos,onset,353.52,566.48
2026-01-28 14:55:34.836813,16.91,17.68,65.41,5668.01,10994.91,0.31,1503.12,2412.7,0.0,12,27,0,0.0,0,13312.87,10379.4,241.67,34.76,0,1,0,ddos,onset,353.15,566.85
2026-01-28 14:55:35.861304,24.99,17.29,57.72,4133.7,12775.81,0.31,1503.62,2412.21,0.0,12,25,0,0.0,0,14700.55,12778.7,219.48,15.17,0,1,0,ddos,onset,353.27,566.73
2026-01-28 14:55:36.881146,18.66,19.37,61.97,6338.61,7825.03,0.28,1507.61,2408.21,0.0,12,27,0,0.0,0,13343.79,13324.66,347.98,28.65,0,1,0,ddos,onset,354.2,565.8
2026-01-28 14:55:37.906936,23.17,22.98,53.85,8563.92,7963.81,0.28,1514.07,2401.75,0.0,12,27,0,0.0,0,9644.78,5804.62,337.92,28.73,0,1,0,ddos,onset,355.72,564.28
2026-01-28 14:55:38.934760,21.06,21.72,57.22,9346.2,7189.7,0.28,1507.26,2408.57,0.0,12,27,0,0.0,0,8017.18,10614.3,330.24,25.28,0,1,0,ddos,onset,354.12,565.88
2026-01-28 14:55:39.968128,15.79,16.13,68.08,7761.17,9651.06,0.28,1509.05,2406.78,0.0,12,27,0,0.0,0,14333.1,10541.52,350.55,33.26,0,1,0,ddos,onset,354.54,565.46
2026-01-28 14:55:41.004892,21.2,10.75,68.05,4706.53,7055.17,0.28,1502.31,2413.52,0.0,12,27,0,0.0,0,8284.67,8341.1,160.96,20.94,0,1,0,ddos,onset,352.96,567.04
2026-01-28 14:55:42.033092,21.38,10.4,68.22,5763.31,10266.54,0.26,1507.1,2408.72,0.0,12,27,0,0.0,0,12344.09,9252.88,257.78,28.41,0,1,0,ddos,onset,354.08,565.92
2026-01-28 14:55:43.062191,21.56,19.74,58.7,9319.62,14067.06,0.26,1507.1,2408.72,0.0,12,27,0,0.0,0,9270.12,7060.64,333.49,5.75,0,1,0,ddos,onset,354.08,565.92
2026-01-28 14:55:44.086637,24.85,18.26,56.89,7805.79,14013.42,0.26,1507.35,2408.48,0.0,12,27,0,0.0,0,11181.46,7726.07,278.37,8.6,0,1,0,ddos,onset,354.14,565.86
2026-01-28 14:55:45.112997,16.22,10.14,73.64,8378.3,14158.36,0.26,1506.77,2409.05,0.0,12,27,0,0.0,0,6186.6,6138.29,243.26,36.35,0,1,0,ddos,onset,354.01,565.99
2026-01-28 14:55:46.140135,29.45,17.71,52.84,9302.28,14913.33,0.24,1501.54,2414.29,0.0,12,27,0,0.0,0,14459.67,5406.9,340.57,46.93,0,1,0,ddos,onset,352.78,567.22
2026-01-28 14:55:47.167873,18.71,23.23,58.06,7045.92,8612.67,0.24,1507.26,2408.56,0.0,12,27,0,0.0,0,9400.77,6906.51,225.71,38.52,0,1,0,ddos,onset,354.12,565.88
2026-01-28 14:55:48.196872,19.34,23.01,57.65,7522.74,9213.12,0.24,1503.25,2412.58,0.0,12,27,0,0.0,0,6014.62,13014.9,351.53,39.44,0,1,0,ddos,onset,353.18,566.82
2026-01-28 14:55:49.221544,24.57,10.26,65.17,6879.86,8423.92,0.24,1503.25,2412.58,0.0,12,27,0,0.0,0,8277.35,13726.01,320.62,11.28,0,1,0,ddos,onset,353.18,566.82
2026-01-28 14:55:50.250018,21.52,17.2,61.28,3583.17,11306.14,0.24,1503.25,2412.58,0.0,12,27,0,0.0,0,10975.89,12650.88,257.76,41.14,0,1,0,ddos,onset,353.18,566.82
2026-01-28 14:55:51.281057,26.04,23.7,50.26,9219.67,9663.58,0.3,1505.46,2410.36,0.0,12,27,0,0.0,0,14195.73,8622.31,294.8,10.03,0,1,0,ddos,onset,353.7,566.3
2026-01-28 14:55:52.311002,16.8,14.08,69.12,5803.67,13839.64,0.3,1509.45,2406.37,0.0,12,27,0,0.0,0,13676.68,8853.62,370.15,40.01,0,1,0,ddos,onset,354.64,565.36
2026-01-28 14:55:53.342405,26.2,21.69,52.11,3071.27,8322.49,0.3,1509.45,2406.37,0.0,12,27,0,0.0,0,7340.18,5064.9,352.35,22.74,0,1,0,ddos,onset,354.64,565.36
2026-01-28 14:55:54.364901,16.88,24.81,58.31,8760.24,8747.29,0.3,1509.45,2406.37,0.0,12,27,0,0.0,0,6522.65,10945.87,230.25,42.41,0,1,0,ddos,onset,354.64,565.36
2026-01-28 14:55:55.436398,16.35,22.86,60.79,8975.72,5812.7,0.3,1509.45,2406.37,0.0,12,27,0,0.0,0,11599.05,14949.31,291.6,36.27,0,1,0,ddos,onset,354.64,565.36
2026-01-28 14:55:56.482815,23.02,24.0,52.98,4052.36,12515.56,0.28,1513.45,2402.37,0.0,12,27,0,0.0,0,5989.14,9434.47,325.85,15.52,0,1,0,ddos,onset,355.58,564.42
2026-01-28 14:55:57.506365,16.09,22.02,61.89,9310.68,10342.25,0.28,1513.65,2402.17,0.0,12,27,0,0.0,0,13970.55,12327.02,386.64,45.93,0,1,0,ddos,onset,355.62,564.38
2026-01-28 14:55:58.536523,23.55,10.76,65.69,9176.47,6341.79,0.28,1507.54,2408.29,0.0,12,27,0,0.0,0,12737.12,5573.61,331.77,12.22,0,1,0,ddos,onset,354.19,565.81
2026-01-28 14:55:59.561106,15.98,20.83,63.19,4412.58,11373.64,0.28,1505.85,2409.98,0.0,12,27,0,0.0,0,10782.21,9897.81,334.46,38.27,0,1,0,ddos,onset,353.79,566.21
2026-01-28 14:56:00.589576,21.83,18.13,60.04,5696.5,10244.29,0.28,1507.57,2408.25,0.0,12,27,0,0.0,0,11766.93,14186.71,156.11,30.38,0,1,0,ddos,onset,354.2,565.8
2026-01-28 14:56:01.612257,18.98,11.62,69.4,3693.79,6802.91,0.25,1506.18,2409.64,0.0,12,27,0,0.0,0,7768.26,6908.86,196.27,37.21,0,1,0,ddos,onset,353.87,566.13
2026-01-28 14:56:02.639314,20.03,13.83,66.14,6075.69,6528.84,0.25,1509.17,2406.65,0.0,12,27,0,0.0,0,13171.19,13624.33,305.81,30.54,0,1,0,ddos,onset,354.57,565.43
2026-01-28 14:56:03.671036,26.9,15.3,57.8,8992.71,13872.33,0.25,1522.09,2393.73,0.0,12,27,0,0.0,0,14271.16,13928.56,268.47,43.39,0,1,0,ddos,onset,357.61,562.39
2026-01-28 14:56:04.702809,19.58,15.51,64.91,7072.25,9852.29,0.25,1522.09,2393.73,0.0,12,27,0,0.0,0,12402.42,7807.87,332.84,11.03,0,1,0,ddos,onset,357.61,562.39
2026-01-28 14:56:05.726455,24.32,22.39,53.29,9275.71,11365.42,0.25,1514.66,2401.17,0.0,12,27,0,0.0,0,8312.19,8911.17,311.82,22.02,0,1,0,ddos,onset,355.86,564.14
2026-01-28 14:56:06.755646,28.29,24.41,47.3,3301.43,5130.12,0.23,1506.46,2409.36,0.0,12,27,0,0.0,0,11367.11,9145.92,223.35,14.02,0,1,0,ddos,onset,353.93,566.07
2026-01-28 14:56:07.778412,27.93,17.47,54.6,3479.7,14693.9,0.23,1516.55,2399.27,0.0,12,27,0,0.0,0,6591.61,5725.66,320.28,8.67,0,1,0,ddos,onset,356.3,563.7
2026-01-28 14:56:08.810707,28.2,21.41,50.39,8923.53,13699.48,0.23,1503.63,2412.19,0.0,12,27,0,0.0,0,13611.51,14034.36,348.06,44.14,0,1,0,ddos,onset,353.27,566.73
2026-01-28 14:56:09.841891,20.9,15.18,63.92,4236.41,12277.7,0.23,1517.29,2398.53,0.0,12,27,0,0.0,0,12312.26,5900.1,327.15,46.12,0,1,0,ddos,onset,356.48,563.52
2026-01-28 14:56:10.872704,17.8,22.69,59.51,3152.05,10429.12,0.23,1517.29,2398.53,0.0,12,27,0,0.0,0,5272.91,11261.77,311.48,14.49,0,1,0,ddos,onset,356.48,563.52
2026-01-28 14:56:11.903711,26.62,15.23,58.15,4679.06,10024.77,0.21,1520.2,2395.63,0.0,12,27,0,0.0,0,14375.97,13309.95,157.46,47.79,0,1,0,ddos,onset,357.16,562.84
2026-01-28 14:56:12.937338,34.85,34.47,30.68,20298.3,17559.76,0.21,1507.16,2408.66,0.0,12,27,0,0.0,0,12652.71,10800.36,897.48,63.36,0,1,0,ddos,sustained,354.1,565.9
2026-01-28 14:56:13.964688,31.13,37.82,31.05,9528.09,24707.29,0.21,1511.36,2404.46,0.0,12,27,0,0.0,0,13267.1,19791.65,778.59,33.93,0,1,0,ddos,sustained,355.09,564.91
2026-01-28 14:56:14.983822,24.21,36.26,39.53,11027.49,16629.75,0.21,1515.74,2400.09,0.0,12,27,0,0.0,0,14343.77,13258.66,683.17,40.76,0,1,0,ddos,sustained,356.11,563.89
2026-01-28 14:56:16.012064,22.86,22.49,54.65,16766.24,26143.8,0.21,1509.74,2406.09,0.0,12,27,0,0.0,0,17394.28,11096.23,508.51,27.16,0,1,0,ddos,sustained,354.7,565.3
2026-01-28 14:56:17.043444,26.59,30.14,43.27,21025.01,27512.68,0.2,1509.74,2406.09,0.0,12,27,0,0.0,0,11022.22,19482.88,855.27,26.53,0,1,0,ddos,sustained,354.7,565.3
2026-01-28 14:56:18.072882,23.34,20.42,56.24,14505.4,20802.72,0.2,1502.62,2413.2,0.0,12,27,0,0.0,0,12040.62,11145.76,354.51,43.16,0,1,0,ddos,sustained,353.03,566.97
2026-01-28 14:56:19.100318,30.48,26.87,42.65,5876.63,21162.65,0.2,1506.62,2409.2,0.0,12,27,0,0.0,0,18360.92,12729.69,892.55,113.35,0,1,0,ddos,sustained,353.97,566.03
2026-01-28 14:56:20.126530,32.37,37.33,30.3,5014.85,15867.53,0.2,1506.96,2408.86,0.0,12,27,0,0.0,0,13021.45,18567.22,627.21,31.75,0,1,0,ddos,sustained,354.05,565.95
2026-01-28 14:56:21.147932,29.04,31.88,39.08,24540.96,25430.25,0.18,1506.96,2408.86,0.0,12,27,0,0.0,0,16629.18,12483.28,439.02,58.16,0,1,0,ddos,sustained,354.05,565.95
2026-01-28 14:56:22.174685,28.46,25.03,46.51,9268.75,18844.61,0.18,1516.44,2399.39,0.0,12,27,0,0.0,0,19463.55,18762.28,352.96,20.05,0,1,0,ddos,sustained,356.28,563.72
2026-01-28 14:56:23.200717,24.49,27.66,47.85,7845.65,16135.24,0.18,1508.83,2406.99,0.0,12,27,0,0.0,0,13129.82,12664.16,872.75,114.12,0,1,0,ddos,sustained,354.49,565.51
2026-01-28 14:56:24.241618,31.07,25.26,43.67,16741.84,24567.97,0.18,1512.96,2402.87,0.0,12,27,0,0.0,0,12069.29,12157.49,555.64,55.11,0,1,0,ddos,sustained,355.46,564.54
2026-01-28 14:56:25.277292,23.68,27.46,48.86,23432.16,29995.29,0.18,1507.82,2408.0,0.0,12,27,0,0.0,0,15959.09,15210.28,595.83,115.21,0,1,0,ddos,sustained,354.25,565.75
2026-01-28 14:56:26.309950,22.21,39.62,38.17,12316.17,26422.93,0.25,1507.82,2408.0,0.0,12,27,0,0.0,0,17014.81,13540.84,463.6,81.35,0,1,0,ddos,sustained,354.25,565.75
2026-01-28 14:56:27.537725,31.2,38.82,29.98,6627.53,22951.56,0.25,1507.82,2408.0,0.0,12,27,0,0.0,0,13377.43,17430.84,415.3,88.8,0,1,0,ddos,sustained,354.25,565.75
2026-01-28 14:56:28.569235,33.28,30.3,36.42,14560.05,21615.73,0.25,1506.27,2409.55,0.0,12,27,0,0.0,0,10598.12,19609.85,554.54,33.84,0,1,0,ddos,sustained,353.89,566.11
2026-01-28 14:56:29.612975,21.45,36.13,42.42,23587.8,28122.04,0.25,1508.09,2407.73,0.0,12,27,0,0.0,0,10393.45,13469.04,629.76,110.74,0,1,0,ddos,sustained,354.32,565.68
2026-01-28 14:56:30.787712,32.58,30.95,36.47,9596.37,12821.34,0.25,1505.07,2410.75,0.0,12,27,0,0.0,0,13864.23,12153.41,356.03,80.41,0,1,0,ddos,sustained,353.61,566.39
2026-01-28 14:56:31.812050,23.99,25.76,50.25,19672.98,19726.24,0.23,1509.8,2406.03,0.0,12,27,0,0.0,0,13320.1,18633.7,832.0,78.66,0,1,0,ddos,sustained,354.72,565.28
2026-01-28 14:56:32.838321,26.13,36.8,37.07,22553.94,22636.26,0.23,1515.84,2399.98,0.0,12,27,0,0.0,0,11564.79,19028.46,588.37,58.74,0,1,0,ddos,sustained,356.14,563.86
2026-01-28 14:56:33.869743,30.75,26.64,42.61,21370.85,18545.82,0.23,1509.98,2405.84,0.0,12,27,0,0.0,0,15601.94,10339.72,326.89,71.52,0,1,0,ddos,sustained,354.76,565.24
2026-01-28 14:56:34.904351,32.52,30.85,36.63,23307.81,13504.69,0.23,1512.54,2403.28,0.0,12,25,0,0.0,0,16520.07,12564.75,492.31,88.35,0,1,0,ddos,sustained,355.36,564.64
2026-01-28 14:56:35.922333,25.43,28.42,46.15,24876.35,11576.56,0.23,1512.54,2403.28,0.0,12,27,0,0.0,0,17673.41,18923.65,766.37,56.78,0,1,0,ddos,sustained,355.36,564.64
2026-01-28 14:56:36.956650,33.48,28.41,38.11,10709.02,28745.53,0.29,1506.16,2409.67,0.0,12,27,0,0.0,0,14185.94,17733.36,407.67,75.76,0,1,0,ddos,sustained,353.86,566.14
2026-01-28 14:56:37.982759,34.15,36.41,29.44,20079.93,10052.21,0.29,1514.89,2400.93,0.0,12,27,0,0.0,0,11128.5,19796.39,667.74,76.72,0,1,0,ddos,sustained,355.91,564.09
2026-01-28 14:56:39.013273,29.66,23.18,47.16,18834.2,18221.41,0.29,1512.61,2403.21,0.0,12,27,0,0.0,0,12050.63,16907.24,398.12,23.1,0,1,0,ddos,sustained,355.38,564.62
2026-01-28 14:56:40.040834,24.76,28.04,47.2,6624.31,27443.99,0.29,1513.86,2401.96,0.0,12,27,0,0.0,0,15682.22,12125.54,463.16,62.85,0,1,0,ddos,sustained,355.67,564.33
2026-01-28 14:56:41.068495,27.87,32.22,39.91,14703.46,12550.28,0.26,1515.73,2400.1,0.0,12,27,0,0.0,0,14075.49,15871.69,373.29,61.25,0,1,0,ddos,sustained,356.11,563.89
2026-01-28 14:56:42.093933,26.39,26.44,47.17,23848.44,12763.79,0.26,1515.21,2400.61,0.0,12,27,0,0.0,0,11834.14,13176.86,434.78,34.9,0,1,0,ddos,sustained,355.99,564.01
2026-01-28 14:56:43.112493,29.44,30.9,39.66,21195.59,28899.84,0.26,1509.32,2406.5,0.0,12,27,0,0.0,0,16972.15,16865.62,380.81,80.14,0,1,0,ddos,sustained,354.61,565.39
2026-01-28 14:56:44.142200,25.53,22.47,52.0,10688.08,23531.0,0.26,1521.41,2394.42,0.0,12,27,0,0.0,0,18577.47,16455.96,610.76,39.74,0,1,0,ddos,sustained,357.45,562.55
2026-01-28 14:56:45.178584,25.12,34.13,40.75,13726.75,11436.49,0.26,1513.7,2402.12,0.0,12,27,0,0.0,0,18213.0,19476.22,416.84,48.16,0,1,0,ddos,sustained,355.64,564.36
2026-01-28 14:56:46.209932,33.41,35.12,31.47,14282.67,26367.48,0.32,1517.67,2398.16,0.0,12,27,0,0.0,0,10582.32,11433.51,340.08,115.17,0,1,0,ddos,sustained,356.57,563.43
2026-01-28 14:56:47.236430,31.8,30.08,38.12,20023.35,29405.35,0.32,1515.11,2400.71,0.0,12,27,0,0.0,0,10250.79,18165.73,379.09,74.63,0,1,0,ddos,sustained,355.97,564.03
2026-01-28 14:56:48.263867,31.32,35.29,33.39,19754.98,24306.76,0.32,1517.11,2398.71,0.0,12,27,0,0.0,0,19783.65,16722.68,509.43,87.53,0,1,0,ddos,sustained,356.44,563.56
2026-01-28 14:56:49.293141,33.36,26.44,40.2,18482.96,24432.26,0.32,1517.51,2398.31,0.0,12,27,0,0.0,0,19843.49,19875.82,372.92,56.04,0,1,0,ddos,sustained,356.53,563.47
2026-01-28 14:56:50.312269,25.2,36.53,38.27,9947.42,10474.63,0.32,1521.51,2394.32,0.0,12,27,0,0.0,0,12498.63,12544.46,502.96,100.05,0,1,0,ddos,sustained,357.47,562.53
2026-01-28 14:56:51.339684,28.0,22.56,49.44,20473.24,10936.32,0.3,1517.75,2398.07,0.0,12,27,0,0.0,0,17000.78,14133.68,800.98,38.96,0,1,0,ddos,sustained,356.59,563.41
2026-01-28 14:56:52.369106,24.25,32.37,43.38,10405.96,11527.78,0.3,1509.04,2406.79,0.0,12,27,0,0.0,0,10538.97,11256.14,327.01,77.09,0,1,0,ddos,sustained,354.54,565.46
2026-01-28 14:56:53.393686,24.26,21.19,54.55,14862.42,28963.78,0.3,1505.07,2410.76,0.0,12,27,0,0.0,0,16337.53,12937.76,456.08,36.79,0,1,0,ddos,sustained,353.61,566.39
2026-01-28 14:56:54.413792,31.04,27.4,41.56,6316.67,27981.11,0.3,1509.06,2406.77,0.0,12,27,0,0.0,0,11074.17,11269.13,502.42,44.21,0,1,0,ddos,sustained,354.54,565.46
2026-01-28 14:56:55.444600,34.18,24.03,41.79,8604.52,14133.45,0.3,1509.06,2406.77,0.0,12,27,0,0.0,0,12454.8,18782.29,485.97,58.68,0,1,0,ddos,sustained,354.54,565.46
2026-01-28 14:56:56.472271,25.03,31.63,43.34,19527.01,10526.75,0.35,1508.52,2407.3,0.0,12,27,0,0.0,0,13644.21,17365.61,518.85,82.09,0,1,0,ddos,sustained,354.42,565.58
2026-01-28 14:56:57.498539,22.46,28.09,49.45,11575.26,28603.86,0.35,1518.18,2397.64,0.0,12,27,0,0.0,0,17345.97,14817.87,788.49,80.31,0,1,0,ddos,sustained,356.69,563.31
2026-01-28 14:56:58.526706,32.01,33.96,34.03,20297.65,18546.21,0.35,1515.64,2400.18,0.0,12,25,0,0.0,0,12905.42,18547.27,362.44,48.24,0,1,0,ddos,sustained,356.09,563.91
2026-01-28 14:56:59.556179,29.25,20.55,50.2,18367.73,10711.46,0.35,1516.24,2399.59,0.0,12,27,0,0.0,0,10993.81,11152.99,420.56,111.25,0,1,0,ddos,sustained,356.23,563.77
2026-01-28 14:57:00.579856,28.88,32.15,38.97,20127.85,19352.84,0.35,1514.97,2400.86,0.0,12,27,0,0.0,0,11063.03,11333.83,511.05,21.34,0,1,0,ddos,sustained,355.93,564.07
2026-01-28 14:57:01.606610,23.64,38.34,38.02,15695.27,11132.82,0.33,1512.57,2403.25,0.0,12,27,0,0.0,0,14010.38,10207.6,837.54,99.96,0,1,0,ddos,sustained,355.37,564.63
2026-01-28 14:57:02.623104,34.77,35.28,29.95,18997.23,26694.75,0.33,1507.88,2407.95,0.0,12,27,0,0.0,0,16837.8,15305.48,419.11,104.69,0,1,0,ddos,sustained,354.27,565.73
2026-01-28 14:57:03.640293,23.47,36.16,40.37,21194.1,23982.4,0.33,1506.11,2409.71,0.0,12,27,0,0.0,0,16955.99,10493.49,594.68,30.55,0,1,0,ddos,sustained,353.85,566.15
2026-01-28 14:57:04.659943,20.19,20.09,59.72,12885.95,23802.72,0.33,1507.54,2408.29,0.0,12,27,0,0.0,0,16294.03,13516.92,745.47,25.1,0,1,0,ddos,sustained,354.19,565.81
2026-01-28 14:57:05.690573,32.17,35.63,32.2,24900.67,20225.52,0.33,1514.84,2400.98,0.0,12,27,0,0.0,0,10632.71,19797.91,439.57,51.47,0,1,0,ddos,sustained,355.9,564.1
2026-01-28 14:57:06.712888,32.65,23.15,44.2,19841.83,18859.54,0.3,1508.52,2407.31,0.0,12,27,0,0.0,0,13979.1,12719.73,615.81,60.25,0,1,0,ddos,sustained,354.42,565.58
2026-01-28 14:57:07.740917,25.4,36.64,37.96,12714.55,21444.47,0.3,1506.91,2408.92,0.0,12,27,0,0.0,0,12338.34,19717.11,614.52,82.69,0,1,0,ddos,sustained,354.04,565.96
2026-01-28 14:57:08.768774,33.25,30.21,36.54,22286.13,12659.59,0.3,1510.6,2405.23,0.0,12,27,0,0.0,0,12827.19,19872.03,475.3,80.73,0,1,0,ddos,sustained,354.91,565.09
2026-01-28 14:57:09.797771,33.91,24.88,41.21,18000.79,25449.52,0.3,1518.25,2397.58,0.0,12,27,0,0.0,0,17772.88,13949.91,331.12,117.14,0,1,0,ddos,sustained,356.7,563.3
2026-01-28 14:57:10.857695,26.56,25.56,47.88,23931.04,25233.54,0.3,1518.34,2397.49,0.0,12,27,0,0.0,0,11418.24,11851.27,726.58,106.83,0,1,0,ddos,sustained,356.72,563.28
2026-01-28 14:57:11.920827,24.45,28.39,47.16,20181.79,11223.86,0.35,1511.79,2404.03,0.0,12,27,0,0.0,0,17083.44,12668.52,820.56,35.74,0,1,0,ddos,sustained,355.19,564.81
2026-01-28 14:57:13.190288,23.97,24.58,51.45,21333.25,26691.62,0.35,1501.09,2414.73,0.0,12,27,0,0.0,0,14315.51,11850.53,460.84,111.21,0,1,0,ddos,sustained,352.67,567.33
2026-01-28 14:57:14.423824,33.75,33.46,32.79,18220.94,18473.86,0.35,1501.83,2414.0,0.0,12,27,0,0.0,0,12772.8,15718.35,317.16,36.56,0,1,0,ddos,sustained,352.85,567.15
2026-01-28 14:57:15.493193,30.43,35.05,34.52,21417.77,15567.19,0.35,1499.8,2416.03,0.0,12,25,0,0.0,0,19889.53,14549.07,321.27,42.86,0,1,0,ddos,sustained,352.37,567.63
2026-01-28 14:57:16.521768,31.69,33.02,35.29,16448.7,25781.95,0.33,1504.04,2411.78,0.0,12,27,0,0.0,0,11622.92,19620.96,691.54,107.2,0,1,0,ddos,sustained,353.37,566.63
2026-01-28 14:57:17.628689,26.23,26.53,47.24,11526.94,21383.9,0.33,1508.04,2407.79,0.0,12,27,0,0.0,0,18478.97,11021.39,431.55,78.75,0,1,0,ddos,sustained,354.3,565.7
2026-01-28 14:57:18.878188,22.93,22.95,54.12,10562.33,22085.13,0.33,1508.47,2407.36,0.0,12,27,0,0.0,0,10695.97,18289.1,660.65,96.03,0,1,0,ddos,sustained,354.41,565.59
2026-01-28 14:57:20.117739,21.67,37.15,41.18,12884.4,11400.04,0.33,1508.47,2407.36,0.0,12,27,0,0.0,0,12066.54,16253.07,623.1,72.5,0,1,0,ddos,sustained,354.41,565.59
2026-01-28 14:57:21.281754,33.88,29.04,37.08,15097.95,25848.38,0.3,1514.7,2401.13,0.0,12,27,0,0.0,0,13542.94,15386.08,519.48,29.15,0,1,0,ddos,sustained,355.87,564.13
2026-01-28 14:57:22.317866,24.9,26.85,48.25,23179.14,18824.02,0.3,1516.42,2399.41,0.0,12,27,0,0.0,0,11669.2,13049.0,375.88,74.85,0,1,0,ddos,sustained,356.27,563.73
2026-01-28 14:57:23.394653,32.18,21.69,46.13,22645.32,23601.32,0.3,1513.55,2402.28,0.0,12,27,0,0.0,0,16930.28,19352.67,593.22,67.18,0,1,0,ddos,sustained,355.6,564.4
2026-01-28 14:57:24.487811,25.21,36.49,38.3,9021.69,28057.49,0.3,1513.41,2402.42,0.0,12,27,0,0.0,0,10615.2,19992.48,600.42,113.54,0,1,0,ddos,sustained,355.57,564.43
2026-01-28 14:57:25.512279,20.83,33.06,46.11,9010.7,21888.39,0.3,1513.09,2402.73,0.0,12,27,0,0.0,0,13470.13,17701.03,425.69,44.37,0,1,0,ddos,sustained,355.49,564.51
2026-01-28 14:57:26.535814,30.13,32.52,37.35,12880.15,15438.54,0.28,1504.1,2411.73,0.0,12,27,0,0.0,0,17828.95,19544.94,693.53,113.66,0,1,0,ddos,sustained,353.38,566.62
2026-01-28 14:57:27.562130,24.3,25.02,50.68,20369.21,24384.64,0.28,1506.07,2409.76,0.0,12,27,0,0.0,0,11656.94,16753.45,486.85,43.58,0,1,0,ddos,sustained,353.84,566.16
2026-01-28 14:57:28.591216,32.78,26.59,40.63,8941.71,22751.9,0.28,1507.99,2407.83,0.0,12,27,0,0.0,0,16777.4,18616.91,420.83,109.68,0,1,0,ddos,sustained,354.29,565.71
2026-01-28 14:57:29.620236,30.52,32.22,37.26,23464.52,27852.32,0.28,1511.88,2403.95,0.0,12,27,0,0.0,0,15475.91,11744.38,839.13,111.47,0,1,0,ddos,sustained,355.21,564.79
2026-01-28 14:57:30.645309,31.75,25.2,43.05,22439.31,20230.69,0.28,1511.88,2403.95,0.0,12,27,0,0.0,0,18681.25,16191.36,445.15,99.36,0,1,0,ddos,sustained,355.21,564.79
2026-01-28 14:57:31.670738,20.89,31.85,47.26,16356.86,22875.16,0.25,1511.86,2403.96,0.0,12,27,0,0.0,0,16328.76,11137.41,619.61,70.32,0,1,0,ddos,sustained,355.2,564.8
2026-01-28 14:57:32.698767,24.26,27.53,48.21,17193.81,22490.2,0.25,1514.46,2401.36,0.0,12,27,0,0.0,0,16883.38,11897.11,837.61,104.08,0,1,0,ddos,sustained,355.81,564.19
2026-01-28 14:57:33.728766,32.16,32.9,34.94,14957.77,29337.78,0.25,1514.66,2401.16,0.0,12,27,0,0.0,0,17203.0,17374.68,676.56,106.81,0,1,0,ddos,sustained,355.86,564.14
2026-01-28 14:57:34.757111,33.43,32.1,34.47,15168.09,15597.85,0.25,1511.05,2404.77,0.0,12,27,0,0.0,0,10657.52,11746.61,561.43,60.33,0,1,0,ddos,sustained,355.01,564.99
2026-01-28 14:57:35.785445,22.3,26.91,50.79,12621.39,14552.46,0.25,1517.63,2398.2,0.0,12,27,0,0.0,0,11358.45,11513.74,555.88,118.6,0,1,0,ddos,sustained,356.56,563.44
2026-01-28 14:57:36.815477,31.92,29.22,38.86,23407.36,13106.85,0.23,1514.42,2401.4,0.0,12,27,0,0.0,0,17960.12,14082.51,757.21,68.18,0,1,0,ddos,sustained,355.8,564.2
2026-01-28 14:57:37.834274,20.32,30.1,49.58,11572.45,18980.54,0.23,1514.43,2401.4,0.0,12,27,0,0.0,0,10252.03,16826.76,414.15,46.31,0,1,0,ddos,sustained,355.81,564.19
2026-01-28 14:57:38.860467,28.8,39.98,31.22,14452.95,29179.54,0.23,1515.1,2400.72,0.0,12,27,0,0.0,0,17062.5,16411.48,668.83,40.8,0,1,0,ddos,sustained,355.96,564.04
2026-01-28 14:57:39.893305,21.85,32.87,45.28,24976.15,23490.93,0.23,1519.1,2396.72,0.0,12,27,0,0.0,0,11479.3,10215.32,437.72,67.12,0,1,0,ddos,sustained,356.9,563.1
2026-01-28 14:57:40.920808,24.42,23.15,52.43,22471.38,17095.23,0.23,1514.86,2400.96,0.0,12,27,0,0.0,0,12482.37,14474.57,341.43,31.6,0,1,0,ddos,sustained,355.91,564.09
2026-01-28 14:57:41.956955,34.74,34.39,30.87,24613.94,28987.56,0.21,1506.89,2408.93,0.0,12,27,0,0.0,0,19429.59,19741.45,827.58,84.35,0,1,0,ddos,sustained,354.04,565.96
2026-01-28 14:57:42.981696,34.24,33.22,32.54,5724.91,19299.61,0.21,1500.92,2414.9,0.0,12,27,1,10.8,250,13662.22,13069.91,818.88,101.37,0,1,0,ddos,sustained,352.63,567.37
2026-01-28 14:57:44.003561,26.25,20.7,53.05,10720.77,10318.39,0.21,1506.84,2408.99,0.0,12,27,0,0.0,0,18593.41,10866.14,458.79,35.61,0,1,0,ddos,sustained,354.02,565.98
2026-01-28 14:57:45.033640,28.5,35.78,35.72,16587.38,12351.55,0.21,1519.27,2396.56,0.0,12,27,0,0.0,0,13706.3,15643.18,605.84,103.67,0,1,0,ddos,sustained,356.94,563.06
2026-01-28 14:57:46.061867,20.42,39.21,40.37,20778.92,12804.07,0.21,1509.15,2406.67,0.0,12,27,0,0.0,0,14992.95,19811.24,666.89,109.61,0,1,0,ddos,sustained,354.57,565.43
2026-01-28 14:57:47.088456,31.66,24.47,43.87,5331.45,10725.89,0.28,1515.9,2399.93,0.0,12,27,0,0.0,0,16594.91,18977.87,767.98,78.45,0,1,0,ddos,sustained,356.15,563.85
2026-01-28 14:57:48.116807,31.86,36.81,31.33,9442.04,12712.69,0.28,1515.9,2399.93,0.0,12,27,0,0.0,0,10610.73,15586.92,318.48,56.42,0,1,0,ddos,sustained,356.15,563.85
2026-01-28 14:57:49.146661,28.44,28.6,42.96,14965.56,26738.63,0.28,1511.04,2404.78,0.0,12,27,0,0.0,0,15782.77,13628.04,571.48,29.26,0,1,0,ddos,sustained,355.01,564.99
2026-01-28 14:57:50.172125,25.39,39.82,34.79,21250.43,26470.04,0.28,1510.89,2404.93,0.0,12,27,0,0.0,0,12297.03,18411.74,368.27,75.31,0,1,0,ddos,sustained,354.98,565.02
2026-01-28 14:57:51.201814,22.43,21.13,56.44,14224.84,17089.71,0.33,1517.38,2398.45,0.0,12,27,0,0.0,0,13324.57,16840.17,517.65,31.57,0,1,0,ddos,sustained,356.5,563.5
2026-01-28 14:57:52.226956,29.9,27.48,42.62,22368.8,25803.16,0.33,1506.6,2409.22,0.0,12,27,0,0.0,0,12618.37,13501.47,355.71,33.68,0,1,0,ddos,sustained,353.97,566.03
2026-01-28 14:57:53.251758,33.79,34.13,32.08,9423.78,26171.32,0.33,1510.66,2405.16,0.0,12,27,0,0.0,0,14852.53,15171.4,527.35,27.84,0,1,0,ddos,sustained,354.92,565.08
2026-01-28 14:57:54.281743,25.29,33.57,41.14,12090.46,20976.3,0.33,1508.45,2407.38,0.0,12,27,0,0.0,0,11111.04,10812.06,419.05,29.01,0,1,0,ddos,sustained,354.4,565.6
2026-01-28 14:57:55.311618,22.37,35.83,41.8,12733.07,27387.15,0.33,1508.44,2407.38,0.0,12,27,0,0.0,0,16514.32,16577.52,670.42,107.63,0,1,0,ddos,sustained,354.4,565.6
2026-01-28 14:57:56.340043,29.79,34.11,36.1,6752.39,17531.15,0.31,1508.44,2407.38,0.0,12,27,0,0.0,0,11594.38,15485.11,518.62,86.37,0,1,0,ddos,sustained,354.4,565.6
2026-01-28 14:57:57.378766,21.07,21.76,57.17,5927.33,26994.44,0.31,1502.96,2412.86,0.0,12,27,0,0.0,0,12143.39,16453.2,674.45,36.1,0,1,0,ddos,sustained,353.11,566.89
2026-01-28 14:57:58.406511,29.12,35.46,35.42,8986.48,23457.33,0.31,1502.96,2412.86,0.0,12,27,0,0.0,0,15232.19,18808.32,441.96,71.62,0,1,0,ddos,sustained,353.11,566.89
2026-01-28 14:57:59.425449,21.79,20.6,57.61,16509.57,13983.12,0.31,1500.07,2415.75,0.0,12,27,0,0.0,0,19579.55,15340.91,847.59,106.49,0,1,0,ddos,sustained,352.43,567.57
2026-01-28 14:58:00.452267,28.91,38.09,33.0,15737.59,29560.86,0.31,1500.02,2415.8,0.0,12,25,0,0.0,0,19398.6,13123.49,445.6,54.45,0,1,0,ddos,sustained,352.42,567.58
2026-01-28 14:58:01.482490,23.36,25.4,51.24,21464.08,20811.6,0.28,1506.23,2409.59,0.0,12,27,0,0.0,0,18160.69,15020.68,531.14,79.35,0,1,0,ddos,sustained,353.88,566.12
2026-01-28 14:58:02.510093,32.43,33.51,34.06,7400.44,28276.65,0.28,1503.65,2412.17,0.0,12,27,0,0.0,0,19803.97,16318.54,601.43,107.61,0,1,0,ddos,sustained,353.27,566.73
2026-01-28 14:58:03.537371,30.82,34.23,34.95,11164.34,10870.59,0.28,1500.17,2415.66,0.0,12,27,0,0.0,0,14202.74,18407.59,653.9,77.48,0,1,0,ddos,sustained,352.46,567.54
2026-01-28 14:58:04.558025,33.27,36.72,30.01,22439.34,21192.41,0.28,1509.16,2406.66,0.0,12,27,0,0.0,0,16896.69,18962.53,784.01,42.21,0,1,0,ddos,sustained,354.57,565.43
2026-01-28 14:58:05.586055,25.05,21.31,53.64,14694.49,20936.83,0.28,1514.78,2401.04,0.0,12,27,0,0.0,0,16067.88,19484.63,787.75,59.04,0,1,0,ddos,sustained,355.89,564.11
2026-01-28 14:58:06.619548,21.09,21.13,57.78,13881.66,23514.86,0.26,1514.91,2400.91,0.0,12,27,0,0.0,0,12289.77,19995.7,479.32,87.67,0,1,0,ddos,sustained,355.92,564.08
2026-01-28 14:58:07.640955,22.01,37.11,40.88,15426.63,21057.46,0.26,1510.75,2405.08,0.0,12,27,0,0.0,0,18423.16,14173.38,636.02,101.45,0,1,0,ddos,sustained,354.94,565.06
2026-01-28 14:58:08.675933,22.88,30.26,46.86,21589.87,24824.16,0.26,1519.64,2396.18,0.0,12,27,0,0.0,0,16127.57,15475.8,623.83,109.33,0,1,0,ddos,sustained,357.03,562.97
2026-01-28 14:58:09.703795,28.12,35.91,35.97,5918.22,11477.86,0.26,1515.12,2400.7,0.0,12,27,0,0.0,0,13834.96,16006.7,610.45,103.8,0,1,0,ddos,sustained,355.97,564.03
2026-01-28 14:58:10.778424,31.29,26.69,42.02,9619.87,19516.98,0.26,1515.12,2400.7,0.0,12,27,0,0.0,0,15716.87,10155.02,609.69,111.45,0,1,0,ddos,sustained,355.97,564.03
2026-01-28 14:58:12.013086,33.68,25.18,41.14,16431.94,12697.92,0.24,1519.12,2396.7,0.0,12,25,0,0.0,0,19370.64,18378.48,876.65,98.54,0,1,0,ddos,sustained,356.91,563.09
2026-01-28 14:58:13.215779,26.66,22.57,50.77,21031.69,14531.52,0.24,1515.12,2400.7,0.0,12,27,0,0.0,0,15699.31,10955.74,424.03,25.11,0,1,0,ddos,sustained,355.97,564.03
2026-01-28 14:58:14.283764,29.38,21.41,49.21,11125.23,19906.47,0.24,1507.38,2408.45,0.0,12,27,0,0.0,0,12814.45,10616.91,633.29,21.7,0,1,0,ddos,sustained,354.15,565.85
2026-01-28 14:58:15.583073,31.61,35.28,33.11,7296.82,13966.97,0.24,1512.89,2402.93,0.0,12,27,0,0.0,0,10530.22,19998.96,518.69,91.28,0,1,0,ddos,sustained,355.45,564.55
2026-01-28 14:58:16.709893,30.69,20.48,48.83,9594.17,27147.4,0.22,1516.89,2398.93,0.0,12,27,0,0.0,0,18774.99,15077.85,494.37,76.88,0,1,0,ddos,sustained,356.38,563.62
2026-01-28 14:58:17.737481,22.58,29.15,48.27,20084.58,20978.59,0.22,1506.15,2409.68,0.0,12,27,0,0.0,0,12540.39,12559.62,604.45,83.07,0,1,0,ddos,sustained,353.86,566.14
2026-01-28 14:58:18.758700,20.12,24.74,55.14,23600.52,15540.08,0.22,1506.15,2409.68,0.0,12,27,0,0.0,0,14885.99,19612.15,635.72,68.89,0,1,0,ddos,sustained,353.86,566.14
2026-01-28 14:58:19.787589,25.26,26.76,47.98,9814.31,28481.63,0.22,1510.88,2404.95,0.0,12,27,0,0.0,0,19459.29,13499.78,729.08,46.31,0,1,0,ddos,sustained,354.97,565.03
2026-01-28 14:58:20.817398,21.94,22.46,55.6,13207.78,20555.16,0.22,1507.51,2408.32,0.0,12,27,0,0.0,0,12114.5,13938.05,882.67,36.91,0,1,0,ddos,sustained,354.18,565.82
2026-01-28 14:58:21.858716,24.28,29.96,45.76,21309.71,10064.23,0.2,1506.71,2409.12,0.0,12,27,0,0.0,0,19758.29,10208.18,769.49,75.32,0,1,0,ddos,sustained,353.99,566.01
2026-01-28 14:58:22.943587,34.26,27.09,38.65,16580.13,14775.62,0.2,1508.53,2407.3,0.0,12,27,0,0.0,0,10772.19,13474.81,785.66,85.78,0,1,0,ddos,sustained,354.42,565.58
2026-01-28 14:58:23.960228,31.26,29.81,38.93,8520.28,16210.16,0.2,1508.65,2407.18,0.0,12,27,0,0.0,0,17743.49,19769.43,388.52,104.49,0,1,0,ddos,sustained,354.45,565.55
2026-01-28 14:58:24.986841,32.44,30.86,36.7,18882.66,23962.7,0.2,1504.64,2411.18,0.0,12,27,0,0.0,0,17255.8,17017.01,833.73,87.79,0,1,0,ddos,sustained,353.51,566.49
2026-01-28 14:58:26.030687,30.5,23.9,45.6,22865.01,11982.17,0.2,1506.82,2409.0,0.0,12,27,0,0.0,0,12761.94,17786.82,731.45,31.02,0,1,0,ddos,sustained,354.02,565.98
2026-01-28 14:58:27.063821,20.12,33.37,46.51,15915.02,15583.13,0.19,1511.27,2404.55,0.0,12,27,0,0.0,0,13531.53,16961.38,867.75,113.48,0,1,0,ddos,sustained,355.06,564.94
2026-01-28 14:58:28.087599,26.72,29.26,44.02,7300.07,11618.07,0.19,1511.27,2404.55,0.0,12,27,0,0.0,0,11192.43,14118.6,444.73,68.84,0,1,0,ddos,sustained,355.06,564.94
2026-01-28 14:58:29.177097,20.35,31.02,48.63,23418.37,10767.84,0.19,1515.7,2400.12,0.0,12,27,0,0.0,0,16295.42,16291.81,763.49,69.23,0,1,0,ddos,sustained,356.11,563.89
2026-01-28 14:58:30.201393,25.39,21.6,53.01,13026.09,26190.8,0.19,1514.14,2401.69,0.0,12,27,0,0.0,0,14638.1,15708.19,530.64,38.96,0,1,0,ddos,sustained,355.74,564.26
2026-01-28 14:58:31.239835,31.81,36.58,31.61,16451.0,20142.1,0.17,1508.14,2407.69,0.0,12,27,0,0.0,0,11665.26,14667.91,715.3,99.41,0,1,0,ddos,sustained,354.33,565.67
2026-01-28 14:58:32.308944,20.74,39.59,39.67,16275.55,23537.74,0.17,1508.01,2407.81,0.0,12,27,0,0.0,0,13460.12,15541.19,501.75,118.17,0,1,0,ddos,sustained,354.3,565.7
2026-01-28 14:58:33.382721,22.58,28.7,48.72,17195.98,11122.87,0.17,1506.01,2409.81,0.0,12,27,0,0.0,0,13579.01,14797.41,645.08,41.05,0,1,0,ddos,sustained,353.83,566.17
2026-01-28 14:58:34.406982,34.37,28.98,36.65,20712.73,22365.61,0.17,1495.59,2420.24,0.0,12,27,0,0.0,0,19922.61,13882.73,764.5,23.22,0,1,0,ddos,sustained,351.38,568.62
2026-01-28 14:58:35.445301,24.48,35.58,39.94,9239.95,27800.43,0.17,1503.83,2412.0,0.0,12,27,0,0.0,0,11441.76,19785.09,497.39,24.08,0,1,0,ddos,sustained,353.32,566.68
2026-01-28 14:58:36.463106,27.7,32.66,39.64,12513.78,12264.28,0.16,1503.83,2412.0,0.0,12,27,0,0.0,0,17179.62,12750.9,612.84,25.2,0,1,0,ddos,sustained,353.32,566.68
2026-01-28 14:58:37.488585,33.07,29.83,37.1,6299.36,15258.34,0.16,1503.97,2411.85,0.0,12,27,0,0.0,0,13517.63,14249.13,430.16,69.45,0,1,0,ddos,sustained,353.35,566.65
2026-01-28 14:58:38.531873,28.18,20.83,50.99,21759.56,25696.85,0.16,1498.4,2417.43,0.0,12,27,0,0.0,0,17742.06,14029.31,575.42,27.46,0,1,0,ddos,sustained,352.04,567.96
2026-01-28 14:58:39.569902,25.44,22.73,51.83,21955.7,18377.44,0.16,1502.64,2413.18,0.0,12,27,0,0.0,0,16708.07,11968.24,518.5,100.57,0,1,0,ddos,sustained,353.04,566.96
2026-01-28 14:58:40.615618,27.21,31.45,41.34,15709.64,25257.39,0.16,1494.64,2421.18,0.0,12,27,0,0.0,0,17950.66,15194.89,352.56,43.31,0,1,0,ddos,sustained,351.16,568.84
2026-01-28 14:58:41.641362,23.34,31.07,45.59,19959.63,24772.86,0.14,1502.09,2413.73,0.0,12,27,0,0.0,0,10789.0,19908.38,767.66,106.52,0,1,0,ddos,sustained,352.91,567.09
2026-01-28 14:58:42.697143,27.99,34.49,37.52,20415.61,15585.86,0.14,1498.6,2417.22,0.0,12,27,0,0.0,0,15430.84,11195.87,539.05,45.3,0,1,0,ddos,sustained,352.09,567.91
2026-01-28 14:58:43.719211,30.05,39.45,30.5,6453.76,25524.25,0.14,1502.03,2413.8,0.0,12,27,0,0.0,0,11694.14,14831.96,483.76,20.86,0,1,0,ddos,sustained,352.89,567.11
2026-01-28 14:58:44.735723,31.79,37.28,30.93,20618.27,18258.4,0.14,1504.8,2411.03,0.0,12,27,0,0.0,0,10852.77,15744.41,715.65,28.41,0,1,0,ddos,sustained,353.54,566.46
2026-01-28 14:58:45.762560,22.85,34.4,42.75,19252.64,11567.89,0.14,1514.2,2401.62,0.0,12,27,0,0.0,0,18150.7,11346.19,441.83,43.13,0,1,0,ddos,sustained,355.75,564.25
2026-01-28 14:58:46.814744,25.37,33.03,41.6,14750.02,25995.1,0.29,1515.27,2400.55,0.0,12,27,0,0.0,0,10764.69,10060.08,553.06,67.22,0,1,0,ddos,sustained,356.0,564.0
2026-01-28 14:58:47.870875,31.2,33.73,35.07,17092.63,27876.31,0.29,1518.82,2397.01,0.0,12,27,0,0.0,0,15397.97,18654.23,390.81,106.95,0,1,0,ddos,sustained,356.84,563.16
2026-01-28 14:58:48.958376,24.98,38.28,36.74,23690.74,27015.58,0.29,1511.98,2403.84,0.0,12,27,0,0.0,0,10900.33,14576.29,654.74,32.9,0,1,0,ddos,sustained,355.23,564.77
2026-01-28 14:58:49.986209,21.96,20.78,57.26,10118.0,27102.4,0.29,1512.59,2403.23,0.0,12,27,0,0.0,0,15494.64,14232.8,593.76,38.78,0,1,0,ddos,sustained,355.37,564.63
2026-01-28 14:58:51.005578,26.15,35.02,38.83,17428.95,14819.5,0.29,1512.69,2403.13,0.0,12,27,0,0.0,0,13069.01,16322.77,579.29,76.16,0,1,0,ddos,sustained,355.4,564.6
2026-01-28 14:58:52.029422,22.68,26.51,50.81,23747.22,26873.79,0.35,1512.69,2403.14,0.0,12,27,0,0.0,0,18141.56,16982.52,743.36,39.68,0,1,0,ddos,sustained,355.4,564.6
2026-01-28 14:58:53.059399,28.47,22.41,49.12,10356.26,22271.71,0.35,1512.69,2403.14,0.0,12,27,0,0.0,0,18960.06,16347.57,462.02,78.39,0,1,0,ddos,sustained,355.4,564.6
2026-01-28 14:58:54.093954,27.78,31.44,40.78,16531.33,20754.15,0.35,1506.5,2409.32,0.0,12,27,0,0.0,0,18513.94,11204.29,725.96,33.98,0,1,0,ddos,sustained,353.94,566.06
2026-01-28 14:58:55.121999,29.48,33.69,36.83,15498.35,27981.64,0.35,1512.39,2403.43,0.0,12,27,0,0.0,0,18547.78,14703.51,597.07,119.05,0,1,0,ddos,sustained,355.33,564.67
2026-01-28 14:58:56.145377,25.07,22.2,52.73,16251.02,11916.52,0.4,1509.71,2406.11,0.0,12,27,0,0.0,0,11162.34,16671.87,308.83,95.46,0,1,0,ddos,sustained,354.7,565.3
2026-01-28 14:58:57.191351,31.03,21.86,47.11,14634.22,25430.99,0.4,1509.71,2406.11,0.0,12,27,0,0.0,0,16764.7,15581.11,537.37,84.16,0,1,0,ddos,sustained,354.7,565.3
2026-01-28 14:58:58.218361,21.46,33.88,44.66,7865.18,24467.82,0.4,1509.0,2406.83,0.0,12,27,0,0.0,0,19774.95,17025.77,449.74,93.71,0,1,0,ddos,sustained,354.53,565.47
2026-01-28 14:58:59.250505,30.09,37.97,31.94,24743.08,21438.01,0.4,1502.81,2413.02,0.0,12,27,0,0.0,0,13425.46,18297.91,801.68,67.76,0,1,0,ddos,sustained,353.08,566.92
2026-01-28 14:59:00.279850,30.6,29.67,39.73,13245.39,18818.14,0.4,1493.49,2422.33,0.0,12,27,0,0.0,0,16211.83,16521.75,787.58,66.52,0,1,0,ddos,sustained,350.89,569.11
2026-01-28 14:59:01.298559,31.18,28.47,40.35,24588.62,19949.16,0.37,1499.46,2416.36,0.0,12,27,0,0.0,0,10855.13,15908.65,508.82,45.0,0,1,0,ddos,sustained,352.29,567.71
2026-01-28 14:59:02.339010,32.81,23.62,43.57,5704.73,18102.16,0.37,1497.29,2418.54,0.0,12,27,0,0.0,0,18930.15,19802.86,615.96,23.14,0,1,0,ddos,sustained,351.78,568.22
2026-01-28 14:59:03.365534,24.67,35.94,39.39,18883.58,10474.4,0.37,1502.73,2413.1,0.0,12,27,0,0.0,0,10821.72,16193.82,466.47,45.21,0,1,0,ddos,sustained,353.06,566.94
2026-01-28 14:59:04.395388,27.62,35.73,36.65,16774.97,21338.65,0.37,1504.39,2411.43,0.0,12,27,0,0.0,0,14046.25,14701.16,728.0,82.88,0,1,0,ddos,sustained,353.45,566.55
2026-01-28 14:59:05.414778,20.52,21.48,58.0,15407.29,18188.05,0.37,1510.91,2404.91,0.0,12,27,0,0.0,0,14689.99,16042.64,677.87,102.29,0,1,0,ddos,sustained,354.98,565.02
2026-01-28 14:59:06.434506,24.49,21.93,53.58,5648.01,29505.84,0.42,1503.98,2411.84,0.0,12,27,0,0.0,0,19587.42,11289.39,676.82,20.81,0,1,0,ddos,sustained,353.35,566.65
2026-01-28 14:59:07.629149,28.25,21.57,50.18,22463.02,29676.74,0.42,1496.8,2419.02,0.0,12,27,0,0.0,0,17160.9,13141.1,439.96,62.78,0,1,0,ddos,sustained,351.66,568.34
2026-01-28 14:59:08.659039,33.11,29.45,37.44,9640.11,10855.68,0.42,1501.14,2414.68,0.0,12,27,0,0.0,0,10477.31,18491.7,308.87,63.15,0,1,0,ddos,sustained,352.68,567.32
2026-01-28 14:59:09.880859,22.89,20.61,56.5,5121.95,28831.85,0.42,1497.14,2418.68,0.0,12,27,0,0.0,0,15258.16,11708.43,869.07,73.72,0,1,0,ddos,sustained,351.74,568.26
2026-01-28 14:59:10.961786,34.51,25.9,39.59,14167.48,10977.72,0.42,1495.03,2420.79,0.0,12,27,0,0.0,0,19731.9,17248.23,629.84,63.04,0,1,0,ddos,sustained,351.25,568.75
2026-01-28 14:59:12.041983,28.45,33.9,37.65,21408.34,29630.77,0.47,1493.03,2422.79,0.0,12,27,0,0.0,0,18645.28,17014.55,321.51,100.7,0,1,0,ddos,sustained,350.78,569.22
2026-01-28 14:59:13.117455,31.38,38.36,30.26,10605.52,26991.8,0.47,1489.13,2426.69,0.0,12,27,0,0.0,0,14711.4,16977.36,651.45,83.94,0,1,0,ddos,sustained,349.86,570.14
2026-01-28 14:59:14.300049,20.49,21.74,57.77,24215.22,29896.67,0.47,1489.13,2426.69,0.0,12,27,1,10.1,342,10102.22,13015.48,494.99,23.1,0,1,0,ddos,sustained,349.86,570.14
2026-01-28 14:59:15.967222,29.45,34.54,36.01,6806.72,16873.45,0.47,1489.46,2426.36,0.0,12,27,0,0.0,0,10336.62,18037.89,685.45,25.7,0,1,0,ddos,sustained,349.94,570.06
2026-01-28 14:59:17.035648,24.7,32.96,42.34,20354.75,23140.13,0.67,1482.36,2433.47,0.0,12,27,0,0.0,0,19050.91,11698.81,792.86,98.84,0,1,0,ddos,sustained,348.27,571.73
2026-01-28 14:59:18.100685,27.62,26.64,45.74,13122.16,25463.68,0.67,1482.38,2433.44,0.0,12,27,0,0.0,0,18055.27,12181.08,735.85,66.66,0,1,0,ddos,sustained,348.28,571.72
2026-01-28 14:59:19.135807,22.75,26.74,50.51,12426.46,22332.77,0.67,1475.86,2439.97,0.0,12,27,0,0.0,0,15837.33,14910.0,662.9,50.25,0,1,0,ddos,sustained,346.74,573.26
2026-01-28 14:59:20.161548,34.12,23.92,41.96,13150.29,23813.8,0.67,1475.99,2439.84,0.0,12,27,0,0.0,0,10145.66,18510.02,696.02,53.29,0,1,0,ddos,sustained,346.77,573.23
2026-01-28 14:59:21.186930,23.24,22.29,54.47,21112.67,19331.51,0.62,1479.99,2435.84,0.0,12,27,0,0.0,0,16786.01,16832.81,882.91,74.73,0,1,0,ddos,sustained,347.71,572.29
2026-01-28 14:59:22.220741,25.3,39.16,35.54,18408.09,18709.04,0.62,1479.98,2435.84,0.0,12,27,0,0.0,0,11110.85,17753.58,396.53,75.16,0,1,0,ddos,sustained,347.71,572.29
2026-01-28 14:59:23.251831,26.46,38.2,35.34,9516.1,14602.38,0.62,1488.96,2426.86,0.0,12,27,0,0.0,0,12560.48,11769.96,686.86,54.31,0,1,0,ddos,sustained,349.82,570.18
2026-01-28 14:59:24.279365,22.01,39.27,38.72,18963.17,21059.56,0.62,1479.87,2435.95,0.0,12,27,0,0.0,0,14871.82,11392.22,882.46,40.77,0,1,0,ddos,sustained,347.69,572.31
2026-01-28 14:59:25.306170,24.97,22.92,52.11,7415.6,16859.05,0.62,1472.14,2443.68,0.0,12,27,0,0.0,0,19636.58,19570.98,858.46,75.91,0,1,0,ddos,sustained,345.87,574.13
2026-01-28 14:59:26.333184,27.98,25.22,46.8,7408.72,21381.03,0.65,1477.62,2438.21,0.0,12,27,0,0.0,0,15718.21,11334.4,681.34,88.81,0,1,0,ddos,sustained,347.16,572.84
2026-01-28 14:59:27.368118,26.02,39.39,34.59,22450.21,17457.08,0.65,1479.19,2436.63,0.0,12,27,0,0.0,0,19775.68,12313.85,453.16,38.13,0,1,0,ddos,sustained,347.53,572.47
2026-01-28 14:59:28.392124,27.13,30.26,42.61,24178.07,20660.18,0.65,1479.54,2436.29,0.0,12,27,0,0.0,0,10549.05,11132.13,709.68,38.05,0,1,0,ddos,sustained,347.61,572.39
2026-01-28 14:59:29.424107,32.6,24.45,42.95,15415.29,18896.64,0.65,1486.46,2429.36,0.0,12,27,0,0.0,0,11158.31,11382.58,895.45,52.82,0,1,0,ddos,sustained,349.24,570.76
2026-01-28 14:59:30.459960,33.32,36.74,29.94,20105.83,20803.34,0.65,1493.41,2422.41,0.0,12,27,0,0.0,0,16930.46,11211.24,506.3,69.7,0,1,0,ddos,sustained,350.87,569.13
2026-01-28 14:59:31.489819,25.1,37.47,37.43,22449.26,13783.4,0.6,1488.88,2426.95,0.0,12,27,0,0.0,0,19478.17,14605.87,457.9,25.81,0,1,0,ddos,sustained,349.8,570.2
2026-01-28 14:59:32.516502,31.06,36.03,32.91,13288.46,18144.48,0.6,1482.32,2433.51,0.0,12,27,0,0.0,0,13077.23,13747.19,631.67,66.57,0,1,0,ddos,sustained,348.26,571.74
2026-01-28 14:59:33.543568,27.93,33.86,38.21,17677.06,13584.08,0.6,1485.61,2430.21,0.0,12,25,0,0.0,0,13621.8,19762.18,554.45,114.67,0,1,0,ddos,sustained,349.04,570.96
2026-01-28 14:59:34.564590,31.53,26.42,42.05,16569.46,18679.27,0.6,1487.59,2428.23,0.0,12,27,0,0.0,0,15822.36,10491.91,761.16,66.16,0,1,0,ddos,sustained,349.5,570.5
2026-01-28 14:59:35.629339,25.13,26.55,48.32,7903.44,24390.17,0.6,1495.11,2420.71,0.0,12,27,0,0.0,0,11681.61,18109.5,829.84,64.65,0,1,0,ddos,sustained,351.27,568.73
2026-01-28 14:59:36.765380,31.76,31.56,36.68,17260.67,29152.53,0.55,1503.11,2412.71,0.0,12,27,0,0.0,0,12461.8,16293.44,643.82,97.78,0,1,0,ddos,sustained,353.15,566.85
2026-01-28 14:59:38.065821,20.27,37.53,42.2,16892.35,18998.19,0.55,1484.03,2431.79,0.0,12,27,0,0.0,0,17242.44,18072.19,477.31,21.12,0,1,0,ddos,sustained,348.66,571.34
2026-01-28 14:59:39.203146,23.17,26.94,49.89,11295.62,25022.69,0.55,1484.38,2431.45,0.0,12,27,0,0.0,0,16465.12,12722.44,396.6,33.21,0,1,0,ddos,sustained,348.75,571.25
2026-01-28 14:59:40.293158,29.38,38.64,31.98,16023.96,25916.58,0.55,1488.38,2427.45,0.0,12,27,0,0.0,0,16041.25,16117.78,811.05,103.19,0,1,0,ddos,sustained,349.69,570.31
2026-01-28 14:59:41.315802,23.62,20.17,56.21,22377.24,22878.82,0.5,1486.37,2429.45,0.0,12,27,0,0.0,0,13418.55,16002.04,808.75,36.42,0,1,0,ddos,sustained,349.21,570.79
2026-01-28 14:59:42.350231,34.75,39.51,25.74,23879.12,11801.89,0.5,1482.61,2433.21,0.0,12,27,0,0.0,0,13694.05,15271.0,583.41,80.57,0,1,0,ddos,sustained,348.33,571.67
2026-01-28 14:59:43.377736,29.4,38.8,31.8,5955.95,25814.07,0.5,1486.86,2428.97,0.0,12,27,0,0.0,0,11477.07,10312.06,645.67,99.87,0,1,0,ddos,sustained,349.33,570.67
2026-01-28 14:59:44.617927,22.68,36.09,41.23,23497.13,24079.09,0.5,1486.85,2428.98,0.0,11,25,0,0.0,0,14445.88,10095.35,545.53,67.36,0,1,0,ddos,sustained,349.33,570.67
2026-01-28 14:59:45.649500,20.5,23.35,56.15,15495.43,23942.7,0.5,1479.56,2436.26,0.0,12,27,0,0.0,0,13390.23,10631.92,574.33,104.9,0,1,0,ddos,sustained,347.61,572.39
2026-01-28 14:59:46.757102,20.19,21.11,58.7,18198.84,24705.74,0.46,1479.14,2436.68,0.0,12,27,0,0.0,0,17768.66,12393.08,326.61,47.77,0,1,0,ddos,sustained,347.52,572.48
2026-01-28 14:59:47.901747,31.26,31.96,36.78,13177.25,13392.45,0.46,1480.59,2435.23,0.0,12,27,0,0.0,0,15490.96,10064.19,764.61,41.75,0,1,0,ddos,sustained,347.86,572.14
2026-01-28 14:59:49.275914,23.37,22.33,54.3,7414.0,13938.04,0.46,1478.78,2437.05,0.0,12,27,0,0.0,0,14573.29,13533.92,460.58,58.97,0,1,0,ddos,sustained,347.43,572.57
2026-01-28 14:59:50.323432,31.76,23.94,44.3,20062.08,17441.29,0.46,1479.36,2436.47,0.0,12,27,0,0.0,0,15399.66,12314.75,431.51,23.51,0,1,0,ddos,sustained,347.57,572.43
2026-01-28 14:59:51.356232,31.43,34.96,33.61,5444.37,10630.05,0.43,1479.76,2436.06,0.0,12,27,0,0.0,0,15729.91,10498.77,521.09,90.28,0,1,0,ddos,sustained,347.66,572.34
2026-01-28 14:59:52.381298,34.48,27.99,37.53,24296.94,12480.43,0.43,1480.64,2435.18,0.0,12,25,0,0.0,0,10786.0,15778.0,463.71,106.6,0,1,0,ddos,sustained,347.87,572.13
2026-01-28 14:59:53.645893,26.34,38.17,35.49,16553.07,26526.6,0.43,1479.79,2436.04,0.0,11,25,0,0.0,0,13478.88,14590.45,519.34,101.27,0,1,0,ddos,sustained,347.67,572.33
2026-01-28 14:59:54.673824,21.94,34.09,43.97,19322.22,19016.25,0.43,1480.65,2435.17,0.0,12,27,0,0.0,0,16226.26,12579.47,316.07,36.43,0,1,0,ddos,sustained,347.87,572.13
2026-01-28 14:59:55.703054,25.11,26.36,48.53,14935.93,18177.66,0.43,1487.69,2428.13,0.0,12,27,0,0.0,0,13358.52,15508.55,476.99,70.94,0,1,0,ddos,sustained,349.52,570.48
2026-01-28 14:59:56.740291,25.19,39.61,35.2,21278.9,10700.37,0.47,1491.69,2424.13,0.0,12,27,0,0.0,0,19002.43,15870.63,613.69,97.97,0,1,0,ddos,sustained,350.46,569.54
2026-01-28 14:59:57.770614,22.18,28.62,49.2,17321.73,17096.89,0.47,1487.17,2428.66,0.0,12,27,0,0.0,0,15351.66,18498.61,722.6,107.55,0,1,0,ddos,sustained,349.4,570.6
2026-01-28 14:59:58.805087,24.61,34.32,41.07,23838.64,10568.43,0.47,1487.16,2428.66,0.0,12,27,0,0.0,0,16452.6,15268.21,815.24,92.75,0,1,0,ddos,sustained,349.4,570.6
2026-01-28 14:59:59.820935,28.81,22.27,48.92,11557.26,16838.42,0.47,1491.31,2424.52,0.0,12,27,0,0.0,0,15993.99,10808.9,835.32,69.09,0,1,0,ddos,sustained,350.37,569.63
2026-01-28 15:00:00.848595,22.08,31.31,46.61,5691.63,24432.52,0.47,1495.23,2420.59,0.0,12,27,0,0.0,0,15446.07,15390.32,645.26,36.15,0,1,0,ddos,sustained,351.3,568.7
2026-01-28 15:00:01.967071,25.2,29.45,45.35,12242.16,24532.88,0.43,1485.96,2429.86,0.0,12,27,0,0.0,0,13948.82,14155.44,708.33,76.74,0,1,0,ddos,sustained,349.12,570.88
2026-01-28 15:00:02.985538,20.17,28.6,51.23,8254.46,10879.82,0.43,1485.96,2429.86,0.0,12,25,0,0.0,0,14021.89,14560.91,719.55,90.22,0,1,0,ddos,sustained,349.12,570.88
2026-01-28 15:00:04.010454,24.32,37.96,37.72,21531.59,21545.43,0.43,1472.57,2443.25,0.0,12,27,0,0.0,0,17827.6,19866.5,462.66,54.57,0,1,0,ddos,sustained,345.97,574.03
2026-01-28 15:00:05.037725,23.1,28.23,48.67,8251.5,12553.9,0.43,1485.12,2430.71,0.0,12,27,0,0.0,0,11371.47,19757.98,781.57,25.32,0,1,0,ddos,sustained,348.92,571.08
2026-01-28 15:00:06.062856,34.66,28.91,36.43,21729.94,21066.25,0.43,1482.68,2433.15,0.0,12,27,0,0.0,0,13071.33,12748.07,666.47,97.22,0,1,0,ddos,sustained,348.35,571.65
2026-01-28 15:00:07.187215,22.4,26.26,51.34,7861.23,13856.17,0.4,1482.81,2433.02,0.0,12,27,0,0.0,0,12148.53,16555.57,452.69,22.97,0,1,0,ddos,sustained,348.38,571.62
2026-01-28 15:00:08.214400,30.84,36.78,32.38,20100.15,14949.24,0.4,1492.77,2423.05,0.0,12,27,0,0.0,0,10532.09,18438.36,351.69,69.49,0,1,0,ddos,sustained,350.72,569.28
2026-01-28 15:00:09.258372,24.31,37.01,38.68,15698.96,24200.73,0.4,1496.0,2419.82,0.0,12,27,0,0.0,0,13302.33,11214.66,344.98,23.95,0,1,0,ddos,sustained,351.48,568.52
2026-01-28 15:00:10.288167,34.39,37.63,27.98,9514.87,20430.5,0.4,1488.3,2427.52,0.0,12,27,0,0.0,0,13577.32,13186.93,405.58,116.15,0,1,0,ddos,sustained,349.67,570.33
2026-01-28 15:00:11.315776,22.93,21.16,55.91,10148.31,26815.16,0.37,1484.99,2430.83,0.0,12,27,0,0.0,0,15553.35,15928.87,752.87,95.46,0,1,0,ddos,sustained,348.89,571.11
2026-01-28 15:00:12.435232,24.63,30.72,44.65,19457.85,21470.32,0.37,1492.44,2423.39,0.0,12,27,0,0.0,0,16228.14,13838.82,313.88,93.45,0,1,0,ddos,sustained,350.64,569.36
2026-01-28 15:00:13.453561,21.5,29.12,49.38,8350.0,16678.17,0.37,1488.68,2427.14,0.0,12,25,0,0.0,0,19626.63,17945.84,828.02,107.86,0,1,0,ddos,sustained,349.76,570.24
2026-01-28 15:00:14.633913,33.5,29.84,36.66,22505.69,16788.68,0.37,1489.9,2425.92,0.0,12,27,0,0.0,0,18380.5,15502.45,827.23,76.31,0,1,0,ddos,sustained,350.04,569.96
2026-01-28 15:00:15.659699,30.51,20.77,48.72,5529.85,23159.41,0.37,1491.3,2424.52,0.0,12,27,0,0.0,0,17696.84,17499.39,766.84,73.7,0,1,0,ddos,sustained,350.37,569.63
2026-01-28 15:00:16.694120,33.78,27.58,38.64,14732.16,20781.36,0.34,1491.25,2424.58,0.0,12,27,0,0.0,0,16231.15,11474.79,559.45,92.9,0,1,0,ddos,sustained,350.36,569.64
2026-01-28 15:00:17.831577,33.59,27.11,39.3,14464.93,11024.69,0.34,1495.25,2420.58,0.0,12,27,0,0.0,0,10253.55,11707.75,588.27,30.27,0,1,0,ddos,sustained,351.3,568.7
2026-01-28 15:00:18.848005,34.26,36.94,28.8,11263.66,14537.71,0.34,1485.05,2430.78,0.0,12,27,0,0.0,0,16476.81,11495.38,652.97,86.46,0,1,0,ddos,sustained,348.9,571.1
2026-01-28 15:00:19.913902,27.15,36.91,35.94,9529.0,23914.8,0.34,1494.32,2421.5,0.0,12,27,0,0.0,0,19194.54,16373.38,302.78,75.52,0,1,0,ddos,sustained,351.08,568.92
2026-01-28 15:00:20.966261,25.85,29.1,45.05,18455.82,22962.1,0.34,1489.04,2426.79,0.0,12,27,0,0.0,0,13020.5,15388.81,513.58,118.18,0,1,0,ddos,sustained,349.84,570.16
2026-01-28 15:00:22.017236,27.23,26.4,46.37,15684.2,16836.7,0.31,1502.59,2413.24,0.0,12,27,0,0.0,0,17715.55,15837.9,658.68,87.23,0,1,0,ddos,sustained,353.02,566.98
2026-01-28 15:00:23.049255,30.6,38.26,31.14,18746.76,12462.0,0.31,1502.73,2413.09,0.0,12,27,0,0.0,0,12943.66,14218.52,801.14,44.21,0,1,0,ddos,sustained,353.06,566.94
2026-01-28 15:00:24.071207,33.19,30.54,36.27,15623.01,26491.61,0.31,1494.6,2421.22,0.0,12,27,0,0.0,0,10456.45,15014.49,435.75,96.68,0,1,0,ddos,sustained,351.15,568.85
2026-01-28 15:00:25.111379,21.7,34.48,43.82,6317.82,14185.02,0.31,1495.34,2420.48,0.0,12,27,0,0.0,0,18427.24,12292.31,451.05,62.06,0,1,0,ddos,sustained,351.32,568.68
2026-01-28 15:00:26.127705,20.7,21.28,58.02,5921.58,27233.09,0.45,1495.73,2420.09,0.0,12,27,0,0.0,0,18203.51,10208.58,653.99,92.12,0,1,0,ddos,sustained,351.41,568.59
2026-01-28 15:00:27.156138,24.07,29.49,46.44,6153.8,28265.23,0.45,1489.54,2426.29,0.0,12,27,0,0.0,0,17486.3,18026.42,883.57,98.29,0,1,0,ddos,sustained,349.96,570.04
2026-01-28 15:00:28.186637,23.09,36.37,40.54,9236.75,19414.28,0.45,1511.41,2404.42,0.0,12,27,0,0.0,0,17897.9,12581.56,593.4,114.99,0,1,0,ddos,sustained,355.1,564.9
2026-01-28 15:00:29.205501,31.52,21.92,46.56,5305.79,12716.81,0.45,1516.19,2399.64,0.0,12,27,0,0.0,0,16964.95,10193.04,351.67,92.64,0,1,0,ddos,sustained,356.22,563.78
2026-01-28 15:00:30.342992,27.46,36.1,36.44,5711.37,22601.69,0.45,1500.54,2415.28,0.0,12,27,0,0.0,0,17826.65,13881.2,657.92,98.64,0,1,0,ddos,sustained,352.54,567.46
2026-01-28 15:00:31.387131,31.25,29.56,39.19,14993.6,12736.64,0.41,1508.23,2407.59,0.0,12,27,0,0.0,0,13236.21,15441.86,481.6,108.22,0,1,0,ddos,sustained,354.35,565.65
2026-01-28 15:00:32.417126,21.72,28.06,50.22,20597.42,11326.86,0.41,1515.92,2399.9,0.0,12,27,0,0.0,0,13652.79,11246.03,699.54,105.3,0,1,0,ddos,sustained,356.16,563.84
2026-01-28 15:00:33.456492,20.96,31.91,47.13,11503.33,21753.43,0.41,1513.65,2402.18,0.0,12,27,0,0.0,0,13451.43,11496.16,328.05,102.39,0,1,0,ddos,sustained,355.62,564.38
2026-01-28 15:00:34.480618,23.01,28.19,48.8,21125.92,17686.14,0.41,1521.22,2394.6,0.0,12,27,0,0.0,0,15336.54,11200.43,718.79,88.99,0,1,0,ddos,sustained,357.4,562.6
2026-01-28 15:00:35.511168,21.62,39.67,38.71,14640.28,10523.07,0.41,1514.97,2400.85,0.0,12,27,0,0.0,0,17571.86,14905.59,693.61,29.12,0,1,0,ddos,sustained,355.93,564.07
2026-01-28 15:00:36.540627,20.95,28.81,50.24,23018.04,24607.06,0.38,1515.71,2400.11,0.0,12,27,0,0.0,0,13127.39,19160.36,428.69,95.4,0,1,0,ddos,sustained,356.11,563.89
2026-01-28 15:00:37.572506,30.92,30.03,39.05,14704.8,24427.88,0.38,1515.71,2400.11,0.0,12,27,0,0.0,0,13359.17,13242.99,616.24,53.72,0,1,0,ddos,sustained,356.11,563.89
2026-01-28 15:00:39.088758,24.24,26.25,49.51,19695.39,14567.31,0.38,1512.57,2403.25,0.0,12,27,0,0.0,0,16280.15,15972.88,761.75,55.4,0,1,0,ddos,sustained,355.37,564.63
2026-01-28 15:00:40.113820,27.07,39.15,33.78,20213.59,27798.47,0.38,1504.5,2411.32,0.0,12,27,0,0.0,0,13034.8,16391.0,310.28,85.3,0,1,0,ddos,sustained,353.47,566.53
2026-01-28 15:00:41.179181,32.8,28.98,38.22,18861.75,22664.38,0.35,1505.67,2410.16,0.0,12,27,0,0.0,0,13606.76,12873.31,792.52,30.49,0,1,0,ddos,sustained,353.75,566.25
2026-01-28 15:00:42.221695,31.96,36.71,31.33,13316.04,23482.22,0.35,1513.03,2402.8,0.0,12,27,0,0.0,0,14266.3,15775.48,458.39,96.71,0,1,0,ddos,sustained,355.48,564.52
2026-01-28 15:00:43.287477,29.73,33.8,36.47,24173.59,12172.54,0.35,1508.89,2406.93,0.0,12,27,0,0.0,0,17301.34,16280.16,451.7,61.55,0,1,0,ddos,sustained,354.51,565.49
2026-01-28 15:00:44.459621,20.47,29.74,49.79,22365.73,21504.93,0.35,1508.89,2406.93,0.0,12,27,0,0.0,0,17682.86,17317.58,315.28,86.48,0,1,0,ddos,sustained,354.51,565.49
2026-01-28 15:00:45.622937,30.19,37.48,32.33,5526.78,24710.61,0.35,1501.7,2414.13,0.0,12,27,0,0.0,0,14630.06,19840.14,471.59,59.6,0,1,0,ddos,sustained,352.82,567.18
2026-01-28 15:00:46.647541,26.38,35.89,37.73,19090.03,29783.89,0.32,1505.14,2410.68,0.0,12,27,0,0.0,0,18886.0,10262.79,431.21,69.69,0,1,0,ddos,sustained,353.62,566.38
2026-01-28 15:00:48.030102,22.4,26.8,50.8,5187.75,19870.48,0.32,1509.99,2405.83,0.0,12,27,0,0.0,0,17176.38,11524.95,332.07,71.84,0,1,0,ddos,sustained,354.76,565.24
2026-01-28 15:00:49.061808,34.81,38.01,27.18,16675.92,15777.0,0.32,1523.44,2392.39,0.0,12,27,0,0.0,0,14153.63,15009.33,503.76,68.78,0,1,0,ddos,sustained,357.92,562.08
2026-01-28 15:00:50.090760,24.29,23.23,52.48,16058.82,25722.31,0.32,1523.54,2392.29,0.0,12,27,0,0.0,0,13176.27,11206.5,574.93,69.74,0,1,0,ddos,sustained,357.95,562.05
2026-01-28 15:00:51.121389,22.0,36.08,41.92,23796.31,11771.98,0.29,1521.5,2394.32,0.0,12,27,0,0.0,0,19369.8,15108.97,494.17,102.4,0,1,0,ddos,sustained,357.47,562.53
2026-01-28 15:00:52.270829,25.45,35.72,38.83,24394.27,20078.77,0.29,1512.69,2403.14,0.0,12,27,0,0.0,0,18776.9,12666.21,799.2,94.69,0,1,0,ddos,sustained,355.4,564.6
2026-01-28 15:00:53.331007,32.66,32.11,35.23,19404.78,19199.14,0.29,1512.04,2403.79,0.0,12,27,0,0.0,0,19398.74,10119.96,407.04,24.02,0,1,0,ddos,sustained,355.24,564.76
2026-01-28 15:00:54.355966,28.12,26.2,45.68,21941.4,29947.55,0.29,1512.04,2403.79,0.0,12,27,0,0.0,0,11813.67,11502.68,711.89,94.88,0,1,0,ddos,sustained,355.24,564.76
2026-01-28 15:00:55.384892,30.65,21.8,47.55,11587.71,11882.36,0.29,1513.67,2402.15,0.0,12,25,0,0.0,0,17586.16,19253.46,646.27,32.51,0,1,0,ddos,sustained,355.63,564.37
2026-01-28 15:00:56.406014,33.49,24.16,42.35,21622.6,29018.13,0.27,1509.06,2406.77,0.0,12,27,0,0.0,0,16778.97,16055.34,622.56,72.02,0,1,0,ddos,sustained,354.54,565.46
2026-01-28 15:00:57.614422,27.66,38.85,33.49,5994.67,16370.61,0.27,1509.27,2406.55,0.0,12,27,0,0.0,0,18111.92,13669.59,798.46,100.47,0,1,0,ddos,sustained,354.59,565.41
2026-01-28 15:00:58.648339,28.03,37.98,33.99,13600.34,20449.25,0.27,1510.97,2404.85,0.0,12,27,0,0.0,0,11911.04,18043.17,533.24,118.36,0,1,0,ddos,sustained,354.99,565.01
2026-01-28 15:00:59.676236,28.55,24.87,46.58,10263.59,14115.32,0.27,1510.04,2405.78,0.0,12,27,0,0.0,0,18209.45,14845.06,418.82,33.25,0,1,0,ddos,sustained,354.78,565.22
2026-01-28 15:01:00.707843,22.05,35.58,42.37,18216.26,11128.18,0.27,1507.02,2408.8,0.0,12,27,0,0.0,0,12340.34,11471.23,575.53,25.8,0,1,0,ddos,sustained,354.07,565.93
2026-01-28 15:01:01.735248,25.41,26.03,48.56,16670.68,10572.78,0.25,1508.3,2407.52,0.0,12,27,0,0.0,0,15830.75,13376.49,362.67,47.7,0,1,0,ddos,sustained,354.37,565.63
2026-01-28 15:01:02.762322,26.18,20.44,53.38,9274.61,13245.74,0.25,1508.3,2407.53,0.0,12,27,0,0.0,0,12443.43,18192.89,691.55,117.41,0,1,0,ddos,sustained,354.37,565.63
2026-01-28 15:01:03.780989,28.14,22.4,49.46,23335.93,20128.2,0.25,1508.3,2407.53,0.0,12,27,0,0.0,0,14343.6,11473.31,335.77,81.63,0,1,0,ddos,sustained,354.37,565.63
2026-01-28 15:01:04.810352,29.39,25.39,45.22,10833.04,13783.9,0.25,1514.02,2401.8,0.0,12,27,0,0.0,0,10978.35,18246.77,386.92,115.34,0,1,0,ddos,sustained,355.71,564.29
2026-01-28 15:01:05.838754,24.13,29.66,46.21,22966.4,20188.76,0.25,1521.46,2394.37,0.0,12,27,0,0.0,0,12180.14,17558.67,595.13,75.7,0,1,0,ddos,sustained,357.46,562.54
2026-01-28 15:01:06.866606,22.38,26.68,50.94,12153.32,27044.27,0.23,1519.7,2396.12,0.0,12,27,0,0.0,0,11412.27,10904.18,573.13,84.29,0,1,0,ddos,sustained,357.05,562.95
2026-01-28 15:01:07.897100,33.28,37.19,29.53,13508.73,11060.93,0.23,1518.16,2397.67,0.0,12,27,0,0.0,0,11878.59,18182.93,871.1,87.83,0,1,0,ddos,sustained,356.68,563.32
2026-01-28 15:01:08.924149,25.75,28.09,46.16,11771.34,26553.59,0.23,1510.94,2404.89,0.0,12,27,0,0.0,0,15966.73,17408.31,858.05,87.91,0,1,0,ddos,sustained,354.99,565.01
2026-01-28 15:01:09.945584,22.99,21.19,55.82,18389.66,22759.7,0.23,1510.88,2404.94,0.0,12,27,0,0.0,0,17908.05,15090.74,547.98,24.82,0,1,0,ddos,sustained,354.97,565.03
2026-01-28 15:01:10.964839,24.04,30.31,45.65,16840.94,13974.02,0.23,1515.59,2400.23,0.0,12,27,0,0.0,0,18650.98,18039.85,674.65,89.71,0,1,0,ddos,sustained,356.08,563.92
2026-01-28 15:01:11.986534,30.27,26.04,43.69,12444.07,15446.03,0.21,1519.59,2396.23,0.0,12,27,0,0.0,0,11134.31,14741.01,371.53,72.26,0,1,0,ddos,sustained,357.02,562.98
2026-01-28 15:01:13.009936,30.31,30.27,39.42,23285.38,10075.13,0.21,1520.72,2395.1,0.0,12,27,0,0.0,0,18921.17,13013.69,873.32,56.53,0,1,0,ddos,sustained,357.28,562.72
2026-01-28 15:01:14.073317,34.01,27.19,38.8,18029.69,24533.39,0.21,1525.71,2390.11,0.0,12,27,0,0.0,0,18829.41,15828.29,567.37,36.19,0,1,0,ddos,sustained,358.46,561.54
2026-01-28 15:01:15.111863,33.76,33.98,32.26,17621.07,23197.53,0.21,1522.28,2393.54,0.0,12,27,0,0.0,0,15336.53,15022.85,341.88,38.61,0,1,0,ddos,sustained,357.65,562.35
2026-01-28 15:01:16.138844,28.29,35.69,36.02,15620.83,13666.23,0.27,1510.77,2405.05,0.0,12,27,0,0.0,0,15016.38,15794.16,347.24,65.9,0,1,0,ddos,sustained,354.95,565.05
2026-01-28 15:01:17.160727,20.05,20.35,59.6,9117.05,18487.1,0.27,1508.95,2406.88,0.0,12,27,0,0.0,0,11257.99,11630.37,621.52,81.25,0,1,0,ddos,sustained,354.52,565.48
2026-01-28 15:01:18.222134,30.05,36.82,33.13,17028.87,11453.72,0.27,1514.18,2401.65,0.0,12,27,0,0.0,0,13907.84,14902.96,474.51,70.8,0,1,0,ddos,sustained,355.75,564.25
2026-01-28 15:01:19.247896,22.09,35.14,42.77,10896.25,27140.74,0.27,1516.88,2398.94,0.0,12,27,0,0.0,0,17753.6,15799.01,796.02,90.73,0,1,0,ddos,sustained,356.38,563.62
2026-01-28 15:01:20.272599,20.33,25.78,53.89,22941.53,23430.32,0.27,1521.8,2394.02,0.0,12,27,0,0.0,0,13286.28,17550.72,765.77,101.31,0,1,0,ddos,sustained,357.54,562.46
2026-01-28 15:01:21.296758,26.84,27.27,45.89,5647.48,11916.9,0.57,1521.36,2394.47,0.0,12,27,0,0.0,0,16914.91,18528.14,700.78,102.94,0,1,0,ddos,sustained,357.43,562.57
2026-01-28 15:01:22.322413,26.97,38.92,34.11,14229.7,26003.39,0.57,1521.34,2394.48,0.0,12,27,0,0.0,0,17868.55,18790.49,768.93,61.39,0,1,0,ddos,sustained,357.43,562.57
2026-01-28 15:01:23.339616,21.21,31.58,47.21,23018.42,29043.12,0.57,1521.48,2394.34,0.0,12,27,0,0.0,0,19997.52,13179.68,849.64,108.75,0,1,0,ddos,sustained,357.46,562.54
2026-01-28 15:01:24.358485,25.28,20.72,54.0,5699.44,15032.43,0.57,1514.43,2401.39,0.0,12,27,0,0.0,0,17539.26,15285.4,852.8,67.73,0,1,0,ddos,sustained,355.81,564.19
2026-01-28 15:01:25.388588,24.19,29.93,45.88,18141.61,29326.49,0.57,1510.68,2405.15,0.0,12,27,0,0.0,0,11420.78,10322.79,813.0,102.51,0,1,0,ddos,sustained,354.92,565.08
2026-01-28 15:01:26.414315,32.55,20.74,46.71,24066.08,22038.1,0.52,1511.96,2403.86,0.0,12,27,0,0.0,0,15571.05,16909.54,347.25,40.72,0,1,0,ddos,sustained,355.23,564.77
2026-01-28 15:01:27.436482,29.0,37.38,33.62,13897.79,19013.08,0.52,1512.82,2403.0,0.0,12,27,0,0.0,0,17207.27,13012.18,465.93,80.89,0,1,0,ddos,sustained,355.43,564.57
2026-01-28 15:01:28.461408,23.33,35.9,40.77,19846.16,28626.53,0.52,1509.76,2406.07,0.0,12,27,0,0.0,0,10201.91,17994.62,790.55,42.71,0,1,0,ddos,sustained,354.71,565.29
2026-01-28 15:01:29.486617,31.56,31.65,36.79,22269.34,12137.77,0.52,1509.75,2406.07,0.0,12,27,0,0.0,0,17586.18,19608.5,873.15,112.17,0,1,0,ddos,sustained,354.71,565.29
2026-01-28 15:01:30.513718,31.76,36.33,31.91,23578.55,29938.88,0.52,1511.71,2404.11,0.0,12,27,0,0.0,0,15956.26,19891.34,616.44,58.19,0,1,0,ddos,sustained,355.17,564.83
2026-01-28 15:01:31.636137,26.48,20.26,53.26,22123.91,13272.08,0.48,1518.11,2397.71,0.0,12,27,0,0.0,0,16939.84,17262.73,486.09,71.03,0,1,0,ddos,sustained,356.67,563.33
2026-01-28 15:01:32.708016,21.45,23.35,55.2,17939.86,14599.08,0.48,1519.47,2396.36,0.0,12,27,0,0.0,0,11949.56,17344.92,424.49,53.23,0,1,0,ddos,sustained,356.99,563.01
2026-01-28 15:01:33.900671,32.9,31.95,35.15,13314.98,29301.71,0.48,1519.61,2396.21,0.0,12,27,0,0.0,0,15316.02,15973.92,866.66,73.82,0,1,0,ddos,sustained,357.02,562.98
2026-01-28 15:01:34.967006,21.21,27.17,51.62,21873.6,16124.99,0.48,1518.01,2397.81,0.0,12,27,0,0.0,0,19231.16,11095.9,788.05,68.72,0,1,0,ddos,sustained,356.65,563.35
2026-01-28 15:01:35.992608,29.74,21.36,48.9,19307.57,12342.26,0.48,1517.73,2398.1,0.0,12,27,0,0.0,0,10883.67,11873.15,584.64,110.56,0,1,0,ddos,sustained,356.58,563.42
2026-01-28 15:01:37.238342,31.67,29.08,39.25,19691.87,18095.24,0.44,1512.19,2403.64,0.0,12,27,0,0.0,0,18417.14,14348.8,489.68,115.04,0,1,0,ddos,sustained,355.28,564.72
2026-01-28 15:01:38.289017,23.38,37.79,38.83,8700.31,27074.32,0.44,1509.55,2406.28,0.0,12,27,0,0.0,0,12363.92,19934.86,447.86,41.63,0,1,0,ddos,sustained,354.66,565.34
2026-01-28 15:01:39.313572,23.72,26.72,49.56,12669.59,13905.93,0.44,1503.85,2411.98,0.0,12,27,0,0.0,0,10417.97,13199.9,372.56,38.85,0,1,0,ddos,sustained,353.32,566.68
2026-01-28 15:01:40.337632,31.74,30.73,37.53,9959.49,19435.39,0.44,1511.54,2404.29,0.0,12,27,0,0.0,0,16194.84,14138.36,347.37,47.32,0,1,0,ddos,sustained,355.13,564.87
2026-01-28 15:01:41.558767,31.11,22.44,46.45,10786.38,15462.31,0.49,1504.84,2410.99,0.0,12,27,0,0.0,0,13658.86,11517.37,550.18,99.91,0,1,0,ddos,sustained,353.55,566.45
2026-01-28 15:01:42.872864,34.65,35.06,30.29,20308.41,29524.7,0.49,1514.68,2401.14,0.0,12,27,0,0.0,0,16726.5,15528.83,326.08,62.4,0,1,0,ddos,sustained,355.87,564.13
2026-01-28 15:01:43.921953,21.43,33.53,45.04,5767.28,19971.49,0.49,1514.68,2401.14,0.0,12,27,0,0.0,0,14181.37,10754.04,873.15,59.99,0,1,0,ddos,sustained,355.87,564.13
2026-01-28 15:01:44.940340,25.04,39.79,35.17,11366.38,25980.49,0.49,1519.56,2396.26,0.0,12,27,0,0.0,0,14186.46,18641.01,724.26,117.38,0,1,0,ddos,sustained,357.01,562.99
2026-01-28 15:01:46.248458,22.89,33.2,43.91,14156.14,20306.02,0.45,1519.11,2396.71,0.0,12,27,0,0.0,0,12270.55,17262.53,664.1,48.0,0,1,0,ddos,sustained,356.91,563.09
2026-01-28 15:01:47.273776,21.4,34.91,43.69,18957.5,26603.69,0.45,1519.36,2396.47,0.0,11,25,0,0.0,0,16407.24,16068.26,504.44,23.48,0,1,0,ddos,sustained,356.96,563.04
2026-01-28 15:01:48.329726,22.03,28.81,49.16,24200.59,11261.29,0.45,1506.1,2409.72,0.0,12,27,0,0.0,0,19859.02,13354.74,868.07,62.57,0,1,0,ddos,sustained,353.85,566.15
2026-01-28 15:01:49.368955,24.14,23.86,52.0,17823.79,19715.23,0.45,1510.23,2405.59,0.0,12,27,0,0.0,0,12890.55,18340.48,331.89,51.78,0,1,0,ddos,sustained,354.82,565.18
2026-01-28 15:01:50.426919,24.25,33.43,42.32,5172.75,14020.76,0.45,1510.23,2405.59,0.0,12,27,0,0.0,0,18917.43,16297.59,807.47,83.75,0,1,0,ddos,sustained,354.82,565.18
2026-01-28 15:01:51.886596,34.58,39.45,25.97,8301.15,22034.56,0.41,1508.2,2407.62,0.0,12,27,0,0.0,0,16575.57,13965.03,534.38,78.47,0,1,0,ddos,sustained,354.34,565.66
2026-01-28 15:01:53.142275,34.19,22.17,43.64,20179.29,12750.2,0.41,1512.55,2403.27,0.0,12,27,0,0.0,0,14345.82,11494.31,385.49,44.83,0,1,0,ddos,sustained,355.37,564.63
2026-01-28 15:01:54.171460,26.6,28.05,45.35,18942.63,14351.42,0.41,1508.54,2407.28,0.0,12,27,0,0.0,0,19502.86,18464.88,797.61,23.97,0,1,0,ddos,sustained,354.42,565.58
2026-01-28 15:01:55.209105,22.81,35.12,42.07,6349.37,14252.58,0.41,1512.79,2403.04,0.0,12,27,0,0.0,0,15871.56,11185.9,787.72,59.36,0,1,0,ddos,sustained,355.42,564.58
2026-01-28 15:01:56.237099,21.79,39.86,38.35,8408.72,29460.16,0.38,1512.79,2403.04,0.0,12,25,0,0.0,0,10384.63,12181.46,873.06,113.32,0,1,0,ddos,sustained,355.42,564.58
2026-01-28 15:01:57.265521,24.59,23.21,52.2,15716.0,25226.42,0.38,1516.79,2399.04,0.0,12,27,0,0.0,0,10402.9,16096.83,610.08,57.84,0,1,0,ddos,sustained,356.36,563.64
2026-01-28 15:01:58.291688,28.6,33.09,38.31,18833.98,15507.1,0.38,1514.17,2401.65,0.0,12,27,0,0.0,0,14728.99,11641.0,490.52,48.92,0,1,0,ddos,sustained,355.75,564.25
2026-01-28 15:01:59.805294,27.01,29.76,43.23,16520.61,15729.3,0.38,1514.42,2401.41,0.0,12,27,0,0.0,0,14092.82,13267.51,585.98,75.84,0,1,0,ddos,sustained,355.8,564.2
2026-01-28 15:02:00.925988,22.94,35.2,41.86,24422.63,14198.73,0.38,1513.07,2402.75,0.0,12,27,0,0.0,0,15730.77,13169.76,690.37,47.79,0,1,0,ddos,sustained,355.49,564.51
2026-01-28 15:02:02.613640,31.98,39.05,28.97,5455.44,20531.01,0.35,1508.64,2407.19,0.0,12,27,0,0.0,0,18434.83,18009.32,673.14,110.24,0,1,0,ddos,sustained,354.45,565.55
2026-01-28 15:02:04.265187,22.5,25.16,52.34,18177.63,20098.31,0.35,1509.14,2406.68,0.0,12,27,0,0.0,0,14158.65,15877.17,662.83,75.04,0,1,0,ddos,sustained,354.56,565.44
2026-01-28 15:02:05.310980,22.54,34.3,43.16,12129.96,28067.12,0.35,1509.07,2406.76,0.0,12,27,0,0.0,0,13170.51,18873.39,480.48,70.36,0,1,0,ddos,sustained,354.55,565.45
2026-01-28 15:02:06.333528,30.98,23.69,45.33,12284.92,19028.63,0.32,1514.76,2401.07,0.0,12,27,0,0.0,0,18299.28,14849.81,360.35,57.51,0,1,0,ddos,sustained,355.88,564.12
2026-01-28 15:02:07.361780,31.64,30.46,37.9,12806.84,27834.94,0.32,1508.01,2407.81,0.0,12,27,0,0.0,0,12893.6,11845.92,723.21,24.84,0,1,0,ddos,sustained,354.3,565.7
2026-01-28 15:02:08.393050,21.22,23.38,55.4,9888.64,12560.74,0.32,1512.0,2403.82,0.0,12,27,0,0.0,0,13127.97,16126.09,652.08,90.88,0,1,0,ddos,sustained,355.24,564.76
2026-01-28 15:02:09.422506,31.96,35.85,32.19,12344.32,11335.58,0.32,1512.24,2403.58,0.0,12,27,0,0.0,0,11121.74,13768.58,868.66,98.9,0,1,0,ddos,sustained,355.29,564.71
2026-01-28 15:02:10.457506,33.21,38.74,28.05,11343.93,18001.67,0.32,1508.24,2407.58,0.0,12,27,0,0.0,0,11283.95,19329.36,565.19,104.81,0,1,0,ddos,sustained,354.35,565.65
2026-01-28 15:02:11.488458,33.39,30.62,35.99,12007.72,14370.42,0.29,1508.24,2407.58,0.0,12,27,0,0.0,0,13240.88,11168.92,667.96,118.56,0,1,0,ddos,sustained,354.35,565.65
2026-01-28 15:02:12.521048,26.45,27.16,46.39,6758.96,26575.24,0.29,1507.96,2407.86,0.0,12,27,0,0.0,0,18231.98,18315.88,627.87,49.66,0,1,0,ddos,sustained,354.29,565.71
2026-01-28 15:02:13.550890,24.46,35.29,40.25,16265.96,28342.58,0.29,1511.96,2403.86,0.0,12,27,0,0.0,0,16899.65,18399.79,384.32,96.6,0,1,0,ddos,sustained,355.23,564.77
2026-01-28 15:02:14.580078,21.57,27.04,51.39,7666.3,16859.56,0.29,1511.96,2403.86,0.0,12,27,0,0.0,0,17607.76,18291.44,362.89,57.62,0,1,0,ddos,sustained,355.23,564.77
2026-01-28 15:02:15.609307,29.75,22.01,48.24,12475.17,13883.53,0.29,1510.42,2405.4,0.0,12,27,0,0.0,0,19939.05,17230.08,647.35,73.13,0,1,0,ddos,sustained,354.86,565.14
2026-01-28 15:02:16.639904,24.19,33.23,42.58,13971.23,22581.14,0.27,1512.01,2403.81,0.0,12,27,0,0.0,0,11720.65,19342.75,336.19,83.94,0,1,0,ddos,sustained,355.24,564.76
2026-01-28 15:02:17.665722,29.79,35.46,34.75,17715.99,11972.8,0.27,1517.61,2398.21,0.0,12,27,0,0.0,0,19959.79,18927.55,890.32,74.35,0,1,0,ddos,sustained,356.55,563.45
2026-01-28 15:02:18.693083,24.8,23.77,51.43,13481.79,19104.65,0.27,1516.56,2399.27,0.0,12,27,0,0.0,0,11577.44,16596.86,767.58,29.78,0,1,0,ddos,sustained,356.31,563.69
2026-01-28 15:02:19.721378,28.9,32.58,38.52,9926.74,14139.75,0.27,1501.66,2414.16,0.0,12,27,0,0.0,0,17274.99,16723.61,420.29,22.56,0,1,0,ddos,sustained,352.81,567.19
2026-01-28 15:02:20.753773,33.65,34.07,32.28,16048.78,24480.08,0.27,1501.66,2414.16,0.0,12,27,0,0.0,0,14285.55,17455.9,834.14,64.01,0,1,0,ddos,sustained,352.81,567.19
2026-01-28 15:02:21.785605,20.54,20.74,58.72,24418.93,15411.38,0.33,1507.11,2408.71,0.0,12,27,0,0.0,0,10054.69,10134.66,712.77,106.65,0,1,0,ddos,sustained,354.09,565.91
2026-01-28 15:02:22.814968,33.04,36.12,30.84,12462.42,13409.09,0.33,1515.79,2400.04,0.0,12,27,0,0.0,0,10772.34,17701.2,643.13,105.04,0,1,0,ddos,sustained,356.13,563.87
2026-01-28 15:02:23.851142,27.25,21.49,51.26,21895.39,10670.35,0.33,1519.78,2396.04,0.0,12,27,0,0.0,0,10729.84,13676.86,457.93,29.1,0,1,0,ddos,sustained,357.06,562.94
2026-01-28 15:02:24.877173,24.21,35.31,40.48,19851.46,21336.71,0.33,1523.35,2392.48,0.0,12,27,0,0.0,0,17801.12,15142.22,302.58,86.38,0,1,0,ddos,sustained,357.9,562.1
2026-01-28 15:02:25.940946,25.94,38.08,35.98,10561.92,11966.37,0.33,1523.25,2392.58,0.0,12,27,0,0.0,0,17953.76,18705.66,328.64,95.77,0,1,0,ddos,sustained,357.88,562.12
2026-01-28 15:02:27.175869,23.82,26.43,49.75,13705.04,17088.02,0.38,1519.59,2396.23,0.0,12,27,0,0.0,0,15619.09,13853.62,438.03,53.17,0,1,0,ddos,sustained,357.02,562.98
2026-01-28 15:02:28.730007,23.88,27.8,48.32,11333.44,20430.31,0.38,1519.59,2396.23,0.0,12,25,0,0.0,0,19537.09,15790.43,837.71,49.44,0,1,0,ddos,sustained,357.02,562.98
2026-01-28 15:02:29.755482,34.22,21.77,44.01,21249.15,25772.33,0.38,1512.71,2403.11,0.0,12,27,0,0.0,0,10619.51,15107.63,839.66,94.57,0,1,0,ddos,sustained,355.4,564.6
2026-01-28 15:02:30.775137,28.03,28.14,43.83,6638.37,10090.93,0.38,1516.71,2399.11,0.0,12,27,0,0.0,0,16237.05,17958.44,541.23,74.82,0,1,0,ddos,sustained,356.34,563.66
2026-01-28 15:02:32.186948,20.07,37.38,42.55,11381.49,19426.2,0.35,1515.72,2400.1,0.0,12,27,0,0.0,0,15938.27,12280.64,703.94,46.91,0,1,0,ddos,sustained,356.11,563.89
2026-01-28 15:02:33.264610,34.01,24.17,41.82,21602.81,15089.38,0.35,1515.72,2400.1,0.0,12,27,0,0.0,0,10633.2,17520.47,679.35,114.58,0,1,0,ddos,sustained,356.11,563.89
2026-01-28 15:02:34.543768,33.4,23.0,43.6,9271.3,16506.57,0.35,1511.64,2404.18,0.0,12,27,0,0.0,0,12106.64,12764.75,350.89,63.57,0,1,0,ddos,sustained,355.15,564.85
2026-01-28 15:02:35.578579,25.74,24.99,49.27,22502.28,15670.75,0.35,1515.64,2400.18,0.0,12,25,0,0.0,0,16133.69,11460.08,352.54,35.5,0,1,0,ddos,sustained,356.09,563.91
2026-01-28 15:02:36.645649,17.83,12.56,69.61,2761.62,6164.14,0.32,1517.61,2398.21,0.0,12,27,0,0.0,0,3229.15,5198.1,114.09,24.22,0,1,0,ddos,decay,356.55,563.45
2026-01-28 15:02:38.023759,16.87,9.27,73.86,2276.13,4775.45,0.32,1510.5,2405.32,0.0,12,27,0,0.0,0,4093.65,4682.38,224.8,9.05,0,1,0,ddos,decay,354.88,565.12
2026-01-28 15:02:39.053634,10.59,12.66,76.75,3516.66,7563.81,0.32,1517.74,2398.08,0.0,12,27,0,0.0,0,5998.02,5655.28,249.98,27.51,0,1,0,ddos,decay,356.58,563.42
2026-01-28 15:02:40.085577,19.47,11.75,68.78,5903.55,4178.21,0.32,1511.95,2403.87,0.0,12,27,0,0.0,0,4677.03,4946.97,243.39,8.22,0,1,0,ddos,decay,355.22,564.78
2026-01-28 15:02:41.145230,10.39,14.27,75.34,2011.66,4020.53,0.3,1515.94,2399.88,0.0,12,27,0,0.0,0,3429.49,5341.64,259.79,9.91,0,1,0,ddos,decay,356.16,563.84
2026-01-28 15:02:42.251144,14.41,9.82,75.77,3290.07,5526.97,0.3,1523.94,2391.88,0.0,12,27,0,0.0,0,3328.5,4052.55,146.09,8.13,0,1,0,ddos,decay,358.04,561.96
2026-01-28 15:02:43.277205,13.0,12.33,74.67,5009.96,5661.44,0.3,1520.19,2395.64,0.0,12,27,0,0.0,0,3406.63,4709.92,165.97,18.68,0,1,0,ddos,decay,357.16,562.84
2026-01-28 15:02:44.293867,12.09,13.69,74.22,4198.02,5675.64,0.3,1520.19,2395.64,0.0,12,27,0,0.0,0,4616.52,5401.6,291.11,11.65,0,1,0,ddos,decay,357.16,562.84
2026-01-28 15:02:45.362026,12.65,9.92,77.43,2845.06,6038.98,0.3,1509.75,2406.08,0.0,12,27,0,0.0,0,3640.41,5149.65,219.43,25.95,0,1,0,ddos,decay,354.71,565.29
2026-01-28 15:02:46.384028,11.39,13.2,75.41,5173.76,3186.57,0.27,1511.96,2403.86,0.0,12,27,0,0.0,0,5583.65,3859.1,291.79,10.47,0,1,0,ddos,decay,355.23,564.77
2026-01-28 15:02:47.417214,13.49,13.43,73.08,2539.01,4354.31,0.27,1511.96,2403.86,0.0,12,27,0,0.0,0,3113.49,5995.47,244.68,21.19,0,1,0,ddos,decay,355.23,564.77
2026-01-28 15:02:48.535013,16.57,10.43,73.0,4027.21,6255.16,0.27,1517.68,2398.15,0.0,12,27,0,0.0,0,4339.11,5000.95,296.06,17.46,0,1,0,ddos,decay,356.57,563.43
2026-01-28 15:02:49.560084,17.96,11.24,70.8,2626.37,6867.94,0.27,1517.82,2398.01,0.0,12,27,0,0.0,0,4177.92,4084.62,147.69,6.48,0,1,0,ddos,decay,356.6,563.4
2026-01-28 15:02:50.642315,13.93,9.21,76.86,2414.35,4164.08,0.27,1513.27,2402.55,0.0,12,27,0,0.0,0,3437.58,5237.96,170.86,7.25,0,1,0,ddos,decay,355.53,564.47
2026-01-28 15:02:51.669549,16.08,10.62,73.3,3852.61,5115.77,0.25,1516.87,2398.95,0.0,12,27,0,0.0,0,3050.36,5466.47,176.12,15.23,0,1,0,ddos,decay,356.38,563.62
2026-01-28 15:02:52.821007,18.05,9.51,72.44,2673.56,5129.78,0.25,1516.87,2398.95,0.0,12,27,0,0.0,0,5382.08,4040.65,284.29,15.83,0,1,0,ddos,decay,356.38,563.62
2026-01-28 15:02:54.096829,17.61,12.23,70.16,3225.56,6128.74,0.25,1523.71,2392.11,0.0,11,25,0,0.0,0,5557.25,5792.52,106.22,7.31,0,1,0,ddos,decay,357.99,562.01
2026-01-28 15:02:55.139640,17.18,13.39,69.43,4852.63,7627.56,0.25,1512.21,2403.61,0.0,12,27,0,0.0,0,3781.16,3341.71,186.72,26.51,0,1,0,ddos,decay,355.29,564.71
2026-01-28 15:02:56.194743,16.48,13.05,70.47,5811.44,6934.69,0.23,1514.29,2401.54,0.0,12,27,0,0.0,0,3731.17,4908.33,296.95,25.12,0,1,0,ddos,decay,355.77,564.23
2026-01-28 15:02:57.265523,19.62,11.28,69.1,4038.94,5211.99,0.23,1518.29,2397.54,0.0,12,27,0,0.0,0,3941.7,5733.8,213.9,16.96,0,1,0,ddos,decay,356.71,563.29
2026-01-28 15:02:58.384548,12.05,13.97,73.98,2752.05,5933.44,0.23,1518.56,2397.27,0.0,12,27,0,0.0,0,3639.9,4607.62,152.97,25.25,0,1,0,ddos,decay,356.78,563.22
2026-01-28 15:02:59.423782,15.44,12.21,72.35,3162.25,7294.17,0.23,1516.89,2398.93,0.0,12,27,0,0.0,0,5557.41,5217.55,167.11,23.11,0,1,0,ddos,decay,356.38,563.62
2026-01-28 15:03:00.535418,17.62,13.53,68.85,3791.03,4616.36,0.23,1513.8,2402.03,0.0,12,27,0,0.0,0,5746.34,3822.9,224.34,22.88,0,1,0,ddos,decay,355.66,564.34
2026-01-28 15:03:01.567418,17.75,8.3,73.95,4010.84,6818.11,0.21,1520.96,2394.86,0.0,12,27,0,0.0,0,5886.53,3070.23,116.29,23.31,0,1,0,ddos,decay,357.34,562.66
2026-01-28 15:03:02.609609,14.15,12.11,73.74,4057.6,7436.52,0.21,1521.02,2394.81,0.0,12,27,0,0.0,0,3370.49,4954.89,115.93,24.21,0,1,0,ddos,decay,357.35,562.65
2026-01-28 15:03:03.666349,18.97,10.37,70.66,2073.67,5280.89,0.21,1522.37,2393.45,0.0,12,27,0,0.0,0,5431.0,3561.81,137.02,15.03,0,1,0,ddos,decay,357.67,562.33
2026-01-28 15:03:04.856930,14.51,8.47,77.02,2232.9,3518.52,0.21,1525.4,2390.43,0.0,12,27,0,0.0,0,5634.82,4934.71,229.29,20.87,0,1,0,ddos,decay,358.38,561.62
2026-01-28 15:03:06.073538,13.57,14.18,72.25,5773.97,6328.83,0.21,1525.75,2390.07,0.0,12,27,0,0.0,0,3624.54,5528.89,202.61,26.82,0,1,0,ddos,decay,358.47,561.53
2026-01-28 15:03:08.643739,16.91,13.52,69.57,3973.04,7606.66,0.2,1520.17,2395.65,0.0,12,27,0,0.0,0,3324.49,4832.68,212.6,5.67,0,1,0,ddos,decay,357.16,562.84
2026-01-28 15:03:09.674696,10.03,9.62,80.35,3076.53,7472.27,0.2,1509.75,2406.07,0.0,12,27,0,0.0,0,5187.38,5438.88,250.28,21.74,0,1,0,ddos,decay,354.71,565.29
2026-01-28 15:03:10.700284,19.89,10.87,69.24,2182.87,3778.91,0.2,1514.15,2401.67,0.0,12,27,0,0.0,0,4342.24,4968.32,235.42,19.81,0,1,0,ddos,decay,355.74,564.26
2026-01-28 15:03:11.733607,17.21,12.74,70.05,3397.32,6706.76,0.18,1514.15,2401.67,0.0,12,25,0,0.0,0,4108.55,4937.66,174.16,14.68,0,1,0,ddos,decay,355.74,564.26
2026-01-28 15:03:12.760347,17.19,9.4,73.41,5204.06,3968.45,0.18,1518.43,2397.39,0.0,12,27,0,0.0,0,5653.88,5617.35,282.66,23.92,0,1,0,ddos,decay,356.75,563.25
2026-01-28 15:03:13.786897,10.54,9.51,79.95,5439.99,7282.33,0.18,1514.93,2400.89,0.0,12,27,0,0.0,0,3955.84,3907.11,250.7,17.06,0,1,0,ddos,decay,355.92,564.08
2026-01-28 15:03:14.814168,17.04,11.14,71.82,4821.85,5828.03,0.18,1505.64,2410.18,0.0,12,27,0,0.0,0,3262.05,5294.41,139.6,11.94,0,1,0,ddos,decay,353.74,566.26
2026-01-28 15:03:15.846750,14.99,14.78,70.23,5787.72,5333.32,0.18,1512.82,2403.01,0.0,12,27,0,0.0,0,4697.53,5117.02,216.67,25.51,0,1,0,ddos,decay,355.43,564.57
2026-01-28 15:03:16.874154,11.5,12.65,75.85,2033.81,3245.54,0.17,1520.02,2395.81,0.0,12,27,0,0.0,0,5296.71,4336.87,270.99,5.16,0,1,0,ddos,decay,357.12,562.88
2026-01-28 15:03:17.900618,15.93,11.58,72.49,5555.86,4531.81,0.17,1521.12,2394.71,0.0,12,27,0,0.0,0,5124.15,5477.72,155.81,13.07,0,1,0,ddos,decay,357.38,562.62
2026-01-28 15:03:18.947419,16.81,12.2,70.99,5463.59,5194.53,0.17,1520.48,2395.34,0.0,12,27,0,0.0,0,3581.67,5058.88,139.63,27.65,0,1,0,ddos,decay,357.23,562.77
2026-01-28 15:03:19.974009,11.51,14.71,73.78,3542.7,5352.17,0.17,1523.68,2392.15,0.0,12,27,0,0.0,0,4211.67,5651.41,107.34,26.4,0,1,0,ddos,decay,357.98,562.02
2026-01-28 15:03:21.165030,16.22,12.47,71.31,3199.49,6184.92,0.15,1519.86,2395.96,0.0,12,27,0,0.0,0,3095.26,3996.74,108.58,5.06,0,1,0,ddos,decay,357.08,562.92
2026-01-28 15:03:22.202716,11.45,10.42,78.13,4342.68,3571.33,0.15,1521.48,2394.34,0.0,12,27,0,0.0,0,4052.41,4523.39,126.23,24.79,0,1,0,ddos,decay,357.46,562.54
2026-01-28 15:03:23.439766,17.6,12.35,70.05,3022.72,4528.69,0.15,1518.05,2397.77,0.0,12,27,0,0.0,0,4047.89,3531.53,141.68,6.93,0,1,0,ddos,decay,356.66,563.34
2026-01-28 15:03:24.459381,12.06,9.92,78.02,4169.25,7114.49,0.15,1518.75,2397.07,0.0,12,27,0,0.0,0,5516.58,3745.37,110.51,12.33,0,1,0,ddos,decay,356.82,563.18
2026-01-28 15:03:25.491107,13.29,9.11,77.6,3595.99,7557.32,0.15,1515.67,2400.16,0.0,12,27,0,0.0,0,5386.25,5772.97,255.83,9.77,0,1,0,ddos,decay,356.1,563.9
2026-01-28 15:03:26.513315,14.55,12.72,72.73,4949.52,3099.33,0.14,1513.82,2402.0,0.0,12,27,0,0.0,0,5222.81,4666.85,224.42,29.87,0,1,0,ddos,decay,355.66,564.34
2026-01-28 15:03:27.551721,16.78,13.71,69.51,4365.02,6276.35,0.14,1519.66,2396.17,0.0,12,27,0,0.0,0,4849.44,3687.53,217.39,17.98,0,1,0,ddos,decay,357.03,562.97
2026-01-28 15:03:28.595819,17.67,10.38,71.95,4271.39,3020.11,0.14,1519.79,2396.04,0.0,12,27,0,0.0,0,5736.28,5904.41,285.01,6.72,0,1,0,ddos,decay,357.07,562.93
2026-01-28 15:03:29.624873,19.3,10.58,70.12,5850.98,4191.78,0.14,1514.53,2401.3,0.0,12,27,0,0.0,0,4694.02,4364.3,244.96,21.31,0,1,0,ddos,decay,355.83,564.17
2026-01-28 15:03:30.653651,16.23,13.31,70.46,2313.63,7689.56,0.14,1513.85,2401.97,0.0,12,27,0,0.0,0,5546.01,5095.84,206.9,21.11,0,1,0,ddos,decay,355.67,564.33
2026-01-28 15:03:31.856346,17.33,13.26,69.41,5259.15,5745.12,0.29,1520.09,2395.74,0.0,12,27,0,0.0,0,5204.3,3463.47,216.65,26.0,0,1,0,ddos,decay,357.14,562.86
2026-01-28 15:03:32.970675,15.8,11.24,72.96,3918.27,7477.55,0.29,1520.09,2395.74,0.0,12,27,0,0.0,0,3363.69,4470.38,113.67,21.4,0,1,0,ddos,decay,357.14,562.86
2026-01-28 15:03:34.032793,14.24,9.22,76.54,5391.55,5580.61,0.29,1508.64,2407.18,0.0,12,27,0,0.0,0,4112.31,4040.79,256.98,25.62,0,1,0,ddos,decay,354.45,565.55
2026-01-28 15:03:36.010802,14.37,11.89,73.74,4695.52,7560.1,0.29,1511.1,2404.72,0.0,12,27,0,0.0,0,5858.17,3410.51,158.39,5.21,0,1,0,ddos,decay,355.02,564.98
2026-01-28 15:03:37.059238,16.26,11.51,72.23,4081.15,6341.45,0.27,1516.82,2399.0,0.0,12,27,0,0.0,0,4836.07,5253.28,241.59,18.61,0,1,0,ddos,decay,356.37,563.63
2026-01-28 15:03:38.358356,16.31,13.22,70.47,5696.5,5455.95,0.27,1514.82,2401.01,0.0,11,25,0,0.0,0,3981.9,5723.06,193.09,7.66,0,1,0,ddos,decay,355.9,564.1
2026-01-28 15:03:39.927492,19.36,8.05,72.59,4009.54,7059.93,0.27,1517.52,2398.3,0.0,12,27,0,0.0,0,3233.67,5456.32,185.16,15.12,0,1,0,ddos,decay,356.53,563.47
2026-01-28 15:03:41.024184,13.19,13.43,73.38,4533.66,7018.9,0.27,1518.7,2397.13,0.0,12,27,0,0.0,0,3259.46,3241.53,219.54,10.0,0,1,0,ddos,decay,356.81,563.19
2026-01-28 15:03:42.145445,19.09,8.67,72.24,5323.26,3152.42,0.24,1512.99,2402.84,0.0,12,27,0,0.0,0,3286.47,3524.07,136.95,27.38,0,1,0,ddos,decay,355.47,564.53
2026-01-28 15:03:43.199965,14.5,11.75,73.75,4719.68,3576.84,0.24,1513.13,2402.69,0.0,12,27,0,0.0,0,3758.18,3437.41,144.17,11.85,0,1,0,ddos,decay,355.5,564.5
2026-01-28 15:03:44.300940,17.29,11.06,71.65,2406.98,7354.94,0.24,1520.68,2395.14,0.0,12,27,0,0.0,0,5491.35,4294.94,116.44,9.16,0,1,0,ddos,decay,357.28,562.72
2026-01-28 15:03:45.342624,10.08,8.63,81.29,3303.83,6581.43,0.24,1511.51,2404.32,0.0,11,25,0,0.0,0,5924.36,5381.68,170.93,25.75,0,1,0,ddos,decay,355.12,564.88
2026-01-28 15:03:46.654826,17.58,10.88,71.54,4584.96,3219.69,0.22,1511.58,2404.25,0.0,12,25,0,0.0,0,5888.77,5922.48,154.92,16.45,0,1,0,ddos,decay,355.14,564.86
2026-01-28 15:03:47.777337,13.62,12.15,74.23,3331.31,3035.12,0.22,1511.82,2404.0,0.0,12,27,0,0.0,0,5890.14,4738.43,250.67,14.53,0,1,0,ddos,decay,355.19,564.81
2026-01-28 15:03:49.155895,19.51,14.58,65.91,5354.56,5269.55,0.22,1509.61,2406.21,0.0,12,27,0,0.0,0,5662.82,5284.87,193.76,24.72,0,1,0,ddos,decay,354.67,565.33
2026-01-28 15:03:50.580940,17.83,9.12,73.05,5169.81,3383.16,0.22,1511.38,2404.44,0.0,12,27,0,0.0,0,4617.67,4773.03,171.24,16.92,0,1,0,ddos,decay,355.09,564.91
2026-01-28 15:03:51.597577,12.43,13.82,73.75,2154.16,7827.86,0.29,1514.78,2401.04,0.0,12,27,0,0.0,0,4060.31,3524.71,173.96,24.39,0,1,0,ddos,decay,355.89,564.11
2026-01-28 15:03:52.686376,19.18,11.23,69.59,4778.13,3512.42,0.29,1519.02,2396.81,0.0,12,27,0,0.0,0,3009.35,3744.43,258.6,23.93,0,1,0,ddos,decay,356.88,563.12
2026-01-28 15:03:53.783146,12.74,8.97,78.29,3339.5,6588.63,0.29,1519.02,2396.81,0.0,12,27,0,0.0,0,5027.77,3988.05,170.39,12.54,0,1,0,ddos,decay,356.88,563.12
2026-01-28 15:03:54.809813,13.97,14.77,71.26,2052.46,4845.73,0.29,1524.49,2391.33,0.0,12,27,0,0.0,0,4323.54,3596.84,221.13,24.07,0,1,0,ddos,decay,358.17,561.83
2026-01-28 15:03:55.843698,11.45,8.64,79.91,2465.02,6328.73,0.29,1523.05,2392.78,0.0,12,27,0,0.0,0,3501.95,4523.84,162.11,10.53,0,1,0,ddos,decay,357.83,562.17
2026-01-28 15:03:56.860959,16.23,11.24,72.53,5378.59,5653.42,0.26,1520.6,2395.22,0.0,12,27,0,0.0,0,4004.11,3526.55,292.29,26.5,0,1,0,ddos,decay,357.26,562.74
2026-01-28 15:03:58.074611,10.7,11.8,77.5,3392.61,5251.02,0.26,1517.71,2398.12,0.0,12,27,0,0.0,0,4768.79,3580.88,251.63,12.42,0,1,0,ddos,decay,356.58,563.42
2026-01-28 15:03:59.169780,10.29,14.02,75.69,4079.57,6393.22,0.26,1521.71,2394.12,0.0,12,27,0,0.0,0,5324.32,4675.16,270.21,28.43,0,1,0,ddos,decay,357.52,562.48
2026-01-28 15:04:00.194393,18.99,13.23,67.78,3997.72,7685.49,0.26,1511.71,2404.12,0.0,12,27,0,0.0,0,4174.61,4271.46,119.06,12.86,0,1,0,ddos,decay,355.17,564.83
2026-01-28 15:04:01.216834,12.57,9.77,77.66,3106.97,6130.72,0.24,1514.09,2401.73,0.0,12,27,0,0.0,0,3397.13,5710.5,191.01,14.92,0,1,0,ddos,decay,355.73,564.27
2026-01-28 15:04:02.246379,17.18,12.48,70.34,3002.07,5350.07,0.24,1516.55,2399.27,0.0,12,27,0,0.0,0,5153.26,3844.22,143.9,28.69,0,1,0,ddos,decay,356.3,563.7
2026-01-28 15:04:03.274854,18.92,13.03,68.05,5712.2,7916.49,0.24,1522.14,2393.68,0.0,12,27,0,0.0,0,5398.43,5639.01,162.18,28.46,0,1,0,ddos,decay,357.62,562.38
2026-01-28 15:04:04.480993,10.29,8.24,81.47,2512.44,5961.4,0.24,1523.71,2392.11,0.0,12,27,0,0.0,0,5905.8,4171.37,246.12,6.05,0,1,0,ddos,decay,357.99,562.01
2026-01-28 15:04:05.560838,19.84,12.53,67.63,4491.88,7761.98,0.24,1517.71,2398.11,0.0,12,27,0,0.0,0,4768.59,5829.74,155.95,26.36,0,1,0,ddos,decay,356.58,563.42
2026-01-28 15:04:06.584315,18.49,8.98,72.53,5596.17,4154.9,0.22,1524.17,2391.66,0.0,12,27,0,0.0,0,4153.85,3919.87,189.84,10.87,0,1,0,ddos,decay,358.09,561.91
2026-01-28 15:04:07.677828,12.66,8.62,78.72,3118.27,7846.47,0.22,1524.41,2391.41,0.0,12,25,0,0.0,0,4325.18,5223.38,191.3,23.25,0,1,0,ddos,decay,358.15,561.85
2026-01-28 15:04:08.699816,13.79,13.9,72.31,5758.27,5972.84,0.22,1523.85,2391.97,0.0,12,27,0,0.0,0,3327.13,4537.53,264.24,22.9,0,1,0,ddos,decay,358.02,561.98
2026-01-28 15:04:09.728047,17.97,9.41,72.62,4096.3,4206.63,0.22,1516.76,2399.06,0.0,12,27,0,0.0,0,3808.24,5879.57,264.24,19.19,0,1,0,ddos,decay,356.35,563.65
2026-01-28 15:04:10.751240,10.86,11.02,78.12,3095.26,7294.69,0.22,1520.76,2395.06,0.0,12,27,0,0.0,0,5531.55,5461.99,246.17,20.75,0,1,0,ddos,decay,357.29,562.71
2026-01-28 15:04:11.782176,16.93,14.55,68.52,4534.06,7815.88,0.2,1520.76,2395.06,0.0,12,27,0,0.0,0,3037.09,4510.22,264.65,28.17,0,1,0,ddos,decay,357.29,562.71
2026-01-28 15:04:12.834662,13.48,11.74,74.78,2473.09,5376.72,0.2,1520.76,2395.06,0.0,12,27,0,0.0,0,5945.07,4011.69,269.2,5.22,0,1,0,ddos,decay,357.29,562.71
2026-01-28 15:04:13.856014,13.76,9.67,76.57,5215.48,3302.93,0.2,1514.55,2401.27,0.0,12,27,0,0.0,0,4954.4,5218.61,151.67,29.52,0,1,0,ddos,decay,355.84,564.16
2026-01-28 15:04:14.880640,18.86,10.21,70.93,5768.54,4449.24,0.2,1511.2,2404.62,0.0,12,27,0,0.0,0,4824.45,4495.17,118.52,13.38,0,1,0,ddos,decay,355.05,564.95
2026-01-28 15:04:15.908227,18.51,13.87,67.62,4065.62,3431.16,0.2,1507.31,2408.51,0.0,12,27,0,0.0,0,5021.75,5064.08,100.51,22.81,0,1,0,ddos,decay,354.13,565.87
2026-01-28 15:04:16.932751,17.78,9.17,73.05,3719.57,4145.2,0.19,1516.58,2399.25,0.0,12,27,0,0.0,0,5803.84,3223.78,256.69,18.16,0,1,0,ddos,decay,356.31,563.69
2026-01-28 15:04:17.949601,12.16,11.17,76.67,5171.73,5428.39,0.19,1521.45,2394.38,0.0,12,27,0,0.0,0,4729.87,4713.87,146.38,11.28,0,1,0,ddos,decay,357.46,562.54
2026-01-28 15:04:18.969232,18.56,14.19,67.25,2823.51,6888.3,0.19,1509.16,2406.67,0.0,12,27,0,0.0,0,4629.63,5458.37,290.83,27.08,0,1,0,ddos,decay,354.57,565.43
2026-01-28 15:04:19.998606,16.63,11.27,72.1,5346.68,5796.22,0.19,1510.57,2405.25,0.0,12,27,0,0.0,0,5281.55,4004.44,256.61,20.16,0,1,0,ddos,decay,354.9,565.1
2026-01-28 15:04:21.064004,10.99,13.81,75.2,2643.53,6093.17,0.19,1510.6,2405.23,0.0,12,26,0,0.0,0,3139.88,3139.03,244.88,24.03,0,1,0,ddos,decay,354.91,565.09
2026-01-28 15:04:22.092891,12.5,11.02,76.48,3448.51,4859.75,0.17,1511.75,2404.07,0.0,12,27,0,0.0,0,5194.61,3307.85,227.47,25.32,0,1,0,ddos,decay,355.18,564.82
2026-01-28 15:04:23.244153,18.73,13.78,67.49,5913.71,3450.55,0.17,1516.03,2399.8,0.0,12,27,0,0.0,0,5123.61,3903.74,230.92,17.59,0,1,0,ddos,decay,356.18,563.82
2026-01-28 15:04:24.274409,16.52,8.2,75.28,4967.09,3431.36,0.17,1516.12,2399.7,0.0,12,27,0,0.0,0,3917.58,3402.11,268.59,23.39,0,1,0,ddos,decay,356.2,563.8
2026-01-28 15:04:25.303314,18.05,13.28,68.67,4296.87,4035.94,0.17,1516.12,2399.7,0.0,12,27,0,0.0,0,5506.65,3948.68,205.73,17.8,0,1,0,ddos,decay,356.2,563.8
2026-01-28 15:04:26.331000,17.02,14.97,68.01,5093.24,7218.8,0.16,1516.12,2399.7,0.0,12,27,0,0.0,0,4303.24,3565.92,257.3,15.14,0,1,0,ddos,decay,356.2,563.8
2026-01-28 15:04:27.359047,17.01,11.52,71.47,4393.97,3727.17,0.16,1516.27,2399.55,0.0,12,27,0,0.0,0,4283.96,5876.32,247.8,12.4,0,1,0,ddos,decay,356.24,563.76
2026-01-28 15:04:28.389059,19.55,10.98,69.47,2806.36,4406.49,0.16,1516.27,2399.55,0.0,12,27,0,0.0,0,3210.62,4745.45,113.75,11.04,0,1,0,ddos,decay,356.24,563.76
2026-01-28 15:04:29.415563,13.74,9.69,76.57,3047.6,3037.58,0.16,1509.32,2406.5,0.0,12,27,0,0.0,0,5217.48,4736.56,182.84,14.16,0,1,0,ddos,decay,354.61,565.39
2026-01-28 15:04:30.445127,10.07,11.68,78.25,2661.44,4173.42,0.16,1518.06,2397.77,0.0,12,27,0,0.0,0,5456.46,5359.73,113.92,25.52,0,1,0,ddos,decay,356.66,563.34
2026-01-28 15:04:31.472360,15.91,13.57,70.52,5407.06,7437.94,0.23,1513.79,2402.03,0.0,12,27,0,0.0,0,3872.29,3403.73,285.37,21.32,0,1,0,ddos,decay,355.66,564.34
2026-01-28 15:04:32.505744,12.82,13.34,73.84,2654.26,5260.9,0.23,1518.04,2397.79,0.0,12,27,0,0.0,0,3120.93,4724.14,294.73,12.21,0,1,0,ddos,decay,356.65,563.35
2026-01-28 15:04:33.530871,17.44,10.44,72.12,4907.46,5850.33,0.23,1512.04,2403.79,0.0,12,27,0,0.0,0,5835.71,3286.6,192.07,26.95,0,1,0,ddos,decay,355.24,564.76
2026-01-28 15:04:34.555007,14.59,9.24,76.17,4820.5,4929.9,0.23,1516.88,2398.94,0.0,12,27,0,0.0,0,5383.74,3306.1,185.74,13.55,0,1,0,ddos,decay,356.38,563.62
2026-01-28 15:04:35.576938,16.91,8.19,74.9,4591.92,7480.81,0.23,1511.37,2404.45,0.0,12,27,0,0.0,0,4617.22,3991.13,173.73,23.07,0,1,0,ddos,decay,355.09,564.91
2026-01-28 15:04:36.609364,19.15,10.16,70.69,2072.11,7441.43,0.21,1511.83,2404.0,0.0,12,27,0,0.0,0,3694.58,4807.71,258.95,21.54,0,1,0,ddos,decay,355.2,564.8
2026-01-28 15:04:37.638331,13.17,9.21,77.62,4769.34,4156.86,0.21,1511.89,2403.93,0.0,12,27,0,0.0,0,3786.94,4576.09,231.83,9.88,0,1,0,ddos,decay,355.21,564.79
2026-01-28 15:04:38.666140,18.4,13.73,67.87,5122.02,4343.75,0.21,1508.78,2407.05,0.0,12,27,0,0.0,0,4583.0,5979.29,144.62,22.82,0,1,0,ddos,decay,354.48,565.52
2026-01-28 15:04:39.695059,11.89,13.66,74.45,4921.73,6380.19,0.21,1512.21,2403.61,0.0,12,27,0,0.0,0,5051.98,4464.53,103.81,19.38,0,1,0,ddos,decay,355.29,564.71
2026-01-28 15:04:40.721426,13.17,10.46,76.37,4809.65,7450.62,0.21,1512.46,2403.36,0.0,12,27,0,0.0,0,3383.28,5541.09,128.68,29.03,0,1,0,ddos,decay,355.34,564.66
2026-01-28 15:04:41.748216,10.36,8.64,81.0,2335.95,3712.38,0.19,1514.41,2401.41,0.0,12,27,0,0.0,0,4911.39,5305.3,155.99,25.48,0,1,0,ddos,decay,355.8,564.2
2026-01-28 15:04:42.769913,12.59,9.05,78.36,5347.55,6673.99,0.19,1514.43,2401.39,0.0,12,27,0,0.0,0,5340.33,4623.18,235.49,18.81,0,1,0,ddos,decay,355.81,564.19
2026-01-28 15:04:43.875724,18.81,9.54,71.65,5458.69,4919.32,0.19,1510.0,2405.82,0.0,12,27,0,0.0,0,4009.27,3427.55,132.54,14.52,0,1,0,ddos,decay,354.77,565.23
2026-01-28 15:04:44.923525,14.86,12.05,73.09,3918.74,7121.32,0.19,1512.99,2402.83,0.0,12,27,0,0.0,0,3360.53,5501.8,226.44,21.39,0,1,0,ddos,decay,355.47,564.53
2026-01-28 15:04:45.972311,19.12,12.22,68.66,2450.48,6725.9,0.19,1511.26,2404.56,0.0,12,27,0,0.0,0,3497.71,3053.78,260.29,15.68,0,1,0,ddos,decay,355.06,564.94
2026-01-28 15:04:47.033712,11.73,11.54,76.73,4879.13,7111.89,0.17,1515.51,2400.32,0.0,12,27,0,0.0,0,4317.13,5405.34,186.1,6.69,0,1,0,ddos,decay,356.06,563.94
2026-01-28 13:18:12.843264,1.31,0.79,97.9,381.0,766.0,0.53,1422.4,2493.42,0.0,9,18,0,0.0,0,98.0,98.0,9.0,0.0,0,0,0,none,onset,334.18,585.82
2026-01-28 13:18:13.886495,1.77,0.76,97.47,366.0,654.0,0.53,1427.57,2488.25,0.0,9,18,0,0.0,0,0.0,0.0,9.0,0.0,0,0,0,none,onset,335.4,584.6
2026-01-28 13:18:14.902295,0.0,0.0,100.0,161.0,337.0,0.49,1426.9,2488.92,0.0,9,18,0,0.0,0,0.0,0.0,9.0,0.0,0,0,0,none,onset,335.24,584.76
2026-01-28 13:18:15.925224,0.5,0.75,98.75,179.0,359.0,0.49,1424.44,2491.38,0.0,9,18,0,0.0,0,0.0,0.0,9.0,0.0,0,0,0,none,onset,334.66,585.34
2026-01-28 13:18:16.951671,0.25,0.25,99.5,271.0,403.0,0.49,1421.94,2493.89,0.0,9,18,0,0.0,0,0.0,0.0,9.0,0.0,0,0,0,none,onset,334.08,585.92
2026-01-28 13:18:17.972654,0.0,0.0,100.0,135.0,269.0,0.49,1421.91,2493.91,0.0,9,18,0,0.0,0,0.0,0.0,9.0,0.0,0,0,0,none,onset,334.07,585.93
2026-01-28 13:18:18.997460,0.5,0.25,99.26,75.0,138.0,0.49,1422.06,2493.77,0.0,9,18,0,0.0,0,0.0,0.0,9.0,0.0,0,0,0,none,onset,334.1,585.9
2026-01-28 13:18:20.030878,0.52,0.77,98.71,447.0,557.0,0.45,1428.87,2486.96,0.0,9,18,0,0.0,0,0.0,0.0,9.0,0.0,0,0,0,none,onset,335.7,584.3
2026-01-28 13:18:21.104832,0.24,0.24,99.53,149.0,300.0,0.45,1428.87,2486.96,0.0,9,18,0,0.0,0,0.0,0.0,9.0,0.0,0,0,0,none,onset,335.7,584.3
2026-01-28 13:18:22.129541,0.25,0.0,99.75,192.0,309.0,0.45,1428.87,2486.96,0.0,9,18,0,0.0,0,0.0,0.0,9.0,0.0,0,0,0,none,onset,335.7,584.3
2026-01-28 13:18:23.154714,1.03,0.52,98.45,338.0,498.0,0.45,1429.26,2486.57,0.0,9,18,0,0.0,0,98.0,98.0,9.0,0.0,0,0,0,none,onset,335.8,584.2
2026-01-28 13:18:24.186119,0.25,0.25,99.51,82.0,247.0,0.45,1429.26,2486.57,0.0,9,18,0,0.0,0,0.0,0.0,9.0,0.0,0,0,0,none,onset,335.8,584.2
2026-01-28 13:18:25.216954,1.54,0.51,97.95,405.0,688.0,0.41,1425.34,2490.48,0.0,9,18,0,0.0,0,0.0,0.0,9.0,0.0,0,0,0,none,onset,334.88,585.12
2026-01-28 13:18:26.243115,0.5,0.25,99.25,196.0,349.0,0.41,1425.34,2490.48,0.0,9,18,0,0.0,0,0.0,0.0,9.0,0.0,0,0,0,none,onset,334.88,585.12
2026-01-28 13:18:27.274490,0.0,0.0,100.0,75.0,222.0,0.41,1425.34,2490.48,0.0,9,18,0,0.0,0,0.0,0.0,9.0,0.0,0,0,0,none,onset,334.88,585.12
2026-01-28 13:18:28.297773,0.25,0.25,99.5,173.0,212.0,0.41,1425.34,2490.48,0.0,9,18,0,0.0,0,0.0,0.0,9.0,0.0,0,0,0,none,onset,334.88,585.12
2026-01-28 13:18:29.324203,0.25,0.25,99.5,130.0,327.0,0.41,1425.34,2490.48,0.0,9,18,0,0.0,0,0.0,0.0,9.0,0.0,0,0,0,none,onset,334.88,585.12
2026-01-28 13:18:30.347130,1.77,0.76,97.47,270.0,616.0,0.38,1425.34,2490.48,0.0,9,18,0,0.0,0,0.0,0.0,9.0,0.0,0,0,0,none,onset,334.88,585.12
2026-01-28 13:18:31.374149,0.25,0.25,99.5,136.0,242.0,0.38,1425.34,2490.48,0.0,9,18,0,0.0,0,0.0,0.0,9.0,0.0,0,0,0,none,onset,334.88,585.12
2026-01-28 13:18:32.407783,0.0,0.0,100.0,80.0,105.0,0.38,1425.34,2490.48,0.0,9,18,0,0.0,0,0.0,0.0,9.0,0.0,0,0,0,none,onset,334.88,585.12
2026-01-28 13:18:33.431196,0.25,0.25,99.5,139.0,300.0,0.38,1426.93,2488.89,0.0,9,18,0,0.0,0,0.0,0.0,9.0,0.0,0,0,0,none,onset,335.25,584.75
2026-01-28 13:18:34.448015,1.27,0.76,97.97,199.0,519.0,0.38,1423.88,2491.94,0.0,9,18,0,0.0,0,98.0,98.0,9.0,0.0,0,0,0,none,onset,334.53,585.47
2026-01-28 13:18:35.475927,1.79,0.26,97.96,320.0,575.0,0.35,1426.25,2489.57,0.0,9,18,0,0.0,0,0.0,0.0,9.0,0.0,0,0,0,none,onset,335.09,584.91
2026-01-28 13:18:36.523615,0.5,0.25,99.24,207.0,464.0,0.35,1432.74,2483.09,0.0,9,18,0,0.0,0,0.0,0.0,9.0,0.0,0,0,0,none,onset,336.61,583.39
2026-01-28 13:18:39.013178,0.0,0.21,99.79,298.0,766.0,0.35,1432.74,2483.09,0.0,9,18,0,0.0,0,84.0,84.0,9.0,0.0,0,0,0,none,onset,336.61,583.39
2026-01-28 13:18:40.867205,0.28,0.14,99.59,323.0,541.0,0.32,1432.74,2483.09,0.0,9,18,0,0.0,0,0.0,0.0,9.0,0.0,0,0,0,none,onset,336.61,583.39
2026-01-28 13:18:41.918748,0.51,0.51,98.98,288.0,660.0,0.32,1431.2,2484.63,0.0,9,18,0,0.0,0,0.0,0.0,9.0,0.0,0,0,0,none,onset,336.25,583.75
2026-01-28 13:18:43.014036,0.0,0.23,99.77,165.0,249.0,0.32,1431.19,2484.63,0.0,9,18,0,0.0,0,0.0,0.0,9.0,0.0,0,0,0,none,onset,336.25,583.75
2026-01-28 13:18:46.423280,0.23,0.08,99.7,578.0,839.0,0.38,1436.24,2479.58,0.0,9,18,0,0.0,0,98.0,98.0,9.0,0.0,0,0,0,none,onset,337.44,582.56
2026-01-28 13:18:47.446970,0.0,0.25,99.75,161.0,401.0,0.38,1436.26,2479.56,0.0,9,18,0,0.0,0,0.0,0.0,9.0,0.0,0,0,0,none,onset,337.44,582.56
2026-01-28 13:18:49.011306,0.16,0.16,99.67,156.0,313.0,0.38,1436.27,2479.55,0.0,9,18,0,0.0,0,0.0,0.0,9.0,0.0,0,0,0,none,onset,337.44,582.56
2026-01-28 13:18:51.506932,0.1,0.1,99.79,315.0,656.0,0.35,1433.77,2482.05,0.0,9,18,0,0.0,0,0.0,0.0,9.0,0.0,0,0,0,none,onset,336.86,583.14
2026-01-28 13:18:52.683189,0.22,0.22,99.56,183.0,609.0,0.35,1433.77,2482.05,0.0,9,18,0,0.0,0,0.0,0.0,9.0,0.0,0,0,0,none,onset,336.86,583.14
2026-01-28 13:18:53.715060,0.25,0.25,99.5,176.0,343.0,0.35,1433.77,2482.05,0.0,9,18,0,0.0,0,0.0,0.0,9.0,0.0,0,0,0,none,onset,336.86,583.14
2026-01-28 13:18:54.810238,0.0,0.0,100.0,88.0,205.0,0.35,1433.77,2482.05,0.0,9,18,0,0.0,0,0.0,0.0,9.0,0.0,0,0,0,none,onset,336.86,583.14
2026-01-28 13:18:55.914655,0.71,0.71,98.58,258.0,590.0,0.4,1433.77,2482.05,0.0,9,18,0,0.0,0,98.0,98.0,9.0,0.0,0,0,0,none,onset,336.86,583.14
2026-01-28 13:18:57.449159,1.18,0.34,98.48,329.0,660.0,0.4,1433.77,2482.06,0.0,9,18,0,0.0,0,0.0,0.0,9.0,0.0,0,0,0,none,onset,336.86,583.14
2026-01-28 13:18:58.808019,0.0,0.19,99.81,201.0,431.0,0.4,1433.77,2482.06,0.0,9,18,0,0.0,0,0.0,0.0,9.0,0.0,0,0,0,none,onset,336.86,583.14
2026-01-28 13:19:01.074744,0.11,0.11,99.78,342.0,515.0,0.37,1433.77,2482.06,0.0,9,18,0,0.0,0,0.0,0.0,9.0,0.0,0,0,0,none,onset,336.86,583.14
2026-01-28 13:19:02.095480,0.25,0.51,99.24,159.0,279.0,0.37,1437.77,2478.06,0.0,9,18,0,0.0,0,0.0,0.0,9.0,0.0,0,0,0,none,onset,337.8,582.2
2026-01-28 13:19:03.164049,0.25,0.25,99.51,229.0,519.0,0.37,1433.77,2482.06,0.0,9,18,0,0.0,0,0.0,0.0,9.0,0.0,0,0,0,none,onset,336.86,583.14
2026-01-28 13:19:04.342668,0.22,0.22,99.57,135.0,325.0,0.37,1433.76,2482.07,0.0,9,18,0,0.0,0,0.0,0.0,9.0,0.0,0,0,0,none,onset,336.85,583.15
2026-01-28 13:19:05.699639,1.33,0.38,98.29,291.0,862.0,0.34,1425.76,2490.07,0.0,9,18,0,0.0,0,98.0,98.0,9.0,0.0,0,0,0,none,onset,334.97,585.03
2026-01-28 13:19:06.927948,1.69,0.63,97.67,294.0,705.0,0.34,1427.28,2488.54,0.0,9,18,0,0.0,0,0.0,0.0,9.0,0.0,0,0,0,none,onset,335.33,584.67
2026-01-28 13:19:08.088892,1.35,0.68,97.97,386.0,717.0,0.34,1426.62,2489.2,0.0,9,18,0,0.0,0,0.0,0.0,9.0,0.0,0,0,0,none,onset,335.18,584.82
2026-01-28 13:19:09.129158,0.24,0.49,99.27,170.0,256.0,0.34,1426.62,2489.2,0.0,9,18,0,0.0,0,0.0,0.0,9.0,0.0,0,0,0,none,onset,335.18,584.82
2026-01-28 13:19:10.159446,0.0,0.0,100.0,71.0,127.0,0.31,1426.62,2489.2,0.0,9,18,0,0.0,0,0.0,0.0,9.0,0.0,0,0,0,none,onset,335.18,584.82
2026-01-28 13:19:11.181010,0.5,0.25,99.25,249.0,347.0,0.31,1426.62,2489.2,0.0,9,18,0,0.0,0,42.0,42.0,9.0,0.0,0,0,0,none,onset,335.18,584.82
2026-01-28 13:19:12.219409,0.25,0.0,99.75,70.0,85.0,0.31,1426.62,2489.2,0.0,9,18,0,0.0,0,0.0,0.0,9.0,0.0,0,0,0,none,onset,335.18,584.82
2026-01-28 13:19:13.247072,0.76,0.5,98.74,243.0,364.0,0.31,1431.43,2484.4,0.0,9,18,0,0.0,0,0.0,0.0,9.0,0.0,0,0,0,none,onset,336.31,583.69
2026-01-28 13:19:14.263675,0.25,0.0,99.75,114.0,247.0,0.31,1431.48,2484.34,0.0,9,18,0,0.0,0,0.0,0.0,9.0,0.0,0,0,0,none,onset,336.32,583.68
2026-01-28 13:19:15.281688,0.76,0.76,98.48,359.0,494.0,0.29,1436.07,2479.75,0.0,9,18,0,0.0,0,0.0,98.0,9.0,0.0,0,0,0,none,onset,337.4,582.6
2026-01-28 13:19:16.300816,0.5,0.25,99.25,215.0,312.0,0.29,1432.07,2483.75,0.0,9,18,0,0.0,0,98.0,0.0,9.0,0.0,0,0,0,none,onset,336.46,583.54
2026-01-28 13:19:17.322175,0.0,0.0,100.0,140.0,140.0,0.29,1432.07,2483.75,0.0,9,18,0,0.0,0,0.0,0.0,9.0,0.0,0,0,0,none,onset,336.46,583.54
2026-01-28 13:19:18.353753,0.26,0.51,99.23,355.0,309.0,0.29,1428.91,2486.92,0.0,9,18,0,0.0,0,0.0,0.0,9.0,0.0,0,0,0,none,onset,335.71,584.29
2026-01-28 13:19:19.388487,0.0,0.0,100.0,183.0,425.0,0.29,1429.1,2486.73,0.0,9,18,0,0.0,0,0.0,0.0,9.0,0.0,0,0,0,none,onset,335.76,584.24
2026-01-28 13:19:20.418066,0.0,0.0,100.0,156.0,158.0,0.26,1429.1,2486.73,0.0,9,18,0,0.0,0,0.0,0.0,9.0,0.0,0,0,0,none,onset,335.76,584.24
2026-01-28 13:19:21.434636,0.0,0.25,99.75,117.0,291.0,0.26,1429.1,2486.73,0.0,9,18,0,0.0,0,0.0,0.0,9.0,0.0,0,0,0,none,onset,335.76,584.24
2026-01-28 13:19:22.466793,0.49,0.0,99.51,96.0,259.0,0.26,1429.1,2486.73,0.0,9,18,0,0.0,0,0.0,0.0,9.0,0.0,0,0,0,none,onset,335.76,584.24
2026-01-28 13:19:23.497085,1.26,0.5,98.24,258.0,554.0,0.26,1432.12,2483.71,0.0,8,16,0,0.0,0,0.0,0.0,8.0,0.0,0,0,0,none,onset,336.47,583.53
2026-01-28 13:19:24.511765,1.02,0.26,98.72,215.0,496.0,0.26,1436.33,2479.5,0.0,9,18,0,0.0,0,0.0,0.0,9.0,0.0,0,0,0,none,onset,337.46,582.54
2026-01-28 13:19:25.549192,0.24,0.0,99.76,119.0,216.0,0.24,1436.33,2479.5,0.0,9,18,0,0.0,0,0.0,0.0,9.0,0.0,0,0,0,none,onset,337.46,582.54
2026-01-28 13:19:26.581655,1.53,1.02,97.46,313.0,807.0,0.24,1440.57,2475.25,0.0,9,18,0,0.0,0,98.0,98.0,9.0,0.0,0,0,0,none,onset,338.45,581.55
2026-01-28 13:19:27.607845,0.25,0.0,99.75,126.0,290.0,0.24,1440.57,2475.25,0.0,9,18,0,0.0,0,0.0,0.0,9.0,0.0,0,0,0,none,onset,338.45,581.55
2026-01-28 13:19:28.632514,0.75,0.5,98.75,184.0,447.0,0.24,1444.82,2471.0,0.0,9,18,0,0.0,0,0.0,0.0,9.0,0.0,0,0,0,none,onset,339.45,580.55
2026-01-28 13:19:29.747808,1.39,0.46,98.14,267.0,605.0,0.24,1444.82,2471.0,0.0,9,18,0,0.0,0,0.0,0.0,9.0,0.0,0,0,0,none,onset,339.45,580.55
2026-01-28 13:19:30.949356,0.0,0.21,99.79,144.0,306.0,0.22,1444.81,2471.01,0.0,9,18,0,0.0,0,42.0,42.0,9.0,0.0,0,0,0,none,onset,339.45,580.55
2026-01-28 13:19:32.011846,0.0,0.0,100.0,91.0,220.0,0.22,1444.81,2471.01,0.0,9,18,0,0.0,0,0.0,0.0,9.0,0.0,0,0,0,none,onset,339.45,580.55
2026-01-28 13:19:33.313219,0.2,0.0,99.8,198.0,381.0,0.22,1444.81,2471.01,0.0,9,18,0,0.0,0,0.0,0.0,9.0,0.0,0,0,0,none,onset,339.45,580.55
2026-01-28 13:19:34.367680,0.5,0.5,99.0,254.0,408.0,0.22,1439.79,2476.04,0.0,9,18,0,0.0,0,0.0,0.0,9.0,0.0,0,0,0,none,onset,338.27,581.73
2026-01-28 13:19:35.804692,0.0,0.18,99.82,310.0,459.0,0.2,1439.78,2476.04,0.0,9,18,0,0.0,0,0.0,0.0,9.0,0.0,0,0,0,none,onset,338.27,581.73
2026-01-28 13:19:36.857421,2.3,1.28,96.42,369.0,906.0,0.2,1436.52,2479.3,0.0,9,18,0,0.0,0,98.0,98.0,9.0,0.0,0,0,0,none,onset,337.5,582.5
2026-01-28 13:19:38.791965,0.0,0.0,100.0,293.0,346.0,0.2,1436.52,2479.3,0.0,9,18,0,0.0,0,0.0,0.0,9.0,0.0,0,0,0,none,onset,337.5,582.5
2026-01-28 13:19:40.369695,2.12,0.33,97.55,523.0,1136.0,0.19,1440.76,2475.07,0.0,9,18,0,0.0,0,0.0,0.0,9.0,0.0,0,0,0,none,onset,338.5,581.5
2026-01-28 13:19:41.400038,0.0,0.25,99.75,187.0,173.0,0.19,1440.76,2475.07,0.0,9,18,0,0.0,0,42.0,42.0,9.0,0.0,0,0,0,none,onset,338.5,581.5
2026-01-28 13:19:42.425165,0.25,0.0,99.75,208.0,177.0,0.19,1440.76,2475.07,0.0,9,18,0,0.0,0,0.0,0.0,9.0,0.0,0,0,0,none,onset,338.5,581.5
2026-01-28 13:19:43.452871,0.25,0.49,99.26,117.0,204.0,0.19,1440.76,2475.07,0.0,9,18,0,0.0,0,0.0,0.0,9.0,0.0,0,0,0,none,onset,338.5,581.5
2026-01-28 13:19:44.478901,0.0,0.0,100.0,162.0,290.0,0.19,1435.27,2480.56,0.0,9,18,0,0.0,0,0.0,0.0,9.0,0.0,0,0,0,none,onset,337.21,582.79
2026-01-28 13:19:45.516701,0.74,0.49,98.77,163.0,473.0,0.17,1435.16,2480.66,0.0,9,18,0,0.0,0,0.0,0.0,9.0,0.0,0,0,0,none,onset,337.18,582.82
2026-01-28 13:19:46.543374,0.51,0.26,99.23,167.0,534.0,0.17,1435.16,2480.66,0.0,9,18,0,0.0,0,98.0,98.0,9.0,0.0,0,0,0,none,onset,337.18,582.82
2026-01-28 13:19:47.560867,0.25,0.0,99.75,114.0,304.0,0.17,1435.16,2480.66,0.0,9,18,0,0.0,0,0.0,0.0,9.0,0.0,0,0,0,none,onset,337.18,582.82
2026-01-28 13:19:48.595813,0.0,0.0,100.0,89.0,193.0,0.17,1435.16,2480.66,0.0,9,18,0,0.0,0,0.0,0.0,9.0,0.0,0,0,0,none,onset,337.18,582.82
2026-01-28 13:19:49.645969,0.0,0.25,99.75,173.0,342.0,0.17,1435.16,2480.66,0.0,9,18,0,0.0,0,0.0,0.0,9.0,0.0,0,0,0,none,onset,337.18,582.82
2026-01-28 13:19:50.669916,0.25,0.0,99.75,131.0,183.0,0.24,1439.3,2476.52,0.0,9,18,0,0.0,0,0.0,0.0,9.0,0.0,0,0,0,none,onset,338.16,581.84
2026-01-28 13:19:51.710829,0.0,0.0,100.0,121.0,333.0,0.24,1439.4,2476.43,0.0,9,18,0,0.0,0,0.0,0.0,9.0,0.0,0,0,0,none,onset,338.18,581.82
2026-01-28 13:19:52.746815,0.25,0.25,99.51,173.0,264.0,0.24,1439.4,2476.43,0.0,9,18,0,0.0,0,0.0,0.0,9.0,0.0,0,0,0,none,onset,338.18,581.82
2026-01-28 13:19:53.774494,0.0,0.0,100.0,142.0,246.0,0.24,1439.4,2476.43,0.0,9,18,0,0.0,0,0.0,0.0,9.0,0.0,0,0,0,none,onset,338.18,581.82
2026-01-28 13:19:54.809942,0.0,0.0,100.0,104.0,176.0,0.24,1439.4,2476.43,0.0,9,18,0,0.0,0,0.0,0.0,9.0,0.0,0,0,0,none,onset,338.18,581.82
2026-01-28 13:19:55.838079,3.6,1.54,94.86,756.0,1291.0,0.22,1437.39,2478.44,0.0,9,18,0,0.0,0,0.0,0.0,9.0,0.0,0,0,0,none,onset,337.71,582.29
2026-01-28 13:19:56.870792,1.52,0.51,97.98,300.0,693.0,0.22,1437.39,2478.44,0.0,9,18,0,0.0,0,98.0,98.0,9.0,0.0,0,0,0,none,onset,337.71,582.29
2026-01-28 13:19:57.901419,0.5,0.25,99.25,212.0,375.0,0.22,1437.46,2478.37,0.0,9,18,0,0.0,0,0.0,0.0,9.0,0.0,0,0,0,none,onset,337.72,582.28
2026-01-28 13:19:58.936728,0.0,0.0,100.0,64.0,119.0,0.22,1437.46,2478.37,0.0,9,18,0,0.0,0,0.0,0.0,9.0,0.0,0,0,0,none,onset,337.72,582.28
2026-01-28 13:19:59.960215,0.0,0.0,100.0,96.0,197.0,0.2,1437.46,2478.37,0.0,9,18,0,0.0,0,0.0,0.0,9.0,0.0,0,0,0,none,onset,337.72,582.28
2026-01-28 13:20:00.989438,1.78,0.51,97.72,430.0,628.0,0.2,1430.27,2485.55,0.0,9,18,0,0.0,0,0.0,0.0,9.0,0.0,0,0,0,none,onset,336.03,583.97
2026-01-28 13:20:02.033661,0.0,0.25,99.75,183.0,255.0,0.2,1430.25,2485.58,0.0,9,18,0,0.0,0,0.0,0.0,9.0,0.0,0,0,0,none,onset,336.03,583.97
2026-01-28 13:20:03.061198,0.25,0.0,99.75,303.0,234.0,0.2,1430.25,2485.58,0.0,9,18,0,0.0,0,0.0,0.0,9.0,0.0,0,0,0,none,onset,336.03,583.97
2026-01-28 13:20:04.083163,0.25,0.25,99.51,89.0,122.0,0.2,1430.25,2485.58,0.0,9,18,0,0.0,0,0.0,0.0,9.0,0.0,0,0,0,none,onset,336.03,583.97
2026-01-28 13:20:05.119241,0.0,0.0,100.0,72.0,85.0,0.19,1430.25,2485.58,0.0,9,18,0,0.0,0,0.0,0.0,9.0,0.0,0,0,0,none,onset,336.03,583.97
2026-01-28 13:20:06.147833,0.5,0.0,99.5,219.0,240.0,0.19,1434.25,2481.58,0.0,9,18,0,0.0,0,0.0,0.0,9.0,0.0,0,0,0,none,onset,336.97,583.03
2026-01-28 13:20:07.167377,0.76,0.0,99.24,181.0,378.0,0.19,1434.25,2481.58,0.0,9,18,0,0.0,0,0.0,0.0,9.0,0.0,0,0,0,none,onset,336.97,583.03
2026-01-28 13:20:08.196505,0.25,0.0,99.75,59.0,88.0,0.19,1434.25,2481.58,0.0,9,18,0,0.0,0,0.0,0.0,9.0,0.0,0,0,0,none,onset,336.97,583.03
2026-01-28 13:20:09.220566,1.32,0.79,97.88,471.0,597.0,0.19,1431.72,2484.11,0.0,9,18,0,0.0,0,98.0,98.0,9.0,0.0,0,0,0,none,onset,336.37,583.63
2026-01-28 13:20:10.253694,0.49,0.25,99.26,226.0,266.0,0.17,1431.72,2484.11,0.0,9,18,0,0.0,0,0.0,0.0,9.0,0.0,0,0,0,none,onset,336.37,583.63
2026-01-28 13:20:11.299680,0.51,0.0,99.49,413.0,340.0,0.17,1435.28,2480.54,0.0,9,16,0,0.0,0,0.0,0.0,9.0,0.0,0,0,0,none,onset,337.21,582.79
2026-01-28 13:20:12.325413,0.25,0.25,99.5,202.0,332.0,0.17,1435.19,2480.63,0.0,9,18,0,0.0,0,0.0,0.0,9.0,0.0,0,0,0,none,onset,337.19,582.81
2026-01-28 13:20:13.351433,0.0,0.0,100.0,249.0,262.0,0.17,1435.19,2480.63,0.0,9,18,0,0.0,0,0.0,0.0,9.0,0.0,0,0,0,none,onset,337.19,582.81
2026-01-28 13:20:14.379207,0.25,0.0,99.75,190.0,210.0,0.17,1435.19,2480.63,0.0,9,18,0,0.0,0,42.0,42.0,9.0,0.0,0,0,0,none,onset,337.19,582.81
2026-01-28 13:20:15.436137,0.0,0.24,99.76,234.0,258.0,0.16,1435.19,2480.63,0.0,9,18,0,0.0,0,0.0,0.0,9.0,0.0,0,0,0,none,onset,337.19,582.81
2026-01-28 13:20:17.084653,0.0,0.0,100.0,154.0,392.0,0.16,1435.18,2480.64,0.0,9,18,0,0.0,0,0.0,0.0,9.0,0.0,0,0,0,none,onset,337.19,582.81
2026-01-28 13:20:18.667914,0.66,0.16,99.18,309.0,610.0,0.16,1436.79,2479.04,0.0,9,18,0,0.0,0,0.0,0.0,9.0,0.0,0,0,0,none,onset,337.56,582.44
2026-01-28 13:20:19.793934,0.7,0.7,98.6,301.0,716.0,0.16,1433.04,2482.78,0.0,9,18,0,0.0,0,98.0,98.0,9.0,0.0,0,0,0,none,onset,336.68,583.32
2026-01-28 13:20:20.890869,0.23,0.0,99.77,106.0,208.0,0.14,1433.04,2482.78,0.0,9,18,0,0.0,0,0.0,0.0,9.0,0.0,0,0,0,none,onset,336.68,583.32
2026-01-28 13:20:21.977869,0.0,0.0,100.0,154.0,191.0,0.14,1433.14,2482.68,0.0,9,18,0,0.0,0,0.0,0.0,9.0,0.0,0,0,0,none,onset,336.71,583.29
2026-01-28 13:20:23.216936,0.2,0.0,99.8,108.0,214.0,0.14,1433.14,2482.68,0.0,9,18,0,0.0,0,0.0,0.0,9.0,0.0,0,0,0,none,onset,336.71,583.29
2026-01-28 13:20:24.240585,0.52,0.52,98.96,348.0,531.0,0.14,1429.87,2485.96,0.0,9,18,0,0.0,0,0.0,0.0,9.0,0.0,0,0,0,none,onset,335.94,584.06
2026-01-28 13:20:25.268267,0.25,0.25,99.5,174.0,293.0,0.13,1429.87,2485.96,0.0,9,18,0,0.0,0,42.0,42.0,9.0,0.0,0,0,0,none,onset,335.94,584.06
2026-01-28 13:20:26.294328,0.0,0.0,100.0,128.0,239.0,0.13,1429.87,2485.96,0.0,9,18,0,0.0,0,0.0,0.0,9.0,0.0,0,0,0,none,onset,335.94,584.06
2026-01-28 13:20:28.100155,0.14,0.28,99.58,209.0,353.0,0.13,1429.87,2485.96,0.0,9,18,0,0.0,0,0.0,0.0,9.0,0.0,0,0,0,none,onset,335.94,584.06
2026-01-28 13:20:29.241276,0.46,0.46,99.08,307.0,458.0,0.13,1438.11,2477.72,0.0,9,18,0,0.0,0,0.0,0.0,9.0,0.0,0,0,0,none,onset,337.88,582.12
2026-01-28 13:20:30.818688,0.98,0.16,98.86,348.0,628.0,0.12,1438.11,2477.72,0.0,9,18,0,0.0,0,98.0,98.0,9.0,0.0,0,0,0,none,onset,337.88,582.12
2026-01-28 13:20:34.525588,0.14,0.21,99.66,777.0,812.0,0.12,1438.11,2477.72,0.0,9,18,0,0.0,0,0.0,0.0,9.0,0.0,0,0,0,none,onset,337.88,582.12
2026-01-28 13:20:35.560712,0.49,0.0,99.51,194.0,214.0,0.11,1438.11,2477.72,0.0,9,18,0,0.0,0,0.0,0.0,9.0,0.0,0,0,0,none,onset,337.88,582.12
2026-01-28 13:20:36.592160,0.25,0.5,99.26,232.0,297.0,0.11,1438.1,2477.73,0.0,9,18,0,0.0,0,0.0,0.0,9.0,0.0,0,0,0,none,onset,337.87,582.13
2026-01-28 13:20:37.614085,0.25,0.0,99.75,151.0,96.0,0.11,1438.1,2477.73,0.0,9,18,0,0.0,0,0.0,0.0,9.0,0.0,0,0,0,none,onset,337.87,582.13
2026-01-28 13:20:38.645821,0.0,0.25,99.75,243.0,281.0,0.11,1438.1,2477.73,0.0,9,16,0,0.0,0,0.0,0.0,9.0,0.0,0,0,0,none,onset,337.87,582.13
2026-01-28 13:20:39.676600,3.91,1.56,94.53,520.0,1049.0,0.11,1435.17,2480.66,0.0,9,18,0,0.0,0,98.0,98.0,9.0,0.0,0,0,0,none,onset,337.18,582.82
2026-01-28 13:20:40.709952,0.5,0.25,99.26,256.0,431.0,0.1,1435.31,2480.51,0.0,9,18,0,0.0,0,0.0,0.0,9.0,0.0,0,0,0,none,onset,337.22,582.78
2026-01-28 13:20:41.738671,0.25,0.0,99.75,275.0,296.0,0.1,1435.41,2480.41,0.0,9,18,0,0.0,0,0.0,0.0,9.0,0.0,0,0,0,none,onset,337.24,582.76
2026-01-28 13:46:27.001922,3.44,0.79,95.77,386.0,868.0,0.34,1503.05,2412.77,0.0,13,26,0,0.0,0,928.0,928.0,13.0,0.0,1,0,0,none,onset,353.13,566.87
2026-01-28 13:46:28.044976,0.74,0.0,99.26,137.0,306.0,0.34,1503.05,2412.77,0.0,13,26,0,0.0,0,0.0,0.0,13.0,0.0,1,0,0,none,onset,353.13,566.87
2026-01-28 13:46:29.081057,2.7,1.35,95.95,539.0,938.0,0.34,1497.34,2418.49,0.0,13,26,0,0.0,0,1026.0,1026.0,13.0,0.0,1,0,0,none,onset,351.79,568.21
2026-01-28 13:46:30.190005,3.05,0.94,96.01,430.0,717.0,0.34,1502.17,2413.66,0.0,13,26,0,0.0,0,928.0,928.0,13.0,0.0,1,0,0,none,onset,352.93,567.07
2026-01-28 13:46:31.254598,1.76,1.01,97.23,529.0,816.0,0.32,1502.17,2413.66,0.0,13,26,0,0.0,0,928.0,928.0,13.0,0.0,1,0,0,none,onset,352.93,567.07
2026-01-28 13:46:32.282021,2.29,0.51,97.2,360.0,693.0,0.32,1509.86,2405.96,0.0,13,26,0,0.0,0,928.0,928.0,13.0,0.0,1,0,0,none,onset,354.73,565.27
2026-01-28 13:46:33.429538,2.7,0.9,96.4,445.0,696.0,0.32,1503.86,2411.96,0.0,13,26,0,0.0,0,0.0,0.0,13.0,0.0,1,0,0,none,onset,353.32,566.68
2026-01-28 13:46:34.455408,2.34,0.26,97.4,463.0,816.0,0.32,1504.87,2410.96,0.0,13,26,0,0.0,0,928.0,928.0,13.0,0.0,1,0,0,none,onset,353.56,566.44
2026-01-28 13:46:35.481854,4.88,0.77,94.34,527.0,1056.0,0.29,1496.18,2419.64,0.0,13,26,0,0.0,0,928.0,928.0,13.0,0.0,1,0,0,none,onset,351.52,568.48
2026-01-28 13:46:36.504659,4.66,0.78,94.56,515.0,831.0,0.29,1493.41,2422.41,0.0,13,26,0,0.0,0,928.0,928.0,13.0,0.0,1,0,0,none,onset,350.87,569.13
2026-01-28 13:46:37.527919,3.05,0.51,96.44,315.0,745.0,0.29,1492.96,2422.87,0.0,13,26,0,0.0,0,928.0,928.0,13.0,0.0,1,0,0,none,onset,350.76,569.24
2026-01-28 13:46:38.563069,0.74,0.0,99.26,235.0,319.0,0.29,1491.97,2423.86,0.0,13,26,0,0.0,0,0.0,0.0,13.0,0.0,1,0,0,none,onset,350.53,569.47
2026-01-28 13:46:40.117788,3.1,0.52,96.39,620.0,957.0,0.29,1503.16,2412.66,0.0,13,26,0,0.0,0,1026.0,1026.0,13.0,0.0,1,0,0,none,onset,353.16,566.84
2026-01-28 13:46:41.276856,3.79,0.45,95.77,377.0,932.0,0.27,1510.61,2405.22,0.0,13,26,0,0.0,0,928.0,928.0,13.0,0.0,1,0,0,none,onset,354.91,565.09
2026-01-28 13:46:42.325513,0.76,0.51,98.73,235.0,487.0,0.27,1511.29,2404.54,0.0,13,26,0,0.0,0,928.0,928.0,13.0,0.0,1,0,0,none,onset,355.07,564.93
2026-01-28 13:46:43.359116,0.26,0.0,99.74,218.0,427.0,0.27,1505.32,2410.5,0.0,13,26,0,0.0,0,928.0,928.0,13.0,0.0,1,0,0,none,onset,353.67,566.33
2026-01-28 13:46:44.391213,3.32,0.77,95.92,327.0,875.0,0.27,1505.81,2410.01,0.0,13,26,0,0.0,0,928.0,928.0,13.0,0.0,1,0,0,none,onset,353.78,566.22
2026-01-28 13:46:45.469387,2.72,0.99,96.3,389.0,867.0,0.25,1503.14,2412.68,0.0,13,26,0,0.0,0,928.0,928.0,13.0,0.0,1,0,0,none,onset,353.15,566.85
2026-01-28 13:46:47.686375,0.23,0.12,99.65,359.0,743.0,0.25,1499.14,2416.68,0.0,13,26,0,0.0,0,0.0,0.0,13.0,0.0,1,0,0,none,onset,352.21,567.79
2026-01-28 13:46:48.744576,1.46,0.24,98.3,242.0,417.0,0.25,1499.73,2416.09,0.0,13,26,0,0.0,0,928.0,928.0,13.0,0.0,1,0,0,none,onset,352.35,567.65
2026-01-28 13:46:49.772003,3.0,0.82,96.19,425.0,1082.0,0.25,1492.22,2423.6,0.0,13,26,0,0.0,0,1026.0,1026.0,13.0,0.0,1,0,0,none,onset,350.59,569.41
2026-01-28 13:46:50.810222,0.77,0.26,98.98,221.0,392.0,0.23,1500.47,2415.36,0.0,13,26,0,0.0,0,928.0,928.0,13.0,0.0,1,0,0,none,onset,352.53,567.47
2026-01-28 13:46:51.872999,0.0,0.0,100.0,116.0,134.0,0.23,1500.47,2415.36,0.0,13,26,0,0.0,0,0.0,0.0,13.0,0.0,1,0,0,none,onset,352.53,567.47
2026-01-28 13:46:52.945089,0.0,0.0,100.0,57.0,38.0,0.23,1500.47,2415.36,0.0,13,26,0,0.0,0,0.0,0.0,13.0,0.0,1,0,0,none,onset,352.53,567.47
2026-01-28 13:46:53.980639,0.0,0.0,100.0,70.0,76.0,0.23,1500.47,2415.36,0.0,13,26,0,0.0,0,0.0,0.0,13.0,0.0,1,0,0,none,onset,352.53,567.47
2026-01-28 13:46:55.018074,1.06,0.53,98.41,335.0,417.0,0.23,1500.07,2415.75,0.0,13,26,0,0.0,0,970.0,970.0,13.0,0.0,1,0,0,none,onset,352.43,567.57
2026-01-28 13:46:58.276147,0.0,0.08,99.92,327.0,317.0,0.21,1500.16,2415.67,0.0,13,26,0,0.0,0,0.0,0.0,13.0,0.0,1,0,0,none,onset,352.45,567.55
2026-01-28 13:46:59.296681,0.0,0.0,100.0,150.0,96.0,0.21,1500.15,2415.67,0.0,13,26,0,0.0,0,0.0,0.0,13.0,0.0,1,0,0,none,onset,352.45,567.55
2026-01-28 13:47:00.332053,0.51,0.51,98.98,258.0,263.0,0.19,1501.88,2413.95,0.0,13,26,0,0.0,0,98.0,98.0,13.0,0.0,1,0,0,none,onset,352.86,567.14
2026-01-28 13:47:01.576264,1.1,0.66,98.24,638.0,1077.0,0.19,1501.59,2414.23,0.0,13,26,0,0.0,0,928.0,928.0,13.0,0.0,1,0,0,none,onset,352.79,567.21
2026-01-28 13:47:02.793554,1.94,0.65,97.41,370.0,838.0,0.19,1506.02,2409.8,0.0,13,26,0,0.0,0,928.0,928.0,13.0,0.0,1,0,0,none,onset,353.83,566.17
2026-01-28 13:47:03.957682,0.22,0.0,99.78,127.0,155.0,0.19,1506.02,2409.8,0.0,13,26,0,0.0,0,0.0,0.0,13.0,0.0,1,0,0,none,onset,353.83,566.17
2026-01-28 13:47:05.702715,2.7,0.6,96.7,618.0,848.0,0.17,1508.74,2407.09,0.0,13,24,0,0.0,0,928.0,928.0,13.0,0.0,1,0,0,none,onset,354.47,565.53
2026-01-28 13:47:07.729415,3.32,0.64,96.04,495.0,994.0,0.17,1502.73,2413.09,0.0,13,26,0,0.0,0,1856.0,1856.0,13.0,0.0,1,0,0,none,onset,353.06,566.94
2026-01-28 13:47:09.136125,1.49,0.37,98.14,351.0,569.0,0.17,1500.02,2415.8,0.0,13,26,0,0.0,0,928.0,928.0,13.0,0.0,1,0,0,none,onset,352.42,567.58
2026-01-28 13:47:10.158106,0.75,0.0,99.25,149.0,345.0,0.17,1500.02,2415.8,0.0,13,26,0,0.0,0,0.0,0.0,13.0,0.0,1,0,0,none,onset,352.42,567.58
2026-01-28 13:47:11.190791,7.59,1.31,91.1,745.0,1416.0,0.16,1496.07,2419.75,0.0,13,26,0,0.0,0,1026.0,1026.0,13.0,0.0,1,0,0,none,onset,351.49,568.51
2026-01-28 13:47:12.226365,2.78,0.76,96.46,302.0,738.0,0.16,1495.18,2420.64,0.0,13,26,0,0.0,0,928.0,928.0,13.0,0.0,1,0,0,none,onset,351.28,568.72
2026-01-28 13:47:13.255421,1.29,0.26,98.46,217.0,462.0,0.16,1502.37,2413.45,0.0,13,26,0,0.0,0,928.0,928.0,13.0,0.0,1,0,0,none,onset,352.97,567.03
2026-01-28 13:47:14.296100,0.74,0.25,99.01,219.0,361.0,0.16,1502.37,2413.45,0.0,13,26,0,0.0,0,0.0,0.0,13.0,0.0,1,0,0,none,onset,352.97,567.03
2026-01-28 13:47:15.334217,3.54,1.01,95.45,436.0,938.0,0.15,1502.53,2413.29,0.0,13,26,0,0.0,0,928.0,928.0,13.0,0.0,1,0,0,none,onset,353.01,566.99
2026-01-28 13:47:16.369132,0.25,0.25,99.49,248.0,255.0,0.15,1492.96,2422.86,0.0,13,26,0,0.0,0,42.0,42.0,13.0,0.0,1,0,0,none,onset,350.76,569.24
2026-01-28 13:47:17.388186,2.83,0.51,96.66,307.0,670.0,0.15,1488.97,2426.86,0.0,13,26,0,0.0,0,928.0,928.0,13.0,0.0,1,0,0,none,onset,349.82,570.18
2026-01-28 13:47:18.418424,0.0,0.25,99.75,122.0,296.0,0.15,1488.97,2426.86,0.0,13,26,0,0.0,0,0.0,0.0,13.0,0.0,1,0,0,none,onset,349.82,570.18
2026-01-28 13:47:19.443581,1.04,0.78,98.19,292.0,453.0,0.15,1486.3,2429.53,0.0,13,26,0,0.0,0,928.0,928.0,13.0,0.0,1,0,0,none,onset,349.2,570.8
2026-01-28 13:47:20.467949,3.31,0.25,96.44,361.0,650.0,0.22,1490.65,2425.17,0.0,13,24,0,0.0,0,928.0,928.0,13.0,0.0,1,0,0,none,onset,350.22,569.78
2026-01-28 13:47:21.494522,3.78,1.35,94.86,531.0,1123.0,0.22,1499.07,2416.75,0.0,13,26,0,0.0,0,1026.0,1026.0,13.0,0.0,1,0,0,none,onset,352.2,567.8
2026-01-28 13:47:22.537020,0.24,0.0,99.76,120.0,217.0,0.22,1499.07,2416.75,0.0,13,26,0,0.0,0,0.0,0.0,13.0,0.0,1,0,0,none,onset,352.2,567.8
2026-01-28 13:47:23.566565,0.25,0.0,99.75,83.0,98.0,0.22,1499.07,2416.75,0.0,13,26,0,0.0,0,0.0,0.0,13.0,0.0,1,0,0,none,onset,352.2,567.8
2026-01-28 13:47:24.605487,0.0,0.0,100.0,315.0,371.0,0.22,1503.22,2412.61,0.0,13,26,0,0.0,0,928.0,928.0,13.0,0.0,1,0,0,none,onset,353.17,566.83
2026-01-28 13:47:25.644425,1.53,0.51,97.95,351.0,517.0,0.2,1499.89,2415.93,0.0,13,26,0,0.0,0,970.0,970.0,13.0,0.0,1,0,0,none,onset,352.39,567.61
2026-01-28 13:47:26.671968,0.78,0.26,98.96,209.0,374.0,0.2,1493.98,2421.84,0.0,13,26,0,0.0,0,928.0,928.0,13.0,0.0,1,0,0,none,onset,351.0,569.0
2026-01-28 13:47:27.690260,2.41,0.53,97.06,409.0,761.0,0.2,1496.19,2419.64,0.0,13,26,0,0.0,0,928.0,928.0,13.0,0.0,1,0,0,none,onset,351.52,568.48
2026-01-28 13:47:28.720013,0.25,0.25,99.5,194.0,310.0,0.2,1496.19,2419.64,0.0,13,26,0,0.0,0,0.0,0.0,13.0,0.0,1,0,0,none,onset,351.52,568.48
2026-01-28 13:47:29.754772,1.53,0.26,98.21,284.0,668.0,0.2,1500.51,2415.32,0.0,13,26,0,0.0,0,928.0,928.0,13.0,0.0,1,0,0,none,onset,352.54,567.46
2026-01-28 13:47:30.780554,2.39,0.8,96.82,336.0,821.0,0.26,1504.94,2410.89,0.0,13,26,0,0.0,0,1026.0,1026.0,13.0,0.0,1,0,0,none,onset,353.58,566.42
2026-01-28 13:47:31.806776,2.31,0.26,97.44,229.0,492.0,0.26,1501.39,2414.43,0.0,13,26,0,0.0,0,928.0,928.0,13.0,0.0,1,0,0,none,onset,352.74,567.26
2026-01-28 13:47:32.839034,3.05,0.76,96.18,421.0,816.0,0.26,1497.52,2418.3,0.0,13,26,0,0.0,0,0.0,0.0,13.0,0.0,1,0,0,none,onset,351.83,568.17
2026-01-28 13:47:33.917166,1.22,0.24,98.54,313.0,561.0,0.26,1496.65,2419.17,0.0,13,26,0,0.0,0,928.0,928.0,13.0,0.0,1,0,0,none,onset,351.63,568.37
2026-01-28 13:47:35.036901,3.23,0.46,96.3,365.0,669.0,0.26,1490.27,2425.56,0.0,13,26,0,0.0,0,928.0,928.0,13.0,0.0,1,0,0,none,onset,350.13,569.87
2026-01-28 13:47:36.237891,4.2,0.88,94.91,541.0,1007.0,0.24,1498.74,2417.09,0.0,13,26,0,0.0,0,928.0,928.0,13.0,0.0,1,0,0,none,onset,352.12,567.88
2026-01-28 13:47:37.598011,0.19,0.19,99.61,221.0,277.0,0.24,1499.17,2416.65,0.0,13,26,0,0.0,0,928.0,928.0,13.0,0.0,1,0,0,none,onset,352.22,567.78
2026-01-28 13:47:38.896806,1.24,0.21,98.55,354.0,567.0,0.24,1495.23,2420.59,0.0,13,26,0,0.0,0,928.0,928.0,13.0,0.0,1,0,0,none,onset,351.3,568.7
2026-01-28 13:47:40.289502,1.14,0.19,98.67,366.0,658.0,0.22,1495.22,2420.6,0.0,13,26,0,0.0,0,928.0,928.0,13.0,0.0,1,0,0,none,onset,351.29,568.71
2026-01-28 13:47:41.323193,3.92,0.78,95.3,517.0,1149.0,0.22,1503.15,2412.67,0.0,13,26,0,0.0,0,1026.0,1026.0,13.0,0.0,1,0,0,none,onset,353.16,566.84
2026-01-28 13:47:42.809784,2.1,0.35,97.55,431.0,936.0,0.22,1503.4,2412.43,0.0,13,26,0,0.0,0,928.0,928.0,13.0,0.0,1,0,0,none,onset,353.21,566.79
2026-01-28 13:47:44.407937,3.08,0.49,96.43,420.0,956.0,0.22,1499.23,2416.59,0.0,13,26,0,0.0,0,928.0,928.0,13.0,0.0,1,0,0,none,onset,352.24,567.76
2026-01-28 13:47:45.444747,0.77,0.26,98.97,299.0,332.0,0.2,1509.14,2406.68,0.0,13,26,0,0.0,0,928.0,928.0,13.0,0.0,1,0,0,none,onset,354.56,565.44
2026-01-28 13:47:46.471928,3.31,0.25,96.44,340.0,819.0,0.2,1507.73,2408.09,0.0,13,26,0,0.0,0,928.0,928.0,13.0,0.0,1,0,0,none,onset,354.23,565.77
2026-01-28 13:47:47.889976,0.18,0.36,99.46,308.0,455.0,0.2,1505.21,2410.62,0.0,13,26,0,0.0,0,0.0,0.0,13.0,0.0,1,0,0,none,onset,353.64,566.36
2026-01-28 13:47:49.094486,3.78,0.89,95.33,441.0,1196.0,0.2,1499.61,2416.22,0.0,13,26,0,0.0,0,928.0,928.0,13.0,0.0,1,0,0,none,onset,352.32,567.68
2026-01-28 13:47:50.159650,2.93,0.49,96.58,356.0,715.0,0.2,1500.2,2415.63,0.0,13,26,0,0.0,0,928.0,928.0,13.0,0.0,1,0,0,none,onset,352.46,567.54
2026-01-28 13:47:51.186760,3.85,0.51,95.64,308.0,759.0,0.19,1498.39,2417.43,0.0,13,26,0,0.0,0,928.0,1026.0,13.0,0.0,1,0,0,none,onset,352.04,567.96
2026-01-28 13:47:52.289272,3.38,0.48,96.14,376.0,1074.0,0.19,1499.1,2416.73,0.0,13,26,0,0.0,0,1026.0,928.0,13.0,0.0,1,0,0,none,onset,352.2,567.8
2026-01-28 13:47:54.123744,0.14,0.29,99.57,496.0,890.0,0.19,1497.37,2418.45,0.0,13,26,0,0.0,0,928.0,928.0,13.0,0.0,1,0,0,none,onset,351.8,568.2
2026-01-28 13:47:55.182302,3.33,0.51,96.15,574.0,921.0,0.19,1497.95,2417.88,0.0,13,26,0,0.0,0,928.0,928.0,13.0,0.0,1,0,0,none,onset,351.93,568.07
2026-01-28 13:47:56.203036,3.55,0.51,95.94,287.0,602.0,0.17,1497.51,2418.32,0.0,13,26,0,0.0,0,928.0,928.0,13.0,0.0,1,0,0,none,onset,351.83,568.17
2026-01-28 13:47:57.465719,0.0,0.2,99.8,282.0,379.0,0.17,1497.61,2418.21,0.0,13,26,0,0.0,0,42.0,42.0,13.0,0.0,1,0,0,none,onset,351.86,568.14
2026-01-28 13:47:59.272246,1.01,0.29,98.7,504.0,699.0,0.17,1490.55,2425.28,0.0,13,26,0,0.0,0,928.0,928.0,13.0,0.0,1,0,0,none,onset,350.2,569.8
2026-01-28 13:48:00.429730,1.41,0.94,97.66,628.0,666.0,0.16,1492.71,2423.11,0.0,13,26,0,0.0,0,928.0,928.0,13.0,0.0,1,0,0,none,onset,350.7,569.3
2026-01-28 13:48:01.896955,0.0,0.0,100.0,218.0,224.0,0.16,1492.67,2423.16,0.0,11,22,0,0.0,0,0.0,0.0,11.0,0.0,1,0,0,none,onset,350.69,569.31
2026-01-28 13:48:04.884998,1.12,0.17,98.71,780.0,795.0,0.16,1496.67,2419.16,0.0,13,26,0,0.0,0,1026.0,1026.0,13.0,0.0,1,0,0,none,onset,351.63,568.37
2026-01-28 13:48:06.470794,0.84,0.34,98.82,544.0,624.0,0.15,1494.63,2421.2,0.0,12,22,0,0.0,0,928.0,928.0,12.0,0.0,1,0,0,none,onset,351.15,568.85
2026-01-28 13:48:07.513628,1.06,0.79,98.15,378.0,528.0,0.15,1495.86,2419.97,0.0,13,26,0,0.0,0,970.0,970.0,13.0,0.0,1,0,0,none,onset,351.44,568.56
2026-01-28 13:48:08.548187,0.0,0.0,100.0,172.0,117.0,0.15,1495.86,2419.97,0.0,13,26,0,0.0,0,0.0,0.0,13.0,0.0,1,0,0,none,onset,351.44,568.56
2026-01-28 13:48:09.576517,1.81,0.26,97.93,323.0,621.0,0.15,1495.86,2419.97,0.0,13,26,0,0.0,0,928.0,928.0,13.0,0.0,1,0,0,none,onset,351.44,568.56
2026-01-28 13:48:10.605484,2.4,1.07,96.53,480.0,867.0,0.13,1491.45,2424.38,0.0,13,26,0,0.0,0,928.0,928.0,13.0,0.0,1,0,0,none,onset,350.41,569.59
2026-01-28 13:48:11.635753,3.76,0.75,95.49,289.0,818.0,0.13,1491.45,2424.38,0.0,13,26,0,0.0,0,928.0,928.0,13.0,0.0,1,0,0,none,onset,350.41,569.59
2026-01-28 13:48:12.683851,1.29,0.51,98.2,299.0,469.0,0.13,1491.45,2424.38,0.0,13,26,0,0.0,0,1026.0,1026.0,13.0,0.0,1,0,0,none,onset,350.41,569.59
2026-01-28 13:48:13.706595,0.75,0.25,98.99,167.0,449.0,0.13,1490.68,2425.14,0.0,13,26,0,0.0,0,0.0,0.0,13.0,0.0,1,0,0,none,onset,350.23,569.77
2026-01-28 13:48:14.735222,2.05,0.51,97.44,311.0,578.0,0.13,1491.4,2424.42,0.0,13,26,0,0.0,0,928.0,928.0,13.0,0.0,1,0,0,none,onset,350.4,569.6
2026-01-28 13:48:15.764594,2.11,0.53,97.36,420.0,737.0,0.28,1489.69,2426.13,0.0,13,26,0,0.0,0,928.0,928.0,13.0,0.0,1,0,0,none,onset,349.99,570.01
2026-01-28 13:48:16.801104,0.0,0.0,100.0,198.0,186.0,0.28,1489.69,2426.13,0.0,13,26,0,0.0,0,0.0,0.0,13.0,0.0,1,0,0,none,onset,349.99,570.01
2026-01-28 13:48:17.831436,2.57,0.51,96.92,361.0,740.0,0.28,1498.61,2417.21,0.0,13,26,0,0.0,0,928.0,928.0,13.0,0.0,1,0,0,none,onset,352.09,567.91
2026-01-28 13:48:18.861605,2.54,0.25,97.21,274.0,625.0,0.28,1510.3,2405.52,0.0,13,26,0,0.0,0,928.0,928.0,13.0,0.0,1,0,0,none,onset,354.84,565.16
2026-01-28 13:48:19.899029,0.25,0.25,99.5,172.0,254.0,0.28,1510.3,2405.52,0.0,13,26,0,0.0,0,0.0,0.0,13.0,0.0,1,0,0,none,onset,354.84,565.16
2026-01-28 13:48:20.932117,4.62,0.77,94.62,445.0,944.0,0.34,1501.45,2414.38,0.0,13,26,0,0.0,0,928.0,928.0,13.0,0.0,1,0,0,none,onset,352.76,567.24
2026-01-28 13:48:21.964912,1.8,0.52,97.68,328.0,661.0,0.34,1501.32,2414.51,0.0,13,26,0,0.0,0,928.0,928.0,13.0,0.0,1,0,0,none,onset,352.73,567.27
2026-01-28 13:48:23.004155,1.5,0.5,98.0,254.0,579.0,0.34,1501.73,2414.09,0.0,13,26,0,0.0,0,98.0,98.0,13.0,0.0,1,0,0,none,onset,352.82,567.18
2026-01-28 13:48:24.033934,3.33,0.26,96.41,360.0,794.0,0.34,1506.38,2409.45,0.0,13,26,0,0.0,0,928.0,928.0,13.0,0.0,1,0,0,none,onset,353.91,566.09
2026-01-28 13:48:25.061925,0.52,0.52,98.95,367.0,522.0,0.34,1506.38,2409.45,0.0,13,26,0,0.0,0,928.0,928.0,13.0,0.0,1,0,0,none,onset,353.91,566.09
2026-01-28 13:48:26.094662,0.8,0.27,98.93,377.0,616.0,0.31,1502.14,2413.68,0.0,13,26,0,0.0,0,928.0,928.0,13.0,0.0,1,0,0,none,onset,352.92,567.08
2026-01-28 13:48:27.129723,0.25,0.25,99.5,217.0,324.0,0.31,1502.14,2413.68,0.0,13,26,0,0.0,0,0.0,0.0,13.0,0.0,1,0,0,none,onset,352.92,567.08
2026-01-28 13:48:28.156592,0.52,0.26,99.22,296.0,536.0,0.31,1507.66,2408.16,0.0,13,26,0,0.0,0,970.0,970.0,13.0,0.0,1,0,0,none,onset,354.22,565.78
2026-01-28 13:48:29.181299,3.82,0.51,95.67,235.0,979.0,0.31,1507.54,2408.28,0.0,13,26,0,0.0,0,928.0,928.0,13.0,0.0,1,0,0,none,onset,354.19,565.81
2026-01-28 13:48:30.217380,2.82,0.51,96.67,377.0,828.0,0.31,1511.54,2404.28,0.0,13,26,0,0.0,0,928.0,928.0,13.0,0.0,1,0,0,none,onset,355.13,564.87
2026-01-28 13:48:31.247325,2.86,0.52,96.61,365.0,917.0,0.37,1503.54,2412.29,0.0,13,24,0,0.0,0,928.0,928.0,13.0,0.0,1,0,0,none,onset,353.25,566.75
2026-01-28 13:48:32.270436,0.75,0.25,99.0,145.0,326.0,0.37,1495.54,2420.29,0.0,13,26,0,0.0,0,0.0,0.0,13.0,0.0,1,0,0,none,onset,351.37,568.63
2026-01-28 13:48:33.298963,0.0,0.26,99.74,199.0,318.0,0.37,1493.26,2422.57,0.0,13,26,0,0.0,0,98.0,98.0,13.0,0.0,1,0,0,none,onset,350.83,569.17
2026-01-28 13:48:34.330379,1.54,0.26,98.2,236.0,542.0,0.37,1503.72,2412.11,0.0,13,26,0,0.0,0,928.0,928.0,13.0,0.0,1,0,0,none,onset,353.29,566.71
2026-01-28 13:48:35.787653,0.9,0.36,98.73,403.0,776.0,0.34,1502.2,2413.63,0.0,13,26,0,0.0,0,928.0,928.0,13.0,0.0,1,0,0,none,onset,352.93,567.07
2026-01-28 13:48:37.349747,1.69,0.51,97.8,459.0,760.0,0.34,1505.89,2409.93,0.0,13,26,0,0.0,0,928.0,928.0,13.0,0.0,1,0,0,none,onset,353.8,566.2
2026-01-28 13:48:38.932863,3.29,0.66,96.05,497.0,960.0,0.34,1503.89,2411.93,0.0,13,26,0,0.0,0,928.0,928.0,13.0,0.0,1,0,0,none,onset,353.33,566.67
2026-01-28 13:48:40.140818,0.21,0.0,99.79,214.0,233.0,0.34,1503.89,2411.93,0.0,13,26,0,0.0,0,0.0,0.0,13.0,0.0,1,0,0,none,onset,353.33,566.67
2026-01-28 13:48:41.546348,2.87,0.76,96.37,1139.0,1554.0,0.39,1498.63,2417.19,0.0,13,26,0,0.0,0,1856.0,1856.0,13.0,0.0,1,0,0,none,onset,352.09,567.91
2026-01-28 13:48:42.956105,1.54,0.77,97.68,558.0,918.0,0.39,1497.77,2418.05,0.0,13,26,0,0.0,0,1026.0,1026.0,13.0,0.0,1,0,0,none,onset,351.89,568.11
2026-01-28 13:48:43.979176,0.78,0.26,98.96,223.0,402.0,0.39,1488.05,2427.77,0.0,13,26,0,0.0,0,928.0,928.0,13.0,0.0,1,0,0,none,onset,349.61,570.39
2026-01-28 13:48:45.009417,0.25,0.0,99.75,211.0,306.0,0.39,1489.72,2426.11,0.0,13,26,0,0.0,0,0.0,0.0,13.0,0.0,1,0,0,none,onset,350.0,570.0
2026-01-28 13:48:46.215886,0.87,0.43,98.7,226.0,389.0,0.36,1499.44,2416.39,0.0,13,26,0,0.0,0,928.0,928.0,13.0,0.0,1,0,0,none,onset,352.28,567.72
2026-01-28 13:48:47.235216,3.11,0.52,96.37,331.0,671.0,0.36,1500.9,2414.93,0.0,13,24,0,0.0,0,928.0,928.0,13.0,0.0,1,0,0,none,onset,352.63,567.37
2026-01-28 13:48:48.260990,3.4,0.79,95.81,454.0,935.0,0.36,1491.55,2424.28,0.0,13,26,0,0.0,0,928.0,928.0,13.0,0.0,1,0,0,none,onset,350.43,569.57
2026-01-28 13:48:49.292449,0.0,0.0,100.0,78.0,155.0,0.36,1491.55,2424.28,0.0,13,26,0,0.0,0,0.0,0.0,13.0,0.0,1,0,0,none,onset,350.43,569.57
2026-01-28 13:48:50.318019,0.52,0.0,99.48,216.0,372.0,0.49,1490.21,2425.61,0.0,13,26,0,0.0,0,928.0,928.0,13.0,0.0,1,0,0,none,onset,350.12,569.88
2026-01-28 13:48:51.351914,1.55,0.52,97.94,290.0,538.0,0.49,1499.14,2416.69,0.0,13,26,0,0.0,0,928.0,928.0,13.0,0.0,1,0,0,none,onset,352.21,567.79
2026-01-28 13:48:52.386831,0.0,0.0,100.0,93.0,208.0,0.49,1499.14,2416.69,0.0,13,26,0,0.0,0,0.0,0.0,13.0,0.0,1,0,0,none,onset,352.21,567.79
2026-01-28 13:48:53.414566,6.43,0.8,92.76,597.0,1657.0,0.49,1498.32,2417.5,0.0,13,26,0,0.0,0,1026.0,1026.0,13.0,0.0,1,0,0,none,onset,352.02,567.98
2026-01-28 13:48:54.449978,2.06,0.26,97.69,337.0,602.0,0.49,1502.34,2413.48,0.0,13,26,0,0.0,0,928.0,928.0,13.0,0.0,1,0,0,none,onset,352.97,567.03
2026-01-28 13:48:55.476557,2.8,0.51,96.69,317.0,581.0,0.45,1509.42,2406.41,0.0,13,26,0,0.0,0,928.0,928.0,13.0,0.0,1,0,0,none,onset,354.63,565.37
2026-01-28 14:08:12.019395,2.13,0.53,97.33,467.0,807.0,0.45,1440.73,2475.09,0.0,9,18,0,0.0,0,0.0,0.0,9.0,0.0,0,0,0,none,onset,338.49,581.51
2026-01-28 14:08:13.061988,2.0,1.25,96.75,551.0,690.0,0.45,1441.03,2474.79,0.0,9,18,0,0.0,0,98.0,98.0,9.0,0.0,0,0,0,none,onset,338.56,581.44
2026-01-28 14:08:14.093164,0.51,0.76,98.73,453.0,627.0,0.45,1441.03,2474.79,0.0,9,18,0,0.0,0,0.0,0.0,9.0,0.0,0,0,0,none,onset,338.56,581.44
2026-01-28 14:08:15.127406,0.25,0.25,99.5,206.0,384.0,0.45,1441.03,2474.79,0.0,9,18,0,0.0,0,0.0,0.0,9.0,0.0,0,0,0,none,onset,338.56,581.44
2026-01-28 14:08:16.150904,0.25,0.5,99.25,181.0,266.0,0.41,1441.03,2474.79,0.0,9,18,0,0.0,0,0.0,0.0,9.0,0.0,0,0,0,none,onset,338.56,581.44
2026-01-28 14:08:17.172803,0.52,0.26,99.22,386.0,662.0,0.41,1445.27,2470.55,0.0,9,18,0,0.0,0,0.0,0.0,9.0,0.0,0,0,0,none,onset,339.56,580.44
2026-01-28 14:08:18.201643,0.25,0.25,99.5,214.0,316.0,0.41,1445.27,2470.55,0.0,9,18,0,0.0,0,42.0,42.0,9.0,0.0,0,0,0,none,onset,339.56,580.44
2026-01-28 14:08:19.225705,0.25,0.76,98.99,232.0,336.0,0.41,1445.27,2470.55,0.0,9,18,0,0.0,0,0.0,0.0,9.0,0.0,0,0,0,none,onset,339.56,580.44
2026-01-28 14:08:20.251210,0.25,0.0,99.75,162.0,321.0,0.41,1445.27,2470.55,0.0,9,18,0,0.0,0,0.0,0.0,9.0,0.0,0,0,0,none,onset,339.56,580.44
2026-01-28 14:08:21.274059,2.56,0.77,96.67,420.0,732.0,0.38,1449.41,2466.41,0.0,9,18,0,0.0,0,0.0,0.0,9.0,0.0,0,0,0,none,onset,340.53,579.47
2026-01-28 14:08:22.301697,0.26,0.26,99.49,285.0,392.0,0.38,1443.86,2471.96,0.0,9,18,0,0.0,0,0.0,0.0,9.0,0.0,0,0,0,none,onset,339.23,580.77
2026-01-28 14:08:23.325781,0.26,0.52,99.22,288.0,559.0,0.38,1443.97,2471.86,0.0,9,18,0,0.0,0,98.0,98.0,9.0,0.0,0,0,0,none,onset,339.25,580.75
2026-01-28 14:08:24.353862,0.25,0.25,99.49,215.0,642.0,0.38,1443.97,2471.86,0.0,9,18,0,0.0,0,0.0,0.0,9.0,0.0,0,0,0,none,onset,339.25,580.75
2026-01-28 14:08:25.380123,0.0,0.0,100.0,136.0,177.0,0.38,1443.97,2471.86,0.0,9,18,0,0.0,0,0.0,0.0,9.0,0.0,0,0,0,none,onset,339.25,580.75
2026-01-28 14:08:26.402170,0.0,0.25,99.75,215.0,177.0,0.35,1443.97,2471.86,0.0,9,18,0,0.0,0,0.0,0.0,9.0,0.0,0,0,0,none,onset,339.25,580.75
2026-01-28 14:08:27.507058,1.2,0.24,98.56,320.0,808.0,0.35,1443.96,2471.86,0.0,9,18,0,0.0,0,0.0,0.0,9.0,0.0,0,0,0,none,onset,339.25,580.75
2026-01-28 14:08:29.247848,0.15,0.0,99.85,291.0,256.0,0.35,1443.96,2471.86,0.0,9,18,0,0.0,0,42.0,42.0,9.0,0.0,0,0,0,none,onset,339.25,580.75
2026-01-28 14:08:30.269022,0.0,0.0,100.0,172.0,340.0,0.35,1443.96,2471.86,0.0,9,18,0,0.0,0,0.0,0.0,9.0,0.0,0,0,0,none,onset,339.25,580.75
2026-01-28 14:08:31.295291,0.0,0.5,99.5,115.0,215.0,0.32,1443.96,2471.86,0.0,9,18,0,0.0,0,0.0,0.0,9.0,0.0,0,0,0,none,onset,339.25,580.75
2026-01-28 14:08:32.320530,0.26,0.26,99.49,204.0,378.0,0.32,1443.96,2471.86,0.0,9,18,0,0.0,0,0.0,0.0,9.0,0.0,0,0,0,none,onset,339.25,580.75
2026-01-28 14:08:33.340046,2.27,0.51,97.22,226.0,609.0,0.32,1444.53,2471.3,0.0,9,18,0,0.0,0,98.0,98.0,9.0,0.0,0,0,0,none,onset,339.38,580.62
2026-01-28 14:08:34.371565,0.0,0.0,100.0,63.0,83.0,0.32,1444.53,2471.3,0.0,9,18,0,0.0,0,0.0,0.0,9.0,0.0,0,0,0,none,onset,339.38,580.62
2026-01-28 14:08:35.408254,0.25,0.25,99.5,171.0,332.0,0.32,1444.53,2471.3,0.0,9,18,0,0.0,0,0.0,0.0,9.0,0.0,0,0,0,none,onset,339.38,580.62
2026-01-28 14:08:36.435585,0.0,0.0,100.0,109.0,295.0,0.29,1444.53,2471.3,0.0,9,18,0,0.0,0,0.0,0.0,9.0,0.0,0,0,0,none,onset,339.38,580.62
2026-01-28 14:08:37.459999,0.52,0.26,99.23,286.0,352.0,0.29,1444.67,2471.15,0.0,9,18,0,0.0,0,0.0,0.0,9.0,0.0,0,0,0,none,onset,339.42,580.58
2026-01-28 14:08:38.489333,0.25,0.5,99.25,166.0,486.0,0.29,1444.77,2471.06,0.0,9,18,0,0.0,0,0.0,0.0,9.0,0.0,0,0,0,none,onset,339.44,580.56
2026-01-28 14:08:39.513732,0.0,0.0,100.0,121.0,351.0,0.29,1444.77,2471.06,0.0,9,18,0,0.0,0,0.0,0.0,9.0,0.0,0,0,0,none,onset,339.44,580.56
2026-01-28 14:08:40.537300,0.25,0.25,99.5,193.0,374.0,0.27,1444.77,2471.06,0.0,9,18,0,0.0,0,0.0,0.0,9.0,0.0,0,0,0,none,onset,339.44,580.56
2026-01-28 14:08:41.563174,0.0,0.25,99.75,106.0,273.0,0.27,1444.77,2471.06,0.0,9,18,0,0.0,0,0.0,0.0,9.0,0.0,0,0,0,none,onset,339.44,580.56
2026-01-28 14:08:42.593266,0.26,0.26,99.49,256.0,443.0,0.27,1453.44,2462.38,0.0,9,18,0,0.0,0,0.0,0.0,9.0,0.0,0,0,0,none,onset,341.48,578.52
2026-01-28 14:08:43.680628,1.91,0.72,97.37,280.0,787.0,0.27,1450.29,2465.54,0.0,9,18,0,0.0,0,98.0,98.0,9.0,0.0,0,0,0,none,onset,340.74,579.26
2026-01-28 14:08:44.752065,0.48,0.24,99.28,324.0,416.0,0.27,1450.29,2465.54,0.0,9,18,0,0.0,0,0.0,0.0,9.0,0.0,0,0,0,none,onset,340.74,579.26
2026-01-28 14:08:45.958516,0.0,0.0,100.0,282.0,407.0,0.25,1450.29,2465.54,0.0,9,18,0,0.0,0,0.0,0.0,9.0,0.0,0,0,0,none,onset,340.74,579.26
2026-01-28 14:08:47.282444,0.19,0.39,99.42,138.0,331.0,0.25,1450.29,2465.54,0.0,9,18,0,0.0,0,0.0,0.0,9.0,0.0,0,0,0,none,onset,340.74,579.26
2026-01-28 14:08:48.316758,3.01,0.75,96.24,286.0,894.0,0.25,1450.52,2465.3,0.0,9,18,0,0.0,0,0.0,0.0,9.0,0.0,0,0,0,none,onset,340.79,579.21
2026-01-28 14:08:50.071246,0.15,0.0,99.85,162.0,477.0,0.25,1450.59,2465.23,0.0,9,18,0,0.0,0,0.0,0.0,9.0,0.0,0,0,0,none,onset,340.81,579.19
2026-01-28 14:08:51.177782,0.24,0.48,99.28,278.0,488.0,0.23,1452.68,2463.14,0.0,9,18,0,0.0,0,0.0,0.0,9.0,0.0,0,0,0,none,onset,341.3,578.7
2026-01-28 14:08:52.774183,0.16,0.0,99.84,130.0,308.0,0.23,1452.68,2463.14,0.0,9,18,0,0.0,0,0.0,0.0,9.0,0.0,0,0,0,none,onset,341.3,578.7
2026-01-28 14:08:53.794993,2.88,1.31,95.81,391.0,1226.0,0.23,1451.14,2464.68,0.0,9,18,0,0.0,0,98.0,98.0,9.0,0.0,0,0,0,none,onset,340.94,579.06
2026-01-28 14:08:54.821367,0.25,0.0,99.75,117.0,238.0,0.23,1451.07,2464.76,0.0,9,18,0,0.0,0,0.0,0.0,9.0,0.0,0,0,0,none,onset,340.92,579.08
2026-01-28 14:08:55.844104,0.25,0.25,99.51,86.0,167.0,0.21,1451.07,2464.76,0.0,9,18,0,0.0,0,0.0,0.0,9.0,0.0,0,0,0,none,onset,340.92,579.08
2026-01-28 14:08:56.870950,0.0,0.0,100.0,140.0,279.0,0.21,1451.07,2464.76,0.0,9,18,0,0.0,0,0.0,0.0,9.0,0.0,0,0,0,none,onset,340.92,579.08
2026-01-28 14:08:57.896815,0.25,0.25,99.5,191.0,261.0,0.21,1451.07,2464.76,0.0,9,18,0,0.0,0,0.0,0.0,9.0,0.0,0,0,0,none,onset,340.92,579.08
2026-01-28 14:08:58.922816,0.0,0.0,100.0,171.0,241.0,0.21,1451.07,2464.76,0.0,9,18,0,0.0,0,42.0,42.0,9.0,0.0,0,0,0,none,onset,340.92,579.08
2026-01-28 14:08:59.947120,1.02,0.26,98.72,245.0,522.0,0.21,1447.93,2467.89,0.0,9,18,0,0.0,0,0.0,0.0,9.0,0.0,0,0,0,none,onset,340.18,579.82
2026-01-28 14:09:00.979108,0.25,0.5,99.25,227.0,276.0,0.19,1447.93,2467.89,0.0,9,18,0,0.0,0,0.0,0.0,9.0,0.0,0,0,0,none,onset,340.18,579.82
2026-01-28 14:09:02.002437,0.0,0.25,99.75,142.0,216.0,0.19,1447.93,2467.89,0.0,9,18,0,0.0,0,0.0,0.0,9.0,0.0,0,0,0,none,onset,340.18,579.82
2026-01-28 14:09:03.035070,0.25,0.25,99.5,176.0,310.0,0.19,1448.05,2467.77,0.0,9,18,0,0.0,0,0.0,0.0,9.0,0.0,0,0,0,none,onset,340.21,579.79
2026-01-28 14:09:04.066369,1.02,0.51,98.47,253.0,587.0,0.19,1447.74,2468.09,0.0,9,18,0,0.0,0,98.0,98.0,9.0,0.0,0,0,0,none,onset,340.14,579.86
2026-01-28 14:09:05.093914,0.49,0.25,99.26,106.0,162.0,0.19,1447.74,2468.09,0.0,9,18,0,0.0,0,0.0,0.0,9.0,0.0,0,0,0,none,onset,340.14,579.86
2026-01-28 14:09:06.116745,0.0,0.0,100.0,70.0,124.0,0.18,1447.74,2468.09,0.0,9,18,0,0.0,0,0.0,0.0,9.0,0.0,0,0,0,none,onset,340.14,579.86
2026-01-28 14:09:07.156356,0.26,0.26,99.48,317.0,633.0,0.18,1447.98,2467.85,0.0,9,18,0,0.0,0,0.0,0.0,9.0,0.0,0,0,0,none,onset,340.19,579.81
2026-01-28 14:09:08.185704,0.25,0.25,99.51,102.0,223.0,0.18,1447.98,2467.85,0.0,9,18,0,0.0,0,0.0,0.0,9.0,0.0,0,0,0,none,onset,340.19,579.81
2026-01-28 14:09:09.211076,0.25,0.25,99.49,163.0,475.0,0.18,1447.98,2467.85,0.0,9,18,0,0.0,0,0.0,0.0,9.0,0.0,0,0,0,none,onset,340.19,579.81
2026-01-28 14:09:10.239021,0.25,0.76,98.99,223.0,589.0,0.18,1447.98,2467.85,0.0,9,18,0,0.0,0,0.0,0.0,9.0,0.0,0,0,0,none,onset,340.19,579.81
2026-01-28 14:09:11.267462,0.0,0.0,100.0,90.0,248.0,0.16,1447.98,2467.85,0.0,9,18,0,0.0,0,0.0,0.0,9.0,0.0,0,0,0,none,onset,340.19,579.81
2026-01-28 14:09:12.294707,2.54,0.76,96.7,387.0,871.0,0.16,1453.09,2462.74,0.0,9,18,0,0.0,0,0.0,0.0,9.0,0.0,0,0,0,none,onset,341.39,578.61
2026-01-28 14:09:13.326748,0.0,0.0,100.0,62.0,185.0,0.16,1453.09,2462.74,0.0,9,18,0,0.0,0,0.0,0.0,9.0,0.0,0,0,0,none,onset,341.39,578.61
2026-01-28 14:09:14.352919,0.76,0.25,98.98,229.0,525.0,0.16,1453.09,2462.74,0.0,9,18,0,0.0,0,98.0,98.0,9.0,0.0,0,0,0,none,onset,341.39,578.61
2026-01-28 14:09:15.383843,0.25,0.5,99.25,238.0,405.0,0.16,1453.08,2462.74,0.0,9,18,0,0.0,0,0.0,0.0,9.0,0.0,0,0,0,none,onset,341.39,578.61
2026-01-28 14:09:16.409265,0.25,0.0,99.75,106.0,186.0,0.15,1453.08,2462.74,0.0,9,18,0,0.0,0,0.0,0.0,9.0,0.0,0,0,0,none,onset,341.39,578.61
2026-01-28 14:09:17.434219,0.26,0.26,99.49,183.0,274.0,0.15,1453.08,2462.75,0.0,9,18,0,0.0,0,0.0,0.0,9.0,0.0,0,0,0,none,onset,341.39,578.61
2026-01-28 14:09:18.457064,0.25,0.5,99.25,155.0,400.0,0.15,1453.08,2462.75,0.0,9,18,0,0.0,0,0.0,0.0,9.0,0.0,0,0,0,none,onset,341.39,578.61
2026-01-28 14:09:19.482210,0.0,0.0,100.0,94.0,193.0,0.15,1453.08,2462.75,0.0,9,18,0,0.0,0,42.0,42.0,9.0,0.0,0,0,0,none,onset,341.39,578.61
2026-01-28 14:09:20.560005,0.0,0.24,99.76,194.0,268.0,0.14,1453.08,2462.75,0.0,9,18,0,0.0,0,0.0,0.0,9.0,0.0,0,0,0,none,onset,341.39,578.61
2026-01-28 14:09:21.590179,2.28,0.76,96.95,341.0,683.0,0.14,1449.08,2466.75,0.0,9,18,0,0.0,0,0.0,0.0,9.0,0.0,0,0,0,none,onset,340.45,579.55
2026-01-28 14:09:23.214837,1.11,0.32,98.57,425.0,769.0,0.14,1445.57,2470.26,0.0,9,18,0,0.0,0,0.0,0.0,9.0,0.0,0,0,0,none,onset,339.63,580.37
2026-01-28 14:09:24.246087,0.0,0.0,100.0,202.0,147.0,0.14,1445.57,2470.26,0.0,9,18,0,0.0,0,0.0,0.0,9.0,0.0,0,0,0,none,onset,339.63,580.37
2026-01-28 14:09:25.275970,2.26,1.0,96.74,293.0,681.0,0.14,1445.56,2470.27,0.0,9,18,0,0.0,0,98.0,98.0,9.0,0.0,0,0,0,none,onset,339.63,580.37
2026-01-28 14:09:26.299300,0.0,0.0,100.0,84.0,179.0,0.13,1445.56,2470.27,0.0,9,18,0,0.0,0,0.0,0.0,9.0,0.0,0,0,0,none,onset,339.63,580.37
2026-01-28 14:09:27.329152,0.51,0.51,98.98,184.0,326.0,0.13,1445.7,2470.12,0.0,9,18,0,0.0,0,0.0,0.0,9.0,0.0,0,0,0,none,onset,339.66,580.34
2026-01-28 14:09:28.361206,0.25,0.0,99.75,173.0,376.0,0.13,1445.8,2470.02,0.0,9,18,0,0.0,0,0.0,0.0,9.0,0.0,0,0,0,none,onset,339.68,580.32
2026-01-28 14:09:29.383530,0.0,0.25,99.75,110.0,260.0,0.13,1445.8,2470.02,0.0,9,18,0,0.0,0,0.0,0.0,9.0,0.0,0,0,0,none,onset,339.68,580.32
2026-01-28 14:09:30.416484,0.25,0.0,99.75,125.0,251.0,0.13,1445.8,2470.02,0.0,9,18,0,0.0,0,0.0,0.0,9.0,0.0,0,0,0,none,onset,339.68,580.32
2026-01-28 14:09:31.444862,0.25,0.0,99.75,80.0,161.0,0.12,1445.8,2470.02,0.0,9,18,0,0.0,0,0.0,0.0,9.0,0.0,0,0,0,none,onset,339.68,580.32
2026-01-28 14:09:32.470474,1.03,0.51,98.46,234.0,468.0,0.12,1442.48,2473.35,0.0,9,18,0,0.0,0,0.0,0.0,9.0,0.0,0,0,0,none,onset,338.9,581.1
2026-01-28 14:09:33.488601,0.25,0.0,99.75,156.0,420.0,0.12,1442.48,2473.35,0.0,9,18,0,0.0,0,0.0,0.0,9.0,0.0,0,0,0,none,onset,338.9,581.1
2026-01-28 14:09:34.513100,0.0,0.25,99.75,163.0,273.0,0.12,1442.38,2473.44,0.0,9,18,0,0.0,0,0.0,0.0,9.0,0.0,0,0,0,none,onset,338.88,581.12
2026-01-28 14:09:35.537519,0.26,0.26,99.49,188.0,469.0,0.11,1443.29,2472.54,0.0,9,18,0,0.0,0,98.0,98.0,9.0,0.0,0,0,0,none,onset,339.09,580.91
2026-01-28 14:09:36.567864,0.25,0.0,99.75,153.0,265.0,0.11,1443.29,2472.54,0.0,9,18,0,0.0,0,0.0,0.0,9.0,0.0,0,0,0,none,onset,339.09,580.91
2026-01-28 14:09:37.589841,0.26,0.26,99.48,221.0,288.0,0.11,1444.73,2471.09,0.0,9,18,0,0.0,0,0.0,0.0,9.0,0.0,0,0,0,none,onset,339.43,580.57
2026-01-28 14:09:38.879565,0.2,0.2,99.61,205.0,324.0,0.11,1444.73,2471.09,0.0,9,18,0,0.0,0,0.0,0.0,9.0,0.0,0,0,0,none,onset,339.43,580.57
2026-01-28 14:09:40.106873,0.0,0.0,100.0,149.0,252.0,0.11,1444.75,2471.07,0.0,9,18,0,0.0,0,0.0,0.0,9.0,0.0,0,0,0,none,onset,339.44,580.56
2026-01-28 14:09:41.274980,0.0,0.0,100.0,226.0,320.0,0.1,1444.75,2471.07,0.0,9,18,0,0.0,0,42.0,42.0,9.0,0.0,0,0,0,none,onset,339.44,580.56
2026-01-28 14:09:43.712563,0.0,0.11,99.89,438.0,513.0,0.1,1447.21,2468.61,0.0,9,18,0,0.0,0,0.0,0.0,9.0,0.0,0,0,0,none,onset,340.01,579.99
2026-01-28 14:09:45.799198,0.12,0.12,99.76,200.0,267.0,0.09,1447.21,2468.61,0.0,9,18,0,0.0,0,0.0,0.0,9.0,0.0,0,0,0,none,onset,340.01,579.99
2026-01-28 14:09:46.847789,0.0,0.0,100.0,118.0,194.0,0.09,1447.21,2468.61,0.0,9,18,0,0.0,0,0.0,0.0,9.0,0.0,0,0,0,none,onset,340.01,579.99
2026-01-28 14:09:48.683101,0.0,0.14,99.86,261.0,552.0,0.09,1447.21,2468.61,0.0,9,18,0,0.0,0,0.0,0.0,9.0,0.0,0,0,0,none,onset,340.01,579.99
2026-01-28 14:09:50.027012,2.33,0.58,97.08,375.0,796.0,0.09,1444.32,2471.5,0.0,9,18,0,0.0,0,98.0,98.0,9.0,0.0,0,0,0,none,onset,339.33,580.67
2026-01-28 14:09:51.444646,0.18,0.18,99.64,172.0,321.0,0.08,1444.26,2471.56,0.0,9,18,0,0.0,0,0.0,0.0,9.0,0.0,0,0,0,none,onset,339.32,580.68
2026-01-28 14:09:53.065330,1.12,0.48,98.4,277.0,736.0,0.08,1444.02,2471.81,0.0,9,18,0,0.0,0,0.0,0.0,9.0,0.0,0,0,0,none,onset,339.26,580.74
2026-01-28 14:09:54.175111,0.23,0.23,99.54,171.0,259.0,0.08,1444.02,2471.81,0.0,9,17,0,0.0,0,0.0,0.0,9.0,0.0,0,0,0,none,onset,339.26,580.74
2026-01-28 14:09:56.402062,0.12,0.0,99.88,433.0,702.0,0.08,1444.93,2470.89,0.0,9,18,0,0.0,0,0.0,0.0,9.0,0.0,0,0,0,none,onset,339.48,580.52
2026-01-28 14:09:58.187771,0.14,0.14,99.72,167.0,337.0,0.08,1444.93,2470.89,0.0,9,18,0,0.0,0,0.0,0.0,9.0,0.0,0,0,0,none,onset,339.48,580.52
2026-01-28 14:09:59.779984,0.16,0.16,99.68,227.0,325.0,0.08,1444.93,2470.89,0.0,9,18,0,0.0,0,0.0,0.0,9.0,0.0,0,0,0,none,onset,339.48,580.52
2026-01-28 14:10:01.929365,2.14,0.48,97.38,705.0,1281.0,0.07,1441.91,2473.91,0.0,9,18,0,0.0,0,98.0,98.0,9.0,0.0,0,0,0,none,onset,338.77,581.23
2026-01-28 14:10:03.994864,0.12,0.0,99.88,406.0,480.0,0.07,1441.91,2473.91,0.0,9,18,0,0.0,0,0.0,0.0,9.0,0.0,0,0,0,none,onset,338.77,581.23
2026-01-28 14:10:05.025676,1.78,0.76,97.46,440.0,602.0,0.07,1444.0,2471.82,0.0,9,16,0,0.0,0,0.0,0.0,9.0,0.0,0,0,0,none,onset,339.26,580.74
2026-01-28 14:10:06.472781,0.7,0.18,99.12,206.0,414.0,0.06,1444.12,2471.7,0.0,9,18,0,0.0,0,0.0,0.0,9.0,0.0,0,0,0,none,onset,339.29,580.71
2026-01-28 14:10:08.869705,0.0,0.11,99.89,233.0,370.0,0.06,1444.1,2471.73,0.0,9,18,0,0.0,0,0.0,0.0,9.0,0.0,0,0,0,none,onset,339.28,580.72
2026-01-28 14:10:10.117458,0.62,0.21,99.18,292.0,435.0,0.06,1449.82,2466.0,0.0,9,18,0,0.0,0,0.0,0.0,9.0,0.0,0,0,0,none,onset,340.63,579.37
2026-01-28 14:10:11.513902,1.5,0.56,97.94,423.0,823.0,0.06,1448.55,2467.27,0.0,9,18,0,0.0,0,98.0,98.0,9.0,0.0,0,0,0,none,onset,340.33,579.67
2026-01-28 14:10:13.714986,0.12,0.12,99.77,267.0,402.0,0.06,1448.55,2467.27,0.0,9,18,0,0.0,0,0.0,0.0,9.0,0.0,0,0,0,none,onset,340.33,579.67
2026-01-28 14:10:15.932757,0.23,0.23,99.54,294.0,479.0,0.05,1448.55,2467.27,0.0,8,16,0,0.0,0,42.0,42.0,8.0,0.0,0,0,0,none,onset,340.33,579.67
2026-01-28 14:10:19.056569,0.9,0.24,98.86,448.0,937.0,0.05,1450.4,2465.42,0.0,9,18,0,0.0,0,0.0,0.0,9.0,0.0,0,0,0,none,onset,340.76,579.24
2026-01-28 14:10:22.020349,0.09,0.26,99.65,439.0,581.0,0.05,1450.65,2465.18,0.0,9,16,0,0.0,0,0.0,0.0,9.0,0.0,0,0,0,none,onset,340.82,579.18
2026-01-28 14:10:23.227098,3.66,0.86,95.47,395.0,921.0,0.05,1446.89,2468.94,0.0,9,18,0,0.0,0,98.0,98.0,9.0,0.0,0,0,0,none,onset,339.94,580.06
2026-01-28 14:10:24.616456,0.0,0.18,99.82,138.0,343.0,0.05,1446.89,2468.94,0.0,9,18,0,0.0,0,0.0,0.0,9.0,0.0,0,0,0,none,onset,339.94,580.06
2026-01-28 14:10:26.130162,0.17,0.17,99.66,216.0,392.0,0.04,1446.89,2468.94,0.0,9,18,0,0.0,0,0.0,0.0,9.0,0.0,0,0,0,none,onset,339.94,580.06
2026-01-28 14:10:27.382846,1.25,0.63,98.12,373.0,812.0,0.04,1447.13,2468.69,0.0,9,18,0,0.0,0,70.0,0.0,9.0,0.0,0,0,0,none,onset,340.0,580.0
2026-01-28 14:10:28.409973,0.0,0.25,99.75,109.0,244.0,0.04,1447.13,2468.69,0.0,9,18,0,0.0,0,42.0,42.0,9.0,0.0,0,0,0,none,onset,340.0,580.0
2026-01-28 14:10:29.437466,0.25,0.0,99.75,83.0,185.0,0.04,1447.13,2468.7,0.0,9,18,0,0.0,0,0.0,0.0,9.0,0.0,0,0,0,none,onset,339.99,580.01
2026-01-28 14:10:30.464892,0.25,0.25,99.5,144.0,301.0,0.04,1447.13,2468.7,0.0,9,18,0,0.0,0,0.0,0.0,9.0,0.0,0,0,0,none,onset,339.99,580.01
2026-01-28 14:10:31.501442,0.25,0.49,99.26,118.0,249.0,0.04,1447.13,2468.7,0.0,9,18,0,0.0,0,0.0,0.0,9.0,0.0,0,0,0,none,onset,339.99,580.01
2026-01-28 14:10:32.526075,3.34,0.77,95.89,482.0,927.0,0.04,1441.34,2474.48,0.0,9,18,0,0.0,0,98.0,98.0,9.0,0.0,0,0,0,none,onset,338.63,581.37
2026-01-28 14:10:33.549651,0.25,0.5,99.25,159.0,232.0,0.04,1441.34,2474.48,0.0,9,18,0,0.0,0,0.0,0.0,9.0,0.0,0,0,0,none,onset,338.63,581.37
2026-01-28 14:10:34.581178,0.0,0.0,100.0,143.0,217.0,0.04,1441.34,2474.48,0.0,9,18,0,0.0,0,0.0,0.0,9.0,0.0,0,0,0,none,onset,338.63,581.37
2026-01-28 14:10:35.604721,0.0,0.0,100.0,174.0,167.0,0.04,1441.34,2474.48,0.0,9,18,0,0.0,0,0.0,0.0,9.0,0.0,0,0,0,none,onset,338.63,581.37
2026-01-28 14:10:36.635066,0.49,0.25,99.26,155.0,186.0,0.04,1441.34,2474.49,0.0,9,18,0,0.0,0,0.0,0.0,9.0,0.0,0,0,0,none,onset,338.63,581.37
2026-01-28 14:10:37.666404,1.53,0.77,97.7,390.0,781.0,0.04,1446.94,2468.88,0.0,9,18,0,0.0,0,0.0,0.0,9.0,0.0,0,0,0,none,onset,339.95,580.05
2026-01-28 14:10:38.691737,0.0,0.0,100.0,126.0,333.0,0.04,1446.94,2468.88,0.0,9,18,0,0.0,0,0.0,0.0,9.0,0.0,0,0,0,none,onset,339.95,580.05
2026-01-28 14:10:39.717448,0.25,0.25,99.5,126.0,293.0,0.04,1447.05,2468.77,0.0,9,18,0,0.0,0,0.0,0.0,9.0,0.0,0,0,0,none,onset,339.98,580.02
2026-01-28 14:10:40.743353,0.25,0.25,99.49,217.0,438.0,0.03,1447.05,2468.77,0.0,9,18,0,0.0,0,0.0,0.0,9.0,0.0,0,0,0,none,onset,339.98,580.02
2026-01-28 14:22:03.838685,0.14,0.14,99.71,232.0,305.0,0.12,1500.82,2415.01,0.0,13,26,0,0.0,0,0.0,0.0,13.0,0.0,1,0,1,none,onset,352.61,567.39
2026-01-28 14:22:05.201913,1.77,0.59,97.64,447.0,772.0,0.12,1501.67,2414.15,0.0,13,26,0,0.0,0,928.0,928.0,13.0,0.0,1,0,1,none,onset,352.81,567.19
2026-01-28 14:22:06.239032,2.04,0.51,97.45,443.0,568.0,0.11,1506.73,2409.09,0.0,13,26,0,0.0,0,928.0,928.0,13.0,0.0,1,0,1,none,onset,354.0,566.0
2026-01-28 14:22:07.448323,3.33,1.11,95.57,526.0,968.0,0.11,1508.2,2407.62,0.0,13,26,0,0.0,0,928.0,928.0,13.0,0.0,1,0,1,none,onset,354.34,565.66
2026-01-28 14:22:08.708061,2.68,0.62,96.7,374.0,839.0,0.11,1508.2,2407.62,0.0,13,26,0,0.0,0,928.0,928.0,13.0,0.0,1,0,1,none,onset,354.34,565.66
2026-01-28 14:22:10.225721,2.22,0.51,97.26,472.0,884.0,0.11,1510.2,2405.62,0.0,13,26,0,0.0,0,928.0,928.0,13.0,0.0,1,0,1,none,onset,354.81,565.19
2026-01-28 14:22:12.710774,0.87,0.44,98.69,775.0,1271.0,0.18,1501.91,2413.91,0.0,13,26,0,0.0,0,1954.0,1954.0,13.0,0.0,1,0,1,none,onset,352.87,567.13
2026-01-28 14:22:13.887641,3.31,0.66,96.03,401.0,929.0,0.18,1503.91,2411.92,0.0,13,26,0,0.0,0,928.0,928.0,13.0,0.0,1,0,1,none,onset,353.33,566.67
2026-01-28 14:22:15.257360,2.49,0.77,96.74,517.0,943.0,0.18,1506.61,2409.21,0.0,13,26,0,0.0,0,928.0,928.0,13.0,0.0,1,0,1,none,onset,353.97,566.03
2026-01-28 14:22:16.896768,2.11,0.49,97.4,700.0,1231.0,0.17,1496.75,2419.08,0.0,13,26,0,0.0,0,928.0,928.0,13.0,0.0,1,0,1,none,onset,351.65,568.35
2026-01-28 14:22:18.018656,2.53,0.46,97.01,263.0,586.0,0.17,1497.32,2418.5,0.0,13,26,0,0.0,0,970.0,970.0,13.0,0.0,1,0,1,none,onset,351.79,568.21
2026-01-28 14:22:19.382307,0.78,0.2,99.02,281.0,559.0,0.17,1498.11,2417.71,0.0,13,26,0,0.0,0,928.0,928.0,13.0,0.0,1,0,1,none,onset,351.97,568.03
2026-01-28 14:22:20.403658,1.02,0.26,98.72,205.0,388.0,0.17,1498.11,2417.71,0.0,13,26,0,0.0,0,928.0,928.0,13.0,0.0,1,0,1,none,onset,351.97,568.03
2026-01-28 14:22:21.589152,0.89,0.22,98.89,268.0,582.0,0.23,1494.36,2421.46,0.0,13,26,0,0.0,0,928.0,928.0,13.0,0.0,1,0,1,none,onset,351.09,568.91
2026-01-28 14:22:22.752014,6.0,1.39,92.61,654.0,1545.0,0.23,1492.57,2423.26,0.0,13,26,0,0.0,0,1026.0,1026.0,13.0,0.0,1,0,1,none,onset,350.67,569.33
2026-01-28 14:22:23.809840,1.0,0.0,99.0,192.0,360.0,0.23,1497.89,2417.93,0.0,13,26,0,0.0,0,928.0,928.0,13.0,0.0,1,0,1,none,onset,351.92,568.08
2026-01-28 14:22:24.986543,0.88,0.22,98.89,223.0,323.0,0.23,1495.41,2420.42,0.0,13,26,0,0.0,0,824.0,824.0,13.0,0.0,1,0,1,none,onset,351.34,568.66
2026-01-28 14:22:26.193133,1.11,0.44,98.45,411.0,731.0,0.21,1499.53,2416.3,0.0,13,26,0,0.0,0,1032.0,1032.0,13.0,0.0,1,0,1,none,onset,352.31,567.69
2026-01-28 14:22:27.327021,2.78,0.69,96.53,364.0,710.0,0.21,1502.52,2413.3,0.0,13,26,0,0.0,0,0.0,0.0,13.0,0.0,1,0,1,none,onset,353.01,566.99
2026-01-28 14:22:28.345871,2.04,0.26,97.7,246.0,480.0,0.21,1501.45,2414.38,0.0,13,26,0,0.0,0,970.0,970.0,13.0,0.0,1,0,1,none,onset,352.76,567.24
2026-01-28 14:22:29.371928,2.59,0.52,96.89,387.0,892.0,0.21,1497.31,2418.51,0.0,13,26,0,0.0,0,928.0,928.0,13.0,0.0,1,0,1,none,onset,351.78,568.22
2026-01-28 14:22:30.398862,3.15,0.79,96.06,382.0,801.0,0.21,1499.52,2416.3,0.0,13,26,0,0.0,0,928.0,928.0,13.0,0.0,1,0,1,none,onset,352.3,567.7
2026-01-28 14:22:31.429409,2.8,0.76,96.44,328.0,646.0,0.2,1497.72,2418.1,0.0,13,26,0,0.0,0,928.0,928.0,13.0,0.0,1,0,1,none,onset,351.88,568.12
2026-01-28 14:22:32.468226,1.5,0.25,98.25,203.0,378.0,0.2,1497.72,2418.1,0.0,13,26,0,0.0,0,0.0,0.0,13.0,0.0,1,0,1,none,onset,351.88,568.12
2026-01-28 14:22:33.502200,0.0,0.0,100.0,82.0,181.0,0.2,1497.87,2417.96,0.0,13,26,0,0.0,0,0.0,0.0,13.0,0.0,1,0,1,none,onset,351.92,568.08
2026-01-28 14:22:34.537806,0.25,0.25,99.5,102.0,256.0,0.2,1497.87,2417.96,0.0,13,26,0,0.0,0,0.0,0.0,13.0,0.0,1,0,1,none,onset,351.92,568.08
2026-01-28 14:22:35.575407,0.79,0.26,98.95,202.0,506.0,0.2,1493.96,2421.86,0.0,13,26,0,0.0,0,1026.0,1026.0,13.0,0.0,1,0,1,none,onset,351.0,569.0
2026-01-28 14:22:36.610143,3.54,1.26,95.2,430.0,1051.0,0.18,1494.84,2420.99,0.0,13,26,0,0.0,0,928.0,928.0,13.0,0.0,1,0,1,none,onset,351.2,568.8
2026-01-28 14:22:37.650250,4.91,0.78,94.32,449.0,1069.0,0.18,1498.24,2417.58,0.0,13,26,0,0.0,0,928.0,928.0,13.0,0.0,1,0,1,none,onset,352.0,568.0
2026-01-28 14:22:38.684085,0.0,0.0,100.0,93.0,241.0,0.18,1498.24,2417.58,0.0,13,26,0,0.0,0,0.0,0.0,13.0,0.0,1,0,1,none,onset,352.0,568.0
2026-01-28 14:22:39.713128,3.3,0.76,95.94,344.0,778.0,0.18,1502.44,2413.38,0.0,13,26,0,0.0,0,928.0,928.0,13.0,0.0,1,0,1,none,onset,352.99,567.01
2026-01-28 14:22:40.743108,0.52,0.26,99.22,263.0,343.0,0.17,1492.06,2423.77,0.0,13,26,0,0.0,0,928.0,928.0,13.0,0.0,1,0,1,none,onset,350.55,569.45
2026-01-28 14:22:41.772282,0.52,0.26,99.23,196.0,413.0,0.17,1486.01,2429.81,0.0,13,26,0,0.0,0,928.0,928.0,13.0,0.0,1,0,1,none,onset,349.13,570.87
2026-01-28 14:22:42.795399,2.57,0.77,96.66,336.0,832.0,0.17,1492.92,2422.91,0.0,13,26,0,0.0,0,0.0,0.0,13.0,0.0,1,0,1,none,onset,350.75,569.25
2026-01-28 14:22:43.827174,3.28,0.25,96.46,266.0,744.0,0.17,1501.71,2414.12,0.0,13,26,0,0.0,0,928.0,928.0,13.0,0.0,1,0,1,none,onset,352.82,567.18
2026-01-28 14:22:44.864757,2.06,0.52,97.42,249.0,533.0,0.17,1487.42,2428.41,0.0,13,26,0,0.0,0,928.0,1026.0,13.0,0.0,1,0,1,none,onset,349.46,570.54
2026-01-28 14:22:45.886502,1.01,0.5,98.49,234.0,524.0,0.15,1491.66,2424.16,0.0,13,26,0,0.0,0,98.0,0.0,13.0,0.0,1,0,1,none,onset,350.46,569.54
2026-01-28 14:22:46.915818,2.56,0.26,97.19,377.0,725.0,0.15,1493.39,2422.44,0.0,13,26,0,0.0,0,928.0,928.0,13.0,0.0,1,0,1,none,onset,350.86,569.14
2026-01-28 14:22:47.944957,1.87,0.8,97.33,390.0,892.0,0.15,1485.32,2430.51,0.0,13,26,0,0.0,0,928.0,928.0,13.0,0.0,1,0,1,none,onset,348.97,571.03
2026-01-28 14:22:48.972033,3.77,0.75,95.48,378.0,629.0,0.15,1485.45,2430.38,0.0,13,26,0,0.0,0,928.0,928.0,13.0,0.0,1,0,1,none,onset,349.0,571.0
2026-01-28 14:22:50.313555,1.95,0.59,97.46,381.0,859.0,0.15,1495.41,2420.41,0.0,13,26,0,0.0,0,928.0,928.0,13.0,0.0,1,0,1,none,onset,351.34,568.66
2026-01-28 14:22:51.501792,0.0,0.0,100.0,124.0,226.0,0.14,1495.41,2420.41,0.0,13,26,0,0.0,0,0.0,0.0,13.0,0.0,1,0,1,none,onset,351.34,568.66
2026-01-28 14:22:52.700161,3.05,0.65,96.3,379.0,790.0,0.14,1495.56,2420.27,0.0,13,26,0,0.0,0,928.0,928.0,13.0,0.0,1,0,1,none,onset,351.37,568.63
2026-01-28 14:22:53.932202,4.47,0.64,94.89,457.0,1098.0,0.14,1495.9,2419.92,0.0,13,24,0,0.0,0,928.0,928.0,13.0,0.0,1,0,1,none,onset,351.45,568.55
2026-01-28 14:22:55.467893,2.02,0.17,97.81,292.0,675.0,0.14,1489.62,2426.21,0.0,13,26,0,0.0,0,928.0,928.0,13.0,0.0,1,0,1,none,onset,349.98,570.02
2026-01-28 14:22:56.502222,4.62,1.03,94.36,405.0,888.0,0.21,1495.34,2420.48,0.0,13,26,0,0.0,0,1026.0,1026.0,13.0,0.0,1,0,1,none,onset,351.32,568.68
2026-01-28 14:22:57.855861,0.97,0.39,98.64,275.0,538.0,0.21,1501.06,2414.76,0.0,13,26,0,0.0,0,928.0,928.0,13.0,0.0,1,0,1,none,onset,352.67,567.33
2026-01-28 14:22:58.902339,4.59,1.28,94.13,545.0,1087.0,0.21,1498.99,2416.83,0.0,13,26,0,0.0,0,928.0,928.0,13.0,0.0,1,0,1,none,onset,352.18,567.82
2026-01-28 14:22:59.983204,0.74,0.0,99.26,293.0,580.0,0.21,1501.03,2414.79,0.0,13,26,0,0.0,0,928.0,928.0,13.0,0.0,1,0,1,none,onset,352.66,567.34
2026-01-28 14:23:01.014021,5.97,1.56,92.47,647.0,1397.0,0.19,1504.19,2411.63,0.0,13,26,0,0.0,0,928.0,928.0,13.0,0.0,1,0,1,none,onset,353.4,566.6
2026-01-28 14:23:02.040199,1.01,0.75,98.24,268.0,482.0,0.19,1500.29,2415.54,0.0,13,26,0,0.0,0,0.0,0.0,13.0,0.0,1,0,1,none,onset,352.48,567.52
2026-01-28 14:23:03.071794,2.99,0.25,96.76,225.0,624.0,0.19,1500.29,2415.54,0.0,13,26,0,0.0,0,928.0,928.0,13.0,0.0,1,0,1,none,onset,352.48,567.52
2026-01-28 14:23:04.101947,2.16,0.27,97.57,407.0,981.0,0.19,1492.09,2423.73,0.0,13,26,0,0.0,0,928.0,928.0,13.0,0.0,1,0,1,none,onset,350.56,569.44
2026-01-28 14:23:05.168969,0.24,0.24,99.52,105.0,194.0,0.19,1492.15,2423.68,0.0,13,26,0,0.0,0,0.0,0.0,13.0,0.0,1,0,1,none,onset,350.57,569.43
2026-01-28 14:23:06.192524,5.09,0.76,94.15,377.0,807.0,0.18,1495.01,2420.82,0.0,13,26,0,0.0,0,1026.0,1026.0,13.0,0.0,1,0,1,none,onset,351.24,568.76
2026-01-28 14:23:07.360003,0.91,0.45,98.64,296.0,863.0,0.18,1497.7,2418.12,0.0,13,26,0,0.0,0,928.0,928.0,13.0,0.0,1,0,1,none,onset,351.88,568.12
2026-01-28 14:23:08.456227,0.95,0.24,98.81,240.0,519.0,0.18,1501.15,2414.67,0.0,13,26,0,0.0,0,0.0,0.0,13.0,0.0,1,0,1,none,onset,352.69,567.31
2026-01-28 14:23:09.481064,3.84,0.77,95.4,355.0,754.0,0.18,1503.25,2412.58,0.0,13,26,0,0.0,0,928.0,928.0,13.0,0.0,1,0,1,none,onset,353.18,566.82
2026-01-28 14:23:10.513125,0.79,0.26,98.95,362.0,585.0,0.18,1504.82,2411.0,0.0,13,26,0,0.0,0,928.0,928.0,13.0,0.0,1,0,1,none,onset,353.55,566.45
2026-01-28 14:23:11.535497,2.81,0.51,96.68,286.0,593.0,0.16,1509.66,2406.16,0.0,13,26,0,0.0,0,970.0,970.0,13.0,0.0,1,0,1,none,onset,354.69,565.31
2026-01-28 14:23:12.557038,0.75,0.25,99.0,130.0,383.0,0.16,1509.66,2406.16,0.0,13,26,0,0.0,0,0.0,0.0,13.0,0.0,1,0,1,none,onset,354.69,565.31
2026-01-28 14:23:13.586295,2.55,0.51,96.94,213.0,659.0,0.16,1510.32,2405.5,0.0,13,26,0,0.0,0,928.0,928.0,13.0,0.0,1,0,1,none,onset,354.84,565.16
2026-01-28 14:23:14.618311,2.88,0.52,96.6,355.0,764.0,0.16,1498.23,2417.59,0.0,13,26,0,0.0,0,928.0,928.0,13.0,0.0,1,0,1,none,onset,352.0,568.0
2026-01-28 14:23:15.658807,1.02,0.25,98.73,282.0,440.0,0.15,1507.95,2407.87,0.0,13,26,0,0.0,0,928.0,928.0,13.0,0.0,1,0,1,none,onset,354.28,565.72
2026-01-28 14:23:16.697505,4.62,0.77,94.62,447.0,878.0,0.15,1503.39,2412.43,0.0,13,26,0,0.0,0,1026.0,1026.0,13.0,0.0,1,0,1,none,onset,353.21,566.79
2026-01-28 14:23:17.731966,2.07,0.26,97.67,426.0,780.0,0.15,1507.39,2408.43,0.0,13,26,0,0.0,0,928.0,928.0,13.0,0.0,1,0,1,none,onset,354.15,565.85
2026-01-28 14:23:18.768562,0.0,0.0,100.0,102.0,268.0,0.15,1507.39,2408.43,0.0,13,26,0,0.0,0,0.0,0.0,13.0,0.0,1,0,1,none,onset,354.15,565.85
2026-01-28 14:23:19.796929,2.15,0.81,97.04,468.0,1107.0,0.15,1506.94,2408.88,0.0,13,26,0,0.0,0,928.0,928.0,13.0,0.0,1,0,1,none,onset,354.05,565.95
2026-01-28 14:23:20.823605,3.31,0.51,96.18,294.0,722.0,0.14,1504.53,2411.29,0.0,13,26,0,0.0,0,928.0,928.0,13.0,0.0,1,0,1,none,onset,353.48,566.52
2026-01-28 14:23:21.856277,0.53,0.53,98.95,430.0,803.0,0.14,1501.04,2414.79,0.0,13,26,0,0.0,0,970.0,970.0,13.0,0.0,1,0,1,none,onset,352.66,567.34
2026-01-28 14:23:22.883090,2.58,0.52,96.9,313.0,781.0,0.14,1497.25,2418.57,0.0,13,26,0,0.0,0,928.0,928.0,13.0,0.0,1,0,1,none,onset,351.77,568.23
2026-01-28 14:23:23.911873,0.25,0.0,99.75,94.0,243.0,0.14,1497.25,2418.57,0.0,13,26,0,0.0,0,0.0,0.0,13.0,0.0,1,0,1,none,onset,351.77,568.23
2026-01-28 14:23:24.944221,0.26,0.26,99.48,233.0,277.0,0.14,1501.5,2414.33,0.0,13,26,0,0.0,0,928.0,928.0,13.0,0.0,1,0,1,none,onset,352.77,567.23
2026-01-28 14:23:25.983077,4.63,0.77,94.6,465.0,1059.0,0.21,1500.59,2415.23,0.0,13,26,0,0.0,0,928.0,928.0,13.0,0.0,1,0,1,none,onset,352.56,567.44
2026-01-28 14:23:27.027016,1.56,0.26,98.18,295.0,575.0,0.21,1503.29,2412.54,0.0,13,26,0,0.0,0,1026.0,1026.0,13.0,0.0,1,0,1,none,onset,353.19,566.81
2026-01-28 14:23:28.055794,0.78,0.78,98.44,261.0,563.0,0.21,1503.63,2412.19,0.0,13,26,0,0.0,0,928.0,928.0,13.0,0.0,1,0,1,none,onset,353.27,566.73
2026-01-28 14:23:29.088414,0.5,0.0,99.5,125.0,321.0,0.21,1503.63,2412.2,0.0,13,26,0,0.0,0,0.0,0.0,13.0,0.0,1,0,1,none,onset,353.27,566.73
2026-01-28 14:23:30.124661,2.79,0.51,96.7,306.0,839.0,0.21,1510.93,2404.89,0.0,13,26,0,0.0,0,928.0,928.0,13.0,0.0,1,0,1,none,onset,354.98,565.02
2026-01-28 14:23:31.156430,5.09,1.34,93.57,619.0,1218.0,0.27,1508.43,2407.39,0.0,13,26,0,0.0,0,928.0,928.0,13.0,0.0,1,0,1,none,onset,354.4,565.6
2026-01-28 14:23:32.186419,2.31,0.51,97.17,354.0,594.0,0.27,1512.43,2403.39,0.0,13,26,0,0.0,0,928.0,928.0,13.0,0.0,1,0,1,none,onset,355.34,564.66
2026-01-28 14:23:33.217178,0.52,0.26,99.23,222.0,429.0,0.27,1505.43,2410.39,0.0,13,26,0,0.0,0,928.0,928.0,13.0,0.0,1,0,1,none,onset,353.69,566.31
2026-01-28 14:23:34.246601,2.06,0.51,97.43,329.0,648.0,0.27,1509.58,2406.25,0.0,13,26,0,0.0,0,928.0,928.0,13.0,0.0,1,0,1,none,onset,354.67,565.33
2026-01-28 14:23:35.264648,0.0,0.25,99.75,169.0,408.0,0.27,1509.58,2406.25,0.0,13,26,0,0.0,0,0.0,0.0,13.0,0.0,1,0,1,none,onset,354.67,565.33
2026-01-28 14:23:36.309497,3.12,0.78,96.1,486.0,1209.0,0.25,1509.81,2406.01,0.0,13,26,0,0.0,0,928.0,928.0,13.0,0.0,1,0,1,none,onset,354.72,565.28
2026-01-28 14:23:38.184652,0.0,0.0,100.0,140.0,243.0,0.25,1505.81,2410.01,0.0,13,26,0,0.0,0,0.0,0.0,13.0,0.0,1,0,1,none,onset,353.78,566.22
2026-01-28 14:23:39.212622,1.84,0.79,97.38,379.0,487.0,0.25,1509.81,2406.01,0.0,13,26,0,0.0,0,1026.0,1026.0,13.0,0.0,1,0,1,none,onset,354.72,565.28
2026-01-28 14:23:40.240300,0.0,0.0,100.0,155.0,92.0,0.25,1509.81,2406.01,0.0,13,26,0,0.0,0,0.0,0.0,13.0,0.0,1,0,1,none,onset,354.72,565.28
2026-01-28 14:23:41.271628,1.61,0.27,98.12,575.0,708.0,0.23,1511.26,2404.57,0.0,13,26,0,0.0,0,928.0,928.0,13.0,0.0,1,0,1,none,onset,355.06,564.94
2026-01-28 14:23:42.303557,2.81,0.51,96.68,449.0,728.0,0.23,1505.33,2410.5,0.0,13,26,0,0.0,0,928.0,928.0,13.0,0.0,1,0,1,none,onset,353.67,566.33
2026-01-28 14:23:43.342921,2.26,0.25,97.49,272.0,479.0,0.23,1509.08,2406.74,0.0,13,26,0,0.0,0,928.0,928.0,13.0,0.0,1,0,1,none,onset,354.55,565.45
2026-01-28 14:23:44.373559,0.52,0.26,99.22,310.0,387.0,0.23,1505.2,2410.62,0.0,13,26,0,0.0,0,928.0,928.0,13.0,0.0,1,0,1,none,onset,353.64,566.36
2026-01-28 14:23:45.403551,0.25,0.0,99.75,151.0,416.0,0.23,1504.86,2410.97,0.0,13,26,0,0.0,0,0.0,0.0,13.0,0.0,1,0,1,none,onset,353.56,566.44
2026-01-28 14:23:46.432065,5.44,1.55,93.01,529.0,1273.0,0.21,1501.25,2414.57,0.0,13,26,0,0.0,0,928.0,928.0,13.0,0.0,1,0,1,none,onset,352.71,567.29
2026-01-28 14:23:47.470838,3.51,1.25,95.24,334.0,818.0,0.21,1504.35,2411.48,0.0,13,26,0,0.0,0,928.0,928.0,13.0,0.0,1,0,1,none,onset,353.44,566.56
2026-01-28 14:23:48.497001,2.62,0.52,96.86,340.0,728.0,0.21,1511.76,2404.06,0.0,13,26,0,0.0,0,1026.0,1026.0,13.0,0.0,1,0,1,none,onset,355.18,564.82
2026-01-28 14:23:49.537296,2.53,1.01,96.46,364.0,651.0,0.21,1501.36,2414.46,0.0,13,26,0,0.0,0,928.0,928.0,13.0,0.0,1,0,1,none,onset,352.74,567.26
2026-01-28 14:23:50.574965,2.27,0.25,97.47,300.0,608.0,0.21,1507.23,2408.6,0.0,13,26,0,0.0,0,928.0,928.0,13.0,0.0,1,0,1,none,onset,354.11,565.89
2026-01-28 14:23:51.604418,0.25,0.0,99.75,214.0,233.0,0.19,1507.23,2408.6,0.0,13,26,0,0.0,0,0.0,0.0,13.0,0.0,1,0,1,none,onset,354.11,565.89
2026-01-28 14:23:52.639221,2.11,1.05,96.84,374.0,604.0,0.19,1500.16,2415.66,0.0,13,26,0,0.0,0,928.0,928.0,13.0,0.0,1,0,1,none,onset,352.45,567.55
2026-01-28 14:23:53.667618,3.28,0.51,96.21,292.0,709.0,0.19,1503.58,2412.25,0.0,13,26,0,0.0,0,928.0,928.0,13.0,0.0,1,0,1,none,onset,353.26,566.74
2026-01-28 14:23:54.708944,1.8,0.77,97.43,333.0,688.0,0.19,1503.16,2412.67,0.0,13,26,0,0.0,0,928.0,928.0,13.0,0.0,1,0,1,none,onset,353.16,566.84
2026-01-28 14:23:55.755488,0.0,0.0,100.0,93.0,270.0,0.18,1503.16,2412.67,0.0,13,26,0,0.0,0,0.0,0.0,13.0,0.0,1,0,1,none,onset,353.16,566.84
2026-01-28 14:23:56.784984,1.04,0.52,98.45,333.0,439.0,0.18,1502.97,2412.85,0.0,13,26,0,0.0,0,928.0,928.0,13.0,0.0,1,0,1,none,onset,353.11,566.89
2026-01-28 14:23:57.813348,2.65,1.06,96.29,439.0,822.0,0.18,1501.91,2413.92,0.0,13,26,0,0.0,0,928.0,928.0,13.0,0.0,1,0,1,none,onset,352.86,567.14
2026-01-28 14:23:58.837206,2.86,0.78,96.35,374.0,802.0,0.18,1502.69,2413.13,0.0,13,26,0,0.0,0,1026.0,1026.0,13.0,0.0,1,0,1,none,onset,353.05,566.95
2026-01-28 14:23:59.868977,0.25,0.5,99.25,138.0,323.0,0.18,1502.69,2413.13,0.0,13,26,0,0.0,0,0.0,0.0,13.0,0.0,1,0,1,none,onset,353.05,566.95
2026-01-28 14:24:00.902408,0.26,0.0,99.74,179.0,346.0,0.16,1504.54,2411.29,0.0,13,26,0,0.0,0,928.0,928.0,13.0,0.0,1,0,1,none,onset,353.48,566.52
2026-01-28 14:24:01.955260,2.59,1.3,96.11,614.0,870.0,0.16,1503.73,2412.09,0.0,13,26,0,0.0,0,928.0,928.0,13.0,0.0,1,0,1,none,onset,353.29,566.71
2026-01-28 14:24:02.986300,0.25,0.0,99.75,98.0,204.0,0.16,1503.73,2412.09,0.0,13,26,0,0.0,0,0.0,0.0,13.0,0.0,1,0,1,none,onset,353.29,566.71
2026-01-28 14:24:04.023515,5.33,1.27,93.4,519.0,913.0,0.16,1498.31,2417.51,0.0,13,26,0,0.0,0,970.0,970.0,13.0,0.0,1,0,1,none,onset,352.02,567.98
2026-01-28 14:24:05.050106,0.25,0.0,99.75,159.0,189.0,0.16,1498.18,2417.64,0.0,13,26,0,0.0,0,0.0,0.0,13.0,0.0,1,0,1,none,onset,351.99,568.01
2026-01-28 14:24:06.079690,3.03,0.76,96.21,277.0,690.0,0.15,1505.64,2410.18,0.0,13,26,0,0.0,0,928.0,928.0,13.0,0.0,1,0,1,none,onset,353.74,566.26
2026-01-28 14:24:07.106837,2.57,0.77,96.66,398.0,759.0,0.15,1501.64,2414.18,0.0,13,26,0,0.0,0,928.0,928.0,13.0,0.0,1,0,1,none,onset,352.8,567.2
2026-01-28 14:24:08.133597,1.26,0.25,98.49,191.0,344.0,0.15,1497.64,2418.18,0.0,13,26,0,0.0,0,0.0,0.0,13.0,0.0,1,0,1,none,onset,351.86,568.14
2026-01-28 14:24:09.274783,4.04,0.95,95.01,548.0,1111.0,0.15,1502.29,2413.54,0.0,13,26,0,0.0,0,1026.0,1026.0,13.0,0.0,1,0,1,none,onset,352.95,567.05
2026-01-28 14:24:10.367296,0.24,0.0,99.76,264.0,744.0,0.15,1508.35,2407.48,0.0,13,26,0,0.0,0,928.0,928.0,13.0,0.0,1,0,1,none,onset,354.38,565.62
2026-01-28 14:24:12.142112,1.46,0.29,98.25,535.0,754.0,0.22,1501.57,2414.26,0.0,13,26,0,0.0,0,928.0,928.0,13.0,0.0,1,0,1,none,onset,352.78,567.22
2026-01-28 14:24:13.602637,0.35,0.35,99.29,355.0,288.0,0.22,1497.71,2418.11,0.0,13,24,0,0.0,0,0.0,0.0,13.0,0.0,1,0,1,none,onset,351.88,568.12
2026-01-28 14:24:14.634171,4.07,1.02,94.91,454.0,924.0,0.22,1507.53,2408.3,0.0,13,26,0,0.0,0,970.0,970.0,13.0,0.0,1,0,1,none,onset,354.18,565.82
2026-01-28 14:24:16.119931,2.45,0.87,96.68,548.0,961.0,0.2,1511.77,2404.05,0.0,13,24,0,0.0,0,928.0,928.0,13.0,0.0,1,0,1,none,onset,355.18,564.82
2026-01-28 14:24:18.699705,1.52,0.3,98.17,704.0,1464.0,0.2,1494.95,2420.88,0.0,13,24,0,0.0,0,1856.0,1856.0,13.0,0.0,1,0,1,none,onset,351.23,568.77
2026-01-28 14:24:19.787201,5.94,0.99,93.07,579.0,1193.0,0.2,1497.98,2417.85,0.0,13,26,0,0.0,0,1026.0,1026.0,13.0,0.0,1,0,1,none,onset,351.94,568.06
2026-01-28 14:24:20.828512,1.0,0.25,98.75,250.0,367.0,0.18,1502.25,2413.58,0.0,13,26,0,0.0,0,0.0,0.0,13.0,0.0,1,0,1,none,onset,352.94,567.06
2026-01-28 14:24:22.344804,2.03,0.34,97.63,382.0,739.0,0.18,1512.51,2403.31,0.0,13,26,0,0.0,0,928.0,928.0,13.0,0.0,1,0,1,none,onset,355.36,564.64
2026-01-28 14:24:23.495480,1.36,0.23,98.41,297.0,663.0,0.18,1508.6,2407.22,0.0,13,26,0,0.0,0,928.0,928.0,13.0,0.0,1,0,1,none,onset,354.44,565.56
2026-01-28 14:24:24.527497,3.88,0.78,95.35,402.0,1000.0,0.18,1510.95,2404.88,0.0,13,26,0,0.0,0,928.0,928.0,13.0,0.0,1,0,1,none,onset,354.99,565.01
2026-01-28 14:24:25.623075,1.93,0.48,97.58,326.0,596.0,0.18,1509.95,2405.87,0.0,13,26,0,0.0,0,928.0,928.0,13.0,0.0,1,0,1,none,onset,354.75,565.25
2026-01-28 14:24:26.906700,0.41,0.21,99.38,299.0,698.0,0.17,1505.95,2409.87,0.0,13,26,0,0.0,0,928.0,928.0,13.0,0.0,1,0,1,none,onset,353.81,566.19
2026-01-28 14:24:29.455379,0.2,0.1,99.7,304.0,631.0,0.17,1501.95,2413.88,0.0,13,24,0,0.0,0,98.0,98.0,13.0,0.0,1,0,1,none,onset,352.87,567.13
2026-01-28 14:24:30.668004,1.12,0.67,98.21,384.0,665.0,0.17,1504.18,2411.64,0.0,13,26,0,0.0,0,928.0,928.0,13.0,0.0,1,0,1,none,onset,353.4,566.6
2026-01-28 14:24:31.689526,3.84,0.26,95.91,303.0,888.0,0.32,1503.72,2412.1,0.0,13,24,0,0.0,0,928.0,928.0,13.0,0.0,1,0,1,none,onset,353.29,566.71
2026-01-28 14:54:07.531453,1.65,1.37,96.98,377.0,664.0,0.57,1495.81,2420.02,0.0,12,27,0,0.0,0,100.0,100.0,12.0,0.0,0,0,0,none,onset,351.43,568.57
2026-01-28 14:54:08.790280,2.67,1.11,96.21,561.0,1051.0,0.57,1496.04,2419.79,0.0,12,27,0,0.0,0,198.0,198.0,12.0,0.0,0,0,0,none,onset,351.49,568.51
2026-01-28 14:54:10.023102,0.88,0.22,98.9,301.0,565.0,0.57,1503.48,2412.34,0.0,12,27,0,0.0,0,100.0,100.0,12.0,0.0,0,0,0,none,onset,353.23,566.77
2026-01-28 14:54:11.156275,0.96,0.72,98.33,485.0,741.0,0.53,1511.11,2404.71,0.0,12,27,0,0.0,0,100.0,100.0,12.0,0.0,0,0,0,none,onset,355.03,564.97
2026-01-28 14:54:12.232170,3.69,0.74,95.57,413.0,876.0,0.53,1503.11,2412.71,0.0,12,27,0,0.0,0,100.0,100.0,12.0,0.0,0,0,0,none,onset,353.15,566.85
2026-01-28 14:54:13.261783,6.79,1.31,91.91,552.0,1314.0,0.53,1503.36,2412.47,0.0,12,27,0,0.0,0,142.0,142.0,12.0,0.0,0,0,0,none,onset,353.21,566.79
2026-01-28 14:54:14.293481,4.36,0.77,94.87,382.0,1004.0,0.53,1515.53,2400.29,0.0,12,27,0,0.0,0,100.0,100.0,12.0,0.0,0,0,0,none,onset,356.07,563.93
2026-01-28 14:54:15.323429,3.95,1.05,95.0,493.0,969.0,0.53,1515.4,2400.43,0.0,12,27,0,0.0,0,100.0,100.0,12.0,0.0,0,0,0,none,onset,356.03,563.97
2026-01-28 14:54:16.351899,2.81,1.28,95.91,324.0,850.0,0.48,1520.95,2394.88,0.0,12,27,0,0.0,0,0.0,0.0,12.0,0.0,0,0,0,none,onset,357.34,562.66
2026-01-28 14:54:17.443230,0.97,0.49,98.54,276.0,763.0,0.48,1520.97,2394.85,0.0,12,27,0,0.0,0,100.0,100.0,12.0,0.0,0,0,0,none,onset,357.34,562.66
2026-01-28 14:54:18.527908,6.58,1.77,91.65,541.0,1445.0,0.48,1514.62,2401.21,0.0,12,27,0,0.0,0,198.0,198.0,12.0,0.0,0,0,0,none,onset,355.85,564.15
2026-01-28 14:54:19.588263,4.02,0.5,95.48,319.0,983.0,0.48,1518.32,2397.51,0.0,12,27,0,0.0,0,100.0,100.0,12.0,0.0,0,0,0,none,onset,356.72,563.28
2026-01-28 14:54:20.620693,1.83,0.52,97.64,217.0,690.0,0.48,1520.04,2395.79,0.0,12,27,0,0.0,0,100.0,100.0,12.0,0.0,0,0,0,none,onset,357.12,562.88
2026-01-28 14:54:21.649363,4.69,0.52,94.79,365.0,1142.0,0.45,1517.82,2398.0,0.0,12,27,0,0.0,0,100.0,100.0,12.0,0.0,0,0,0,none,onset,356.6,563.4
2026-01-28 14:54:22.696920,3.32,0.51,96.16,331.0,799.0,0.45,1520.55,2395.27,0.0,12,27,0,0.0,0,100.0,100.0,12.0,0.0,0,0,0,none,onset,357.24,562.76
2026-01-28 14:54:23.724710,6.23,1.04,92.73,449.0,1178.0,0.45,1518.99,2396.84,0.0,12,27,0,0.0,0,142.0,142.0,12.0,0.0,0,0,0,none,onset,356.88,563.12
2026-01-28 14:54:24.753044,2.31,0.51,97.17,278.0,659.0,0.45,1523.39,2392.43,0.0,12,27,0,0.0,0,0.0,0.0,12.0,0.0,0,0,0,none,onset,357.91,562.09
2026-01-28 14:54:25.771212,2.58,0.52,96.9,254.0,737.0,0.45,1522.64,2393.19,0.0,12,27,0,0.0,0,100.0,100.0,12.0,0.0,0,0,0,none,onset,357.73,562.27
2026-01-28 14:54:26.815408,7.36,0.76,91.88,497.0,1391.0,0.49,1515.86,2399.96,0.0,12,27,0,0.0,0,100.0,100.0,12.0,0.0,0,0,0,none,onset,356.14,563.86
2026-01-28 14:54:27.844195,1.59,0.79,97.62,257.0,680.0,0.49,1517.4,2398.43,0.0,12,27,0,0.0,0,100.0,100.0,12.0,0.0,0,0,0,none,onset,356.5,563.5
2026-01-28 14:54:28.868061,7.49,1.87,90.64,506.0,1445.0,0.49,1520.07,2395.76,0.0,12,27,0,0.0,0,198.0,198.0,12.0,0.0,0,0,0,none,onset,357.13,562.87
2026-01-28 14:54:29.894081,4.13,0.26,95.61,288.0,1012.0,0.49,1524.2,2391.63,0.0,12,27,0,0.0,0,100.0,100.0,12.0,0.0,0,0,0,none,onset,358.1,561.9
2026-01-28 14:54:30.920552,3.39,0.52,96.08,319.0,970.0,0.49,1518.05,2397.77,0.0,12,27,0,0.0,0,100.0,100.0,12.0,0.0,0,0,0,none,onset,356.66,563.34
2026-01-28 14:54:31.952408,1.55,0.52,97.94,235.0,715.0,0.45,1522.05,2393.78,0.0,12,27,0,0.0,0,0.0,0.0,12.0,0.0,0,0,0,none,onset,357.6,562.4
2026-01-28 14:54:32.975179,2.07,0.26,97.67,225.0,572.0,0.45,1516.98,2398.84,0.0,12,27,0,0.0,0,100.0,100.0,12.0,0.0,0,0,0,none,onset,356.41,563.59
2026-01-28 14:54:34.003902,3.75,0.8,95.44,488.0,956.0,0.45,1506.64,2409.19,0.0,12,27,0,0.0,0,100.0,100.0,12.0,0.0,0,0,0,none,onset,353.98,566.02
2026-01-28 14:54:35.034088,3.62,0.52,95.87,353.0,886.0,0.45,1511.31,2404.52,0.0,12,27,0,0.0,0,100.0,100.0,12.0,0.0,0,0,0,none,onset,355.07,564.93
2026-01-28 14:54:36.062278,3.84,0.51,95.65,276.0,706.0,0.5,1512.74,2403.09,0.0,12,27,0,0.0,0,100.0,100.0,12.0,0.0,0,0,0,none,onset,355.41,564.59
2026-01-28 14:54:37.087295,1.79,0.26,97.95,267.0,644.0,0.5,1516.63,2399.19,0.0,12,27,0,0.0,0,0.0,0.0,12.0,0.0,0,0,0,none,onset,356.32,563.68
2026-01-28 14:54:38.110366,1.06,0.53,98.42,265.0,598.0,0.5,1506.63,2409.19,0.0,12,27,0,0.0,0,100.0,100.0,12.0,0.0,0,0,0,none,onset,353.97,566.03
2026-01-28 14:54:39.135553,6.81,1.57,91.62,439.0,1190.0,0.5,1515.07,2400.76,0.0,12,27,0,0.0,0,198.0,198.0,12.0,0.0,0,0,0,none,onset,355.96,564.04
2026-01-28 14:54:40.168638,3.08,0.26,96.66,332.0,634.0,0.5,1518.36,2397.46,0.0,12,27,0,0.0,0,100.0,100.0,12.0,0.0,0,0,0,none,onset,356.73,563.27
2026-01-28 14:54:41.197244,1.3,0.52,98.18,346.0,559.0,0.46,1518.36,2397.47,0.0,12,27,0,0.0,0,100.0,100.0,12.0,0.0,0,0,0,none,onset,356.73,563.27
2026-01-28 14:54:42.224185,0.51,0.0,99.49,199.0,389.0,0.46,1518.5,2397.32,0.0,12,27,0,0.0,0,0.0,0.0,12.0,0.0,0,0,0,none,onset,356.76,563.24
2026-01-28 14:54:43.258183,1.8,0.51,97.69,221.0,594.0,0.46,1518.5,2397.32,0.0,12,27,0,0.0,0,100.0,100.0,12.0,0.0,0,0,0,none,onset,356.76,563.24
2026-01-28 14:54:44.303774,1.06,0.79,98.15,332.0,632.0,0.46,1512.76,2403.06,0.0,12,27,0,0.0,0,100.0,100.0,12.0,0.0,0,0,0,none,onset,355.41,564.59
2026-01-28 14:54:45.335760,3.83,0.51,95.66,314.0,702.0,0.46,1519.95,2395.87,0.0,12,27,0,0.0,0,100.0,100.0,12.0,0.0,0,0,0,none,onset,357.1,562.9
2026-01-28 14:54:46.364322,1.05,0.26,98.69,274.0,479.0,0.5,1515.95,2399.87,0.0,12,27,0,0.0,0,100.0,100.0,12.0,0.0,0,0,0,none,onset,356.16,563.84
2026-01-28 14:54:47.392524,1.31,0.26,98.43,244.0,503.0,0.5,1518.92,2396.91,0.0,12,27,0,0.0,0,100.0,100.0,12.0,0.0,0,0,0,none,onset,356.86,563.14
2026-01-28 14:54:48.417478,0.76,0.25,98.99,187.0,278.0,0.5,1518.95,2396.88,0.0,12,27,0,0.0,0,0.0,0.0,12.0,0.0,0,0,0,none,onset,356.87,563.13
2026-01-28 14:54:49.445507,0.0,0.0,100.0,99.0,201.0,0.5,1518.95,2396.88,0.0,12,27,0,0.0,0,0.0,0.0,12.0,0.0,0,0,0,none,onset,356.87,563.13
2026-01-28 14:54:50.472724,4.32,0.81,94.86,451.0,865.0,0.5,1508.36,2407.46,0.0,12,27,0,0.0,0,198.0,198.0,12.0,0.0,0,0,0,none,onset,354.38,565.62
2026-01-28 14:54:51.501254,1.57,0.26,98.17,282.0,526.0,0.46,1509.67,2406.15,0.0,12,27,0,0.0,0,100.0,100.0,12.0,0.0,0,0,0,none,onset,354.69,565.31
2026-01-28 14:54:52.533153,3.55,0.76,95.69,340.0,781.0,0.46,1509.92,2405.91,0.0,12,27,0,0.0,0,100.0,100.0,12.0,0.0,0,0,0,none,onset,354.75,565.25
2026-01-28 14:54:53.573124,0.5,0.0,99.5,186.0,195.0,0.46,1509.92,2405.91,0.0,12,27,0,0.0,0,0.0,0.0,12.0,0.0,0,0,0,none,onset,354.75,565.25
2026-01-28 14:54:54.601398,3.39,0.52,96.08,364.0,738.0,0.46,1510.79,2405.03,0.0,12,27,0,0.0,0,100.0,100.0,12.0,0.0,0,0,0,none,onset,354.95,565.05
2026-01-28 14:54:55.641831,1.27,0.25,98.47,279.0,468.0,0.46,1518.65,2397.17,0.0,12,27,0,0.0,0,84.0,84.0,12.0,0.0,0,0,0,none,onset,356.8,563.2
2026-01-28 14:54:56.669581,2.34,0.52,97.14,359.0,515.0,0.42,1514.68,2401.14,0.0,12,27,0,0.0,0,100.0,100.0,12.0,0.0,0,0,0,none,onset,355.87,564.13
2026-01-28 14:54:57.780941,0.99,0.74,98.26,372.0,688.0,0.42,1513.82,2402.0,0.0,12,27,0,0.0,0,100.0,100.0,12.0,0.0,0,0,0,none,onset,355.66,564.34
2026-01-28 14:54:58.923030,0.69,0.23,99.08,267.0,449.0,0.42,1515.66,2400.16,0.0,12,27,0,0.0,0,0.0,0.0,12.0,0.0,0,0,0,none,onset,356.1,563.9
2026-01-28 14:54:59.951893,4.61,1.08,94.31,585.0,1098.0,0.42,1511.16,2404.66,0.0,12,27,0,0.0,0,198.0,198.0,12.0,0.0,0,0,0,none,onset,355.04,564.96
2026-01-28 14:55:00.973702,1.59,0.27,98.14,364.0,723.0,0.42,1518.86,2396.97,0.0,12,27,0,0.0,0,100.0,100.0,12.0,0.0,0,0,0,none,onset,356.85,563.15
2026-01-28 14:55:01.996861,0.51,0.26,99.23,246.0,463.0,0.39,1518.86,2396.97,0.0,12,27,0,0.0,0,0.0,0.0,12.0,0.0,0,0,0,none,onset,356.85,563.15
2026-01-28 14:55:03.021510,0.78,0.52,98.69,325.0,474.0,0.39,1520.14,2395.68,0.0,12,27,0,0.0,0,100.0,100.0,12.0,0.0,0,0,0,none,onset,357.15,562.85
2026-01-28 14:55:04.049518,2.83,1.03,96.14,336.0,695.0,0.39,1520.16,2395.67,0.0,12,27,0,0.0,0,100.0,100.0,12.0,0.0,0,0,0,none,onset,357.15,562.85
2026-01-28 14:55:05.189416,1.93,0.72,97.34,385.0,782.0,0.39,1515.23,2400.59,0.0,12,27,0,0.0,0,100.0,100.0,12.0,0.0,0,0,0,none,onset,355.99,564.01
2026-01-28 14:55:06.760583,1.19,0.34,98.47,446.0,716.0,0.36,1518.73,2397.09,0.0,12,27,0,0.0,0,100.0,100.0,12.0,0.0,0,0,0,none,onset,356.82,563.18
2026-01-28 14:55:07.831924,2.68,0.49,96.83,239.0,597.0,0.36,1522.73,2393.09,0.0,12,27,0,0.0,0,100.0,100.0,12.0,0.0,0,0,0,none,onset,357.76,562.24
2026-01-28 14:55:08.917248,1.48,0.49,98.03,289.0,553.0,0.36,1516.98,2398.85,0.0,12,27,0,0.0,0,100.0,100.0,12.0,0.0,0,0,0,none,onset,356.41,563.59
2026-01-28 14:55:09.950012,3.92,0.78,95.3,429.0,762.0,0.36,1517.22,2398.61,0.0,12,27,0,0.0,0,198.0,198.0,12.0,0.0,0,0,0,none,onset,356.46,563.54
2026-01-28 14:55:10.980216,4.49,1.32,94.2,540.0,976.0,0.36,1518.17,2397.65,0.0,12,27,0,0.0,0,100.0,100.0,12.0,0.0,0,0,0,none,onset,356.69,563.31
2026-01-28 14:55:12.011015,2.09,0.78,97.13,426.0,898.0,0.33,1514.07,2401.75,0.0,12,27,0,0.0,0,100.0,100.0,12.0,0.0,0,0,0,none,onset,355.72,564.28
2026-01-28 14:55:13.027487,0.26,0.51,99.23,169.0,484.0,0.33,1514.07,2401.75,0.0,12,27,0,0.0,0,0.0,0.0,12.0,0.0,0,0,0,none,onset,355.72,564.28
2026-01-28 14:55:14.045914,2.33,0.0,97.67,219.0,510.0,0.33,1510.07,2405.75,0.0,12,27,0,0.0,0,100.0,100.0,12.0,0.0,0,0,0,none,onset,354.78,565.22
2026-01-28 14:55:15.075506,2.36,0.79,96.86,329.0,757.0,0.33,1518.32,2397.51,0.0,12,27,0,0.0,0,100.0,100.0,12.0,0.0,0,0,0,none,onset,356.72,563.28
2026-01-28 14:55:16.101160,3.42,0.53,96.05,332.0,753.0,0.3,1509.1,2406.73,0.0,12,27,0,0.0,0,100.0,100.0,12.0,0.0,0,0,0,none,onset,354.55,565.45
2026-01-28 14:55:17.130811,2.09,0.52,97.39,335.0,668.0,0.3,1513.24,2402.58,0.0,12,27,0,0.0,0,100.0,100.0,12.0,0.0,0,0,0,none,onset,355.53,564.47
2026-01-28 14:55:18.158103,2.06,0.26,97.69,225.0,474.0,0.3,1513.36,2402.46,0.0,12,27,0,0.0,0,100.0,100.0,12.0,0.0,0,0,0,none,onset,355.56,564.44
2026-01-28 14:55:19.186231,1.01,0.25,98.74,167.0,487.0,0.3,1506.28,2409.55,0.0,12,27,0,0.0,0,0.0,0.0,12.0,0.0,0,0,0,none,onset,353.89,566.11
2026-01-28 14:55:20.216416,2.92,0.53,96.55,354.0,771.0,0.3,1513.83,2401.99,0.0,12,27,0,0.0,0,198.0,198.0,12.0,0.0,0,0,0,none,onset,355.67,564.33
2026-01-28 14:55:21.459233,3.24,1.3,95.46,444.0,1009.0,0.28,1504.0,2411.82,0.0,12,27,0,0.0,0,100.0,100.0,12.0,0.0,0,0,0,none,onset,353.36,566.64
2026-01-28 14:55:22.486182,3.12,0.52,96.36,338.0,751.0,0.28,1510.95,2404.87,0.0,12,27,0,0.0,0,100.0,100.0,12.0,0.0,0,0,0,none,onset,354.99,565.01
2026-01-28 14:55:23.505910,3.11,0.52,96.37,337.0,726.0,0.28,1510.95,2404.88,0.0,12,27,0,0.0,0,100.0,100.0,12.0,0.0,0,0,0,none,onset,354.99,565.01
2026-01-28 14:55:24.534579,1.3,0.52,98.18,179.0,535.0,0.28,1518.39,2397.43,0.0,11,25,0,0.0,0,100.0,100.0,11.0,0.0,0,0,0,none,onset,356.74,563.26
2026-01-28 14:55:25.558843,1.76,0.25,97.99,198.0,572.0,0.28,1518.39,2397.43,0.0,12,27,0,0.0,0,42.0,42.0,12.0,0.0,0,0,0,none,onset,356.74,563.26
2026-01-28 14:55:26.597375,6.41,1.54,92.05,415.0,1070.0,0.33,1514.42,2401.41,0.0,12,27,0,0.0,0,100.0,100.0,12.0,0.0,0,0,0,none,onset,355.8,564.2
2026-01-28 14:55:27.628976,2.7,1.08,96.23,422.0,1117.0,0.33,1514.56,2401.26,0.0,12,27,0,0.0,0,100.0,100.0,12.0,0.0,0,0,0,none,onset,355.84,564.16
2026-01-28 14:55:28.659705,1.8,0.26,97.94,219.0,502.0,0.33,1506.7,2409.12,0.0,12,27,0,0.0,0,100.0,100.0,12.0,0.0,0,0,0,none,onset,353.99,566.01
2026-01-28 14:55:29.686574,3.36,0.78,95.87,355.0,720.0,0.33,1508.3,2407.52,0.0,12,27,0,0.0,0,100.0,100.0,12.0,0.0,0,0,0,none,onset,354.37,565.63
2026-01-28 14:55:30.722036,1.03,0.26,98.71,228.0,488.0,0.33,1509.09,2406.74,0.0,12,27,0,0.0,0,98.0,98.0,12.0,0.0,0,0,0,none,onset,354.55,565.45
2026-01-28 14:55:31.751717,4.24,1.06,94.69,459.0,948.0,0.31,1508.81,2407.02,0.0,12,27,0,0.0,0,100.0,100.0,12.0,0.0,0,0,0,none,onset,354.49,565.51
2026-01-28 14:55:32.780490,3.64,0.52,95.84,347.0,790.0,0.31,1509.8,2406.02,0.0,12,27,0,0.0,0,100.0,100.0,12.0,0.0,0,0,0,none,onset,354.72,565.28
2026-01-28 14:55:33.813715,1.05,0.0,98.95,225.0,559.0,0.31,1504.68,2411.14,0.0,12,27,0,0.0,0,100.0,100.0,12.0,0.0,0,0,0,none,onset,353.52,566.48
2026-01-28 14:55:34.836813,2.88,0.79,96.34,346.0,786.0,0.31,1503.12,2412.7,0.0,12,27,0,0.0,0,100.0,100.0,12.0,0.0,0,0,0,none,onset,353.15,566.85
2026-01-28 14:55:35.861304,2.58,0.77,96.65,266.0,696.0,0.31,1503.62,2412.21,0.0,12,25,0,0.0,0,142.0,142.0,12.0,0.0,0,0,0,none,onset,353.27,566.73
2026-01-28 14:55:36.881146,3.37,0.78,95.85,347.0,935.0,0.28,1507.61,2408.21,0.0,12,27,0,0.0,0,0.0,0.0,12.0,0.0,0,0,0,none,onset,354.2,565.8
2026-01-28 14:55:37.906936,3.15,0.52,96.33,361.0,908.0,0.28,1514.07,2401.75,0.0,12,27,0,0.0,0,100.0,100.0,12.0,0.0,0,0,0,none,onset,355.72,564.28
2026-01-28 14:55:38.934760,2.09,0.52,97.38,267.0,709.0,0.28,1507.26,2408.57,0.0,12,27,0,0.0,0,100.0,100.0,12.0,0.0,0,0,0,none,onset,354.12,565.88
2026-01-28 14:55:39.968128,1.81,0.52,97.67,241.0,641.0,0.28,1509.05,2406.78,0.0,12,27,0,0.0,0,100.0,100.0,12.0,0.0,0,0,0,none,onset,354.54,565.46
2026-01-28 14:55:41.004892,5.9,1.79,92.31,479.0,1268.0,0.28,1502.31,2413.52,0.0,12,27,0,0.0,0,198.0,198.0,12.0,0.0,0,0,0,none,onset,352.96,567.04
2026-01-28 14:55:42.033092,4.46,1.05,94.49,435.0,873.0,0.26,1507.1,2408.72,0.0,12,27,0,0.0,0,100.0,100.0,12.0,0.0,0,0,0,none,onset,354.08,565.92
2026-01-28 14:55:43.062191,0.25,0.0,99.75,178.0,442.0,0.26,1507.1,2408.72,0.0,12,27,0,0.0,0,0.0,0.0,12.0,0.0,0,0,0,none,onset,354.08,565.92
2026-01-28 14:55:44.086637,3.64,1.04,95.32,337.0,943.0,0.26,1507.35,2408.48,0.0,12,27,0,0.0,0,100.0,100.0,12.0,0.0,0,0,0,none,onset,354.14,565.86
2026-01-28 14:55:45.112997,4.13,0.78,95.09,324.0,865.0,0.26,1506.77,2409.05,0.0,12,27,0,0.0,0,100.0,100.0,12.0,0.0,0,0,0,none,onset,354.01,565.99
2026-01-28 14:55:46.140135,1.04,0.52,98.43,189.0,493.0,0.24,1501.54,2414.29,0.0,12,27,0,0.0,0,100.0,100.0,12.0,0.0,0,0,0,none,onset,352.78,567.22
2026-01-28 14:55:47.167873,4.49,1.06,94.46,425.0,879.0,0.24,1507.26,2408.56,0.0,12,27,0,0.0,0,100.0,100.0,12.0,0.0,0,0,0,none,onset,354.12,565.88
2026-01-28 14:55:48.196872,1.82,0.26,97.92,315.0,612.0,0.24,1503.25,2412.58,0.0,12,27,0,0.0,0,100.0,100.0,12.0,0.0,0,0,0,none,onset,353.18,566.82
2026-01-28 14:55:49.221544,0.51,0.25,99.24,186.0,419.0,0.24,1503.25,2412.58,0.0,12,27,0,0.0,0,0.0,0.0,12.0,0.0,0,0,0,none,onset,353.18,566.82
2026-01-28 14:55:50.250018,2.86,0.52,96.62,320.0,616.0,0.24,1503.25,2412.58,0.0,12,27,0,0.0,0,100.0,100.0,12.0,0.0,0,0,0,none,onset,353.18,566.82
2026-01-28 14:55:51.281057,5.44,1.04,93.52,417.0,1119.0,0.3,1505.46,2410.36,0.0,12,27,0,0.0,0,198.0,198.0,12.0,0.0,0,0,0,none,onset,353.7,566.3
2026-01-28 14:55:52.311002,0.82,0.55,98.63,377.0,534.0,0.3,1509.45,2406.37,0.0,12,27,0,0.0,0,100.0,100.0,12.0,0.0,0,0,0,none,onset,354.64,565.36
2026-01-28 14:55:53.342405,2.53,0.25,97.22,250.0,487.0,0.3,1509.45,2406.37,0.0,12,27,0,0.0,0,100.0,100.0,12.0,0.0,0,0,0,none,onset,354.64,565.36
2026-01-28 14:55:54.364901,2.3,0.51,97.19,291.0,526.0,0.3,1509.45,2406.37,0.0,12,27,0,0.0,0,0.0,0.0,12.0,0.0,0,0,0,none,onset,354.64,565.36
2026-01-28 14:55:55.436398,1.02,0.25,98.73,322.0,482.0,0.3,1509.45,2406.37,0.0,12,27,0,0.0,0,100.0,100.0,12.0,0.0,0,0,0,none,onset,354.64,565.36
2026-01-28 14:55:56.482815,1.03,0.26,98.71,262.0,629.0,0.28,1513.45,2402.37,0.0,12,27,0,0.0,0,142.0,142.0,12.0,0.0,0,0,0,none,onset,355.58,564.42
2026-01-28 14:55:57.506365,1.98,0.56,97.46,531.0,665.0,0.28,1513.65,2402.17,0.0,12,27,0,0.0,0,100.0,100.0,12.0,0.0,0,0,0,none,onset,355.62,564.38
2026-01-28 14:55:58.536523,4.11,0.51,95.37,359.0,890.0,0.28,1507.54,2408.29,0.0,12,27,0,0.0,0,100.0,100.0,12.0,0.0,0,0,0,none,onset,354.19,565.81
2026-01-28 14:55:59.561106,3.62,0.26,96.12,270.0,845.0,0.28,1505.85,2409.98,0.0,12,27,0,0.0,0,100.0,100.0,12.0,0.0,0,0,0,none,onset,353.79,566.21
2026-01-28 14:56:00.589576,3.36,0.52,96.12,448.0,835.0,0.28,1507.57,2408.25,0.0,12,27,0,0.0,0,100.0,100.0,12.0,0.0,0,0,0,none,onset,354.2,565.8
2026-01-28 14:56:01.612257,3.86,0.77,95.37,378.0,879.0,0.25,1506.18,2409.64,0.0,12,27,0,0.0,0,98.0,98.0,12.0,0.0,0,0,0,none,onset,353.87,566.13
2026-01-28 14:56:02.639314,4.99,0.79,94.23,465.0,1213.0,0.25,1509.17,2406.65,0.0,12,27,0,0.0,0,100.0,100.0,12.0,0.0,0,0,0,none,onset,354.57,565.43
2026-01-28 14:56:03.671036,3.61,0.52,95.88,400.0,788.0,0.25,1522.09,2393.73,0.0,12,27,0,0.0,0,100.0,100.0,12.0,0.0,0,0,0,none,onset,357.61,562.39
2026-01-28 14:56:04.702809,2.34,0.26,97.4,323.0,766.0,0.25,1522.09,2393.73,0.0,12,27,0,0.0,0,100.0,100.0,12.0,0.0,0,0,0,none,onset,357.61,562.39
2026-01-28 14:56:05.726455,4.12,0.52,95.36,365.0,826.0,0.25,1514.66,2401.17,0.0,12,27,0,0.0,0,100.0,100.0,12.0,0.0,0,0,0,none,onset,355.86,564.14
2026-01-28 14:56:06.755646,3.09,0.26,96.65,299.0,713.0,0.23,1506.46,2409.36,0.0,12,27,0,0.0,0,100.0,100.0,12.0,0.0,0,0,0,none,onset,353.93,566.07
2026-01-28 14:56:07.778412,4.59,0.51,94.9,366.0,1023.0,0.23,1516.55,2399.27,0.0,12,27,0,0.0,0,0.0,0.0,12.0,0.0,0,0,0,none,onset,356.3,563.7
2026-01-28 14:56:08.810707,2.33,0.52,97.15,287.0,629.0,0.23,1503.63,2412.19,0.0,12,27,0,0.0,0,100.0,100.0,12.0,0.0,0,0,0,none,onset,353.27,566.73
2026-01-28 14:56:09.841891,1.83,0.26,97.91,271.0,620.0,0.23,1517.29,2398.53,0.0,12,27,0,0.0,0,100.0,100.0,12.0,0.0,0,0,0,none,onset,356.48,563.52
2026-01-28 14:56:10.872704,4.1,0.51,95.38,358.0,860.0,0.23,1517.29,2398.53,0.0,12,27,0,0.0,0,100.0,100.0,12.0,0.0,0,0,0,none,onset,356.48,563.52
2026-01-28 14:56:11.903711,5.67,1.03,93.3,409.0,1095.0,0.21,1520.2,2395.63,0.0,12,27,0,0.0,0,198.0,198.0,12.0,0.0,0,0,0,none,onset,357.16,562.84
2026-01-28 14:56:12.937338,2.15,0.81,97.04,367.0,734.0,0.21,1507.16,2408.66,0.0,12,27,0,0.0,0,100.0,100.0,12.0,0.0,0,0,0,none,onset,354.1,565.9
2026-01-28 14:56:13.964688,1.53,0.25,98.22,177.0,562.0,0.21,1511.36,2404.46,0.0,12,27,0,0.0,0,0.0,0.0,12.0,0.0,0,0,0,none,onset,355.09,564.91
2026-01-28 14:56:14.983822,3.11,0.52,96.37,343.0,856.0,0.21,1515.74,2400.09,0.0,12,27,0,0.0,0,100.0,100.0,12.0,0.0,0,0,0,none,onset,356.11,563.89
2026-01-28 14:56:16.012064,3.59,0.51,95.9,296.0,858.0,0.21,1509.74,2406.09,0.0,12,27,0,0.0,0,100.0,100.0,12.0,0.0,0,0,0,none,onset,354.7,565.3
2026-01-28 14:56:17.043444,3.12,0.52,96.36,301.0,859.0,0.2,1509.74,2406.09,0.0,12,27,0,0.0,0,142.0,142.0,12.0,0.0,0,0,0,none,onset,354.7,565.3
2026-01-28 14:56:18.072882,4.51,0.8,94.69,461.0,1154.0,0.2,1502.62,2413.2,0.0,12,27,0,0.0,0,100.0,100.0,12.0,0.0,0,0,0,none,onset,353.03,566.97
2026-01-28 14:56:19.100318,2.84,0.52,96.64,293.0,683.0,0.2,1506.62,2409.2,0.0,12,27,0,0.0,0,100.0,100.0,12.0,0.0,0,0,0,none,onset,353.97,566.03
2026-01-28 14:56:20.126530,4.38,0.52,95.1,309.0,871.0,0.2,1506.96,2408.86,0.0,12,27,0,0.0,0,100.0,100.0,12.0,0.0,0,0,0,none,onset,354.05,565.95
2026-01-28 14:56:21.147932,1.02,0.26,98.72,184.0,533.0,0.18,1506.96,2408.86,0.0,12,27,0,0.0,0,0.0,0.0,12.0,0.0,0,0,0,none,onset,354.05,565.95
2026-01-28 14:56:22.174685,5.71,0.52,93.77,422.0,1181.0,0.18,1516.44,2399.39,0.0,12,27,0,0.0,0,198.0,198.0,12.0,0.0,0,0,0,none,onset,356.28,563.72
2026-01-28 14:56:23.200717,5.05,1.06,93.88,485.0,1126.0,0.18,1508.83,2406.99,0.0,12,27,0,0.0,0,100.0,100.0,12.0,0.0,0,0,0,none,onset,354.49,565.51
2026-01-28 14:56:24.241618,3.32,0.51,96.16,281.0,857.0,0.18,1512.96,2402.87,0.0,12,27,0,0.0,0,100.0,100.0,12.0,0.0,0,0,0,none,onset,355.46,564.54
2026-01-28 14:56:25.277292,4.07,0.51,95.42,298.0,896.0,0.18,1507.82,2408.0,0.0,12,27,0,0.0,0,100.0,100.0,12.0,0.0,0,0,0,none,onset,354.25,565.75
2026-01-28 14:56:26.309950,2.84,0.26,96.9,269.0,679.0,0.25,1507.82,2408.0,0.0,12,27,0,0.0,0,100.0,100.0,12.0,0.0,0,0,0,none,onset,354.25,565.75
2026-01-28 14:56:27.537725,0.42,0.0,99.58,144.0,257.0,0.25,1507.82,2408.0,0.0,12,27,0,0.0,0,42.0,42.0,12.0,0.0,0,0,0,none,onset,354.25,565.75
2026-01-28 14:56:28.569235,7.26,1.08,91.67,658.0,1408.0,0.25,1506.27,2409.55,0.0,12,27,0,0.0,0,100.0,100.0,12.0,0.0,0,0,0,none,onset,353.89,566.11
2026-01-28 14:56:29.612975,3.06,0.77,96.17,300.0,842.0,0.25,1508.09,2407.73,0.0,12,27,0,0.0,0,100.0,100.0,12.0,0.0,0,0,0,none,onset,354.32,565.68
2026-01-28 14:56:30.787712,3.15,0.68,96.17,328.0,966.0,0.25,1505.07,2410.75,0.0,12,27,0,0.0,0,100.0,100.0,12.0,0.0,0,0,0,none,onset,353.61,566.39
2026-01-28 14:56:31.812050,4.17,0.78,95.05,348.0,908.0,0.23,1509.8,2406.03,0.0,12,27,0,0.0,0,100.0,198.0,12.0,0.0,0,0,0,none,onset,354.72,565.28
2026-01-28 14:56:32.838321,3.92,0.78,95.3,394.0,1100.0,0.23,1515.84,2399.98,0.0,12,27,0,0.0,0,198.0,100.0,12.0,0.0,0,0,0,none,onset,356.14,563.86
2026-01-28 14:56:33.869743,2.43,1.08,96.5,485.0,1063.0,0.23,1509.98,2405.84,0.0,12,27,0,0.0,0,100.0,100.0,12.0,0.0,0,0,0,none,onset,354.76,565.24
2026-01-28 14:56:34.904351,3.32,0.26,96.43,233.0,774.0,0.23,1512.54,2403.28,0.0,12,25,0,0.0,0,100.0,100.0,12.0,0.0,0,0,0,none,onset,355.36,564.64
2026-01-28 14:56:35.922333,1.3,0.78,97.93,252.0,832.0,0.23,1512.54,2403.28,0.0,12,27,0,0.0,0,0.0,0.0,12.0,0.0,0,0,0,none,onset,355.36,564.64
2026-01-28 15:12:00.797127,7.65,3.68,88.67,1862.0,2279.0,0.74,1566.89,2348.93,0.0,16,35,0,0.0,0,928.0,928.0,16.0,0.0,1,0,1,none,onset,368.13,551.87
2026-01-28 15:12:01.841327,7.61,3.53,88.86,1820.0,2041.0,0.68,1573.04,2342.78,0.0,16,35,0,0.0,0,1026.0,1026.0,16.0,0.0,1,0,1,none,onset,369.58,550.42
2026-01-28 15:12:02.874707,8.8,2.13,89.07,1058.0,1775.0,0.68,1561.43,2354.4,0.0,16,35,0,0.0,0,1856.0,1856.0,16.0,0.0,1,0,1,none,onset,366.85,553.15
2026-01-28 15:12:03.980710,9.73,2.49,87.78,1467.0,2106.0,0.68,1568.84,2346.98,0.0,16,35,0,0.0,0,1856.0,1856.0,16.0,0.0,1,0,1,none,onset,368.59,551.41
2026-01-28 15:12:05.009917,9.8,2.8,87.39,1371.0,2072.0,0.68,1554.18,2361.64,0.0,16,35,0,0.0,0,1856.0,1856.0,16.0,0.0,1,0,1,none,onset,365.15,554.85
2026-01-28 15:12:06.035217,10.2,2.55,87.25,1413.0,2030.0,0.68,1564.31,2351.52,0.0,16,35,0,0.0,0,1856.0,1856.0,16.0,0.0,1,0,1,none,onset,367.52,552.48
2026-01-28 15:12:07.075654,8.57,1.82,89.61,648.0,1465.0,0.71,1564.22,2351.61,0.0,16,35,0,0.0,0,1856.0,1856.0,16.0,0.0,1,0,1,none,onset,367.5,552.5
2026-01-28 15:12:08.110197,6.3,1.05,92.65,458.0,1239.0,0.71,1575.02,2340.81,0.0,16,35,0,0.0,0,1856.0,1856.0,16.0,0.0,1,0,1,none,onset,370.04,549.96
2026-01-28 15:12:09.137193,3.35,0.52,96.13,488.0,891.0,0.71,1571.34,2344.49,0.0,16,35,0,0.0,0,0.0,0.0,16.0,0.0,1,0,1,none,onset,369.18,550.82
2026-01-28 15:12:10.157931,10.08,1.59,88.33,814.0,1795.0,0.71,1565.98,2349.84,0.0,16,35,0,0.0,0,1856.0,1856.0,16.0,0.0,1,0,1,none,onset,367.92,552.08
2026-01-28 15:12:11.205941,8.27,1.55,90.18,532.0,1537.0,0.71,1559.83,2355.99,0.0,16,33,0,0.0,0,1856.0,1856.0,16.0,0.0,1,0,1,none,onset,366.47,553.53
2026-01-28 15:12:12.247400,9.33,1.6,89.07,714.0,1600.0,0.73,1568.82,2347.0,0.0,16,35,0,0.0,0,1954.0,1954.0,16.0,0.0,1,0,1,none,onset,368.59,551.41
2026-01-28 15:12:13.288213,2.45,1.09,96.47,502.0,747.0,0.73,1574.36,2341.46,0.0,16,35,0,0.0,0,1856.0,1856.0,16.0,0.0,1,0,1,none,onset,369.89,550.11
2026-01-28 15:12:14.314756,2.48,1.1,96.42,538.0,994.0,0.73,1565.3,2350.52,0.0,16,35,0,0.0,0,1856.0,1856.0,16.0,0.0,1,0,1,none,onset,367.76,552.24
2026-01-28 15:12:15.344074,3.11,1.13,95.76,496.0,935.0,0.73,1564.41,2351.42,0.0,16,35,0,0.0,0,1856.0,1856.0,16.0,0.0,1,0,1,none,onset,367.55,552.45
2026-01-28 15:12:16.365165,1.57,0.52,97.91,307.0,609.0,0.67,1565.55,2350.28,0.0,16,35,0,0.0,0,0.0,0.0,16.0,0.0,1,0,1,none,onset,367.82,552.18
2026-01-28 15:12:17.398958,6.74,0.52,92.75,384.0,1123.0,0.67,1566.69,2349.13,0.0,16,35,0,0.0,0,1940.0,1940.0,16.0,0.0,1,0,1,none,onset,368.09,551.91
2026-01-28 15:12:18.493115,2.82,0.77,96.41,379.0,852.0,0.67,1552.99,2362.83,0.0,16,35,0,0.0,0,1856.0,1856.0,16.0,0.0,1,0,1,none,onset,364.87,555.13
2026-01-28 15:12:19.525804,7.63,1.32,91.05,470.0,1244.0,0.67,1564.6,2351.23,0.0,16,35,0,0.0,0,1856.0,1856.0,16.0,0.0,1,0,1,none,onset,367.59,552.41
2026-01-28 15:12:20.590656,5.28,1.06,93.67,527.0,1095.0,0.67,1568.98,2346.84,0.0,16,35,0,0.0,0,1856.0,1856.0,16.0,0.0,1,0,1,none,onset,368.62,551.38
2026-01-28 15:12:21.620997,4.89,1.36,93.75,525.0,1028.0,0.7,1577.53,2338.3,0.0,16,35,0,0.0,0,1954.0,1954.0,16.0,0.0,1,0,1,none,onset,370.63,549.37
2026-01-28 15:12:22.724248,0.72,0.48,98.8,345.0,419.0,0.7,1574.49,2341.33,0.0,16,35,0,0.0,0,928.0,928.0,16.0,0.0,1,0,1,none,onset,369.92,550.08
2026-01-28 15:12:23.754062,1.84,0.52,97.64,449.0,656.0,0.7,1566.59,2349.23,0.0,16,35,0,0.0,0,928.0,928.0,16.0,0.0,1,0,1,none,onset,368.06,551.94
2026-01-28 15:12:24.833029,1.24,0.5,98.26,265.0,554.0,0.7,1567.79,2348.03,0.0,16,35,0,0.0,0,928.0,928.0,16.0,0.0,1,0,1,none,onset,368.34,551.66
2026-01-28 15:12:25.869669,6.47,1.89,91.64,539.0,1238.0,0.7,1568.18,2347.65,0.0,16,35,0,0.0,0,1856.0,1856.0,16.0,0.0,1,0,1,none,onset,368.43,551.57
2026-01-28 15:12:26.909045,7.2,0.77,92.03,466.0,1132.0,0.81,1568.17,2347.65,0.0,16,35,0,0.0,0,1856.0,1856.0,16.0,0.0,1,0,1,none,onset,368.43,551.57
2026-01-28 15:12:27.942451,2.18,0.54,97.28,421.0,654.0,0.81,1561.48,2354.35,0.0,16,35,0,0.0,0,1856.0,1856.0,16.0,0.0,1,0,1,none,onset,366.86,553.14
2026-01-28 15:12:28.975267,5.32,0.8,93.88,515.0,907.0,0.81,1568.43,2347.39,0.0,16,35,0,0.0,0,1856.0,1856.0,16.0,0.0,1,0,1,none,onset,368.49,551.51
2026-01-28 15:12:30.026236,0.78,0.26,98.96,202.0,489.0,0.81,1569.05,2346.77,0.0,16,36,0,0.0,0,1752.0,1752.0,16.0,0.0,2,0,1,none,onset,368.64,551.36
2026-01-28 15:12:31.053677,3.19,0.53,96.28,482.0,890.0,0.81,1565.71,2350.11,0.0,16,35,0,0.0,0,104.0,104.0,16.0,0.0,1,0,1,none,onset,367.85,552.15
2026-01-28 15:12:32.084045,2.79,1.11,96.1,489.0,852.0,0.9,1572.21,2343.62,0.0,16,35,0,0.0,0,1954.0,1954.0,16.0,0.0,1,0,1,none,onset,369.38,550.62
2026-01-28 15:12:33.119194,3.43,0.79,95.78,379.0,765.0,0.9,1564.63,2351.19,0.0,16,35,0,0.0,0,1856.0,1856.0,16.0,0.0,1,0,1,none,onset,367.6,552.4
2026-01-28 15:12:34.156322,3.2,1.07,95.73,426.0,630.0,0.9,1572.07,2343.75,0.0,16,35,0,0.0,0,1856.0,1856.0,16.0,0.0,1,0,1,none,onset,369.35,550.65
2026-01-28 15:12:35.185150,1.83,0.26,97.91,264.0,600.0,0.9,1574.48,2341.34,0.0,16,35,0,0.0,0,928.0,928.0,16.0,0.0,1,0,1,none,onset,369.92,550.08
2026-01-28 15:12:36.221443,13.23,2.12,84.66,850.0,2091.0,0.9,1569.8,2346.02,0.0,16,35,0,0.0,0,1856.0,1856.0,16.0,0.0,1,0,1,none,onset,368.82,551.18
2026-01-28 15:12:37.254330,1.83,0.26,97.91,257.0,563.0,0.91,1570.05,2345.78,0.0,16,35,0,0.0,0,928.0,928.0,16.0,0.0,1,0,1,none,onset,368.87,551.13
2026-01-28 15:12:38.294097,4.27,1.07,94.67,524.0,939.0,0.91,1565.45,2350.37,0.0,16,35,0,0.0,0,1856.0,1856.0,16.0,0.0,1,0,1,none,onset,367.79,552.21
2026-01-28 15:12:39.325579,4.49,1.32,94.2,483.0,891.0,0.91,1568.43,2347.39,0.0,16,35,0,0.0,0,1856.0,1856.0,16.0,0.0,1,0,1,none,onset,368.49,551.51
2026-01-28 15:12:40.359705,4.58,0.76,94.66,426.0,861.0,0.91,1577.14,2338.68,0.0,16,35,0,0.0,0,928.0,928.0,16.0,0.0,1,0,1,none,onset,370.54,549.46
2026-01-28 15:12:41.387123,4.2,0.84,94.96,538.0,1027.0,0.92,1560.04,2355.78,0.0,16,35,0,0.0,0,1856.0,1856.0,16.0,0.0,1,0,1,none,onset,366.52,553.48
2026-01-28 15:12:42.419910,5.96,1.63,92.41,703.0,1321.0,0.92,1564.03,2351.8,0.0,16,35,0,0.0,0,1954.0,1954.0,16.0,0.0,1,0,1,none,onset,367.46,552.54
2026-01-28 15:12:43.451048,0.5,0.0,99.5,143.0,215.0,0.92,1564.03,2351.8,0.0,16,35,0,0.0,0,0.0,0.0,16.0,0.0,1,0,1,none,onset,367.46,552.54
2026-01-28 15:12:44.486096,6.28,1.05,92.67,540.0,991.0,0.92,1560.21,2355.61,0.0,16,35,0,0.0,0,1856.0,1856.0,16.0,0.0,1,0,1,none,onset,366.56,553.44
2026-01-28 15:12:45.524997,1.88,0.8,97.32,327.0,642.0,0.92,1572.59,2343.23,0.0,16,35,0,0.0,0,1856.0,1856.0,16.0,0.0,1,0,1,none,onset,369.47,550.53
2026-01-28 15:12:46.558226,5.52,1.38,93.09,641.0,1280.0,0.84,1572.21,2343.61,0.0,16,35,0,0.0,0,1856.0,1856.0,16.0,0.0,1,0,1,none,onset,369.38,550.62
2026-01-28 15:12:47.592787,3.23,0.81,95.97,424.0,689.0,0.84,1570.93,2344.89,0.0,16,35,0,0.0,0,1898.0,1898.0,16.0,0.0,1,0,1,none,onset,369.08,550.92
2026-01-28 15:12:48.623790,1.64,0.55,97.81,338.0,621.0,0.84,1571.33,2344.49,0.0,16,35,0,0.0,0,1856.0,1856.0,16.0,0.0,1,0,1,none,onset,369.18,550.82
2026-01-28 15:12:49.661169,3.09,0.77,96.13,412.0,836.0,0.84,1568.02,2347.8,0.0,16,35,0,0.0,0,0.0,0.0,16.0,0.0,1,0,1,none,onset,368.4,551.6
2026-01-28 15:12:50.807826,4.37,0.69,94.94,441.0,890.0,0.84,1572.09,2343.73,0.0,16,35,0,0.0,0,1856.0,1856.0,16.0,0.0,1,0,1,none,onset,369.35,550.65
2026-01-28 15:12:51.844394,3.84,0.82,95.34,520.0,1213.0,0.77,1572.31,2343.52,0.0,16,35,0,0.0,0,1856.0,1856.0,16.0,0.0,1,0,1,none,onset,369.4,550.6
2026-01-28 15:12:52.892181,5.35,1.07,93.58,590.0,1093.0,0.77,1568.89,2346.93,0.0,16,35,0,0.0,0,1954.0,1954.0,16.0,0.0,1,0,1,none,onset,368.6,551.4
2026-01-28 15:12:53.972496,3.85,1.03,95.13,539.0,854.0,0.77,1568.21,2347.61,0.0,16,35,0,0.0,0,1856.0,1856.0,16.0,0.0,1,0,1,none,onset,368.44,551.56
2026-01-28 15:12:55.028222,6.39,0.77,92.84,513.0,1286.0,0.77,1576.46,2339.37,0.0,16,35,0,0.0,0,1856.0,1856.0,16.0,0.0,1,0,1,none,onset,370.38,549.62
2026-01-28 15:12:56.071920,6.27,1.31,92.43,544.0,1161.0,0.77,1571.41,2344.41,0.0,16,35,0,0.0,0,1856.0,1856.0,16.0,0.0,1,0,1,none,onset,369.19,550.81
2026-01-28 15:12:57.511503,1.37,0.39,98.24,484.0,585.0,0.71,1566.68,2349.14,0.0,16,35,0,0.0,0,1898.0,1898.0,16.0,0.0,1,0,1,none,onset,368.08,551.92
2026-01-28 15:12:59.110439,0.67,0.5,98.83,452.0,744.0,0.71,1574.11,2341.71,0.0,15,33,0,0.0,0,928.0,928.0,15.0,0.0,1,0,1,none,onset,369.83,550.17
2026-01-28 15:13:00.319724,2.19,0.22,97.59,307.0,679.0,0.71,1570.92,2344.9,0.0,15,31,0,0.0,0,928.0,928.0,15.0,0.0,1,0,1,none,onset,369.08,550.92
2026-01-28 15:13:01.469561,4.68,1.41,93.91,576.0,868.0,0.66,1568.33,2347.49,0.0,16,35,0,0.0,0,1856.0,1856.0,16.0,0.0,1,0,1,none,onset,368.47,551.53
2026-01-28 15:13:02.496929,2.82,1.13,96.05,530.0,944.0,0.66,1567.32,2348.5,0.0,16,35,0,0.0,0,1954.0,1954.0,16.0,0.0,1,0,1,none,onset,368.23,551.77
2026-01-28 15:13:03.534265,6.18,1.08,92.74,613.0,1197.0,0.66,1567.38,2348.45,0.0,16,35,0,0.0,0,1856.0,1856.0,16.0,0.0,1,0,1,none,onset,368.25,551.75
2026-01-28 15:13:04.617589,7.13,0.74,92.14,539.0,1240.0,0.66,1578.82,2337.0,0.0,16,35,0,0.0,0,1856.0,1856.0,16.0,0.0,1,0,1,none,onset,370.93,549.07
2026-01-28 15:13:05.648764,7.82,1.89,90.3,585.0,1319.0,0.66,1573.74,2342.08,0.0,16,35,0,0.0,0,1856.0,1856.0,16.0,0.0,1,0,1,none,onset,369.74,550.26
2026-01-28 15:13:06.684748,5.53,0.53,93.95,413.0,902.0,0.6,1575.22,2340.61,0.0,16,35,0,0.0,0,1856.0,1856.0,16.0,0.0,1,0,1,none,onset,370.09,549.91
2026-01-28 15:13:07.717058,0.78,0.0,99.22,224.0,532.0,0.6,1582.53,2333.29,0.0,16,35,0,0.0,0,0.0,0.0,16.0,0.0,1,0,1,none,onset,371.81,548.19
2026-01-28 15:13:08.759409,5.54,1.58,92.88,504.0,1025.0,0.6,1559.53,2356.3,0.0,16,35,0,0.0,0,1856.0,1856.0,16.0,0.0,1,0,1,none,onset,366.4,553.6
2026-01-28 15:13:09.934854,3.08,0.95,95.97,518.0,844.0,0.6,1575.71,2340.11,0.0,16,35,0,0.0,0,1856.0,1856.0,16.0,0.0,1,0,1,none,onset,370.2,549.8
2026-01-28 15:13:10.986819,3.17,0.79,96.04,463.0,721.0,0.6,1573.89,2341.93,0.0,16,35,0,0.0,0,1856.0,1856.0,16.0,0.0,1,0,1,none,onset,369.78,550.22
2026-01-28 15:13:12.023426,2.43,0.81,96.76,397.0,797.0,0.63,1567.82,2348.0,0.0,16,35,0,0.0,0,1856.0,1856.0,16.0,0.0,1,0,1,none,onset,368.35,551.65
2026-01-28 15:13:13.049573,7.22,1.94,90.83,708.0,1428.0,0.63,1570.71,2345.11,0.0,16,35,0,0.0,0,1954.0,1954.0,16.0,0.0,1,0,1,none,onset,369.03,550.97
2026-01-28 15:13:14.126240,2.33,0.26,97.41,358.0,827.0,0.63,1563.48,2352.34,0.0,16,35,0,0.0,0,1856.0,1856.0,16.0,0.0,1,0,1,none,onset,367.33,552.67
2026-01-28 15:13:15.164369,1.61,0.54,97.85,323.0,651.0,0.63,1564.89,2350.93,0.0,16,35,0,0.0,0,1856.0,1856.0,16.0,0.0,1,0,1,none,onset,367.66,552.34
2026-01-28 15:13:16.188014,0.52,0.26,99.21,224.0,555.0,0.63,1570.34,2345.48,0.0,16,33,0,0.0,0,0.0,0.0,16.0,0.0,1,0,1,none,onset,368.94,551.06
2026-01-28 15:13:17.306545,3.87,0.73,95.4,335.0,1149.0,0.66,1567.3,2348.52,0.0,16,35,0,0.0,0,1856.0,1856.0,16.0,0.0,1,0,1,none,onset,368.23,551.77
2026-01-28 15:13:18.469886,6.86,1.65,91.49,744.0,1556.0,0.66,1575.78,2340.04,0.0,16,33,0,0.0,0,1856.0,1856.0,16.0,0.0,1,0,1,none,onset,370.22,549.78
2026-01-28 15:13:19.549284,5.57,0.76,93.67,551.0,1140.0,0.66,1574.39,2341.43,0.0,16,35,0,0.0,0,1856.0,1856.0,16.0,0.0,1,0,1,none,onset,369.89,550.11
2026-01-28 15:13:20.588721,7.69,1.03,91.28,500.0,1416.0,0.66,1577.36,2338.46,0.0,16,35,0,0.0,0,1856.0,1856.0,16.0,0.0,1,0,1,none,onset,370.59,549.41
2026-01-28 15:13:21.616364,7.14,0.79,92.06,499.0,1273.0,0.61,1576.96,2338.86,0.0,16,35,0,0.0,0,1856.0,1856.0,16.0,0.0,1,0,1,none,onset,370.5,549.5
2026-01-28 15:13:22.646604,9.04,1.6,89.36,634.0,1742.0,0.61,1572.46,2343.37,0.0,16,35,0,0.0,0,1954.0,1954.0,16.0,0.0,1,0,1,none,onset,369.44,550.56
2026-01-28 15:13:23.680642,9.26,1.85,88.89,674.0,1531.0,0.61,1566.46,2349.37,0.0,16,35,0,0.0,0,1856.0,1856.0,16.0,0.0,1,0,1,none,onset,368.03,551.97
2026-01-28 15:13:24.706458,3.32,0.51,96.17,298.0,631.0,0.61,1571.18,2344.64,0.0,16,35,0,0.0,0,0.0,0.0,16.0,0.0,1,0,1,none,onset,369.14,550.86
2026-01-28 15:13:25.741583,4.4,0.52,95.08,303.0,970.0,0.61,1568.63,2347.19,0.0,16,35,0,0.0,0,1856.0,1856.0,16.0,0.0,1,0,1,none,onset,368.54,551.46
2026-01-28 15:13:26.775366,8.03,1.81,90.16,502.0,1321.0,0.56,1572.8,2343.02,0.0,16,35,0,0.0,0,1856.0,1856.0,16.0,0.0,1,0,1,none,onset,369.52,550.48
2026-01-28 15:13:27.802397,7.57,0.78,91.64,437.0,1147.0,0.56,1582.03,2333.79,0.0,16,35,0,0.0,0,1856.0,1856.0,16.0,0.0,1,0,1,none,onset,371.69,548.31
2026-01-28 15:13:28.832586,8.24,1.6,90.16,525.0,1119.0,0.56,1570.17,2345.65,0.0,16,35,0,0.0,0,1898.0,1898.0,16.0,0.0,1,0,1,none,onset,368.9,551.1
2026-01-28 15:13:29.861323,7.33,1.31,91.36,504.0,1228.0,0.56,1570.11,2345.71,0.0,16,35,0,0.0,0,1856.0,1856.0,16.0,0.0,1,0,1,none,onset,368.89,551.11
2026-01-28 15:13:30.905871,1.54,0.26,98.21,216.0,431.0,0.56,1560.2,2355.62,0.0,16,35,0,0.0,0,928.0,928.0,16.0,0.0,1,0,1,none,onset,366.56,553.44
2026-01-28 15:13:31.927383,3.7,0.53,95.77,436.0,817.0,0.52,1567.5,2348.32,0.0,16,35,0,0.0,0,928.0,928.0,16.0,0.0,1,0,1,none,onset,368.28,551.72
2026-01-28 15:13:32.956127,9.02,1.59,89.39,623.0,1554.0,0.52,1564.45,2351.37,0.0,16,35,0,0.0,0,1954.0,1954.0,16.0,0.0,1,0,1,none,onset,367.56,552.44
2026-01-28 15:13:33.993491,9.95,1.57,88.48,720.0,1707.0,0.52,1568.54,2347.29,0.0,16,35,0,0.0,0,1856.0,1856.0,16.0,0.0,1,0,1,none,onset,368.52,551.48
2026-01-28 15:13:35.072729,7.02,1.25,91.73,528.0,1406.0,0.52,1571.89,2343.93,0.0,16,35,0,0.0,0,1856.0,1856.0,16.0,0.0,1,0,1,none,onset,369.31,550.69
2026-01-28 15:13:36.119651,12.24,1.53,86.22,686.0,1672.0,0.52,1569.98,2345.84,0.0,16,35,0,0.0,0,1856.0,1856.0,16.0,0.0,1,0,1,none,onset,368.86,551.14
2026-01-28 15:13:37.151244,7.29,0.78,91.93,471.0,1174.0,0.47,1572.93,2342.9,0.0,16,35,0,0.0,0,1856.0,1856.0,16.0,0.0,1,0,1,none,onset,369.55,550.45
2026-01-28 15:13:38.188499,1.58,1.06,97.36,279.0,640.0,0.47,1574.45,2341.38,0.0,16,35,0,0.0,0,970.0,970.0,16.0,0.0,1,0,1,none,onset,369.91,550.09
2026-01-28 15:13:39.217709,4.75,1.06,94.2,526.0,1052.0,0.47,1576.72,2339.11,0.0,16,35,0,0.0,0,928.0,928.0,16.0,0.0,1,0,1,none,onset,370.44,549.56
2026-01-28 15:13:40.248361,3.23,0.81,95.96,491.0,940.0,0.47,1582.66,2333.17,0.0,16,35,0,0.0,0,1856.0,1856.0,16.0,0.0,1,0,1,none,onset,371.84,548.16
2026-01-28 15:13:41.281726,2.98,0.81,96.21,341.0,799.0,0.44,1569.43,2346.4,0.0,16,35,0,0.0,0,1856.0,1856.0,16.0,0.0,1,0,1,none,onset,368.73,551.27
2026-01-28 15:13:42.314242,6.81,1.05,92.15,521.0,1148.0,0.44,1571.88,2343.95,0.0,16,35,0,0.0,0,1856.0,1856.0,16.0,0.0,1,0,1,none,onset,369.3,550.7
2026-01-28 15:13:43.354201,6.67,1.07,92.27,489.0,1162.0,0.44,1579.88,2335.95,0.0,16,35,0,0.0,0,1954.0,1954.0,16.0,0.0,1,0,1,none,onset,371.18,548.82
2026-01-28 15:13:44.392173,10.21,1.83,87.96,675.0,1608.0,0.44,1570.15,2345.67,0.0,16,35,0,0.0,0,1856.0,1856.0,16.0,0.0,1,0,1,none,onset,368.9,551.1
2026-01-28 15:13:45.422726,6.77,0.78,92.45,437.0,953.0,0.44,1573.37,2342.45,0.0,16,35,0,0.0,0,1856.0,1856.0,16.0,0.0,1,0,1,none,onset,369.65,550.35
2026-01-28 15:13:46.584604,0.96,0.48,98.56,317.0,721.0,0.4,1567.45,2348.38,0.0,16,33,0,0.0,0,1856.0,1856.0,16.0,0.0,1,0,1,none,onset,368.26,551.74
2026-01-28 15:13:47.609984,1.04,0.0,98.96,247.0,592.0,0.4,1567.44,2348.38,0.0,16,31,0,0.0,0,0.0,0.0,16.0,0.0,1,0,1,none,onset,368.26,551.74
2026-01-28 15:13:48.646236,2.18,0.54,97.28,315.0,686.0,0.4,1573.41,2342.41,0.0,16,35,0,0.0,0,1856.0,1856.0,16.0,0.0,1,0,1,none,onset,369.66,550.34
2026-01-28 15:13:49.708359,8.7,1.53,89.77,662.0,1282.0,0.4,1564.83,2351.0,0.0,16,35,0,0.0,0,1856.0,1856.0,16.0,0.0,1,0,1,none,onset,367.65,552.35
2026-01-28 15:13:50.739243,2.2,0.55,97.25,359.0,771.0,0.4,1569.98,2345.84,0.0,16,35,0,0.0,0,1856.0,1856.0,16.0,0.0,1,0,1,none,onset,368.86,551.14
2026-01-28 15:13:51.800063,3.91,0.78,95.31,469.0,890.0,0.37,1577.98,2337.84,0.0,16,35,0,0.0,0,1856.0,1856.0,16.0,0.0,1,0,1,none,onset,370.74,549.26
2026-01-28 15:13:52.839575,7.01,0.78,92.21,488.0,1129.0,0.37,1574.41,2341.42,0.0,16,35,0,0.0,0,1856.0,1856.0,16.0,0.0,1,0,1,none,onset,369.9,550.1
2026-01-28 15:13:53.871510,9.42,1.57,89.01,559.0,1377.0,0.37,1573.25,2342.57,0.0,16,35,0,0.0,0,1954.0,1954.0,16.0,0.0,1,0,1,none,onset,369.63,550.37
2026-01-28 15:13:54.914144,1.31,0.52,98.17,451.0,805.0,0.37,1575.22,2340.61,0.0,16,33,0,0.0,0,0.0,0.0,16.0,0.0,1,0,1,none,onset,370.09,549.91
2026-01-28 15:13:55.973375,4.12,0.26,95.62,322.0,797.0,0.37,1570.56,2345.27,0.0,16,35,0,0.0,0,1856.0,1856.0,16.0,0.0,1,0,1,none,onset,368.99,551.01
2026-01-28 15:13:57.010976,6.72,1.55,91.73,464.0,1228.0,0.42,1567.84,2347.98,0.0,16,35,0,0.0,0,1856.0,1856.0,16.0,0.0,1,0,1,none,onset,368.36,551.64
2026-01-28 15:13:58.045839,2.2,0.55,97.25,397.0,751.0,0.42,1577.94,2337.88,0.0,16,35,0,0.0,0,1856.0,1856.0,16.0,0.0,1,0,1,none,onset,370.73,549.27
2026-01-28 15:13:59.081123,2.19,0.55,97.27,392.0,729.0,0.42,1566.98,2348.85,0.0,16,35,0,0.0,0,1950.0,1950.0,16.0,0.0,1,0,1,none,onset,368.15,551.85
2026-01-28 15:14:00.114046,9.87,1.6,88.53,758.0,1484.0,0.42,1573.02,2342.8,0.0,16,35,0,0.0,0,1856.0,1856.0,16.0,0.0,1,0,1,none,onset,369.57,550.43
2026-01-28 15:14:01.149330,0.53,0.27,99.2,255.0,822.0,0.42,1573.26,2342.56,0.0,16,35,0,0.0,0,928.0,928.0,16.0,0.0,1,0,1,none,onset,369.63,550.37
2026-01-28 15:14:02.185346,3.64,0.52,95.84,346.0,828.0,0.47,1573.21,2342.61,0.0,16,36,0,0.0,0,1752.0,1752.0,16.0,0.0,2,0,1,none,onset,369.62,550.38
2026-01-28 15:14:03.318277,3.12,0.72,96.15,416.0,975.0,0.47,1573.52,2342.3,0.0,15,33,0,0.0,0,1032.0,1130.0,15.0,0.0,1,0,1,none,onset,369.69,550.31
2026-01-28 15:14:04.454946,5.94,1.43,92.64,597.0,1259.0,0.47,1569.77,2346.06,0.0,16,35,0,0.0,0,1954.0,1856.0,16.0,0.0,1,0,1,none,onset,368.81,551.19
2026-01-28 15:14:05.525321,9.11,1.27,89.62,666.0,1528.0,0.47,1560.0,2355.82,0.0,16,35,0,0.0,0,1856.0,1856.0,16.0,0.0,1,0,1,none,onset,366.51,553.49
2026-01-28 15:14:06.564452,3.62,0.84,95.54,470.0,886.0,0.43,1571.67,2344.16,0.0,16,35,0,0.0,0,1856.0,1856.0,16.0,0.0,1,0,1,none,onset,369.25,550.75
2026-01-28 15:14:07.594180,6.82,1.05,92.13,492.0,1127.0,0.43,1570.13,2345.7,0.0,16,35,0,0.0,0,1856.0,1856.0,16.0,0.0,1,0,1,none,onset,368.89,551.11
2026-01-28 15:14:08.626245,7.01,1.04,91.95,454.0,1243.0,0.43,1567.22,2348.6,0.0,16,35,0,0.0,0,1856.0,1856.0,16.0,0.0,1,0,1,none,onset,368.21,551.79
2026-01-28 15:14:09.670183,1.06,0.53,98.41,333.0,520.0,0.43,1565.84,2349.98,0.0,16,33,0,0.0,0,1856.0,1856.0,16.0,0.0,1,0,1,none,onset,367.89,552.11
2026-01-28 15:14:10.695146,2.43,0.54,97.04,508.0,888.0,0.43,1574.96,2340.86,0.0,16,35,0,0.0,0,0.0,0.0,16.0,0.0,1,0,1,none,onset,370.03,549.97
2026-01-28 15:14:11.729226,4.47,0.53,95.0,366.0,789.0,0.39,1579.18,2336.65,0.0,16,35,0,0.0,0,1856.0,1856.0,16.0,0.0,1,0,1,none,onset,371.02,548.98
2026-01-28 15:14:12.766572,7.33,1.05,91.62,479.0,1263.0,0.39,1570.63,2345.2,0.0,16,35,0,0.0,0,1856.0,1856.0,16.0,0.0,1,0,1,none,onset,369.01,550.99
2026-01-28 15:14:13.799105,5.19,1.09,93.72,556.0,1151.0,0.39,1571.86,2343.96,0.0,16,35,0,0.0,0,1954.0,1954.0,16.0,0.0,1,0,1,none,onset,369.3,550.7
2026-01-28 15:14:14.833695,6.05,0.79,93.16,503.0,1117.0,0.39,1575.25,2340.57,0.0,16,35,0,0.0,0,1856.0,1856.0,16.0,0.0,1,0,1,none,onset,370.1,549.9
2026-01-28 15:14:15.880671,4.51,1.33,94.16,431.0,903.0,0.39,1579.25,2336.58,0.0,16,35,0,0.0,0,1856.0,1856.0,16.0,0.0,1,0,1,none,onset,371.04,548.96
2026-01-28 15:14:16.904084,2.61,0.52,96.87,340.0,851.0,0.36,1581.99,2333.84,0.0,16,35,0,0.0,0,0.0,0.0,16.0,0.0,1,0,1,none,onset,371.68,548.32
2026-01-28 15:14:17.930771,6.48,0.78,92.75,423.0,1066.0,0.36,1579.24,2336.59,0.0,16,35,0,0.0,0,1856.0,1856.0,16.0,0.0,1,0,1,none,onset,371.03,548.97
2026-01-28 15:14:19.144162,2.28,0.91,96.81,421.0,766.0,0.36,1576.13,2339.69,0.0,16,35,0,0.0,0,1898.0,1898.0,16.0,0.0,1,0,1,none,onset,370.3,549.7
2026-01-28 15:14:20.179897,4.96,1.38,93.66,575.0,1045.0,0.36,1564.43,2351.39,0.0,16,35,0,0.0,0,1856.0,1856.0,16.0,0.0,1,0,1,none,onset,367.55,552.45
2026-01-28 15:14:21.739163,2.94,0.35,96.71,582.0,919.0,0.33,1573.17,2342.66,0.0,15,33,0,0.0,0,1856.0,1856.0,15.0,0.0,1,0,1,none,onset,369.61,550.39
2026-01-28 15:14:22.777374,4.74,0.79,94.47,436.0,996.0,0.33,1566.46,2349.36,0.0,16,35,0,0.0,0,1856.0,1856.0,16.0,0.0,1,0,1,none,onset,368.03,551.97
2026-01-28 15:14:23.809328,3.59,0.55,95.86,504.0,856.0,0.33,1570.61,2345.21,0.0,16,35,0,0.0,0,1954.0,1954.0,16.0,0.0,1,0,1,none,onset,369.01,550.99
2026-01-28 15:14:24.869254,2.39,0.8,96.82,401.0,814.0,0.33,1573.95,2341.88,0.0,16,35,0,0.0,0,1856.0,1856.0,16.0,0.0,1,0,1,none,onset,369.79,550.21
2026-01-28 15:14:25.915129,5.96,1.36,92.68,589.0,1334.0,0.33,1573.38,2342.44,0.0,16,35,0,0.0,0,1856.0,1856.0,16.0,0.0,1,0,1,none,onset,369.66,550.34
2026-01-28 15:14:26.944115,4.03,0.81,95.16,460.0,736.0,0.31,1573.82,2342.0,0.0,16,35,0,0.0,0,1856.0,1856.0,16.0,0.0,1,0,1,none,onset,369.76,550.24
2026-01-28 15:14:27.988308,3.15,0.79,96.06,305.0,695.0,0.31,1578.02,2337.8,0.0,16,35,0,0.0,0,1856.0,1856.0,16.0,0.0,1,0,1,none,onset,370.75,549.25
2026-01-28 15:14:29.011585,0.52,0.52,98.97,190.0,548.0,0.31,1570.29,2345.54,0.0,16,35,0,0.0,0,0.0,0.0,16.0,0.0,1,0,1,none,onset,368.93,551.07
2026-01-28 18:53:06.203934,9.69,2.85,87.46,1266.0,1456.0,0.94,1566.19,2349.63,0.5,22,47,0,0.0,0,200.0,200.0,22.0,0.0,0,0,1,none,onset,367.97,552.03
2026-01-28 18:53:07.291674,10.86,1.95,87.19,854.0,1306.0,1.26,1558.23,2357.59,0.5,22,45,1,11.5,295,200.0,200.0,22.0,0.0,0,0,1,none,onset,366.1,553.9
2026-01-28 18:53:08.668713,15.64,7.17,77.2,792.0,1494.0,1.26,1565.27,2350.55,0.5,22,45,1,16.4,296,0.0,0.0,22.0,0.0,0,0,1,none,onset,367.75,552.25
2026-01-28 18:53:09.925303,42.29,14.29,43.43,1043.0,1571.0,1.26,1557.0,2358.82,0.5,22,47,1,12.3,298,298.0,298.0,22.0,0.0,0,0,1,none,onset,365.81,554.19
2026-01-28 18:53:11.069695,9.55,3.09,87.36,489.0,1167.0,1.26,1563.27,2352.55,0.5,22,47,1,14.8,299,0.0,0.0,22.0,0.0,0,0,1,none,onset,367.28,552.72
2026-01-28 18:53:12.353324,14.72,4.91,80.37,878.0,1296.0,1.8,1564.62,2351.2,0.5,22,47,1,17.8,300,200.0,200.0,22.0,0.0,0,0,1,none,onset,367.6,552.4
2026-01-28 18:53:13.521137,9.94,3.61,86.45,1286.0,1527.0,1.8,1567.05,2348.77,0.5,22,45,0,0.0,0,200.0,200.0,22.0,0.0,0,0,1,none,onset,368.17,551.83
2026-01-28 18:53:14.569647,7.56,2.24,90.2,797.0,1538.0,1.8,1573.12,2342.71,0.5,22,45,0,0.0,0,198.0,198.0,22.0,0.0,0,0,1,none,onset,369.59,550.41
2026-01-28 18:53:15.753428,12.63,3.28,84.09,1169.0,1842.0,1.8,1574.92,2340.91,0.5,22,47,0,0.0,0,200.0,200.0,22.0,0.0,0,0,1,none,onset,370.02,549.98
2026-01-28 18:53:16.833113,9.8,2.52,87.68,1067.0,1461.0,1.66,1576.79,2339.04,0.5,22,47,0,0.0,0,200.0,200.0,22.0,0.0,0,0,1,none,onset,370.46,549.54
2026-01-28 18:53:17.874049,7.69,1.65,90.66,612.0,1260.0,1.66,1571.04,2344.78,0.5,22,47,0,0.0,0,200.0,200.0,22.0,0.0,0,0,1,none,onset,369.11,550.89
2026-01-28 18:53:18.922990,3.63,1.04,95.34,459.0,815.0,1.66,1575.04,2340.78,0.5,22,47,0,0.0,0,100.0,100.0,22.0,0.0,0,0,1,none,onset,370.05,549.95
2026-01-28 18:53:19.983075,10.28,1.67,88.06,728.0,1587.0,1.66,1557.96,2357.86,0.5,22,47,0,0.0,0,298.0,298.0,22.0,0.0,0,0,1,none,onset,366.03,553.97
2026-01-28 18:53:21.218300,7.51,1.94,90.56,1227.0,1446.0,1.66,1562.8,2353.02,0.5,22,47,0,0.0,0,200.0,200.0,22.0,0.0,0,0,1,none,onset,367.17,552.83
2026-01-28 18:53:22.324939,10.15,2.77,87.08,1187.0,1377.0,1.69,1568.03,2347.79,0.5,22,45,0,0.0,0,200.0,200.0,22.0,0.0,0,0,1,none,onset,368.4,551.6
2026-01-28 18:53:23.380756,5.26,1.94,92.8,806.0,1045.0,1.69,1572.32,2343.5,0.5,22,47,0,0.0,0,100.0,100.0,22.0,0.0,0,0,1,none,onset,369.41,550.59
2026-01-28 18:53:24.449472,11.15,4.33,84.52,1728.0,1881.0,1.69,1568.34,2347.49,0.5,22,47,0,0.0,0,198.0,198.0,22.0,0.0,0,0,1,none,onset,368.47,551.53
2026-01-28 18:53:25.488527,13.14,3.53,83.33,1564.0,1946.0,1.69,1567.77,2348.05,0.5,22,47,0,0.0,0,200.0,200.0,22.0,0.0,0,0,1,none,onset,368.34,551.66
2026-01-28 18:53:26.570624,7.07,1.57,91.36,620.0,1109.0,1.63,1565.55,2350.28,0.5,22,47,0,0.0,0,200.0,200.0,22.0,0.0,0,0,1,none,onset,367.82,552.18
2026-01-28 18:53:27.611501,6.02,2.29,91.69,884.0,1023.0,1.63,1569.77,2346.05,0.5,22,45,0,0.0,0,200.0,200.0,22.0,0.0,0,0,1,none,onset,368.81,551.19
2026-01-28 18:53:28.672874,6.34,1.65,92.01,929.0,1171.0,1.63,1570.97,2344.85,0.5,21,43,0,0.0,0,100.0,100.0,21.0,0.0,0,0,1,none,onset,369.09,550.91
2026-01-28 18:53:29.785479,8.28,3.37,88.34,920.0,1148.0,1.63,1577.22,2338.61,0.5,24,51,0,0.0,0,242.0,242.0,24.0,0.0,0,0,1,none,onset,370.56,549.44
2026-01-28 18:53:30.825467,8.41,3.74,87.85,871.0,1318.0,1.63,1569.72,2346.11,0.5,24,51,0,0.0,0,298.0,298.0,24.0,0.0,0,0,1,none,onset,368.8,551.2
2026-01-28 18:53:31.876891,6.49,2.86,90.65,1443.0,1704.0,1.5,1573.87,2341.96,0.5,24,51,0,0.0,0,100.0,100.0,24.0,0.0,0,0,1,none,onset,369.77,550.23
2026-01-28 18:53:32.927721,5.75,2.47,91.78,918.0,1264.0,1.5,1577.97,2337.86,0.5,24,51,0,0.0,0,200.0,200.0,24.0,0.0,0,0,1,none,onset,370.73,549.27
2026-01-28 18:53:33.983790,6.99,2.42,90.59,971.0,1214.0,1.5,1581.97,2333.86,0.5,24,49,0,0.0,0,200.0,200.0,24.0,0.0,0,0,1,none,onset,371.67,548.33
2026-01-28 18:53:35.023996,13.92,3.48,82.59,643.0,1458.0,1.5,1579.75,2336.07,0.5,24,49,1,13.0,323,198.0,198.0,24.0,0.0,0,0,1,none,onset,371.15,548.85
2026-01-28 18:53:36.204321,23.53,7.84,68.63,1518.0,2212.0,1.5,1580.17,2335.66,0.5,24,51,1,10.2,324,142.0,142.0,24.0,0.0,0,0,1,none,onset,371.25,548.75
2026-01-28 18:53:37.278336,6.74,1.08,92.18,757.0,1134.0,2.18,1580.91,2334.92,0.5,24,51,0,0.0,0,200.0,200.0,24.0,0.0,0,0,1,none,onset,371.43,548.57
2026-01-28 18:53:38.327699,8.61,1.39,90.0,627.0,1208.0,2.18,1578.46,2337.37,0.5,24,51,0,0.0,0,200.0,200.0,24.0,0.0,0,0,1,none,onset,370.85,549.15
2026-01-28 18:53:39.362390,4.56,1.07,94.37,544.0,1136.0,2.18,1583.93,2331.89,0.5,24,51,0,0.0,0,100.0,100.0,24.0,0.0,0,0,1,none,onset,372.14,547.86
2026-01-28 18:53:40.396602,9.09,2.27,88.64,661.0,1470.0,2.18,1588.0,2327.83,0.5,24,51,0,0.0,0,298.0,298.0,24.0,0.0,0,0,1,none,onset,373.09,546.91
2026-01-28 18:53:41.438896,8.98,2.17,88.85,748.0,1465.0,2.57,1590.66,2325.16,0.5,24,49,0,0.0,0,200.0,200.0,24.0,0.0,0,0,1,none,onset,373.72,546.28
2026-01-28 18:53:42.477126,2.16,1.08,96.77,374.0,770.0,2.57,1584.61,2331.21,0.5,24,51,0,0.0,0,100.0,100.0,24.0,0.0,0,0,1,none,onset,372.3,547.7
2026-01-28 18:53:43.535229,4.97,2.21,92.82,562.0,899.0,2.57,1582.61,2333.21,0.5,24,51,0,0.0,0,200.0,200.0,24.0,0.0,0,0,1,none,onset,371.83,548.17
2026-01-28 18:53:44.590809,4.79,1.69,93.52,500.0,1029.0,2.57,1586.61,2329.21,0.5,24,51,0,0.0,0,298.0,298.0,24.0,0.0,0,0,1,none,onset,372.77,547.23
2026-01-28 18:53:45.670170,5.12,1.53,93.35,540.0,1067.0,2.57,1579.68,2336.14,0.5,24,49,0,0.0,0,100.0,100.0,24.0,0.0,0,0,1,none,onset,371.14,548.86
2026-01-28 18:53:46.731306,6.67,2.61,90.72,706.0,1389.0,2.36,1590.2,2325.62,0.5,24,51,0,0.0,0,200.0,200.0,24.0,0.0,0,0,1,none,onset,373.61,546.39
2026-01-28 18:53:47.822319,6.2,1.35,92.45,505.0,1094.0,2.36,1590.27,2325.56,0.5,24,51,0,0.0,0,200.0,200.0,24.0,0.0,0,0,1,none,onset,373.62,546.38
2026-01-28 18:53:49.353599,4.04,0.88,95.08,574.0,1130.0,2.36,1581.2,2334.62,0.5,24,51,0,0.0,0,100.0,100.0,24.0,0.0,0,0,1,none,onset,371.49,548.51
2026-01-28 18:53:50.409561,6.86,1.85,91.29,356.0,984.0,2.36,1575.2,2340.62,0.5,24,49,0,0.0,0,200.0,200.0,24.0,0.0,0,0,1,none,onset,370.08,549.92
2026-01-28 18:53:51.472380,12.23,2.17,85.6,748.0,1678.0,2.33,1588.18,2327.65,0.5,24,51,0,0.0,0,298.0,298.0,24.0,0.0,0,0,1,none,onset,373.13,546.87
2026-01-28 18:53:52.581084,7.89,1.27,90.84,533.0,1192.0,2.33,1574.33,2341.5,0.5,24,51,0,0.0,0,200.0,200.0,24.0,0.0,0,0,1,none,onset,369.88,550.12
2026-01-28 18:53:53.637361,9.02,1.86,89.12,575.0,1335.0,2.33,1574.33,2341.5,0.5,24,51,0,0.0,0,200.0,200.0,24.0,0.0,0,0,1,none,onset,369.88,550.12
2026-01-28 18:53:54.686238,4.27,1.71,94.02,443.0,858.0,2.33,1580.79,2335.03,0.5,24,51,0,0.0,0,200.0,298.0,24.0,0.0,0,0,1,none,onset,371.4,548.6
2026-01-28 18:53:55.787302,1.0,0.25,98.75,265.0,571.0,2.33,1585.02,2330.8,0.5,24,51,0,0.0,0,198.0,100.0,24.0,0.0,0,0,1,none,onset,372.39,547.61
2026-01-28 18:53:56.841139,5.82,2.49,91.69,678.0,1325.0,2.15,1575.41,2340.41,0.5,24,51,0,0.0,0,100.0,100.0,24.0,0.0,0,0,1,none,onset,370.13,549.87
2026-01-28 18:53:57.887034,10.13,1.87,88.0,534.0,1285.0,2.15,1574.13,2341.69,0.5,24,51,0,0.0,0,200.0,200.0,24.0,0.0,0,0,1,none,onset,369.83,550.17
2026-01-28 18:53:58.961887,6.63,1.06,92.31,536.0,1009.0,2.15,1584.8,2331.02,0.5,24,51,0,0.0,0,200.0,200.0,24.0,0.0,0,0,1,none,onset,372.34,547.66
2026-01-28 18:54:00.029642,5.08,1.34,93.58,589.0,996.0,2.15,1589.13,2326.69,0.5,24,51,0,0.0,0,200.0,200.0,24.0,0.0,0,0,1,none,onset,373.36,546.64
2026-01-28 18:54:01.088773,8.95,1.53,89.51,490.0,1366.0,2.15,1588.21,2327.61,0.5,23,49,0,0.0,0,198.0,198.0,23.0,0.0,0,0,1,none,onset,373.14,546.86
2026-01-28 18:54:02.159804,8.74,1.91,89.34,637.0,1433.0,2.05,1584.89,2330.93,0.5,24,49,0,0.0,0,200.0,200.0,24.0,0.0,0,0,1,none,onset,372.36,547.64
2026-01-28 18:54:03.251761,6.7,1.8,91.49,433.0,1264.0,2.05,1583.79,2332.04,0.5,24,51,0,0.0,0,200.0,200.0,24.0,0.0,0,0,1,none,onset,372.1,547.9
2026-01-28 18:54:04.296054,3.44,1.32,95.24,413.0,868.0,2.05,1576.96,2338.86,0.5,24,49,0,0.0,0,100.0,100.0,24.0,0.0,0,0,1,none,onset,370.5,549.5
2026-01-28 18:54:05.350501,14.55,2.08,83.38,652.0,1868.0,2.05,1582.16,2333.66,0.5,24,51,0,0.0,0,298.0,298.0,24.0,0.0,0,0,1,none,onset,371.72,548.28
2026-01-28 18:54:06.408034,8.64,1.57,89.79,513.0,1414.0,1.97,1589.8,2326.02,0.5,24,51,0,0.0,0,242.0,242.0,24.0,0.0,0,0,1,none,onset,373.51,546.49
2026-01-28 18:54:07.452103,4.87,1.15,93.98,513.0,840.0,1.97,1588.4,2327.43,0.5,24,51,0,0.0,0,100.0,100.0,24.0,0.0,0,0,1,none,onset,373.18,546.82
2026-01-28 18:54:08.505674,2.8,0.25,96.95,305.0,618.0,1.97,1591.34,2324.48,0.5,24,51,0,0.0,0,100.0,100.0,24.0,0.0,0,0,1,none,onset,373.88,546.12
2026-01-28 18:54:09.778165,8.26,1.48,90.25,602.0,1329.0,1.97,1584.82,2331.01,0.5,24,51,0,0.0,0,200.0,200.0,24.0,0.0,0,0,1,none,onset,372.34,547.66
2026-01-28 18:54:10.870661,8.77,1.5,89.72,519.0,1268.0,1.97,1576.87,2338.96,0.5,23,49,0,0.0,0,200.0,200.0,23.0,0.0,0,0,1,none,onset,370.48,549.52
2026-01-28 18:54:11.944988,6.65,2.13,91.22,514.0,1165.0,1.89,1574.56,2341.27,0.5,24,51,0,0.0,0,298.0,298.0,24.0,0.0,0,0,1,none,onset,369.93,550.07
2026-01-28 18:54:13.165684,2.48,1.24,96.28,511.0,912.0,1.89,1575.67,2340.16,0.5,24,51,0,0.0,0,200.0,200.0,24.0,0.0,0,0,1,none,onset,370.19,549.81
2026-01-28 18:54:14.248574,8.14,1.53,90.33,541.0,1252.0,1.89,1578.77,2337.06,0.5,24,51,0,0.0,0,200.0,200.0,24.0,0.0,0,0,1,none,onset,370.92,549.08
2026-01-28 18:54:15.321448,5.22,1.65,93.13,507.0,954.0,1.89,1573.32,2342.5,0.5,24,51,0,0.0,0,298.0,298.0,24.0,0.0,0,0,1,none,onset,369.64,550.36
2026-01-28 18:54:16.388799,2.15,0.54,97.31,310.0,681.0,1.82,1580.43,2335.39,0.5,24,51,0,0.0,0,242.0,242.0,24.0,0.0,0,0,1,none,onset,371.31,548.69
2026-01-28 18:54:17.473875,1.26,0.51,98.23,248.0,560.0,1.82,1588.12,2327.7,0.5,24,51,0,0.0,0,100.0,100.0,24.0,0.0,0,0,1,none,onset,373.12,546.88
2026-01-28 18:54:18.509084,5.34,1.97,92.7,514.0,1028.0,1.82,1583.83,2332.0,0.5,24,51,0,0.0,0,100.0,100.0,24.0,0.0,0,0,1,none,onset,372.11,547.89
2026-01-28 18:54:19.569254,8.05,1.04,90.91,455.0,1334.0,1.82,1583.83,2332.0,0.5,24,51,0,0.0,0,200.0,200.0,24.0,0.0,0,0,1,none,onset,372.11,547.89
2026-01-28 13:20:42.781767,0.0,0.24,99.76,127.0,141.0,0.1,1435.41,2480.41,0.0,9,18,0,0.0,0,0.0,0.0,9.0,0.0,0,0,0,none,sustained,337.24,582.76
2026-01-28 13:20:43.810099,0.24,0.0,99.76,159.0,87.0,0.1,1435.41,2480.41,0.0,9,18,0,0.0,0,0.0,0.0,9.0,0.0,0,0,0,none,sustained,337.24,582.76
2026-01-28 13:20:44.834816,0.0,0.0,100.0,219.0,223.0,0.1,1435.41,2480.41,0.0,9,18,0,0.0,0,0.0,0.0,9.0,0.0,0,0,0,none,sustained,337.24,582.76
2026-01-28 13:20:45.875870,0.5,0.25,99.25,298.0,456.0,0.09,1435.41,2480.41,0.0,9,18,0,0.0,0,42.0,42.0,9.0,0.0,0,0,0,none,sustained,337.24,582.76
2026-01-28 13:20:46.895353,0.0,0.0,100.0,172.0,179.0,0.09,1435.41,2480.41,0.0,9,18,0,0.0,0,0.0,0.0,9.0,0.0,0,0,0,none,sustained,337.24,582.76
2026-01-28 13:20:47.914214,0.0,0.0,100.0,194.0,291.0,0.09,1435.41,2480.41,0.0,9,18,0,0.0,0,0.0,0.0,9.0,0.0,0,0,0,none,sustained,337.24,582.76
2026-01-28 13:20:48.941783,0.0,0.0,100.0,171.0,127.0,0.09,1435.41,2480.41,0.0,9,18,0,0.0,0,0.0,0.0,9.0,0.0,0,0,0,none,sustained,337.24,582.76
2026-01-28 13:20:49.967847,0.25,0.25,99.51,253.0,206.0,0.09,1435.41,2480.41,0.0,9,18,0,0.0,0,0.0,0.0,9.0,0.0,0,0,0,none,sustained,337.24,582.76
2026-01-28 13:20:50.987863,1.82,0.26,97.92,387.0,722.0,0.09,1435.55,2480.27,0.0,9,18,0,0.0,0,98.0,98.0,9.0,0.0,0,0,0,none,sustained,337.27,582.73
2026-01-28 13:20:52.016034,0.0,0.49,99.51,154.0,183.0,0.09,1435.65,2480.18,0.0,9,18,0,0.0,0,0.0,0.0,9.0,0.0,0,0,0,none,sustained,337.3,582.7
2026-01-28 13:20:53.039175,0.25,0.0,99.75,175.0,238.0,0.09,1435.64,2480.18,0.0,9,18,0,0.0,0,0.0,0.0,9.0,0.0,0,0,0,none,sustained,337.3,582.7
2026-01-28 13:20:54.067250,0.0,0.0,100.0,147.0,137.0,0.09,1435.64,2480.18,0.0,9,18,0,0.0,0,0.0,0.0,9.0,0.0,0,0,0,none,sustained,337.3,582.7
2026-01-28 13:20:55.106459,0.0,0.0,100.0,159.0,199.0,0.08,1435.64,2480.18,0.0,9,18,0,0.0,0,0.0,0.0,9.0,0.0,0,0,0,none,sustained,337.3,582.7
2026-01-28 13:20:56.135556,0.0,0.0,100.0,125.0,86.0,0.08,1435.64,2480.18,0.0,9,18,0,0.0,0,0.0,0.0,9.0,0.0,0,0,0,none,sustained,337.3,582.7
2026-01-28 13:20:57.164164,0.26,0.0,99.74,364.0,343.0,0.08,1431.62,2484.2,0.0,9,18,0,0.0,0,0.0,0.0,9.0,0.0,0,0,0,none,sustained,336.35,583.65
2026-01-28 13:20:58.185230,0.0,0.25,99.75,154.0,165.0,0.08,1431.62,2484.2,0.0,9,18,0,0.0,0,0.0,0.0,9.0,0.0,0,0,0,none,sustained,336.35,583.65
2026-01-28 13:20:59.208625,0.25,0.0,99.75,138.0,241.0,0.08,1431.62,2484.2,0.0,9,18,0,0.0,0,0.0,0.0,9.0,0.0,0,0,0,none,sustained,336.35,583.65
2026-01-28 13:21:00.232360,0.25,0.0,99.75,155.0,117.0,0.07,1431.62,2484.2,0.0,9,18,0,0.0,0,0.0,0.0,9.0,0.0,0,0,0,none,sustained,336.35,583.65
2026-01-28 13:21:01.255181,1.02,0.51,98.47,483.0,486.0,0.07,1439.77,2476.05,0.0,9,18,0,0.0,0,98.0,98.0,9.0,0.0,0,0,0,none,sustained,338.27,581.73
2026-01-28 13:21:02.277777,1.02,0.51,98.47,330.0,648.0,0.07,1435.86,2479.96,0.0,9,18,0,0.0,0,0.0,0.0,9.0,0.0,0,0,0,none,sustained,337.35,582.65
2026-01-28 13:21:03.301888,0.25,0.0,99.75,219.0,368.0,0.07,1435.86,2479.96,0.0,9,18,0,0.0,0,0.0,0.0,9.0,0.0,0,0,0,none,sustained,337.35,582.65
2026-01-28 13:21:04.326678,0.0,0.0,100.0,195.0,281.0,0.07,1435.86,2479.96,0.0,9,18,0,0.0,0,0.0,0.0,9.0,0.0,0,0,0,none,sustained,337.35,582.65
2026-01-28 13:21:05.356627,0.25,0.0,99.75,117.0,248.0,0.07,1435.86,2479.96,0.0,9,18,0,0.0,0,0.0,0.0,9.0,0.0,0,0,0,none,sustained,337.35,582.65
2026-01-28 13:21:06.381140,0.0,0.0,100.0,220.0,154.0,0.07,1435.86,2479.96,0.0,9,18,0,0.0,0,0.0,0.0,9.0,0.0,0,0,0,none,sustained,337.35,582.65
2026-01-28 13:21:07.395879,0.25,0.25,99.5,251.0,311.0,0.07,1435.86,2479.96,0.0,9,18,0,0.0,0,0.0,0.0,9.0,0.0,0,0,0,none,sustained,337.35,582.65
2026-01-28 13:21:08.411433,0.0,0.0,100.0,151.0,119.0,0.07,1435.86,2479.96,0.0,9,18,0,0.0,0,0.0,0.0,9.0,0.0,0,0,0,none,sustained,337.35,582.65
2026-01-28 13:21:09.438895,0.51,0.51,98.97,295.0,414.0,0.07,1427.84,2487.98,0.0,9,18,0,0.0,0,0.0,0.0,9.0,0.0,0,0,0,none,sustained,335.46,584.54
2026-01-28 13:21:10.462150,3.55,0.51,95.94,290.0,852.0,0.06,1432.07,2483.75,0.0,9,18,0,0.0,0,0.0,0.0,9.0,0.0,0,0,0,none,sustained,336.46,583.54
2026-01-28 13:21:11.499469,0.0,0.24,99.76,86.0,163.0,0.06,1432.07,2483.75,0.0,9,18,0,0.0,0,0.0,0.0,9.0,0.0,0,0,0,none,sustained,336.46,583.54
2026-01-28 13:21:12.521747,0.26,0.0,99.74,241.0,395.0,0.06,1432.07,2483.75,0.0,9,18,0,0.0,0,98.0,98.0,9.0,0.0,0,0,0,none,sustained,336.46,583.54
2026-01-28 13:21:13.552636,0.25,0.25,99.5,208.0,302.0,0.06,1432.07,2483.75,0.0,9,18,0,0.0,0,194.0,0.0,9.0,0.0,0,0,0,none,sustained,336.46,583.54
2026-01-28 13:21:14.577077,1.02,0.25,98.73,249.0,492.0,0.06,1435.32,2480.5,0.0,9,18,0,0.0,0,0.0,0.0,9.0,0.0,0,0,0,none,sustained,337.22,582.78
2026-01-28 13:21:15.607039,0.25,0.0,99.75,196.0,336.0,0.06,1435.32,2480.5,0.0,9,18,0,0.0,0,0.0,0.0,9.0,0.0,0,0,0,none,sustained,337.22,582.78
2026-01-28 13:21:16.630752,0.25,0.0,99.75,118.0,185.0,0.06,1435.32,2480.5,0.0,9,18,0,0.0,0,0.0,0.0,9.0,0.0,0,0,0,none,sustained,337.22,582.78
2026-01-28 13:21:17.655174,0.0,0.0,100.0,128.0,219.0,0.06,1435.44,2480.38,0.0,9,18,0,0.0,0,84.0,84.0,9.0,0.0,0,0,0,none,sustained,337.25,582.75
2026-01-28 13:21:18.678745,0.0,0.25,99.75,112.0,290.0,0.06,1435.44,2480.38,0.0,9,18,0,0.0,0,0.0,0.0,9.0,0.0,0,0,0,none,sustained,337.25,582.75
2026-01-28 13:21:19.705431,0.25,0.0,99.75,143.0,263.0,0.06,1435.44,2480.39,0.0,9,18,0,0.0,0,0.0,0.0,9.0,0.0,0,0,0,none,sustained,337.25,582.75
2026-01-28 13:21:20.730029,0.0,0.0,100.0,68.0,141.0,0.05,1435.44,2480.39,0.0,9,18,0,0.0,0,0.0,0.0,9.0,0.0,0,0,0,none,sustained,337.25,582.75
2026-01-28 13:21:21.755119,0.77,0.26,98.97,265.0,508.0,0.05,1433.02,2482.8,0.0,9,18,0,0.0,0,0.0,0.0,9.0,0.0,0,0,0,none,sustained,336.68,583.32
2026-01-28 13:21:22.787756,1.51,0.5,97.99,251.0,618.0,0.05,1430.88,2484.95,0.0,9,18,0,0.0,0,98.0,98.0,9.0,0.0,0,0,0,none,sustained,336.18,583.82
2026-01-28 13:21:23.814612,0.25,0.25,99.5,193.0,300.0,0.05,1430.88,2484.95,0.0,9,18,0,0.0,0,0.0,0.0,9.0,0.0,0,0,0,none,sustained,336.18,583.82
2026-01-28 13:21:24.841350,0.0,0.0,100.0,77.0,220.0,0.05,1430.88,2484.95,0.0,9,18,0,0.0,0,0.0,0.0,9.0,0.0,0,0,0,none,sustained,336.18,583.82
2026-01-28 13:21:25.864400,0.0,0.0,100.0,156.0,287.0,0.05,1430.88,2484.95,0.0,9,18,0,0.0,0,0.0,0.0,9.0,0.0,0,0,0,none,sustained,336.18,583.82
2026-01-28 13:21:26.903800,0.24,0.0,99.76,115.0,235.0,0.05,1430.88,2484.95,0.0,9,18,0,0.0,0,0.0,0.0,9.0,0.0,0,0,0,none,sustained,336.18,583.82
2026-01-28 13:21:27.929851,2.05,0.77,97.19,390.0,772.0,0.05,1436.54,2479.28,0.0,9,18,0,0.0,0,0.0,0.0,9.0,0.0,0,0,0,none,sustained,337.51,582.49
2026-01-28 13:21:28.968700,0.24,0.0,99.76,106.0,260.0,0.05,1436.64,2479.18,0.0,9,18,0,0.0,0,0.0,0.0,9.0,0.0,0,0,0,none,sustained,337.53,582.47
2026-01-28 13:21:29.996074,0.0,0.0,100.0,78.0,178.0,0.04,1436.64,2479.18,0.0,9,18,0,0.0,0,0.0,0.0,9.0,0.0,0,0,0,none,sustained,337.53,582.47
2026-01-28 13:21:31.029886,0.25,0.0,99.75,130.0,225.0,0.04,1436.64,2479.18,0.0,9,18,0,0.0,0,0.0,0.0,9.0,0.0,0,0,0,none,sustained,337.53,582.47
2026-01-28 13:21:32.054198,0.0,0.25,99.75,156.0,304.0,0.04,1436.64,2479.18,0.0,9,18,0,0.0,0,0.0,0.0,9.0,0.0,0,0,0,none,sustained,337.53,582.47
2026-01-28 13:21:33.083493,2.24,0.5,97.26,223.0,457.0,0.04,1440.64,2475.18,0.0,9,18,0,0.0,0,0.0,0.0,9.0,0.0,0,0,0,none,sustained,338.47,581.53
2026-01-28 13:21:34.119858,0.76,0.51,98.73,285.0,557.0,0.04,1440.64,2475.18,0.0,9,18,0,0.0,0,98.0,98.0,9.0,0.0,0,0,0,none,sustained,338.47,581.53
2026-01-28 13:21:35.155774,0.0,0.0,100.0,136.0,135.0,0.04,1440.64,2475.18,0.0,9,18,0,0.0,0,0.0,0.0,9.0,0.0,0,0,0,none,sustained,338.47,581.53
2026-01-28 13:21:36.185132,0.0,0.0,100.0,107.0,183.0,0.04,1440.64,2475.18,0.0,9,18,0,0.0,0,0.0,0.0,9.0,0.0,0,0,0,none,sustained,338.47,581.53
2026-01-28 13:21:37.215970,0.24,0.0,99.76,68.0,109.0,0.04,1440.64,2475.18,0.0,9,18,0,0.0,0,0.0,0.0,9.0,0.0,0,0,0,none,sustained,338.47,581.53
2026-01-28 13:21:38.237193,2.29,0.76,96.95,325.0,691.0,0.04,1440.64,2475.18,0.0,9,18,0,0.0,0,0.0,0.0,9.0,0.0,0,0,0,none,sustained,338.47,581.53
2026-01-28 13:21:39.258902,0.25,0.0,99.75,111.0,175.0,0.04,1440.64,2475.18,0.0,9,18,0,0.0,0,0.0,0.0,9.0,0.0,0,0,0,none,sustained,338.47,581.53
2026-01-28 13:21:40.281378,0.25,0.25,99.5,123.0,191.0,0.04,1440.63,2475.19,0.0,9,18,0,0.0,0,0.0,0.0,9.0,0.0,0,0,0,none,sustained,338.47,581.53
2026-01-28 13:21:41.304490,1.54,0.26,98.21,250.0,454.0,0.04,1444.63,2471.19,0.0,9,18,0,0.0,0,0.0,0.0,9.0,0.0,0,0,0,none,sustained,339.41,580.59
2026-01-28 13:21:42.321903,0.25,0.0,99.75,113.0,243.0,0.04,1444.63,2471.19,0.0,9,18,0,0.0,0,0.0,0.0,9.0,0.0,0,0,0,none,sustained,339.41,580.59
2026-01-28 13:21:43.345953,0.0,0.0,100.0,79.0,140.0,0.04,1444.63,2471.19,0.0,9,18,0,0.0,0,0.0,0.0,9.0,0.0,0,0,0,none,sustained,339.41,580.59
2026-01-28 13:21:44.392603,0.51,0.25,99.24,272.0,463.0,0.04,1437.79,2478.04,0.0,9,18,0,0.0,0,98.0,98.0,9.0,0.0,0,0,0,none,sustained,337.8,582.2
2026-01-28 13:21:45.446761,1.69,0.48,97.83,239.0,471.0,0.03,1433.89,2481.94,0.0,9,18,0,0.0,0,0.0,0.0,9.0,0.0,0,0,0,none,sustained,336.88,583.12
2026-01-28 13:21:46.925497,0.0,0.0,100.0,149.0,248.0,0.03,1433.89,2481.94,0.0,9,18,0,0.0,0,0.0,0.0,9.0,0.0,0,0,0,none,sustained,336.88,583.12
2026-01-28 13:21:48.087049,0.0,0.0,100.0,104.0,302.0,0.03,1433.89,2481.94,0.0,9,18,0,0.0,0,0.0,0.0,9.0,0.0,0,0,0,none,sustained,336.88,583.12
2026-01-28 13:21:49.165725,0.0,0.0,100.0,130.0,254.0,0.03,1433.89,2481.94,0.0,9,18,0,0.0,0,0.0,0.0,9.0,0.0,0,0,0,none,sustained,336.88,583.12
2026-01-28 13:21:50.440928,1.41,0.4,98.19,386.0,644.0,0.03,1429.89,2485.94,0.0,9,18,0,0.0,0,42.0,42.0,9.0,0.0,0,0,0,none,sustained,335.94,584.06
2026-01-28 13:21:51.907817,0.17,0.17,99.65,220.0,330.0,0.03,1429.88,2485.95,0.0,9,18,0,0.0,0,0.0,0.0,9.0,0.0,0,0,0,none,sustained,335.94,584.06
2026-01-28 13:21:53.289792,0.0,0.0,100.0,95.0,132.0,0.03,1429.88,2485.95,0.0,9,18,0,0.0,0,0.0,0.0,9.0,0.0,0,0,0,none,sustained,335.94,584.06
2026-01-28 13:21:55.637264,0.11,0.0,99.89,341.0,481.0,0.03,1431.42,2484.4,0.0,9,18,0,0.0,0,0.0,0.0,9.0,0.0,0,0,0,none,sustained,336.3,583.7
2026-01-28 13:21:57.074158,1.43,0.9,97.67,401.0,965.0,0.03,1437.88,2477.95,0.0,9,18,0,0.0,0,98.0,98.0,9.0,0.0,0,0,0,none,sustained,337.82,582.18
2026-01-28 13:21:58.218060,0.45,0.22,99.33,615.0,484.0,0.03,1437.88,2477.95,0.0,9,18,0,0.0,0,0.0,0.0,9.0,0.0,0,0,0,none,sustained,337.82,582.18
2026-01-28 13:21:59.634015,0.18,0.18,99.64,771.0,623.0,0.03,1437.88,2477.95,0.0,9,18,0,0.0,0,0.0,0.0,9.0,0.0,0,0,0,none,sustained,337.82,582.18
2026-01-28 13:22:00.903318,1.44,1.03,97.54,514.0,901.0,0.02,1435.14,2480.68,0.0,9,18,0,0.0,0,0.0,0.0,9.0,0.0,0,0,0,none,sustained,337.18,582.82
2026-01-28 13:22:02.389830,0.17,0.17,99.66,204.0,392.0,0.02,1435.09,2480.73,0.0,9,18,0,0.0,0,0.0,0.0,9.0,0.0,0,0,0,none,sustained,337.17,582.83
2026-01-28 13:22:03.658105,0.0,0.0,100.0,106.0,295.0,0.02,1435.09,2480.73,0.0,9,18,0,0.0,0,0.0,0.0,9.0,0.0,0,0,0,none,sustained,337.17,582.83
2026-01-28 13:22:04.745422,0.7,0.47,98.83,178.0,409.0,0.02,1435.09,2480.73,0.0,9,18,0,0.0,0,0.0,0.0,9.0,0.0,0,0,0,none,sustained,337.17,582.83
2026-01-28 13:22:05.773692,0.25,0.0,99.75,187.0,316.0,0.02,1435.09,2480.73,0.0,9,18,0,0.0,0,0.0,0.0,9.0,0.0,0,0,0,none,sustained,337.17,582.83
2026-01-28 13:22:07.946775,0.47,0.24,99.29,354.0,809.0,0.02,1435.07,2480.75,0.0,9,18,0,0.0,0,98.0,98.0,9.0,0.0,0,0,0,none,sustained,337.16,582.84
2026-01-28 13:22:09.512380,0.33,0.16,99.51,182.0,366.0,0.02,1435.07,2480.75,0.0,9,18,0,0.0,0,0.0,0.0,9.0,0.0,0,0,0,none,sustained,337.16,582.84
2026-01-28 13:22:13.823514,0.15,0.08,99.77,422.0,409.0,0.02,1432.06,2483.76,0.0,9,18,0,0.0,0,84.0,84.0,9.0,0.0,0,0,0,none,sustained,336.45,583.55
2026-01-28 13:22:15.805425,0.0,0.0,100.0,68.0,29.0,0.1,1432.06,2483.76,0.0,9,18,0,0.0,0,0.0,0.0,9.0,0.0,0,0,0,none,sustained,336.45,583.55
2026-01-28 13:22:16.858507,0.5,0.5,99.0,73.0,40.0,0.1,1432.21,2483.62,0.0,9,18,0,0.0,0,0.0,98.0,9.0,0.0,0,0,0,none,sustained,336.49,583.51
2026-01-28 13:22:18.808742,0.26,0.0,99.74,109.0,58.0,0.1,1432.55,2483.28,0.0,9,18,0,0.0,0,98.0,0.0,9.0,0.0,0,0,0,none,sustained,336.57,583.43
2026-01-28 13:22:19.824054,0.5,0.0,99.5,58.0,26.0,0.1,1432.55,2483.28,0.0,9,18,0,0.0,0,0.0,0.0,9.0,0.0,0,0,0,none,sustained,336.57,583.43
2026-01-28 13:22:20.844273,0.49,0.0,99.51,54.0,33.0,0.25,1432.55,2483.28,0.0,9,18,0,0.0,0,0.0,0.0,9.0,0.0,0,0,0,none,sustained,336.57,583.43
2026-01-28 13:22:21.856842,0.48,0.0,99.52,174.0,133.0,0.25,1432.55,2483.28,0.0,9,18,0,0.0,0,0.0,0.0,9.0,0.0,0,0,0,none,sustained,336.57,583.43
2026-01-28 13:22:24.877471,0.17,0.17,99.66,365.0,670.0,0.25,1432.55,2483.27,0.0,9,18,0,0.0,0,0.0,0.0,9.0,0.0,0,0,0,none,sustained,336.57,583.43
2026-01-28 13:22:26.081409,0.21,0.42,99.36,149.0,383.0,0.23,1432.55,2483.27,0.0,9,18,0,0.0,0,0.0,0.0,9.0,0.0,0,0,0,none,sustained,336.57,583.43
2026-01-28 13:22:27.844514,0.0,0.15,99.85,242.0,439.0,0.23,1428.94,2486.89,0.0,9,18,0,0.0,0,98.0,98.0,9.0,0.0,0,0,0,none,sustained,335.72,584.28
2026-01-28 13:22:29.126722,1.21,0.61,98.18,309.0,645.0,0.23,1422.98,2492.84,0.0,9,18,0,0.0,0,0.0,0.0,9.0,0.0,0,0,0,none,sustained,334.32,585.68
2026-01-28 13:22:30.574131,0.18,0.18,99.65,160.0,345.0,0.21,1422.98,2492.84,0.0,9,18,0,0.0,0,0.0,0.0,9.0,0.0,0,0,0,none,sustained,334.32,585.68
2026-01-28 13:22:31.717074,0.0,0.0,100.0,105.0,218.0,0.21,1422.98,2492.84,0.0,9,18,0,0.0,0,0.0,0.0,9.0,0.0,0,0,0,none,sustained,334.32,585.68
2026-01-28 13:22:32.886956,0.0,0.22,99.78,157.0,249.0,0.21,1422.98,2492.84,0.0,9,18,0,0.0,0,0.0,0.0,9.0,0.0,0,0,0,none,sustained,334.32,585.68
2026-01-28 13:22:34.525091,0.16,0.0,99.84,141.0,236.0,0.21,1422.98,2492.84,0.0,9,18,0,0.0,0,0.0,0.0,9.0,0.0,0,0,0,none,sustained,334.32,585.68
2026-01-28 13:22:36.517774,0.52,0.13,99.35,334.0,687.0,0.2,1426.98,2488.85,0.0,9,18,0,0.0,0,0.0,0.0,9.0,0.0,0,0,0,none,sustained,335.26,584.74
2026-01-28 13:22:38.459707,0.26,0.0,99.74,249.0,453.0,0.2,1426.98,2488.85,0.0,9,18,0,0.0,0,0.0,0.0,9.0,0.0,0,0,0,none,sustained,335.26,584.74
2026-01-28 13:22:39.516213,0.5,0.5,99.01,237.0,416.0,0.2,1422.98,2492.85,0.0,9,18,0,0.0,0,98.0,98.0,9.0,0.0,0,0,0,none,sustained,334.32,585.68
2026-01-28 13:22:40.693092,0.45,0.45,99.11,281.0,442.0,0.18,1430.42,2485.41,0.0,9,18,0,0.0,0,0.0,0.0,9.0,0.0,0,0,0,none,sustained,336.07,583.93
2026-01-28 13:22:42.699719,0.13,0.13,99.75,234.0,323.0,0.18,1430.42,2485.41,0.0,8,16,0,0.0,0,0.0,0.0,8.0,0.0,0,0,0,none,sustained,336.07,583.93
2026-01-28 13:22:44.290565,0.65,0.33,99.02,376.0,544.0,0.18,1428.07,2487.75,0.0,9,18,0,0.0,0,42.0,42.0,9.0,0.0,0,0,0,none,sustained,335.52,584.48
2026-01-28 13:22:46.366224,0.0,0.0,100.0,188.0,258.0,0.16,1428.07,2487.75,0.0,8,16,0,0.0,0,0.0,0.0,8.0,0.0,0,0,0,none,sustained,335.52,584.48
2026-01-28 13:22:48.528042,0.59,0.48,98.93,438.0,648.0,0.16,1428.79,2487.04,0.0,9,18,0,0.0,0,0.0,0.0,9.0,0.0,0,0,0,none,sustained,335.69,584.31
2026-01-28 13:22:49.547417,0.52,0.26,99.22,264.0,612.0,0.16,1429.71,2486.11,0.0,9,18,0,0.0,0,98.0,98.0,9.0,0.0,0,0,0,none,sustained,335.9,584.1
2026-01-28 13:22:50.607017,0.24,0.24,99.52,194.0,228.0,0.15,1429.77,2486.05,0.0,9,18,0,0.0,0,0.0,0.0,9.0,0.0,0,0,0,none,sustained,335.92,584.08
2026-01-28 13:22:51.636332,0.0,0.25,99.75,143.0,186.0,0.15,1429.92,2485.91,0.0,9,18,0,0.0,0,0.0,0.0,9.0,0.0,0,0,0,none,sustained,335.95,584.05
2026-01-28 13:22:52.665075,0.0,0.0,100.0,100.0,355.0,0.15,1429.92,2485.91,0.0,9,18,0,0.0,0,0.0,0.0,9.0,0.0,0,0,0,none,sustained,335.95,584.05
2026-01-28 13:22:54.595534,0.13,0.26,99.6,269.0,574.0,0.15,1429.57,2486.26,0.0,9,18,0,0.0,0,0.0,0.0,9.0,0.0,0,0,0,none,sustained,335.87,584.13
2026-01-28 13:22:55.703258,0.23,0.0,99.77,109.0,307.0,0.14,1429.43,2486.39,0.0,9,18,0,0.0,0,0.0,0.0,9.0,0.0,0,0,0,none,sustained,335.84,584.16
2026-01-28 13:22:57.314997,0.32,0.16,99.52,194.0,376.0,0.14,1439.64,2476.19,0.0,9,18,0,0.0,0,0.0,0.0,9.0,0.0,0,0,0,none,sustained,338.23,581.77
2026-01-28 13:22:58.332428,0.0,0.0,100.0,173.0,538.0,0.14,1439.64,2476.19,0.0,9,18,0,0.0,0,0.0,0.0,9.0,0.0,0,0,0,none,sustained,338.23,581.77
2026-01-28 13:22:59.436975,0.23,0.46,99.3,188.0,426.0,0.14,1439.64,2476.19,0.0,9,18,0,0.0,0,0.0,0.0,9.0,0.0,0,0,0,none,sustained,338.23,581.77
2026-01-28 13:23:00.478211,2.24,0.5,97.26,366.0,773.0,0.21,1437.36,2478.46,0.0,9,18,0,0.0,0,98.0,98.0,9.0,0.0,0,0,0,none,sustained,337.7,582.3
2026-01-28 13:23:01.499813,0.25,0.0,99.75,125.0,240.0,0.21,1437.36,2478.46,0.0,9,18,0,0.0,0,0.0,0.0,9.0,0.0,0,0,0,none,sustained,337.7,582.3
2026-01-28 13:23:03.384584,0.55,0.27,99.18,436.0,667.0,0.21,1433.96,2481.87,0.0,9,18,0,0.0,0,0.0,0.0,9.0,0.0,0,0,0,none,sustained,336.9,583.1
2026-01-28 13:23:04.409679,0.0,0.25,99.75,150.0,236.0,0.21,1433.96,2481.87,0.0,9,18,0,0.0,0,0.0,0.0,9.0,0.0,0,0,0,none,sustained,336.9,583.1
2026-01-28 13:23:05.637608,0.21,0.21,99.58,174.0,330.0,0.19,1433.96,2481.87,0.0,9,18,0,0.0,0,42.0,42.0,9.0,0.0,0,0,0,none,sustained,336.9,583.1
2026-01-28 13:23:07.098831,0.71,0.18,99.11,278.0,519.0,0.19,1433.96,2481.87,0.0,9,18,0,0.0,0,0.0,0.0,9.0,0.0,0,0,0,none,sustained,336.9,583.1
2026-01-28 13:23:08.132034,0.49,0.0,99.51,111.0,310.0,0.19,1433.96,2481.87,0.0,9,18,0,0.0,0,0.0,0.0,9.0,0.0,0,0,0,none,sustained,336.9,583.1
2026-01-28 13:23:09.708786,0.16,0.32,99.51,240.0,464.0,0.19,1433.95,2481.88,0.0,9,18,0,0.0,0,0.0,0.0,9.0,0.0,0,0,0,none,sustained,336.9,583.1
2026-01-28 13:23:10.744743,1.53,0.51,97.96,345.0,638.0,0.18,1430.44,2485.39,0.0,9,18,0,0.0,0,98.0,98.0,9.0,0.0,0,0,0,none,sustained,336.07,583.93
2026-01-28 13:23:11.902207,4.02,4.02,91.96,3434.0,1996.0,0.18,1416.29,2499.54,0.0,9,18,0,0.0,0,0.0,0.0,9.0,0.0,0,0,0,none,sustained,332.75,587.25
2026-01-28 13:23:13.065457,2.06,0.69,97.25,457.0,1154.0,0.18,1408.95,2506.87,0.0,8,16,0,0.0,0,0.0,0.0,8.0,0.0,0,0,0,none,sustained,331.02,588.98
2026-01-28 13:23:14.149133,2.14,0.71,97.15,393.0,643.0,0.18,1407.12,2508.7,0.0,9,18,0,0.0,0,0.0,0.0,9.0,0.0,0,0,0,none,sustained,330.59,589.41
2026-01-28 13:23:15.482187,0.38,0.19,99.43,233.0,399.0,0.24,1407.12,2508.7,0.0,9,18,0,0.0,0,0.0,0.0,9.0,0.0,0,0,0,none,sustained,330.59,589.41
2026-01-28 13:23:16.503904,0.25,0.25,99.5,122.0,279.0,0.24,1407.12,2508.7,0.0,9,18,0,0.0,0,42.0,42.0,9.0,0.0,0,0,0,none,sustained,330.59,589.41
2026-01-28 13:23:17.713957,1.28,0.21,98.5,309.0,778.0,0.24,1407.62,2508.21,0.0,9,18,0,0.0,0,0.0,0.0,9.0,0.0,0,0,0,none,sustained,330.71,589.29
2026-01-28 13:23:18.954611,0.62,0.62,98.75,801.0,808.0,0.24,1407.76,2508.06,0.0,9,18,0,0.0,0,0.0,0.0,9.0,0.0,0,0,0,none,sustained,330.75,589.25
2026-01-28 13:23:19.970955,0.0,0.25,99.75,201.0,467.0,0.3,1407.76,2508.06,0.0,9,18,0,0.0,0,0.0,0.0,9.0,0.0,0,0,0,none,sustained,330.75,589.25
2026-01-28 13:23:20.981979,1.52,0.76,97.72,983.0,1141.0,0.3,1403.58,2512.25,0.0,9,18,0,0.0,0,98.0,98.0,9.0,0.0,0,0,0,none,sustained,329.76,590.24
2026-01-28 13:23:22.003322,4.07,2.17,93.77,2965.0,1630.0,0.3,1405.27,2510.55,0.0,9,18,0,0.0,0,0.0,0.0,9.0,0.0,0,0,0,none,sustained,330.16,589.84
2026-01-28 13:23:23.076619,0.74,0.74,98.53,323.0,612.0,0.3,1409.12,2506.7,0.0,9,18,0,0.0,0,0.0,0.0,9.0,0.0,0,0,0,none,sustained,331.06,588.94
2026-01-28 13:23:24.097100,1.05,0.79,98.16,658.0,618.0,0.3,1409.15,2506.67,0.0,9,18,0,0.0,0,0.0,0.0,9.0,0.0,0,0,0,none,sustained,331.07,588.93
2026-01-28 13:23:25.251115,0.45,0.9,98.65,728.0,611.0,0.28,1409.15,2506.67,0.0,9,18,0,0.0,0,0.0,0.0,9.0,0.0,0,0,0,none,sustained,331.07,588.93
2026-01-28 13:23:26.285246,0.5,0.5,99.0,374.0,432.0,0.28,1409.15,2506.67,0.0,9,18,0,0.0,0,0.0,0.0,9.0,0.0,0,0,0,none,sustained,331.07,588.93
2026-01-28 13:23:27.349981,0.25,0.74,99.01,778.0,600.0,0.28,1409.15,2506.67,0.0,9,18,0,0.0,0,0.0,0.0,9.0,0.0,0,0,0,none,sustained,331.07,588.93
2026-01-28 13:23:28.383040,2.54,1.02,96.44,721.0,1099.0,0.28,1410.91,2504.91,0.0,9,18,0,0.0,0,0.0,0.0,9.0,0.0,0,0,0,none,sustained,331.49,588.51
2026-01-28 13:23:29.442605,0.5,1.76,97.74,999.0,1034.0,0.28,1410.94,2504.88,0.0,9,18,0,0.0,0,0.0,0.0,9.0,0.0,0,0,0,none,sustained,331.49,588.51
2026-01-28 13:23:30.474013,12.47,8.31,79.22,5619.0,3167.0,0.42,1421.7,2494.12,0.0,9,18,0,0.0,0,0.0,0.0,9.0,0.0,0,0,0,none,sustained,334.02,585.98
2026-01-28 13:23:31.530543,25.64,17.58,56.78,9173.0,5188.0,0.42,1438.39,2477.44,0.0,9,18,0,0.0,0,98.0,98.0,9.0,0.0,0,0,0,none,sustained,337.94,582.06
2026-01-28 13:23:32.850764,3.38,5.7,90.93,3912.0,2944.0,0.42,1445.85,2469.98,0.0,9,18,0,0.0,0,0.0,0.0,9.0,0.0,0,0,0,none,sustained,339.69,580.31
2026-01-28 13:23:33.984551,0.46,0.23,99.32,264.0,417.0,0.42,1445.86,2469.96,0.0,9,18,0,0.0,0,0.0,0.0,9.0,0.0,0,0,0,none,sustained,339.7,580.3
2026-01-28 13:23:35.078079,0.24,0.24,99.53,298.0,407.0,0.38,1445.86,2469.96,0.0,9,18,0,0.0,0,0.0,0.0,9.0,0.0,0,0,0,none,sustained,339.7,580.3
2026-01-28 13:23:36.316910,0.21,0.0,99.79,257.0,416.0,0.38,1445.86,2469.97,0.0,9,18,0,0.0,0,0.0,0.0,9.0,0.0,0,0,0,none,sustained,339.7,580.3
2026-01-28 13:23:38.038957,0.3,0.45,99.25,390.0,553.0,0.38,1445.86,2469.96,0.0,8,16,0,0.0,0,0.0,0.0,8.0,0.0,0,0,0,none,sustained,339.7,580.3
2026-01-28 13:23:39.584229,0.84,0.34,98.82,443.0,686.0,0.38,1455.27,2460.55,0.0,9,18,0,0.0,0,0.0,0.0,9.0,0.0,0,0,0,none,sustained,341.91,578.09
2026-01-28 13:23:41.144028,0.85,0.68,98.47,807.0,966.0,0.35,1451.57,2464.26,0.0,9,18,0,0.0,0,98.0,98.0,9.0,0.0,0,0,0,none,sustained,341.04,578.96
2026-01-28 13:23:42.206736,0.24,0.24,99.51,294.0,460.0,0.35,1451.56,2464.26,0.0,9,18,0,0.0,0,0.0,0.0,9.0,0.0,0,0,0,none,sustained,341.04,578.96
2026-01-28 13:23:43.315246,1.42,0.24,98.35,237.0,674.0,0.35,1448.92,2466.91,0.0,8,16,0,0.0,0,0.0,0.0,8.0,0.0,0,0,0,none,sustained,340.41,579.59
2026-01-28 13:23:44.330264,1.55,0.52,97.93,323.0,565.0,0.35,1446.18,2469.65,0.0,9,18,0,0.0,0,0.0,0.0,9.0,0.0,0,0,0,none,sustained,339.77,580.23
2026-01-28 13:23:45.392267,0.24,0.0,99.76,159.0,369.0,0.32,1446.18,2469.65,0.0,9,18,0,0.0,0,0.0,0.0,9.0,0.0,0,0,0,none,sustained,339.77,580.23
2026-01-28 13:23:46.456235,0.0,0.24,99.76,192.0,376.0,0.32,1446.18,2469.65,0.0,9,18,0,0.0,0,42.0,42.0,9.0,0.0,0,0,0,none,sustained,339.77,580.23
2026-01-28 13:23:47.642325,0.22,0.0,99.78,121.0,306.0,0.32,1446.18,2469.65,0.0,9,18,0,0.0,0,0.0,0.0,9.0,0.0,0,0,0,none,sustained,339.77,580.23
2026-01-28 13:23:48.782309,0.22,0.22,99.55,142.0,345.0,0.32,1446.18,2469.65,0.0,9,18,0,0.0,0,0.0,0.0,9.0,0.0,0,0,0,none,sustained,339.77,580.23
2026-01-28 13:23:49.958546,1.77,0.44,97.79,304.0,745.0,0.3,1446.18,2469.65,0.0,9,18,0,0.0,0,0.0,0.0,9.0,0.0,0,0,0,none,sustained,339.77,580.23
2026-01-28 13:23:51.328127,0.19,0.19,99.62,277.0,452.0,0.3,1446.18,2469.65,0.0,9,18,0,0.0,0,0.0,0.0,9.0,0.0,0,0,0,none,sustained,339.77,580.23
2026-01-28 13:23:52.430023,2.6,0.95,96.45,425.0,858.0,0.3,1441.71,2474.11,0.0,9,18,0,0.0,0,98.0,98.0,9.0,0.0,0,0,0,none,sustained,338.72,581.28
2026-01-28 13:23:53.458118,0.25,0.5,99.24,229.0,509.0,0.3,1441.71,2474.11,0.0,9,18,0,0.0,0,0.0,0.0,9.0,0.0,0,0,0,none,sustained,338.72,581.28
2026-01-28 13:23:54.828648,0.19,0.0,99.81,166.0,434.0,0.3,1441.71,2474.11,0.0,9,16,0,0.0,0,0.0,0.0,9.0,0.0,0,0,0,none,sustained,338.72,581.28
2026-01-28 13:23:55.909292,0.73,0.49,98.78,276.0,644.0,0.27,1432.52,2483.3,0.0,9,18,0,0.0,0,0.0,0.0,9.0,0.0,0,0,0,none,sustained,336.56,583.44
2026-01-28 13:23:57.195316,0.2,0.0,99.8,168.0,358.0,0.27,1432.52,2483.3,0.0,9,18,0,0.0,0,42.0,42.0,9.0,0.0,0,0,0,none,sustained,336.56,583.44
2026-01-28 13:23:58.539124,0.19,0.38,99.43,180.0,331.0,0.27,1432.52,2483.3,0.0,9,18,0,0.0,0,0.0,0.0,9.0,0.0,0,0,0,none,sustained,336.56,583.44
2026-01-28 13:23:59.794094,0.2,0.0,99.8,207.0,293.0,0.27,1432.52,2483.3,0.0,9,18,0,0.0,0,0.0,0.0,9.0,0.0,0,0,0,none,sustained,336.56,583.44
2026-01-28 13:24:00.925457,1.4,0.47,98.14,534.0,796.0,0.25,1432.52,2483.31,0.0,9,18,0,0.0,0,0.0,0.0,9.0,0.0,0,0,0,none,sustained,336.56,583.44
2026-01-28 13:24:01.963295,1.75,1.0,97.24,326.0,712.0,0.25,1436.52,2479.31,0.0,9,18,0,0.0,0,98.0,98.0,9.0,0.0,0,0,0,none,sustained,337.5,582.5
2026-01-28 13:24:05.104643,0.08,0.08,99.84,276.0,335.0,0.23,1436.52,2479.31,0.0,9,18,0,0.0,0,0.0,0.0,9.0,0.0,0,0,0,none,sustained,337.5,582.5
2026-01-28 13:24:06.139109,1.79,0.77,97.44,421.0,732.0,0.23,1433.16,2482.66,0.0,9,18,0,0.0,0,0.0,0.0,9.0,0.0,0,0,0,none,sustained,336.71,583.29
2026-01-28 13:24:07.415513,0.2,0.0,99.8,130.0,295.0,0.23,1433.16,2482.66,0.0,9,18,0,0.0,0,0.0,0.0,9.0,0.0,0,0,0,none,sustained,336.71,583.29
2026-01-28 13:24:09.535019,0.0,0.12,99.88,213.0,262.0,0.23,1433.16,2482.66,0.0,9,18,0,0.0,0,0.0,0.0,9.0,0.0,0,0,0,none,sustained,336.71,583.29
2026-01-28 13:24:10.560261,0.25,0.0,99.75,272.0,279.0,0.21,1433.16,2482.66,0.0,9,18,0,0.0,0,0.0,0.0,9.0,0.0,0,0,0,none,sustained,336.71,583.29
2026-01-28 13:24:11.923381,0.39,0.19,99.42,436.0,672.0,0.21,1433.15,2482.68,0.0,9,18,0,0.0,0,0.0,98.0,9.0,0.0,0,0,0,none,sustained,336.71,583.29
2026-01-28 13:24:13.078797,1.1,0.44,98.45,212.0,424.0,0.21,1433.15,2482.68,0.0,9,18,0,0.0,0,98.0,0.0,9.0,0.0,0,0,0,none,sustained,336.71,583.29
2026-01-28 13:24:14.575068,0.87,0.35,98.79,252.0,533.0,0.21,1437.15,2478.68,0.0,9,18,0,0.0,0,0.0,0.0,9.0,0.0,0,0,0,none,sustained,337.65,582.35
2026-01-28 13:24:15.606816,0.0,0.5,99.5,276.0,419.0,0.2,1437.15,2478.68,0.0,9,18,0,0.0,0,0.0,0.0,9.0,0.0,0,0,0,none,sustained,337.65,582.35
2026-01-28 13:24:16.636482,0.99,0.25,98.76,149.0,291.0,0.2,1432.5,2483.32,0.0,9,16,0,0.0,0,0.0,0.0,9.0,0.0,0,0,0,none,sustained,336.56,583.44
2026-01-28 13:24:17.902422,0.61,0.0,99.39,209.0,437.0,0.2,1432.5,2483.32,0.0,9,18,0,0.0,0,42.0,42.0,9.0,0.0,0,0,0,none,sustained,336.56,583.44
2026-01-28 13:24:18.922357,0.0,0.25,99.75,93.0,212.0,0.2,1432.5,2483.32,0.0,9,18,0,0.0,0,0.0,0.0,9.0,0.0,0,0,0,none,sustained,336.56,583.44
2026-01-28 13:24:20.062136,0.22,0.22,99.55,162.0,336.0,0.18,1432.5,2483.32,0.0,9,18,0,0.0,0,0.0,0.0,9.0,0.0,0,0,0,none,sustained,336.56,583.44
2026-01-28 13:24:21.573185,0.17,0.34,99.49,221.0,512.0,0.18,1432.5,2483.32,0.0,9,18,0,0.0,0,0.0,0.0,9.0,0.0,0,0,0,none,sustained,336.56,583.44
2026-01-28 13:24:23.523347,0.94,0.8,98.26,446.0,968.0,0.18,1426.41,2489.41,0.0,9,18,0,0.0,0,98.0,98.0,9.0,0.0,0,0,0,none,sustained,335.13,584.87
2026-01-28 13:24:26.195830,0.19,0.1,99.71,352.0,429.0,0.17,1426.41,2489.41,0.0,9,18,0,0.0,0,0.0,0.0,9.0,0.0,0,0,0,none,sustained,335.13,584.87
2026-01-28 13:24:27.375773,0.0,0.22,99.78,337.0,318.0,0.17,1424.14,2491.69,0.0,9,18,0,0.0,0,0.0,0.0,9.0,0.0,0,0,0,none,sustained,334.59,585.41
2026-01-28 13:24:28.897878,0.0,0.17,99.83,332.0,312.0,0.17,1424.14,2491.69,0.0,9,18,0,0.0,0,0.0,0.0,9.0,0.0,0,0,0,none,sustained,334.59,585.41
2026-01-28 13:24:30.336722,0.18,0.0,99.82,282.0,290.0,0.15,1424.14,2491.69,0.0,9,18,0,0.0,0,0.0,0.0,9.0,0.0,0,0,0,none,sustained,334.59,585.41
2026-01-28 13:24:31.778293,0.18,0.18,99.65,198.0,486.0,0.15,1424.14,2491.69,0.0,9,18,0,0.0,0,0.0,0.0,9.0,0.0,0,0,0,none,sustained,334.59,585.41
2026-01-28 13:24:32.805470,0.78,0.78,98.43,306.0,693.0,0.15,1428.12,2487.7,0.0,9,18,0,0.0,0,0.0,0.0,9.0,0.0,0,0,0,none,sustained,335.53,584.47
2026-01-28 13:24:33.824035,0.25,0.25,99.49,161.0,362.0,0.15,1428.12,2487.71,0.0,9,18,0,0.0,0,98.0,98.0,9.0,0.0,0,0,0,none,sustained,335.53,584.47
2026-01-28 13:24:34.852967,0.25,0.5,99.25,205.0,287.0,0.15,1428.12,2487.71,0.0,9,18,0,0.0,0,0.0,0.0,9.0,0.0,0,0,0,none,sustained,335.53,584.47
2026-01-28 13:24:35.877503,0.0,0.0,100.0,76.0,84.0,0.14,1428.12,2487.71,0.0,9,18,0,0.0,0,0.0,0.0,9.0,0.0,0,0,0,none,sustained,335.53,584.47
2026-01-28 13:24:36.900153,0.25,0.5,99.25,195.0,299.0,0.14,1428.12,2487.71,0.0,9,18,0,0.0,0,0.0,0.0,9.0,0.0,0,0,0,none,sustained,335.53,584.47
2026-01-28 13:24:37.925002,0.76,0.51,98.73,277.0,455.0,0.14,1434.09,2481.74,0.0,9,18,0,0.0,0,0.0,0.0,9.0,0.0,0,0,0,none,sustained,336.93,583.07
2026-01-28 13:24:38.952332,0.5,0.25,99.25,141.0,326.0,0.14,1434.09,2481.74,0.0,9,18,0,0.0,0,0.0,0.0,9.0,0.0,0,0,0,none,sustained,336.93,583.07
2026-01-28 13:24:39.982217,0.25,0.25,99.5,122.0,235.0,0.13,1434.09,2481.74,0.0,9,18,0,0.0,0,0.0,0.0,9.0,0.0,0,0,0,none,sustained,336.93,583.07
2026-01-28 13:24:41.009272,0.0,0.0,100.0,240.0,253.0,0.13,1434.09,2481.74,0.0,9,18,0,0.0,0,0.0,0.0,9.0,0.0,0,0,0,none,sustained,336.93,583.07
2026-01-28 13:24:42.201670,0.21,0.64,99.15,159.0,339.0,0.13,1434.09,2481.74,0.0,9,18,0,0.0,0,0.0,0.0,9.0,0.0,0,0,0,none,sustained,336.93,583.07
2026-01-28 13:24:43.223441,4.66,1.3,94.04,539.0,1203.0,0.13,1437.84,2477.98,0.0,9,18,0,0.0,0,98.0,98.0,9.0,0.0,0,0,0,none,sustained,337.81,582.19
2026-01-28 13:24:44.326623,3.06,0.71,96.24,299.0,874.0,0.13,1428.95,2486.88,0.0,9,18,0,0.0,0,0.0,0.0,9.0,0.0,0,0,0,none,sustained,335.72,584.28
2026-01-28 13:24:45.406374,0.0,0.0,100.0,76.0,282.0,0.12,1428.95,2486.88,0.0,9,18,0,0.0,0,0.0,0.0,9.0,0.0,0,0,0,none,sustained,335.72,584.28
2026-01-28 13:24:46.521249,0.23,0.23,99.54,139.0,290.0,0.12,1428.95,2486.88,0.0,9,18,0,0.0,0,0.0,0.0,9.0,0.0,0,0,0,none,sustained,335.72,584.28
2026-01-28 13:24:47.544039,0.76,0.51,98.73,194.0,442.0,0.12,1433.09,2482.73,0.0,8,16,0,0.0,0,0.0,0.0,8.0,0.0,0,0,0,none,sustained,336.7,583.3
2026-01-28 13:24:50.016645,0.72,0.1,99.17,417.0,850.0,0.11,1430.34,2485.48,0.0,9,18,0,0.0,0,42.0,42.0,9.0,0.0,0,0,0,none,sustained,336.05,583.95
2026-01-28 13:24:52.542839,0.0,0.2,99.8,231.0,432.0,0.11,1430.34,2485.48,0.0,9,18,0,0.0,0,0.0,0.0,9.0,0.0,0,0,0,none,sustained,336.05,583.95
2026-01-28 13:24:53.816793,1.26,0.63,98.11,459.0,1172.0,0.11,1434.34,2481.49,0.0,9,18,0,0.0,0,98.0,98.0,9.0,0.0,0,0,0,none,sustained,336.99,583.01
2026-01-28 13:24:55.246286,0.0,0.0,100.0,118.0,376.0,0.1,1434.34,2481.49,0.0,9,18,0,0.0,0,0.0,0.0,9.0,0.0,0,0,0,none,sustained,336.99,583.01
2026-01-28 13:24:56.344001,0.0,0.0,100.0,161.0,236.0,0.1,1434.34,2481.49,0.0,9,18,0,0.0,0,0.0,0.0,9.0,0.0,0,0,0,none,sustained,336.99,583.01
2026-01-28 13:24:57.411201,0.24,0.0,99.76,101.0,237.0,0.1,1434.34,2481.49,0.0,9,18,0,0.0,0,0.0,0.0,9.0,0.0,0,0,0,none,sustained,336.99,583.01
2026-01-28 13:24:58.749432,0.78,0.0,99.22,276.0,485.0,0.1,1428.26,2487.56,0.0,9,18,0,0.0,0,42.0,42.0,9.0,0.0,0,0,0,none,sustained,335.56,584.44
2026-01-28 13:24:59.792819,0.0,0.0,100.0,93.0,168.0,0.1,1428.33,2487.49,0.0,9,18,0,0.0,0,0.0,0.0,9.0,0.0,0,0,0,none,sustained,335.58,584.42
2026-01-28 13:25:00.816239,0.25,0.75,99.0,323.0,263.0,0.09,1428.33,2487.49,0.0,9,18,0,0.0,0,0.0,0.0,9.0,0.0,0,0,0,none,sustained,335.58,584.42
2026-01-28 13:25:01.839877,0.0,0.0,100.0,78.0,171.0,0.09,1428.33,2487.49,0.0,9,18,0,0.0,0,0.0,0.0,9.0,0.0,0,0,0,none,sustained,335.58,584.42
2026-01-28 13:25:02.873196,0.5,0.5,99.01,203.0,397.0,0.09,1428.58,2487.25,0.0,9,18,0,0.0,0,0.0,0.0,9.0,0.0,0,0,0,none,sustained,335.64,584.36
2026-01-28 13:25:03.901456,4.13,1.03,94.83,443.0,1047.0,0.09,1430.89,2484.94,0.0,9,18,0,0.0,0,98.0,98.0,9.0,0.0,0,0,0,none,sustained,336.18,583.82
2026-01-28 13:25:04.926541,0.0,0.0,100.0,77.0,148.0,0.09,1430.79,2485.04,0.0,9,18,0,0.0,0,0.0,0.0,9.0,0.0,0,0,0,none,sustained,336.16,583.84
2026-01-28 13:25:05.978647,0.24,0.49,99.27,273.0,455.0,0.08,1430.79,2485.04,0.0,9,18,0,0.0,0,0.0,0.0,9.0,0.0,0,0,0,none,sustained,336.16,583.84
2026-01-28 13:25:07.033893,0.0,0.0,100.0,126.0,342.0,0.08,1430.78,2485.05,0.0,9,18,0,0.0,0,0.0,0.0,9.0,0.0,0,0,0,none,sustained,336.15,583.85
2026-01-28 13:25:08.057714,0.25,0.5,99.25,196.0,340.0,0.08,1430.78,2485.05,0.0,9,18,0,0.0,0,0.0,0.0,9.0,0.0,0,0,0,none,sustained,336.15,583.85
2026-01-28 13:25:09.080254,3.01,1.0,95.99,294.0,689.0,0.08,1430.22,2485.6,0.0,9,18,0,0.0,0,0.0,0.0,9.0,0.0,0,0,0,none,sustained,336.02,583.98
2026-01-28 13:25:10.104287,0.25,0.0,99.75,87.0,185.0,0.08,1430.22,2485.6,0.0,9,18,0,0.0,0,0.0,0.0,9.0,0.0,0,0,0,none,sustained,336.02,583.98
2026-01-28 13:25:11.129890,0.25,0.25,99.49,603.0,505.0,0.08,1430.22,2485.61,0.0,9,18,0,0.0,0,0.0,0.0,9.0,0.0,0,0,0,none,sustained,336.02,583.98
2026-01-28 13:25:12.163944,0.0,0.25,99.75,150.0,143.0,0.08,1430.22,2485.61,0.0,9,18,0,0.0,0,0.0,0.0,9.0,0.0,0,0,0,none,sustained,336.02,583.98
2026-01-28 13:25:13.190811,0.25,0.0,99.75,176.0,288.0,0.08,1430.22,2485.61,0.0,9,18,0,0.0,0,0.0,0.0,9.0,0.0,0,0,0,none,sustained,336.02,583.98
2026-01-28 13:25:14.209235,4.03,1.34,94.62,492.0,1115.0,0.08,1433.54,2482.28,0.0,9,18,0,0.0,0,98.0,98.0,9.0,0.0,0,0,0,none,sustained,336.8,583.2
2026-01-28 13:25:15.226217,0.0,0.25,99.75,184.0,304.0,0.07,1433.64,2482.18,0.0,9,18,0,0.0,0,0.0,0.0,9.0,0.0,0,0,0,none,sustained,336.83,583.17
2026-01-28 13:25:16.250366,0.25,0.5,99.25,245.0,359.0,0.07,1433.64,2482.18,0.0,9,18,0,0.0,0,0.0,0.0,9.0,0.0,0,0,0,none,sustained,336.83,583.17
2026-01-28 13:25:17.278659,0.0,0.0,100.0,155.0,375.0,0.07,1433.64,2482.18,0.0,9,18,0,0.0,0,0.0,0.0,9.0,0.0,0,0,0,none,sustained,336.83,583.17
2026-01-28 13:25:18.308320,0.25,0.5,99.25,213.0,473.0,0.07,1433.64,2482.18,0.0,9,18,0,0.0,0,0.0,0.0,9.0,0.0,0,0,0,none,sustained,336.83,583.17
2026-01-28 13:25:19.330766,1.79,1.02,97.19,246.0,761.0,0.07,1433.64,2482.18,0.0,9,18,0,0.0,0,42.0,42.0,9.0,0.0,0,0,0,none,sustained,336.83,583.17
2026-01-28 13:25:20.349151,1.0,0.0,99.0,130.0,375.0,0.06,1433.64,2482.18,0.0,9,18,0,0.0,0,0.0,0.0,9.0,0.0,0,0,0,none,sustained,336.83,583.17
2026-01-28 13:25:21.394262,0.0,0.25,99.75,429.0,504.0,0.06,1433.64,2482.18,0.0,9,18,0,0.0,0,0.0,0.0,9.0,0.0,0,0,0,none,sustained,336.83,583.17
2026-01-28 13:25:22.444278,0.24,0.0,99.76,95.0,237.0,0.06,1433.64,2482.18,0.0,9,18,0,0.0,0,0.0,0.0,9.0,0.0,0,0,0,none,sustained,336.83,583.17
2026-01-28 13:25:24.008727,0.0,0.33,99.67,344.0,731.0,0.06,1433.64,2482.19,0.0,9,18,0,0.0,0,98.0,98.0,9.0,0.0,0,0,0,none,sustained,336.82,583.18
2026-01-28 13:25:25.086570,2.17,0.97,96.86,316.0,816.0,0.06,1429.88,2485.94,0.0,9,18,0,0.0,0,0.0,0.0,9.0,0.0,0,0,0,none,sustained,335.94,584.06
2026-01-28 13:25:26.476243,0.18,0.0,99.82,139.0,359.0,0.06,1429.88,2485.95,0.0,9,18,0,0.0,0,0.0,0.0,9.0,0.0,0,0,0,none,sustained,335.94,584.06
2026-01-28 13:25:27.690989,0.0,0.21,99.79,192.0,362.0,0.06,1429.88,2485.95,0.0,9,18,0,0.0,0,0.0,0.0,9.0,0.0,0,0,0,none,sustained,335.94,584.06
2026-01-28 13:25:30.072067,0.22,0.33,99.46,357.0,665.0,0.05,1431.11,2484.71,0.0,9,18,0,0.0,0,0.0,0.0,9.0,0.0,0,0,0,none,sustained,336.23,583.77
2026-01-28 13:25:32.639447,0.1,0.1,99.8,315.0,498.0,0.05,1431.21,2484.61,0.0,9,18,0,0.0,0,0.0,0.0,9.0,0.0,0,0,0,none,sustained,336.25,583.75
2026-01-28 13:25:36.607395,0.13,0.13,99.74,595.0,823.0,0.13,1444.5,2471.33,0.0,9,18,0,0.0,0,98.0,98.0,9.0,0.0,0,0,0,none,sustained,339.38,580.62
2026-01-28 13:25:38.362226,0.14,0.29,99.57,225.0,374.0,0.13,1444.49,2471.34,0.0,9,18,0,0.0,0,0.0,0.0,9.0,0.0,0,0,0,none,sustained,339.37,580.63
2026-01-28 13:25:40.533141,0.12,0.36,99.52,478.0,724.0,0.2,1444.73,2471.09,0.0,9,18,0,0.0,0,42.0,42.0,9.0,0.0,0,0,0,none,sustained,339.43,580.57
2026-01-28 13:48:56.498232,0.5,0.25,99.24,186.0,364.0,0.45,1509.42,2406.41,0.0,13,24,0,0.0,0,0.0,0.0,13.0,0.0,1,0,0,none,sustained,354.63,565.37
2026-01-28 13:48:57.538496,3.02,0.25,96.73,281.0,801.0,0.45,1503.32,2412.5,0.0,13,26,0,0.0,0,928.0,928.0,13.0,0.0,1,0,0,none,sustained,353.2,566.8
2026-01-28 13:48:58.578785,3.38,0.52,96.1,479.0,716.0,0.45,1497.17,2418.65,0.0,13,26,0,0.0,0,1012.0,1012.0,13.0,0.0,1,0,0,none,sustained,351.75,568.25
2026-01-28 13:48:59.608366,2.31,0.26,97.43,327.0,549.0,0.45,1503.14,2412.68,0.0,13,26,0,0.0,0,928.0,928.0,13.0,0.0,1,0,0,none,sustained,353.15,566.85
2026-01-28 13:49:00.637512,1.28,0.51,98.21,367.0,419.0,0.42,1497.91,2417.92,0.0,13,26,0,0.0,0,928.0,928.0,13.0,0.0,1,0,0,none,sustained,351.92,568.08
2026-01-28 13:49:01.663118,0.25,0.25,99.5,150.0,316.0,0.42,1497.9,2417.93,0.0,13,26,0,0.0,0,0.0,0.0,13.0,0.0,1,0,0,none,sustained,351.92,568.08
2026-01-28 13:49:02.697636,0.77,0.51,98.72,276.0,529.0,0.42,1502.14,2413.68,0.0,13,26,0,0.0,0,928.0,928.0,13.0,0.0,1,0,0,none,sustained,352.92,567.08
2026-01-28 13:49:03.729789,4.56,0.8,94.64,618.0,1196.0,0.42,1496.56,2419.27,0.0,13,26,0,0.0,0,1026.0,1026.0,13.0,0.0,1,0,0,none,sustained,351.61,568.39
2026-01-28 13:49:04.761310,2.05,0.51,97.44,296.0,596.0,0.42,1495.54,2420.28,0.0,13,26,0,0.0,0,928.0,928.0,13.0,0.0,1,0,0,none,sustained,351.37,568.63
2026-01-28 13:49:05.792395,0.25,0.0,99.75,92.0,227.0,0.38,1495.54,2420.28,0.0,13,26,0,0.0,0,0.0,0.0,13.0,0.0,1,0,0,none,sustained,351.37,568.63
2026-01-28 13:49:06.819476,1.04,0.78,98.17,233.0,1039.0,0.38,1495.54,2420.28,0.0,13,26,0,0.0,0,928.0,928.0,13.0,0.0,1,0,0,none,sustained,351.37,568.63
2026-01-28 13:49:07.844704,2.69,0.54,96.77,275.0,919.0,0.38,1486.04,2429.79,0.0,13,26,0,0.0,0,928.0,928.0,13.0,0.0,1,0,0,none,sustained,349.14,570.86
2026-01-28 13:49:08.878039,5.64,1.28,93.08,539.0,1258.0,0.38,1498.32,2417.5,0.0,13,26,0,0.0,0,928.0,928.0,13.0,0.0,1,0,0,none,sustained,352.02,567.98
2026-01-28 13:49:09.899248,0.5,0.5,98.99,188.0,451.0,0.38,1498.47,2417.36,0.0,13,26,0,0.0,0,0.0,0.0,13.0,0.0,1,0,0,none,sustained,352.06,567.94
2026-01-28 13:49:10.927782,1.3,0.52,98.18,413.0,783.0,0.35,1500.26,2415.56,0.0,13,26,0,0.0,0,928.0,928.0,13.0,0.0,1,0,0,none,sustained,352.48,567.52
2026-01-28 13:49:11.958930,2.54,0.51,96.95,297.0,597.0,0.35,1503.71,2412.12,0.0,13,26,0,0.0,0,928.0,928.0,13.0,0.0,1,0,0,none,sustained,353.29,566.71
2026-01-28 13:49:12.995669,2.54,0.76,96.69,325.0,684.0,0.35,1504.65,2411.18,0.0,13,26,0,0.0,0,928.0,928.0,13.0,0.0,1,0,0,none,sustained,353.51,566.49
2026-01-28 13:49:14.050282,5.19,1.04,93.77,640.0,1081.0,0.35,1513.6,2402.23,0.0,13,26,0,0.0,0,1026.0,1026.0,13.0,0.0,1,0,0,none,sustained,355.61,564.39
2026-01-28 13:49:15.080084,0.26,0.26,99.48,212.0,273.0,0.35,1509.7,2406.12,0.0,13,26,0,0.0,0,928.0,928.0,13.0,0.0,1,0,0,none,sustained,354.7,565.3
2026-01-28 13:49:16.118330,0.52,0.0,99.48,184.0,254.0,0.32,1510.67,2405.16,0.0,13,26,0,0.0,0,928.0,928.0,13.0,0.0,1,0,0,none,sustained,354.92,565.08
2026-01-28 13:49:17.138462,0.51,0.25,99.24,200.0,435.0,0.32,1510.68,2405.14,0.0,13,26,0,0.0,0,0.0,0.0,13.0,0.0,1,0,0,none,sustained,354.93,565.07
2026-01-28 13:49:18.162787,2.03,0.0,97.97,198.0,464.0,0.32,1508.09,2407.74,0.0,13,26,0,0.0,0,928.0,928.0,13.0,0.0,1,0,0,none,sustained,354.32,565.68
2026-01-28 13:49:19.194310,3.66,1.31,95.04,545.0,973.0,0.32,1512.07,2403.75,0.0,13,26,0,0.0,0,928.0,928.0,13.0,0.0,1,0,0,none,sustained,355.25,564.75
2026-01-28 13:49:20.220549,3.57,0.51,95.92,378.0,801.0,0.32,1500.27,2415.56,0.0,13,26,0,0.0,0,928.0,928.0,13.0,0.0,1,0,0,none,sustained,352.48,567.52
2026-01-28 13:49:21.250130,0.49,0.0,99.51,82.0,168.0,0.46,1500.27,2415.56,0.0,13,26,0,0.0,0,0.0,0.0,13.0,0.0,1,0,0,none,sustained,352.48,567.52
2026-01-28 13:49:22.272778,0.52,0.26,99.22,276.0,474.0,0.46,1494.07,2421.76,0.0,13,26,0,0.0,0,928.0,928.0,13.0,0.0,1,0,0,none,sustained,351.02,568.98
2026-01-28 13:49:23.308918,0.51,0.26,99.23,215.0,377.0,0.46,1498.07,2417.75,0.0,13,26,0,0.0,0,928.0,928.0,13.0,0.0,1,0,0,none,sustained,351.96,568.04
2026-01-28 13:49:24.337810,7.03,1.3,91.67,553.0,1247.0,0.46,1505.0,2410.82,0.0,13,26,0,0.0,0,1026.0,1026.0,13.0,0.0,1,0,0,none,sustained,353.59,566.41
2026-01-28 13:49:25.368331,0.26,0.0,99.74,349.0,408.0,0.58,1504.99,2410.84,0.0,13,26,0,0.0,0,928.0,928.0,13.0,0.0,1,0,0,none,sustained,353.59,566.41
2026-01-28 13:49:26.399808,0.25,0.25,99.51,117.0,295.0,0.58,1505.23,2410.59,0.0,13,26,0,0.0,0,0.0,0.0,13.0,0.0,1,0,0,none,sustained,353.65,566.35
2026-01-28 13:49:27.424048,2.05,0.26,97.69,250.0,545.0,0.58,1505.23,2410.59,0.0,13,26,0,0.0,0,928.0,928.0,13.0,0.0,1,0,0,none,sustained,353.65,566.35
2026-01-28 13:49:28.498165,2.43,0.97,96.59,266.0,582.0,0.58,1496.65,2419.17,0.0,13,26,0,0.0,0,928.0,928.0,13.0,0.0,1,0,0,none,sustained,351.63,568.37
2026-01-28 13:49:29.539566,5.85,1.02,93.13,564.0,1283.0,0.58,1484.3,2431.52,0.0,13,26,0,0.0,0,970.0,970.0,13.0,0.0,1,0,0,none,sustained,348.73,571.27
2026-01-28 13:49:30.568907,0.0,0.0,100.0,116.0,233.0,0.53,1484.3,2431.52,0.0,13,26,0,0.0,0,0.0,0.0,13.0,0.0,1,0,0,none,sustained,348.73,571.27
2026-01-28 13:49:31.594678,3.83,0.77,95.41,342.0,842.0,0.53,1491.75,2424.08,0.0,13,26,0,0.0,0,928.0,928.0,13.0,0.0,1,0,0,none,sustained,350.48,569.52
2026-01-28 13:49:32.621750,2.26,0.25,97.49,187.0,460.0,0.53,1497.33,2418.49,0.0,13,26,0,0.0,0,928.0,928.0,13.0,0.0,1,0,0,none,sustained,351.79,568.21
2026-01-28 13:49:33.744338,1.61,0.69,97.71,260.0,506.0,0.53,1488.45,2427.37,0.0,13,26,0,0.0,0,0.0,0.0,13.0,0.0,1,0,0,none,sustained,349.7,570.3
2026-01-28 13:49:34.769983,6.32,1.32,92.37,602.0,1363.0,0.53,1490.39,2425.43,0.0,13,26,0,0.0,0,1026.0,1026.0,13.0,0.0,1,0,0,none,sustained,350.16,569.84
2026-01-28 13:49:35.866825,0.73,0.49,98.78,312.0,599.0,0.49,1494.39,2421.43,0.0,13,26,0,0.0,0,928.0,928.0,13.0,0.0,1,0,0,none,sustained,351.1,568.9
2026-01-28 13:49:37.519963,0.63,0.16,99.21,393.0,565.0,0.49,1498.39,2417.44,0.0,13,26,0,0.0,0,928.0,928.0,13.0,0.0,1,0,0,none,sustained,352.04,567.96
2026-01-28 13:49:38.581872,3.54,0.51,95.96,376.0,956.0,0.49,1495.07,2420.76,0.0,13,26,0,0.0,0,928.0,928.0,13.0,0.0,1,0,0,none,sustained,351.26,568.74
2026-01-28 13:49:39.608256,3.94,1.84,94.23,489.0,1145.0,0.49,1502.81,2413.02,0.0,13,26,0,0.0,0,928.0,928.0,13.0,0.0,1,0,0,none,sustained,353.08,566.92
2026-01-28 13:49:40.713962,1.67,0.95,97.38,332.0,604.0,0.53,1502.09,2413.74,0.0,13,26,0,0.0,0,928.0,928.0,13.0,0.0,1,0,0,none,sustained,352.91,567.09
2026-01-28 13:49:42.438006,0.0,0.0,100.0,142.0,298.0,0.53,1502.09,2413.74,0.0,12,24,0,0.0,0,0.0,0.0,12.0,0.0,1,0,0,none,sustained,352.91,567.09
2026-01-28 13:49:43.611793,3.98,0.22,95.8,244.0,1122.0,0.53,1502.33,2413.49,0.0,13,26,0,0.0,0,928.0,928.0,13.0,0.0,1,0,0,none,sustained,352.96,567.04
2026-01-28 13:49:44.641726,1.64,0.82,97.54,495.0,815.0,0.53,1502.55,2413.27,0.0,13,26,0,0.0,0,1026.0,1026.0,13.0,0.0,1,0,0,none,sustained,353.02,566.98
2026-01-28 13:49:45.722170,2.68,0.73,96.59,368.0,806.0,0.49,1494.71,2421.11,0.0,13,26,0,0.0,0,928.0,928.0,13.0,0.0,1,0,0,none,sustained,351.17,568.83
2026-01-28 13:49:46.775569,1.02,0.51,98.47,355.0,622.0,0.49,1498.96,2416.86,0.0,13,26,0,0.0,0,928.0,928.0,13.0,0.0,1,0,0,none,sustained,352.17,567.83
2026-01-28 13:49:47.831811,3.23,0.5,96.28,331.0,834.0,0.49,1506.96,2408.86,0.0,13,26,0,0.0,0,928.0,928.0,13.0,0.0,1,0,0,none,sustained,354.05,565.95
2026-01-28 13:49:48.979715,0.22,0.22,99.55,219.0,247.0,0.49,1506.96,2408.86,0.0,13,26,0,0.0,0,0.0,0.0,13.0,0.0,1,0,0,none,sustained,354.05,565.95
2026-01-28 13:49:50.020226,2.14,1.34,96.51,839.0,1127.0,0.49,1503.68,2412.15,0.0,13,26,0,0.0,0,970.0,970.0,13.0,0.0,1,0,0,none,sustained,353.28,566.72
2026-01-28 13:49:51.950746,0.67,0.13,99.19,458.0,718.0,0.45,1495.44,2420.38,0.0,13,26,0,0.0,0,928.0,928.0,13.0,0.0,1,0,0,none,sustained,351.35,568.65
2026-01-28 13:49:52.964189,0.51,0.25,99.24,189.0,425.0,0.45,1499.13,2416.69,0.0,13,26,0,0.0,0,928.0,928.0,13.0,0.0,1,0,0,none,sustained,352.21,567.79
2026-01-28 13:49:53.983688,0.0,0.0,100.0,275.0,391.0,0.45,1496.45,2419.38,0.0,13,26,0,0.0,0,928.0,928.0,13.0,0.0,1,0,0,none,sustained,351.58,568.42
2026-01-28 13:49:54.998495,1.33,0.53,98.13,518.0,889.0,0.45,1505.47,2410.36,0.0,13,26,0,0.0,0,1026.0,1026.0,13.0,0.0,1,0,0,none,sustained,353.7,566.3
2026-01-28 13:49:56.029199,0.24,0.0,99.76,66.0,129.0,0.41,1505.45,2410.37,0.0,13,26,0,0.0,0,0.0,0.0,13.0,0.0,1,0,0,none,sustained,353.7,566.3
2026-01-28 13:49:57.050032,0.0,0.0,100.0,52.0,152.0,0.41,1505.45,2410.37,0.0,13,26,0,0.0,0,0.0,0.0,13.0,0.0,1,0,0,none,sustained,353.7,566.3
2026-01-28 13:49:58.077185,1.56,0.52,97.92,337.0,601.0,0.41,1509.45,2406.37,0.0,13,26,0,0.0,0,928.0,928.0,13.0,0.0,1,0,0,none,sustained,354.64,565.36
2026-01-28 13:49:59.107789,0.78,0.26,98.96,244.0,340.0,0.41,1501.45,2414.37,0.0,13,26,0,0.0,0,928.0,928.0,13.0,0.0,1,0,0,none,sustained,352.76,567.24
2026-01-28 13:50:00.138947,5.66,1.03,93.32,658.0,1121.0,0.41,1488.3,2427.53,0.0,13,26,0,0.0,0,970.0,970.0,13.0,0.0,1,0,0,none,sustained,349.67,570.33
2026-01-28 13:50:01.166109,0.25,0.25,99.5,183.0,216.0,0.38,1489.02,2426.8,0.0,13,26,0,0.0,0,0.0,0.0,13.0,0.0,1,0,0,none,sustained,349.84,570.16
2026-01-28 13:50:02.187374,2.57,0.51,96.92,286.0,656.0,0.38,1493.45,2422.38,0.0,13,26,0,0.0,0,928.0,928.0,13.0,0.0,1,0,0,none,sustained,350.88,569.12
2026-01-28 13:50:03.209806,3.8,0.25,95.95,292.0,701.0,0.38,1499.22,2416.61,0.0,13,26,0,0.0,0,928.0,928.0,13.0,0.0,1,0,0,none,sustained,352.23,567.77
2026-01-28 13:50:04.237637,4.11,0.77,95.12,411.0,896.0,0.38,1502.88,2412.95,0.0,13,26,0,0.0,0,928.0,1026.0,13.0,0.0,1,0,0,none,sustained,353.09,566.91
2026-01-28 13:50:05.266670,0.75,0.25,99.0,166.0,421.0,0.35,1501.18,2414.65,0.0,13,26,0,0.0,0,98.0,0.0,13.0,0.0,1,0,0,none,sustained,352.69,567.31
2026-01-28 13:50:06.302953,5.12,1.28,93.61,491.0,949.0,0.35,1501.35,2414.48,0.0,13,26,0,0.0,0,928.0,928.0,13.0,0.0,1,0,0,none,sustained,352.73,567.27
2026-01-28 13:50:07.334821,0.78,0.26,98.96,258.0,500.0,0.35,1509.35,2406.48,0.0,13,26,0,0.0,0,928.0,928.0,13.0,0.0,1,0,0,none,sustained,354.61,565.39
2026-01-28 13:50:08.366048,4.92,1.55,93.52,484.0,957.0,0.35,1499.83,2415.99,0.0,13,26,0,0.0,0,928.0,928.0,13.0,0.0,1,0,0,none,sustained,352.38,567.62
2026-01-28 13:50:09.403714,0.24,0.0,99.76,78.0,166.0,0.35,1499.83,2415.99,0.0,13,26,0,0.0,0,0.0,0.0,13.0,0.0,1,0,0,none,sustained,352.38,567.62
2026-01-28 13:50:10.441456,4.53,1.26,94.21,373.0,1124.0,0.32,1507.83,2408.0,0.0,13,26,0,0.0,0,928.0,928.0,13.0,0.0,1,0,0,none,sustained,354.26,565.74
2026-01-28 13:50:11.478141,2.89,0.79,96.32,489.0,964.0,0.32,1503.82,2412.0,0.0,13,26,0,0.0,0,928.0,928.0,13.0,0.0,1,0,0,none,sustained,353.31,566.69
2026-01-28 13:50:12.514312,0.5,0.0,99.5,119.0,219.0,0.32,1501.07,2414.75,0.0,13,27,0,0.0,0,824.0,824.0,13.0,0.0,2,0,0,none,sustained,352.67,567.33
2026-01-28 13:50:13.534327,0.77,0.51,98.72,168.0,408.0,0.32,1496.71,2419.11,0.0,13,26,0,0.0,0,104.0,104.0,13.0,0.0,1,0,0,none,sustained,351.64,568.36
2026-01-28 13:50:14.571748,0.51,0.51,98.97,216.0,328.0,0.32,1493.84,2421.98,0.0,13,26,0,0.0,0,928.0,928.0,13.0,0.0,1,0,0,none,sustained,350.97,569.03
2026-01-28 13:50:15.606498,2.1,0.52,97.38,354.0,670.0,0.3,1493.8,2422.03,0.0,13,26,0,0.0,0,1026.0,1026.0,13.0,0.0,1,0,0,none,sustained,350.96,569.04
2026-01-28 13:50:16.624456,2.58,0.52,96.91,351.0,837.0,0.3,1497.36,2418.47,0.0,13,26,0,0.0,0,0.0,0.0,13.0,0.0,1,0,0,none,sustained,351.8,568.2
2026-01-28 13:50:17.659419,0.52,0.52,98.96,312.0,439.0,0.3,1495.32,2420.51,0.0,13,26,0,0.0,0,928.0,928.0,13.0,0.0,1,0,0,none,sustained,351.32,568.68
2026-01-28 13:50:18.704195,0.25,0.0,99.75,167.0,292.0,0.3,1490.02,2425.81,0.0,13,26,0,0.0,0,928.0,928.0,13.0,0.0,1,0,0,none,sustained,350.07,569.93
2026-01-28 13:50:19.728354,0.0,0.5,99.5,136.0,217.0,0.3,1490.26,2425.57,0.0,13,26,0,0.0,0,0.0,0.0,13.0,0.0,1,0,0,none,sustained,350.13,569.87
2026-01-28 13:50:20.757468,0.0,0.25,99.75,128.0,152.0,0.27,1490.26,2425.57,0.0,13,26,0,0.0,0,0.0,0.0,13.0,0.0,1,0,0,none,sustained,350.13,569.87
2026-01-28 13:50:21.785971,1.59,0.53,97.88,312.0,433.0,0.27,1500.16,2415.66,0.0,13,26,0,0.0,0,928.0,928.0,13.0,0.0,1,0,0,none,sustained,352.45,567.55
2026-01-28 13:50:22.819046,0.5,0.5,99.0,220.0,416.0,0.27,1500.16,2415.67,0.0,13,26,0,0.0,0,0.0,0.0,13.0,0.0,1,0,0,none,sustained,352.45,567.55
2026-01-28 13:50:23.850391,0.78,0.78,98.45,394.0,380.0,0.27,1499.99,2415.83,0.0,13,26,0,0.0,0,928.0,928.0,13.0,0.0,1,0,0,none,sustained,352.41,567.59
2026-01-28 13:50:24.877736,2.81,0.26,96.94,326.0,728.0,0.27,1504.52,2411.3,0.0,13,24,0,0.0,0,928.0,928.0,13.0,0.0,1,0,0,none,sustained,353.48,566.52
2026-01-28 13:50:25.990286,1.86,0.7,97.44,370.0,534.0,0.25,1501.64,2414.18,0.0,13,26,0,0.0,0,98.0,98.0,13.0,0.0,1,0,0,none,sustained,352.8,567.2
2026-01-28 13:50:27.012322,1.64,1.09,97.27,548.0,1059.0,0.25,1496.2,2419.62,0.0,13,26,0,0.0,0,928.0,928.0,13.0,0.0,1,0,0,none,sustained,351.52,568.48
2026-01-28 13:50:28.880412,1.52,0.28,98.2,381.0,872.0,0.25,1498.14,2417.68,0.0,13,26,0,0.0,0,928.0,928.0,13.0,0.0,1,0,0,none,sustained,351.98,568.02
2026-01-28 13:50:29.902457,0.52,0.52,98.96,312.0,622.0,0.25,1502.14,2413.68,0.0,13,26,0,0.0,0,928.0,928.0,13.0,0.0,1,0,0,none,sustained,352.92,567.08
2026-01-28 13:50:30.933919,1.79,1.02,97.19,310.0,669.0,0.23,1502.29,2413.54,0.0,13,26,0,0.0,0,970.0,970.0,13.0,0.0,1,0,0,none,sustained,352.95,567.05
2026-01-28 13:50:31.961667,1.5,0.25,98.25,186.0,401.0,0.23,1503.62,2412.2,0.0,13,25,0,0.0,0,0.0,0.0,13.0,0.0,1,0,0,none,sustained,353.27,566.73
2026-01-28 13:50:33.244979,2.87,0.41,96.72,479.0,879.0,0.23,1499.66,2416.17,0.0,13,26,0,0.0,0,928.0,928.0,13.0,0.0,1,0,0,none,sustained,352.34,567.66
2026-01-28 13:50:34.272102,0.78,0.52,98.7,230.0,518.0,0.23,1502.55,2413.27,0.0,13,26,0,0.0,0,928.0,928.0,13.0,0.0,1,0,0,none,sustained,353.02,566.98
2026-01-28 13:50:35.307427,3.83,1.28,94.9,436.0,719.0,0.21,1505.69,2410.14,0.0,13,26,0,0.0,0,1026.0,1026.0,13.0,0.0,1,0,0,none,sustained,353.75,566.25
2026-01-28 13:50:36.330741,0.52,0.26,99.22,140.0,286.0,0.21,1507.69,2408.14,0.0,13,26,0,0.0,0,928.0,928.0,13.0,0.0,1,0,0,none,sustained,354.22,565.78
2026-01-28 13:50:37.386078,0.48,0.0,99.52,135.0,385.0,0.21,1498.99,2416.83,0.0,13,26,0,0.0,0,0.0,0.0,13.0,0.0,1,0,0,none,sustained,352.18,567.82
2026-01-28 13:50:38.438756,0.25,0.5,99.25,185.0,168.0,0.21,1502.98,2412.84,0.0,13,23,0,0.0,0,772.0,772.0,13.0,0.0,2,0,0,none,sustained,353.12,566.88
2026-01-28 13:50:39.466874,3.66,0.79,95.55,428.0,836.0,0.21,1498.36,2417.46,0.0,13,26,0,0.0,0,156.0,156.0,13.0,0.0,1,0,0,none,sustained,352.03,567.97
2026-01-28 13:50:40.496106,2.33,0.52,97.16,361.0,811.0,0.19,1491.64,2424.18,0.0,13,26,0,0.0,0,970.0,970.0,13.0,0.0,1,0,0,none,sustained,350.45,569.55
2026-01-28 13:50:41.532270,2.81,0.51,96.68,344.0,642.0,0.19,1492.59,2423.24,0.0,13,26,0,0.0,0,928.0,928.0,13.0,0.0,1,0,0,none,sustained,350.67,569.33
2026-01-28 13:50:42.613503,0.0,0.25,99.75,270.0,335.0,0.19,1497.28,2418.55,0.0,13,26,0,0.0,0,928.0,928.0,13.0,0.0,1,0,0,none,sustained,351.78,568.22
2026-01-28 13:50:43.640741,1.52,0.25,98.23,241.0,443.0,0.19,1502.97,2412.86,0.0,13,26,0,0.0,0,0.0,0.0,13.0,0.0,1,0,0,none,sustained,353.11,566.89
2026-01-28 13:50:44.669333,1.79,0.51,97.69,287.0,565.0,0.19,1485.43,2430.4,0.0,13,26,0,0.0,0,928.0,928.0,13.0,0.0,1,0,0,none,sustained,348.99,571.01
2026-01-28 13:50:45.702919,2.13,0.8,97.07,434.0,1109.0,0.18,1497.64,2418.18,0.0,13,26,0,0.0,0,1026.0,1026.0,13.0,0.0,1,0,0,none,sustained,351.86,568.14
2026-01-28 13:50:46.735717,1.28,0.26,98.47,211.0,371.0,0.18,1505.09,2410.74,0.0,13,26,0,0.0,0,928.0,928.0,13.0,0.0,1,0,0,none,sustained,353.61,566.39
2026-01-28 13:50:47.774285,0.0,0.0,100.0,111.0,157.0,0.18,1505.09,2410.74,0.0,13,26,0,0.0,0,0.0,0.0,13.0,0.0,1,0,0,none,sustained,353.61,566.39
2026-01-28 13:50:48.801495,3.86,1.29,94.86,443.0,753.0,0.18,1499.93,2415.89,0.0,13,26,0,0.0,0,928.0,928.0,13.0,0.0,1,0,0,none,sustained,352.4,567.6
2026-01-28 13:50:49.924414,4.15,0.46,95.39,308.0,992.0,0.18,1507.93,2407.89,0.0,13,26,0,0.0,0,928.0,928.0,13.0,0.0,1,0,0,none,sustained,354.28,565.72
2026-01-28 13:50:50.978902,1.47,0.24,98.29,232.0,524.0,0.16,1507.92,2407.9,0.0,13,26,0,0.0,0,0.0,0.0,13.0,0.0,1,0,0,none,sustained,354.28,565.72
2026-01-28 13:50:52.002589,0.77,0.26,98.97,217.0,372.0,0.16,1508.07,2407.76,0.0,13,26,0,0.0,0,928.0,928.0,13.0,0.0,1,0,0,none,sustained,354.31,565.69
2026-01-28 13:50:53.023063,1.05,0.26,98.68,218.0,561.0,0.16,1506.15,2409.68,0.0,13,26,0,0.0,0,928.0,928.0,13.0,0.0,1,0,0,none,sustained,353.86,566.14
2026-01-28 13:50:54.057953,3.66,1.04,95.3,521.0,958.0,0.16,1502.39,2413.43,0.0,13,26,0,0.0,0,928.0,928.0,13.0,0.0,1,0,0,none,sustained,352.98,567.02
2026-01-28 13:50:55.087695,0.25,0.0,99.75,77.0,184.0,0.16,1502.39,2413.43,0.0,13,26,0,0.0,0,0.0,0.0,13.0,0.0,1,0,0,none,sustained,352.98,567.02
2026-01-28 13:50:56.121507,0.26,0.26,99.49,167.0,214.0,0.23,1499.8,2416.02,0.0,13,26,0,0.0,0,928.0,928.0,13.0,0.0,1,0,0,none,sustained,352.37,567.63
2026-01-28 13:50:57.157275,2.62,1.05,96.34,338.0,725.0,0.23,1495.28,2420.55,0.0,13,26,0,0.0,0,1026.0,1026.0,13.0,0.0,1,0,0,none,sustained,351.31,568.69
2026-01-28 13:50:58.189452,3.53,0.25,96.22,299.0,674.0,0.23,1497.98,2417.84,0.0,13,26,0,0.0,0,928.0,928.0,13.0,0.0,1,0,0,none,sustained,351.94,568.06
2026-01-28 13:50:59.216868,4.43,1.3,94.27,541.0,983.0,0.23,1503.46,2412.36,0.0,13,26,0,0.0,0,928.0,928.0,13.0,0.0,1,0,0,none,sustained,353.23,566.77
2026-01-28 13:51:00.244477,0.75,0.5,98.75,252.0,433.0,0.23,1503.58,2412.24,0.0,13,26,0,0.0,0,0.0,0.0,13.0,0.0,1,0,0,none,sustained,353.26,566.74
2026-01-28 13:51:01.282947,3.26,0.5,96.24,297.0,733.0,0.29,1500.27,2415.55,0.0,13,26,0,0.0,0,928.0,928.0,13.0,0.0,1,0,0,none,sustained,352.48,567.52
2026-01-28 13:51:02.312110,1.78,0.25,97.96,215.0,404.0,0.29,1504.52,2411.3,0.0,13,26,0,0.0,0,970.0,970.0,13.0,0.0,1,0,0,none,sustained,353.48,566.52
2026-01-28 13:51:03.340779,1.04,0.26,98.7,235.0,411.0,0.29,1504.95,2410.87,0.0,13,26,0,0.0,0,928.0,928.0,13.0,0.0,1,0,0,none,sustained,353.58,566.42
2026-01-28 13:51:04.369323,5.88,1.53,92.58,480.0,1056.0,0.29,1498.32,2417.5,0.0,13,26,0,0.0,0,928.0,928.0,13.0,0.0,1,0,0,none,sustained,352.02,567.98
2026-01-28 13:51:05.396191,0.25,0.25,99.49,149.0,462.0,0.35,1502.58,2413.24,0.0,13,26,0,0.0,0,172.0,172.0,13.0,0.0,2,0,0,none,sustained,353.02,566.98
2026-01-28 13:51:06.423067,1.26,0.25,98.48,270.0,489.0,0.35,1498.58,2417.24,0.0,13,26,0,0.0,0,756.0,756.0,13.0,0.0,1,0,0,none,sustained,352.08,567.92
2026-01-28 13:51:07.450878,0.53,0.0,99.47,315.0,356.0,0.35,1500.12,2415.71,0.0,13,26,0,0.0,0,1026.0,1026.0,13.0,0.0,1,0,0,none,sustained,352.44,567.56
2026-01-28 13:51:08.481688,0.25,0.25,99.5,143.0,274.0,0.35,1500.12,2415.71,0.0,13,26,0,0.0,0,0.0,0.0,13.0,0.0,1,0,0,none,sustained,352.44,567.56
2026-01-28 13:51:09.511160,3.4,0.79,95.81,460.0,769.0,0.35,1508.38,2407.45,0.0,13,26,0,0.0,0,928.0,928.0,13.0,0.0,1,0,0,none,sustained,354.38,565.62
2026-01-28 13:51:10.545829,1.59,0.53,97.88,404.0,672.0,0.4,1507.41,2408.41,0.0,13,26,0,0.0,0,928.0,928.0,13.0,0.0,1,0,0,none,sustained,354.16,565.84
2026-01-28 13:51:11.577367,3.03,1.01,95.96,306.0,624.0,0.4,1499.84,2415.98,0.0,13,26,0,0.0,0,928.0,928.0,13.0,0.0,1,0,0,none,sustained,352.38,567.62
2026-01-28 13:51:12.608589,1.51,0.25,98.24,183.0,464.0,0.4,1504.09,2411.73,0.0,13,26,0,0.0,0,354.0,354.0,13.0,0.0,2,0,0,none,sustained,353.38,566.62
2026-01-28 13:51:13.630452,0.51,0.26,99.23,235.0,432.0,0.4,1492.8,2423.03,0.0,13,26,0,0.0,0,574.0,574.0,13.0,0.0,1,0,0,none,sustained,350.72,569.28
2026-01-28 13:51:14.660648,3.76,1.0,95.24,337.0,653.0,0.4,1497.96,2417.86,0.0,13,26,0,0.0,0,928.0,928.0,13.0,0.0,1,0,0,none,sustained,351.94,568.06
2026-01-28 13:51:15.690144,3.4,0.79,95.81,448.0,972.0,0.37,1507.62,2408.21,0.0,13,26,0,0.0,0,928.0,928.0,13.0,0.0,1,0,0,none,sustained,354.21,565.79
2026-01-28 13:51:16.722727,1.78,0.25,97.97,142.0,347.0,0.37,1507.62,2408.21,0.0,13,24,0,0.0,0,928.0,928.0,13.0,0.0,1,0,0,none,sustained,354.21,565.79
2026-01-28 13:51:17.865639,2.99,0.69,96.32,398.0,901.0,0.37,1506.19,2409.63,0.0,13,26,0,0.0,0,98.0,98.0,13.0,0.0,1,0,0,none,sustained,353.87,566.13
2026-01-28 13:51:20.701999,1.49,0.47,98.04,716.0,1401.0,0.74,1498.29,2417.54,0.0,13,26,0,0.0,0,2784.0,2784.0,13.0,0.0,1,0,0,none,sustained,352.01,567.99
2026-01-28 13:51:21.876774,1.13,0.45,98.42,216.0,642.0,0.74,1504.98,2410.84,0.0,13,26,0,0.0,0,928.0,928.0,13.0,0.0,1,0,0,none,sustained,353.59,566.41
2026-01-28 13:51:22.901679,0.25,0.25,99.49,236.0,429.0,0.74,1500.98,2414.84,0.0,13,26,0,0.0,0,42.0,42.0,13.0,0.0,1,0,0,none,sustained,352.65,567.35
2026-01-28 13:51:23.993080,1.68,0.24,98.08,272.0,559.0,0.74,1501.23,2414.59,0.0,13,26,0,0.0,0,928.0,928.0,13.0,0.0,1,0,0,none,sustained,352.71,567.29
2026-01-28 13:51:25.083821,1.94,0.73,97.33,391.0,896.0,0.74,1499.36,2416.47,0.0,13,26,0,0.0,0,928.0,928.0,13.0,0.0,1,0,0,none,sustained,352.27,567.73
2026-01-28 13:51:26.653120,5.02,3.41,91.58,3530.0,2508.0,0.76,1487.79,2428.03,0.0,13,26,0,0.0,0,928.0,928.0,13.0,0.0,1,0,0,none,sustained,349.55,570.45
2026-01-28 13:51:27.985603,2.81,0.6,96.59,619.0,1199.0,0.76,1478.81,2437.02,0.0,13,26,0,0.0,0,1026.0,1026.0,13.0,0.0,1,0,0,none,sustained,347.44,572.56
2026-01-28 13:51:29.006706,0.78,0.26,98.96,211.0,474.0,0.76,1486.81,2429.02,0.0,13,26,0,0.0,0,928.0,928.0,13.0,0.0,1,0,0,none,sustained,349.32,570.68
2026-01-28 13:51:30.036815,3.32,0.51,96.17,455.0,748.0,0.76,1483.23,2432.59,0.0,13,26,0,0.0,0,928.0,928.0,13.0,0.0,1,0,0,none,sustained,348.48,571.52
2026-01-28 13:51:31.069325,2.9,1.06,96.04,464.0,821.0,0.7,1481.88,2433.94,0.0,13,26,0,0.0,0,928.0,928.0,13.0,0.0,1,0,0,none,sustained,348.16,571.84
2026-01-28 13:51:32.098281,2.81,0.26,96.94,331.0,661.0,0.7,1481.96,2433.86,0.0,13,26,0,0.0,0,928.0,928.0,13.0,0.0,1,0,0,none,sustained,348.18,571.82
2026-01-28 13:51:33.127620,2.77,0.5,96.73,292.0,549.0,0.7,1485.96,2429.86,0.0,13,26,0,0.0,0,970.0,970.0,13.0,0.0,1,0,0,none,sustained,349.12,570.88
2026-01-28 13:51:34.332567,0.86,0.0,99.14,296.0,542.0,0.7,1485.96,2429.86,0.0,13,26,0,0.0,0,0.0,0.0,13.0,0.0,1,0,0,none,sustained,349.12,570.88
2026-01-28 13:51:35.363294,0.78,0.26,98.96,425.0,526.0,0.64,1485.96,2429.86,0.0,13,26,0,0.0,0,928.0,928.0,13.0,0.0,1,0,0,none,sustained,349.12,570.88
2026-01-28 13:51:36.398839,4.68,0.78,94.55,452.0,961.0,0.64,1486.23,2429.59,0.0,13,26,0,0.0,0,928.0,928.0,13.0,0.0,1,0,0,none,sustained,349.18,570.82
2026-01-28 13:51:37.433805,1.54,0.51,97.95,355.0,636.0,0.64,1481.6,2434.23,0.0,13,24,0,0.0,0,928.0,928.0,13.0,0.0,1,0,0,none,sustained,348.09,571.91
2026-01-28 13:51:38.467615,3.62,0.52,95.87,379.0,1033.0,0.64,1485.6,2430.23,0.0,13,26,0,0.0,0,1026.0,1026.0,13.0,0.0,1,0,0,none,sustained,349.03,570.97
2026-01-28 13:51:39.492051,1.3,0.52,98.18,355.0,730.0,0.64,1481.84,2433.98,0.0,13,26,0,0.0,0,0.0,0.0,13.0,0.0,1,0,0,none,sustained,348.15,571.85
2026-01-28 13:51:40.517658,3.6,0.77,95.63,515.0,941.0,0.59,1481.84,2433.98,0.0,13,26,0,0.0,0,928.0,928.0,13.0,0.0,1,0,0,none,sustained,348.15,571.85
2026-01-28 13:51:41.547159,1.33,0.27,98.4,344.0,563.0,0.59,1472.55,2443.27,0.0,13,26,0,0.0,0,928.0,928.0,13.0,0.0,1,0,0,none,sustained,345.97,574.03
2026-01-28 13:51:42.574552,2.08,0.26,97.66,406.0,724.0,0.59,1478.14,2437.68,0.0,13,26,0,0.0,0,928.0,928.0,13.0,0.0,1,0,0,none,sustained,347.28,572.72
2026-01-28 13:51:43.609195,0.0,0.0,100.0,128.0,236.0,0.59,1478.14,2437.68,0.0,13,26,0,0.0,0,0.0,0.0,13.0,0.0,1,0,0,none,sustained,347.28,572.72
2026-01-28 13:51:44.638657,0.52,0.26,99.22,291.0,376.0,0.59,1478.52,2437.3,0.0,13,26,0,0.0,0,928.0,928.0,13.0,0.0,1,0,0,none,sustained,347.37,572.63
2026-01-28 13:51:45.675264,0.78,0.26,98.96,297.0,586.0,0.54,1482.77,2433.06,0.0,13,26,0,0.0,0,928.0,928.0,13.0,0.0,1,0,0,none,sustained,348.37,571.63
2026-01-28 13:51:46.703482,5.17,1.03,93.8,471.0,1243.0,0.54,1481.26,2434.56,0.0,13,26,0,0.0,0,928.0,928.0,13.0,0.0,1,0,0,none,sustained,348.01,571.99
2026-01-28 13:51:47.738540,1.3,0.26,98.44,311.0,501.0,0.54,1478.23,2437.6,0.0,13,26,0,0.0,0,1026.0,1026.0,13.0,0.0,1,0,0,none,sustained,347.3,572.7
2026-01-28 13:51:48.759286,1.28,0.26,98.47,256.0,590.0,0.54,1478.33,2437.5,0.0,13,26,0,0.0,0,0.0,0.0,13.0,0.0,1,0,0,none,sustained,347.32,572.68
2026-01-28 13:51:49.791877,3.77,0.5,95.73,312.0,825.0,0.54,1482.33,2433.5,0.0,13,26,0,0.0,0,928.0,928.0,13.0,0.0,1,0,0,none,sustained,348.26,571.74
2026-01-28 13:51:50.840644,3.75,0.75,95.5,423.0,954.0,0.5,1492.14,2423.68,0.0,13,26,0,0.0,0,928.0,928.0,13.0,0.0,1,0,0,none,sustained,350.57,569.43
2026-01-28 13:51:51.885721,3.88,1.03,95.09,480.0,1134.0,0.5,1493.14,2422.69,0.0,13,26,0,0.0,0,928.0,928.0,13.0,0.0,1,0,0,none,sustained,350.8,569.2
2026-01-28 13:51:52.945241,1.51,0.25,98.24,259.0,701.0,0.5,1493.24,2422.59,0.0,13,26,0,0.0,0,928.0,928.0,13.0,0.0,1,0,0,none,sustained,350.83,569.17
2026-01-28 13:51:54.155485,0.65,0.22,99.13,200.0,420.0,0.5,1485.38,2430.44,0.0,13,26,0,0.0,0,928.0,928.0,13.0,0.0,1,0,0,none,sustained,348.98,571.02
2026-01-28 13:51:55.187515,0.76,0.0,99.24,283.0,492.0,0.5,1487.21,2428.62,0.0,13,26,0,0.0,0,0.0,0.0,13.0,0.0,1,0,0,none,sustained,349.41,570.59
2026-01-28 13:51:56.253384,1.23,0.49,98.28,376.0,618.0,0.54,1487.45,2428.37,0.0,13,26,0,0.0,0,928.0,928.0,13.0,0.0,1,0,0,none,sustained,349.47,570.53
2026-01-28 13:51:57.318121,2.8,0.25,96.95,444.0,933.0,0.54,1487.14,2428.68,0.0,13,26,0,0.0,0,928.0,928.0,13.0,0.0,1,0,0,none,sustained,349.4,570.6
2026-01-28 13:51:58.668926,1.58,0.79,97.62,409.0,862.0,0.54,1475.5,2440.32,0.0,13,26,0,0.0,0,1026.0,1026.0,13.0,0.0,1,0,0,none,sustained,346.66,573.34
2026-01-28 13:51:59.884046,1.94,0.43,97.62,327.0,711.0,0.54,1483.76,2432.07,0.0,12,24,0,0.0,0,928.0,928.0,12.0,0.0,1,0,0,none,sustained,348.6,571.4
2026-01-28 13:52:01.246699,2.18,0.59,97.23,534.0,792.0,0.5,1483.56,2432.26,0.0,13,26,0,0.0,0,1856.0,1856.0,13.0,0.0,1,0,0,none,sustained,348.55,571.45
2026-01-28 13:52:02.265809,2.56,1.02,96.42,400.0,605.0,0.5,1486.45,2429.37,0.0,13,26,0,0.0,0,0.0,0.0,13.0,0.0,1,0,0,none,sustained,349.23,570.77
2026-01-28 13:52:03.526050,2.09,0.84,97.07,363.0,872.0,0.5,1491.28,2424.54,0.0,13,26,0,0.0,0,1012.0,1012.0,13.0,0.0,1,0,0,none,sustained,350.37,569.63
2026-01-28 13:52:04.578682,1.74,0.0,98.26,239.0,597.0,0.5,1486.84,2428.98,0.0,13,26,0,0.0,0,928.0,928.0,13.0,0.0,1,0,0,none,sustained,349.32,570.68
2026-01-28 13:52:05.642367,3.69,0.74,95.58,368.0,876.0,0.62,1478.68,2437.15,0.0,13,26,0,0.0,0,928.0,928.0,13.0,0.0,1,0,0,none,sustained,347.41,572.59
2026-01-28 13:52:06.829446,2.65,0.44,96.9,370.0,763.0,0.62,1482.92,2432.9,0.0,13,26,0,0.0,0,928.0,928.0,13.0,0.0,1,0,0,none,sustained,348.4,571.6
2026-01-28 13:52:08.484940,1.5,0.83,97.67,554.0,1143.0,0.62,1483.64,2432.19,0.0,13,26,0,0.0,0,1954.0,1954.0,13.0,0.0,1,0,0,none,sustained,348.57,571.43
2026-01-28 13:52:09.601006,1.9,0.71,97.38,354.0,732.0,0.62,1480.54,2435.29,0.0,13,26,0,0.0,0,0.0,0.0,13.0,0.0,1,0,0,none,sustained,347.84,572.16
2026-01-28 13:52:11.226693,1.5,0.5,98.01,672.0,989.0,0.57,1487.57,2428.25,0.0,13,26,0,0.0,0,1856.0,1856.0,13.0,0.0,1,0,0,none,sustained,349.5,570.5
2026-01-28 13:52:12.311345,2.19,0.73,97.08,326.0,651.0,0.57,1491.81,2424.01,0.0,13,27,0,0.0,0,824.0,824.0,13.0,0.0,1,0,0,none,sustained,350.49,569.51
2026-01-28 13:52:13.449840,1.14,0.23,98.63,329.0,581.0,0.57,1484.06,2431.77,0.0,13,24,0,0.0,0,104.0,104.0,13.0,0.0,1,0,0,none,sustained,348.67,571.33
2026-01-28 13:52:14.486151,1.54,0.51,97.94,320.0,587.0,0.57,1481.94,2433.88,0.0,13,26,0,0.0,0,928.0,928.0,13.0,0.0,1,0,0,none,sustained,348.17,571.83
2026-01-28 13:52:15.716122,0.64,0.21,99.14,349.0,499.0,0.52,1475.08,2440.75,0.0,13,26,0,0.0,0,928.0,928.0,13.0,0.0,1,0,0,none,sustained,346.56,573.44
2026-01-28 13:52:16.754490,1.03,0.52,98.45,295.0,503.0,0.52,1474.4,2441.43,0.0,13,26,0,0.0,0,928.0,928.0,13.0,0.0,1,0,0,none,sustained,346.4,573.6
2026-01-28 13:52:17.875814,0.47,0.24,99.29,307.0,440.0,0.52,1479.0,2436.83,0.0,13,26,0,0.0,0,0.0,0.0,13.0,0.0,1,0,0,none,sustained,347.48,572.52
2026-01-28 13:52:19.469940,4.05,1.01,94.93,751.0,1956.0,0.52,1479.43,2436.39,0.0,13,26,0,0.0,0,1954.0,1954.0,13.0,0.0,1,0,0,none,sustained,347.58,572.42
2026-01-28 13:52:20.501858,0.52,0.26,99.22,165.0,303.0,0.56,1479.57,2436.25,0.0,13,26,0,0.0,0,928.0,928.0,13.0,0.0,1,0,0,none,sustained,347.62,572.38
2026-01-28 13:52:22.475406,0.13,0.0,99.87,265.0,431.0,0.56,1479.68,2436.15,0.0,13,24,0,0.0,0,0.0,0.0,13.0,0.0,1,0,0,none,sustained,347.64,572.36
2026-01-28 13:52:23.502252,2.6,1.3,96.09,335.0,629.0,0.56,1483.0,2432.83,0.0,13,26,0,0.0,0,928.0,928.0,13.0,0.0,1,0,0,none,sustained,348.42,571.58
2026-01-28 13:52:24.626350,1.18,0.47,98.34,356.0,595.0,0.56,1481.47,2434.36,0.0,13,26,0,0.0,0,928.0,928.0,13.0,0.0,1,0,0,none,sustained,348.06,571.94
2026-01-28 13:52:25.792748,3.35,0.67,95.98,377.0,815.0,0.52,1478.98,2436.84,0.0,13,26,0,0.0,0,928.0,928.0,13.0,0.0,1,0,0,none,sustained,347.48,572.52
2026-01-28 13:52:27.084970,0.82,0.41,98.78,365.0,569.0,0.52,1479.58,2436.25,0.0,13,26,0,0.0,0,928.0,928.0,13.0,0.0,1,0,0,none,sustained,347.62,572.38
2026-01-28 13:52:28.157150,2.47,0.49,97.04,412.0,695.0,0.52,1479.82,2436.0,0.0,13,26,0,0.0,0,928.0,928.0,13.0,0.0,1,0,0,none,sustained,347.68,572.32
2026-01-28 13:52:29.187554,3.66,0.79,95.55,455.0,1146.0,0.52,1478.55,2437.28,0.0,13,26,0,0.0,0,98.0,98.0,13.0,0.0,1,0,0,none,sustained,347.38,572.62
2026-01-28 13:52:30.245467,1.0,0.25,98.75,286.0,429.0,0.52,1478.76,2437.06,0.0,13,26,0,0.0,0,928.0,928.0,13.0,0.0,1,0,0,none,sustained,347.43,572.57
2026-01-28 13:52:31.789460,0.51,0.34,99.15,449.0,661.0,0.47,1488.18,2427.65,0.0,13,26,0,0.0,0,928.0,928.0,13.0,0.0,1,0,0,none,sustained,349.64,570.36
2026-01-28 13:52:33.582249,0.58,0.29,99.13,374.0,593.0,0.47,1479.78,2436.04,0.0,13,26,0,0.0,0,928.0,928.0,13.0,0.0,1,0,0,none,sustained,347.67,572.33
2026-01-28 13:52:34.670302,2.99,0.75,96.27,412.0,886.0,0.47,1473.03,2442.8,0.0,13,26,0,0.0,0,970.0,970.0,13.0,0.0,1,0,0,none,sustained,346.08,573.92
2026-01-28 13:52:35.724636,1.26,0.25,98.49,288.0,557.0,0.44,1473.11,2442.72,0.0,13,26,0,0.0,0,928.0,928.0,13.0,0.0,1,0,0,none,sustained,346.1,573.9
2026-01-28 13:52:36.796357,1.24,0.74,98.01,356.0,635.0,0.44,1477.81,2438.01,0.0,13,26,0,0.0,0,928.0,928.0,13.0,0.0,1,0,0,none,sustained,347.2,572.8
2026-01-28 13:52:37.824908,2.54,0.25,97.2,262.0,554.0,0.44,1474.06,2441.77,0.0,13,26,0,0.0,0,928.0,928.0,13.0,0.0,1,0,0,none,sustained,346.32,573.68
2026-01-28 13:52:38.846577,1.3,0.52,98.19,334.0,691.0,0.44,1478.05,2437.77,0.0,13,26,0,0.0,0,98.0,98.0,13.0,0.0,1,0,0,none,sustained,347.26,572.74
2026-01-28 13:52:39.902690,6.22,1.3,92.49,646.0,1305.0,0.44,1474.77,2441.05,0.0,13,26,0,0.0,0,928.0,928.0,13.0,0.0,1,0,0,none,sustained,346.49,573.51
2026-01-28 13:52:41.367836,1.25,0.54,98.21,504.0,725.0,0.4,1480.26,2435.56,0.0,12,24,0,0.0,0,928.0,928.0,12.0,0.0,1,0,0,none,sustained,347.78,572.22
2026-01-28 13:52:43.317607,0.53,0.0,99.47,428.0,780.0,0.4,1476.72,2439.1,0.0,12,24,0,0.0,0,928.0,928.0,12.0,0.0,1,0,0,none,sustained,346.95,573.05
2026-01-28 13:52:44.624431,1.84,0.61,97.54,457.0,855.0,0.4,1482.81,2433.01,0.0,12,24,0,0.0,0,970.0,970.0,12.0,0.0,1,0,0,none,sustained,348.38,571.62
2026-01-28 13:52:45.962357,1.61,0.2,98.19,340.0,647.0,0.37,1485.92,2429.91,0.0,13,26,0,0.0,0,1856.0,1856.0,13.0,0.0,1,0,0,none,sustained,349.11,570.89
2026-01-28 13:52:47.062203,0.24,0.48,99.29,297.0,499.0,0.37,1484.54,2431.29,0.0,13,26,0,0.0,0,0.0,0.0,13.0,0.0,1,0,0,none,sustained,348.78,571.22
2026-01-28 13:52:48.119305,1.51,0.5,97.99,346.0,554.0,0.37,1484.25,2431.57,0.0,13,26,0,0.0,0,928.0,928.0,13.0,0.0,1,0,0,none,sustained,348.72,571.28
2026-01-28 13:52:50.293115,0.12,0.12,99.76,314.0,487.0,0.37,1484.18,2431.64,0.0,13,26,0,0.0,0,0.0,0.0,13.0,0.0,1,0,0,none,sustained,348.7,571.3
2026-01-28 13:52:51.526601,3.66,0.65,95.69,375.0,1119.0,0.58,1480.67,2435.15,0.0,13,26,0,0.0,0,1026.0,1026.0,13.0,0.0,1,0,0,none,sustained,347.88,572.12
2026-01-28 13:52:52.995692,1.59,0.53,97.88,420.0,773.0,0.58,1484.66,2431.16,0.0,13,26,0,0.0,0,928.0,928.0,13.0,0.0,1,0,0,none,sustained,348.81,571.19
2026-01-28 13:52:54.512860,1.56,0.52,97.92,538.0,630.0,0.58,1484.09,2431.73,0.0,13,26,0,0.0,0,928.0,928.0,13.0,0.0,1,0,0,none,sustained,348.68,571.32
2026-01-28 13:52:55.890175,0.37,0.18,99.45,188.0,382.0,0.53,1484.09,2431.73,0.0,13,26,0,0.0,0,0.0,0.0,13.0,0.0,1,0,0,none,sustained,348.68,571.32
2026-01-28 13:52:57.069962,2.88,0.44,96.68,370.0,760.0,0.53,1482.01,2433.81,0.0,13,26,0,0.0,0,928.0,928.0,13.0,0.0,1,0,0,none,sustained,348.19,571.81
2026-01-28 13:52:58.116304,2.54,0.51,96.95,358.0,863.0,0.53,1481.64,2434.18,0.0,13,26,0,0.0,0,928.0,928.0,13.0,0.0,1,0,0,none,sustained,348.1,571.9
2026-01-28 13:52:59.163330,0.0,0.0,100.0,176.0,301.0,0.53,1481.64,2434.18,0.0,13,26,0,0.0,0,0.0,0.0,13.0,0.0,1,0,0,none,sustained,348.1,571.9
2026-01-28 13:53:00.457876,4.15,0.62,95.23,719.0,1191.0,0.57,1483.66,2432.16,0.0,12,24,0,0.0,0,928.0,928.0,12.0,0.0,1,0,0,none,sustained,348.58,571.42
2026-01-28 13:53:01.491576,3.14,0.79,96.07,427.0,910.0,0.57,1478.85,2436.98,0.0,13,26,0,0.0,0,1026.0,1026.0,13.0,0.0,1,0,0,none,sustained,347.45,572.55
2026-01-28 13:53:02.526230,0.77,0.26,98.97,272.0,522.0,0.57,1478.85,2436.98,0.0,13,26,0,0.0,0,928.0,928.0,13.0,0.0,1,0,0,none,sustained,347.45,572.55
2026-01-28 13:53:03.743291,1.3,0.43,98.26,326.0,702.0,0.57,1478.8,2437.02,0.0,13,26,0,0.0,0,928.0,928.0,13.0,0.0,1,0,0,none,sustained,347.44,572.56
2026-01-28 13:53:04.844814,2.24,0.75,97.01,528.0,961.0,0.57,1484.08,2431.74,0.0,13,26,0,0.0,0,928.0,928.0,13.0,0.0,1,0,0,none,sustained,348.68,571.32
2026-01-28 13:53:05.870867,2.03,0.0,97.97,211.0,557.0,0.52,1488.95,2426.88,0.0,13,26,0,0.0,0,928.0,928.0,13.0,0.0,1,0,0,none,sustained,349.82,570.18
2026-01-28 13:53:07.717172,0.29,0.14,99.57,456.0,743.0,0.52,1478.93,2436.89,0.0,13,26,0,0.0,0,970.0,970.0,13.0,0.0,1,0,0,none,sustained,347.47,572.53
2026-01-28 13:53:08.741746,0.79,0.52,98.69,329.0,515.0,0.52,1485.88,2429.94,0.0,13,26,0,0.0,0,928.0,928.0,13.0,0.0,1,0,0,none,sustained,349.1,570.9
2026-01-28 13:53:09.773034,3.42,1.05,95.53,390.0,773.0,0.52,1480.97,2434.85,0.0,13,24,0,0.0,0,928.0,928.0,13.0,0.0,1,0,0,none,sustained,347.95,572.05
2026-01-28 13:53:10.826506,3.11,1.04,95.85,625.0,1064.0,0.48,1482.27,2433.55,0.0,13,26,0,0.0,0,928.0,928.0,13.0,0.0,1,0,0,none,sustained,348.25,571.75
2026-01-28 13:53:12.468598,2.04,0.47,97.48,405.0,1019.0,0.48,1483.36,2432.46,0.0,13,26,0,0.0,0,98.0,98.0,13.0,0.0,1,0,0,none,sustained,348.51,571.49
2026-01-28 13:53:13.546149,2.65,0.48,96.87,322.0,907.0,0.48,1487.36,2428.46,0.0,13,26,0,0.0,0,928.0,928.0,13.0,0.0,1,0,0,none,sustained,349.45,570.55
2026-01-28 13:53:14.615578,1.0,0.0,99.0,312.0,502.0,0.48,1481.6,2434.22,0.0,13,26,0,0.0,0,928.0,928.0,13.0,0.0,1,0,0,none,sustained,348.09,571.91
2026-01-28 13:53:15.979161,0.99,0.6,98.41,478.0,743.0,0.44,1482.64,2433.18,0.0,13,26,0,0.0,0,928.0,928.0,13.0,0.0,1,0,0,none,sustained,348.34,571.66
2026-01-28 13:53:17.193840,2.16,0.22,97.62,360.0,774.0,0.44,1482.64,2433.19,0.0,13,26,0,0.0,0,928.0,928.0,13.0,0.0,1,0,0,none,sustained,348.34,571.66
2026-01-28 13:53:18.413766,0.65,0.22,99.13,315.0,718.0,0.44,1486.58,2429.24,0.0,13,26,0,0.0,0,928.0,928.0,13.0,0.0,1,0,0,none,sustained,349.26,570.74
2026-01-28 13:53:19.725903,2.0,0.2,97.8,367.0,748.0,0.44,1481.63,2434.19,0.0,13,26,0,0.0,0,928.0,928.0,13.0,0.0,1,0,0,none,sustained,348.1,571.9
2026-01-28 13:53:20.856823,4.91,1.17,93.93,509.0,1125.0,0.41,1483.96,2431.87,0.0,13,26,0,0.0,0,928.0,928.0,13.0,0.0,1,0,0,none,sustained,348.65,571.35
2026-01-28 13:53:21.956182,1.74,0.5,97.77,364.0,711.0,0.41,1478.7,2437.12,0.0,13,26,0,0.0,0,1026.0,1026.0,13.0,0.0,1,0,0,none,sustained,347.41,572.59
2026-01-28 13:53:23.064202,3.06,0.71,96.24,373.0,812.0,0.41,1476.43,2439.39,0.0,13,26,0,0.0,0,928.0,928.0,13.0,0.0,1,0,0,none,sustained,346.88,573.12
2026-01-28 13:53:24.129497,2.23,0.5,97.28,308.0,801.0,0.41,1474.01,2441.81,0.0,13,26,0,0.0,0,928.0,928.0,13.0,0.0,1,0,0,none,sustained,346.31,573.69
2026-01-28 13:53:25.209303,0.5,0.5,99.01,269.0,524.0,0.41,1480.61,2435.21,0.0,12,24,0,0.0,0,928.0,928.0,12.0,0.0,1,0,0,none,sustained,347.86,572.14
2026-01-28 13:53:26.355634,1.37,0.46,98.17,297.0,549.0,0.46,1480.95,2434.88,0.0,13,26,0,0.0,0,0.0,0.0,13.0,0.0,1,0,0,none,sustained,347.94,572.06
2026-01-28 13:53:27.380168,1.53,0.77,97.7,371.0,501.0,0.46,1485.63,2430.19,0.0,13,26,0,0.0,0,970.0,970.0,13.0,0.0,1,0,0,none,sustained,349.04,570.96
2026-01-28 13:53:28.421015,2.56,0.51,96.93,357.0,843.0,0.46,1488.09,2427.73,0.0,13,26,0,0.0,0,928.0,928.0,13.0,0.0,1,0,0,none,sustained,349.62,570.38
2026-01-28 13:53:29.494585,3.39,0.48,96.13,313.0,782.0,0.46,1489.81,2426.02,0.0,13,26,0,0.0,0,928.0,928.0,13.0,0.0,1,0,0,none,sustained,350.02,569.98
2026-01-28 13:53:30.521659,2.6,0.52,96.88,382.0,743.0,0.42,1485.97,2429.86,0.0,13,26,0,0.0,0,928.0,928.0,13.0,0.0,1,0,0,none,sustained,349.12,570.88
2026-01-28 13:53:31.541390,3.25,1.36,95.39,461.0,1087.0,0.42,1479.18,2436.64,0.0,13,26,0,0.0,0,1026.0,1026.0,13.0,0.0,1,0,0,none,sustained,347.53,572.47
2026-01-28 13:53:32.807360,0.2,0.0,99.8,132.0,437.0,0.42,1479.18,2436.64,0.0,13,26,0,0.0,0,0.0,0.0,13.0,0.0,1,0,0,none,sustained,347.53,572.47
2026-01-28 13:53:33.956689,0.7,0.46,98.84,358.0,618.0,0.42,1472.39,2443.44,0.0,13,26,0,0.0,0,928.0,928.0,13.0,0.0,1,0,0,none,sustained,345.93,574.07
2026-01-28 13:53:35.176505,1.3,0.65,98.06,368.0,572.0,0.42,1478.78,2437.04,0.0,13,24,0,0.0,0,928.0,928.0,13.0,0.0,1,0,0,none,sustained,347.43,572.57
2026-01-28 13:53:36.386146,4.6,0.88,94.53,535.0,1331.0,0.47,1489.72,2426.1,0.0,13,26,0,0.0,0,970.0,970.0,13.0,0.0,1,0,0,none,sustained,350.0,570.0
2026-01-28 13:53:37.706493,0.6,0.6,98.8,275.0,563.0,0.47,1489.96,2425.86,0.0,13,26,0,0.0,0,928.0,928.0,13.0,0.0,1,0,0,none,sustained,350.06,569.94
2026-01-28 13:53:38.832824,2.33,0.23,97.44,292.0,737.0,0.47,1485.21,2430.62,0.0,13,26,0,0.0,0,928.0,928.0,13.0,0.0,1,0,0,none,sustained,348.94,571.06
2026-01-28 13:53:39.972126,3.33,0.71,95.95,465.0,1134.0,0.47,1493.68,2422.15,0.0,13,26,0,0.0,0,928.0,928.0,13.0,0.0,1,0,0,none,sustained,350.93,569.07
2026-01-28 13:53:41.005749,3.69,1.06,95.25,579.0,1084.0,0.51,1490.52,2425.3,0.0,13,26,0,0.0,0,928.0,928.0,13.0,0.0,1,0,0,none,sustained,350.19,569.81
2026-01-28 13:53:42.678084,2.05,0.47,97.47,363.0,1010.0,0.51,1496.33,2419.49,0.0,13,26,0,0.0,0,1026.0,1026.0,13.0,0.0,1,0,0,none,sustained,351.55,568.45
2026-01-28 13:53:44.295735,0.48,0.48,99.04,297.0,1297.0,0.51,1488.82,2427.01,0.0,13,26,0,0.0,0,0.0,0.0,13.0,0.0,1,0,0,none,sustained,349.79,570.21
2026-01-28 13:53:46.002794,1.42,0.32,98.26,450.0,668.0,0.47,1489.04,2426.79,0.0,13,26,0,0.0,0,1856.0,1856.0,13.0,0.0,1,0,0,none,sustained,349.84,570.16
2026-01-28 13:53:47.136032,0.94,0.47,98.59,262.0,714.0,0.47,1480.98,2434.84,0.0,13,26,0,0.0,0,928.0,928.0,13.0,0.0,1,0,0,none,sustained,347.95,572.05
2026-01-28 13:53:48.201219,0.24,0.0,99.76,276.0,326.0,0.47,1481.11,2434.71,0.0,13,26,0,0.0,0,0.0,0.0,13.0,0.0,1,0,0,none,sustained,347.98,572.02
2026-01-28 13:53:49.383813,2.88,0.66,96.46,462.0,930.0,0.47,1489.54,2426.28,0.0,13,26,0,0.0,0,928.0,928.0,13.0,0.0,1,0,0,none,sustained,349.96,570.04
2026-01-28 13:53:50.872955,1.44,0.36,98.19,442.0,699.0,0.43,1494.83,2421.0,0.0,13,26,0,0.0,0,1856.0,1856.0,13.0,0.0,1,0,0,none,sustained,351.2,568.8
2026-01-28 13:53:51.904130,3.16,0.79,96.05,483.0,988.0,0.43,1483.26,2432.57,0.0,13,26,0,0.0,0,98.0,98.0,13.0,0.0,1,0,0,none,sustained,348.48,571.52
2026-01-28 13:53:52.924136,2.04,0.51,97.46,313.0,541.0,0.43,1487.31,2428.52,0.0,13,26,0,0.0,0,928.0,928.0,13.0,0.0,1,0,0,none,sustained,349.43,570.57
2026-01-28 13:53:53.962613,3.03,0.25,96.72,332.0,727.0,0.43,1495.31,2420.52,0.0,13,26,0,0.0,0,928.0,928.0,13.0,0.0,1,0,0,none,sustained,351.31,568.69
2026-01-28 13:53:54.992597,3.54,0.51,95.96,359.0,577.0,0.43,1485.45,2430.38,0.0,13,26,0,0.0,0,928.0,928.0,13.0,0.0,1,0,0,none,sustained,349.0,571.0
2026-01-28 14:10:41.766416,0.0,0.0,100.0,176.0,292.0,0.03,1447.05,2468.77,0.0,9,18,0,0.0,0,0.0,0.0,9.0,0.0,0,0,0,none,sustained,339.98,580.02
2026-01-28 14:10:42.793514,3.62,0.78,95.61,406.0,975.0,0.03,1443.96,2471.86,0.0,9,18,0,0.0,0,98.0,98.0,9.0,0.0,0,0,0,none,sustained,339.25,580.75
2026-01-28 14:10:43.818698,0.25,0.25,99.5,199.0,220.0,0.03,1443.96,2471.86,0.0,9,18,0,0.0,0,0.0,0.0,9.0,0.0,0,0,0,none,sustained,339.25,580.75
2026-01-28 14:10:44.845531,0.0,0.0,100.0,152.0,190.0,0.03,1443.96,2471.86,0.0,9,18,0,0.0,0,0.0,0.0,9.0,0.0,0,0,0,none,sustained,339.25,580.75
2026-01-28 14:10:45.870291,0.25,0.25,99.5,128.0,195.0,0.03,1444.1,2471.72,0.0,9,18,0,0.0,0,0.0,0.0,9.0,0.0,0,0,0,none,sustained,339.28,580.72
2026-01-28 14:10:46.894298,0.0,0.25,99.75,98.0,204.0,0.03,1444.1,2471.72,0.0,9,18,0,0.0,0,0.0,0.0,9.0,0.0,0,0,0,none,sustained,339.28,580.72
2026-01-28 14:10:47.918421,0.25,0.0,99.75,129.0,239.0,0.03,1444.1,2471.72,0.0,9,18,0,0.0,0,0.0,0.0,9.0,0.0,0,0,0,none,sustained,339.28,580.72
2026-01-28 14:10:48.953343,2.24,1.0,96.77,277.0,685.0,0.03,1440.1,2475.72,0.0,9,18,0,0.0,0,0.0,0.0,9.0,0.0,0,0,0,none,sustained,338.34,581.66
2026-01-28 14:10:49.984222,0.25,0.25,99.5,131.0,172.0,0.03,1440.09,2475.73,0.0,9,18,0,0.0,0,0.0,0.0,9.0,0.0,0,0,0,none,sustained,338.34,581.66
2026-01-28 14:10:51.009504,0.0,0.0,100.0,66.0,143.0,0.03,1440.09,2475.73,0.0,9,18,0,0.0,0,0.0,0.0,9.0,0.0,0,0,0,none,sustained,338.34,581.66
2026-01-28 14:10:52.033543,0.25,0.0,99.75,118.0,256.0,0.03,1440.09,2475.73,0.0,9,18,0,0.0,0,0.0,0.0,9.0,0.0,0,0,0,none,sustained,338.34,581.66
2026-01-28 14:10:53.065442,1.33,0.8,97.88,385.0,878.0,0.03,1445.82,2470.01,0.0,9,18,0,0.0,0,98.0,98.0,9.0,0.0,0,0,0,none,sustained,339.69,580.31
2026-01-28 14:10:54.096930,0.0,0.25,99.75,75.0,153.0,0.03,1445.82,2470.01,0.0,9,18,0,0.0,0,0.0,0.0,9.0,0.0,0,0,0,none,sustained,339.69,580.31
2026-01-28 14:10:55.124141,2.53,0.51,96.97,253.0,686.0,0.03,1446.95,2468.88,0.0,9,18,0,0.0,0,0.0,0.0,9.0,0.0,0,0,0,none,sustained,339.95,580.05
2026-01-28 14:10:56.147477,0.0,0.0,100.0,149.0,274.0,0.03,1446.94,2468.88,0.0,9,18,0,0.0,0,0.0,0.0,9.0,0.0,0,0,0,none,sustained,339.95,580.05
2026-01-28 14:10:57.173875,0.0,0.0,100.0,74.0,177.0,0.03,1446.94,2468.88,0.0,9,18,0,0.0,0,0.0,0.0,9.0,0.0,0,0,0,none,sustained,339.95,580.05
2026-01-28 14:10:58.204699,0.25,0.25,99.5,156.0,323.0,0.03,1446.93,2468.89,0.0,9,18,0,0.0,0,0.0,0.0,9.0,0.0,0,0,0,none,sustained,339.95,580.05
2026-01-28 14:10:59.231333,0.0,0.0,100.0,85.0,175.0,0.03,1446.93,2468.89,0.0,9,18,0,0.0,0,0.0,0.0,9.0,0.0,0,0,0,none,sustained,339.95,580.05
2026-01-28 14:11:00.257923,0.0,0.0,100.0,110.0,152.0,0.03,1446.93,2468.89,0.0,9,18,0,0.0,0,0.0,0.0,9.0,0.0,0,0,0,none,sustained,339.95,580.05
2026-01-28 14:11:01.281132,0.26,0.78,98.96,382.0,551.0,0.1,1446.07,2469.76,0.0,9,18,0,0.0,0,0.0,0.0,9.0,0.0,0,0,0,none,sustained,339.75,580.25
2026-01-28 14:11:02.309689,0.25,0.25,99.5,129.0,196.0,0.1,1445.99,2469.83,0.0,9,18,0,0.0,0,0.0,0.0,9.0,0.0,0,0,0,none,sustained,339.73,580.27
2026-01-28 14:11:03.340485,0.0,0.0,100.0,143.0,215.0,0.1,1445.99,2469.83,0.0,9,18,0,0.0,0,0.0,0.0,9.0,0.0,0,0,0,none,sustained,339.73,580.27
2026-01-28 14:11:04.367563,1.52,0.51,97.97,247.0,588.0,0.1,1444.53,2471.29,0.0,9,18,0,0.0,0,98.0,98.0,9.0,0.0,0,0,0,none,sustained,339.38,580.62
2026-01-28 14:11:05.401725,0.0,0.5,99.5,140.0,298.0,0.1,1444.53,2471.29,0.0,9,18,0,0.0,0,0.0,0.0,9.0,0.0,0,0,0,none,sustained,339.38,580.62
2026-01-28 14:11:06.433001,0.25,0.0,99.75,74.0,144.0,0.1,1444.53,2471.29,0.0,9,18,0,0.0,0,0.0,0.0,9.0,0.0,0,0,0,none,sustained,339.38,580.62
2026-01-28 14:11:07.475306,1.75,0.5,97.76,248.0,521.0,0.1,1444.16,2471.67,0.0,9,18,0,0.0,0,0.0,0.0,9.0,0.0,0,0,0,none,sustained,339.3,580.7
2026-01-28 14:11:08.499081,0.0,0.25,99.75,172.0,298.0,0.1,1444.16,2471.67,0.0,9,18,0,0.0,0,0.0,0.0,9.0,0.0,0,0,0,none,sustained,339.3,580.7
2026-01-28 14:11:09.525187,0.25,0.0,99.75,44.0,136.0,0.1,1444.16,2471.67,0.0,9,18,0,0.0,0,42.0,42.0,9.0,0.0,0,0,0,none,sustained,339.3,580.7
2026-01-28 14:11:10.539666,0.25,0.25,99.5,188.0,297.0,0.09,1444.15,2471.67,0.0,9,18,0,0.0,0,42.0,42.0,9.0,0.0,0,0,0,none,sustained,339.29,580.71
2026-01-28 14:11:11.561701,0.5,0.25,99.25,146.0,224.0,0.09,1444.15,2471.67,0.0,9,18,0,0.0,0,0.0,0.0,9.0,0.0,0,0,0,none,sustained,339.29,580.71
2026-01-28 14:11:12.586823,1.77,0.51,97.72,315.0,560.0,0.09,1448.3,2467.53,0.0,9,18,0,0.0,0,0.0,0.0,9.0,0.0,0,0,0,none,sustained,340.27,579.73
2026-01-28 14:11:13.610693,0.0,0.0,100.0,122.0,211.0,0.09,1448.39,2467.43,0.0,9,18,0,0.0,0,0.0,0.0,9.0,0.0,0,0,0,none,sustained,340.29,579.71
2026-01-28 14:11:14.630804,0.0,0.26,99.74,235.0,306.0,0.09,1451.38,2464.44,0.0,9,18,0,0.0,0,98.0,98.0,9.0,0.0,0,0,0,none,sustained,340.99,579.01
2026-01-28 14:11:15.673952,0.24,0.24,99.51,127.0,270.0,0.08,1451.38,2464.44,0.0,9,18,0,0.0,0,0.0,0.0,9.0,0.0,0,0,0,none,sustained,340.99,579.01
2026-01-28 14:11:16.700450,0.25,0.0,99.75,95.0,196.0,0.08,1451.38,2464.44,0.0,9,18,0,0.0,0,0.0,0.0,9.0,0.0,0,0,0,none,sustained,340.99,579.01
2026-01-28 14:11:17.723453,2.04,0.51,97.45,307.0,610.0,0.08,1447.53,2468.3,0.0,9,18,0,0.0,0,0.0,0.0,9.0,0.0,0,0,0,none,sustained,340.09,579.91
2026-01-28 14:11:18.757167,0.24,0.24,99.51,85.0,180.0,0.08,1447.62,2468.2,0.0,9,18,0,0.0,0,0.0,0.0,9.0,0.0,0,0,0,none,sustained,340.11,579.89
2026-01-28 14:11:19.781254,0.0,0.0,100.0,162.0,300.0,0.08,1447.62,2468.2,0.0,9,18,0,0.0,0,0.0,0.0,9.0,0.0,0,0,0,none,sustained,340.11,579.89
2026-01-28 14:11:20.807504,0.25,0.5,99.25,255.0,421.0,0.07,1447.62,2468.2,0.0,9,18,0,0.0,0,0.0,0.0,9.0,0.0,0,0,0,none,sustained,340.11,579.89
2026-01-28 14:11:21.846711,0.0,0.0,100.0,92.0,244.0,0.07,1447.62,2468.2,0.0,9,18,0,0.0,0,0.0,0.0,9.0,0.0,0,0,0,none,sustained,340.11,579.89
2026-01-28 14:11:22.871051,0.5,0.5,99.0,166.0,359.0,0.07,1447.62,2468.2,0.0,9,18,0,0.0,0,0.0,0.0,9.0,0.0,0,0,0,none,sustained,340.11,579.89
2026-01-28 14:11:23.892813,4.91,1.03,94.06,450.0,923.0,0.07,1443.18,2472.64,0.0,9,18,0,0.0,0,0.0,0.0,9.0,0.0,0,0,0,none,sustained,339.07,580.93
2026-01-28 14:11:24.921448,1.76,0.5,97.74,192.0,552.0,0.07,1443.18,2472.64,0.0,9,18,0,0.0,0,98.0,98.0,9.0,0.0,0,0,0,none,sustained,339.07,580.93
2026-01-28 14:11:25.947107,0.25,0.0,99.75,234.0,227.0,0.07,1443.18,2472.64,0.0,9,18,0,0.0,0,0.0,0.0,9.0,0.0,0,0,0,none,sustained,339.07,580.93
2026-01-28 14:11:26.972745,0.0,0.25,99.75,190.0,229.0,0.07,1443.18,2472.64,0.0,9,18,0,0.0,0,0.0,0.0,9.0,0.0,0,0,0,none,sustained,339.07,580.93
2026-01-28 14:11:28.001695,0.25,0.0,99.75,142.0,276.0,0.07,1443.31,2472.52,0.0,9,18,0,0.0,0,0.0,0.0,9.0,0.0,0,0,0,none,sustained,339.1,580.9
2026-01-28 14:11:29.030272,2.3,0.77,96.94,356.0,834.0,0.07,1444.59,2471.24,0.0,9,18,0,0.0,0,0.0,0.0,9.0,0.0,0,0,0,none,sustained,339.4,580.6
2026-01-28 14:11:30.068313,0.25,0.0,99.75,102.0,274.0,0.07,1444.59,2471.24,0.0,9,18,0,0.0,0,0.0,0.0,9.0,0.0,0,0,0,none,sustained,339.4,580.6
2026-01-28 14:11:31.107582,0.0,0.0,100.0,162.0,257.0,0.06,1444.57,2471.25,0.0,9,18,0,0.0,0,0.0,0.0,9.0,0.0,0,0,0,none,sustained,339.39,580.61
2026-01-28 14:11:32.131998,0.0,0.5,99.5,128.0,247.0,0.06,1444.57,2471.25,0.0,9,18,0,0.0,0,0.0,0.0,9.0,0.0,0,0,0,none,sustained,339.39,580.61
2026-01-28 14:11:33.163361,0.5,0.0,99.5,205.0,385.0,0.06,1444.57,2471.25,0.0,9,18,0,0.0,0,0.0,0.0,9.0,0.0,0,0,0,none,sustained,339.39,580.61
2026-01-28 14:11:34.185634,2.05,0.77,97.19,253.0,701.0,0.06,1444.81,2471.02,0.0,9,18,0,0.0,0,0.0,0.0,9.0,0.0,0,0,0,none,sustained,339.45,580.55
2026-01-28 14:11:35.203040,1.53,0.25,98.22,256.0,472.0,0.06,1450.29,2465.54,0.0,9,18,0,0.0,0,98.0,98.0,9.0,0.0,0,0,0,none,sustained,340.74,579.26
2026-01-28 14:11:36.233737,0.0,0.25,99.75,181.0,243.0,0.06,1450.29,2465.54,0.0,9,18,0,0.0,0,0.0,0.0,9.0,0.0,0,0,0,none,sustained,340.74,579.26
2026-01-28 14:11:37.258339,0.25,0.0,99.75,83.0,216.0,0.06,1450.29,2465.54,0.0,9,18,0,0.0,0,0.0,0.0,9.0,0.0,0,0,0,none,sustained,340.74,579.26
2026-01-28 14:11:38.281796,0.0,0.25,99.75,117.0,219.0,0.06,1450.29,2465.54,0.0,9,18,0,0.0,0,0.0,0.0,9.0,0.0,0,0,0,none,sustained,340.74,579.26
2026-01-28 14:11:39.311234,2.03,0.76,97.22,341.0,639.0,0.06,1451.88,2463.95,0.0,9,18,0,0.0,0,0.0,0.0,9.0,0.0,0,0,0,none,sustained,341.11,578.89
2026-01-28 14:11:40.336602,0.25,0.0,99.75,121.0,232.0,0.06,1451.87,2463.95,0.0,9,18,0,0.0,0,0.0,0.0,9.0,0.0,0,0,0,none,sustained,341.11,578.89
2026-01-28 14:11:41.368715,0.25,0.25,99.5,159.0,311.0,0.05,1452.0,2463.82,0.0,9,18,0,0.0,0,0.0,0.0,9.0,0.0,0,0,0,none,sustained,341.14,578.86
2026-01-28 14:11:42.408868,0.25,0.25,99.5,149.0,337.0,0.05,1452.0,2463.82,0.0,9,18,0,0.0,0,0.0,0.0,9.0,0.0,0,0,0,none,sustained,341.14,578.86
2026-01-28 14:11:43.507860,0.23,0.0,99.77,97.0,210.0,0.05,1452.0,2463.82,0.0,9,18,0,0.0,0,0.0,0.0,9.0,0.0,0,0,0,none,sustained,341.14,578.86
2026-01-28 14:11:44.535384,0.25,0.25,99.5,186.0,233.0,0.05,1452.0,2463.82,0.0,9,18,0,0.0,0,0.0,0.0,9.0,0.0,0,0,0,none,sustained,341.14,578.86
2026-01-28 14:11:45.581719,2.54,1.02,96.44,423.0,830.0,0.05,1448.0,2467.83,0.0,9,18,0,0.0,0,98.0,98.0,9.0,0.0,0,0,0,none,sustained,340.2,579.8
2026-01-28 14:11:46.840980,0.41,0.0,99.59,194.0,353.0,0.05,1448.0,2467.83,0.0,9,18,0,0.0,0,0.0,0.0,9.0,0.0,0,0,0,none,sustained,340.2,579.8
2026-01-28 14:11:47.914218,0.0,0.24,99.76,119.0,287.0,0.05,1448.0,2467.83,0.0,9,18,0,0.0,0,0.0,0.0,9.0,0.0,0,0,0,none,sustained,340.2,579.8
2026-01-28 14:11:48.945757,0.0,0.25,99.75,127.0,192.0,0.05,1448.0,2467.83,0.0,9,18,0,0.0,0,0.0,0.0,9.0,0.0,0,0,0,none,sustained,340.2,579.8
2026-01-28 14:11:49.979431,0.25,0.0,99.75,163.0,319.0,0.05,1448.0,2467.83,0.0,9,18,0,0.0,0,0.0,0.0,9.0,0.0,0,0,0,none,sustained,340.2,579.8
2026-01-28 14:11:51.152727,1.32,0.44,98.24,290.0,587.0,0.04,1448.0,2467.83,0.0,9,18,0,0.0,0,42.0,42.0,9.0,0.0,0,0,0,none,sustained,340.2,579.8
2026-01-28 14:11:52.209250,0.24,0.0,99.76,167.0,262.0,0.04,1447.99,2467.84,0.0,9,18,0,0.0,0,0.0,0.0,9.0,0.0,0,0,0,none,sustained,340.2,579.8
2026-01-28 14:11:53.229371,0.25,0.5,99.25,161.0,259.0,0.04,1447.99,2467.84,0.0,9,18,0,0.0,0,0.0,0.0,9.0,0.0,0,0,0,none,sustained,340.2,579.8
2026-01-28 14:11:54.281243,2.23,0.5,97.28,277.0,736.0,0.04,1452.73,2463.1,0.0,9,18,0,0.0,0,0.0,0.0,9.0,0.0,0,0,0,none,sustained,341.31,578.69
2026-01-28 14:11:55.315712,0.25,0.25,99.5,152.0,321.0,0.04,1452.73,2463.1,0.0,9,18,0,0.0,0,0.0,0.0,9.0,0.0,0,0,0,none,sustained,341.31,578.69
2026-01-28 14:11:56.344323,3.32,1.02,95.66,370.0,863.0,0.28,1449.21,2466.61,0.0,9,18,0,0.0,0,98.0,98.0,9.0,0.0,0,0,0,none,sustained,340.48,579.52
2026-01-28 14:11:57.372991,0.25,0.0,99.75,166.0,278.0,0.28,1449.21,2466.61,0.0,9,18,0,0.0,0,0.0,0.0,9.0,0.0,0,0,0,none,sustained,340.48,579.52
2026-01-28 14:11:58.400529,0.0,0.0,100.0,177.0,381.0,0.28,1449.21,2466.61,0.0,9,18,0,0.0,0,0.0,0.0,9.0,0.0,0,0,0,none,sustained,340.48,579.52
2026-01-28 14:11:59.427188,0.25,0.0,99.75,88.0,184.0,0.28,1449.21,2466.61,0.0,9,18,0,0.0,0,0.0,0.0,9.0,0.0,0,0,0,none,sustained,340.48,579.52
2026-01-28 14:12:00.449046,0.0,0.51,99.49,292.0,394.0,0.28,1449.21,2466.61,0.0,9,18,0,0.0,0,0.0,0.0,9.0,0.0,0,0,0,none,sustained,340.48,579.52
2026-01-28 14:12:01.473135,1.81,1.03,97.16,467.0,881.0,0.26,1449.21,2466.61,0.0,9,18,0,0.0,0,42.0,42.0,9.0,0.0,0,0,0,none,sustained,340.48,579.52
2026-01-28 14:12:02.495779,0.25,0.0,99.75,101.0,241.0,0.26,1449.21,2466.61,0.0,9,18,0,0.0,0,0.0,0.0,9.0,0.0,0,0,0,none,sustained,340.48,579.52
2026-01-28 14:12:03.522764,0.0,0.5,99.5,161.0,315.0,0.26,1449.21,2466.62,0.0,9,18,0,0.0,0,0.0,0.0,9.0,0.0,0,0,0,none,sustained,340.48,579.52
2026-01-28 14:12:04.550802,0.0,0.0,100.0,111.0,275.0,0.26,1449.21,2466.62,0.0,9,18,0,0.0,0,0.0,0.0,9.0,0.0,0,0,0,none,sustained,340.48,579.52
2026-01-28 14:12:05.574754,0.0,0.25,99.75,159.0,360.0,0.24,1449.21,2466.62,0.0,9,18,0,0.0,0,0.0,0.0,9.0,0.0,0,0,0,none,sustained,340.48,579.52
2026-01-28 14:12:06.607690,3.87,0.77,95.36,514.0,1051.0,0.24,1451.36,2464.46,0.0,9,18,0,0.0,0,98.0,98.0,9.0,0.0,0,0,0,none,sustained,340.99,579.01
2026-01-28 14:12:07.635812,0.0,0.0,100.0,112.0,245.0,0.24,1451.43,2464.39,0.0,9,18,0,0.0,0,0.0,0.0,9.0,0.0,0,0,0,none,sustained,341.01,578.99
2026-01-28 14:12:08.666526,0.0,0.25,99.75,137.0,191.0,0.24,1451.43,2464.39,0.0,9,18,0,0.0,0,0.0,0.0,9.0,0.0,0,0,0,none,sustained,341.01,578.99
2026-01-28 14:12:09.692148,0.25,0.0,99.75,64.0,126.0,0.24,1451.43,2464.39,0.0,9,18,0,0.0,0,0.0,0.0,9.0,0.0,0,0,0,none,sustained,341.01,578.99
2026-01-28 14:12:10.719630,0.25,0.0,99.75,351.0,306.0,0.22,1451.43,2464.39,0.0,9,18,0,0.0,0,0.0,0.0,9.0,0.0,0,0,0,none,sustained,341.01,578.99
2026-01-28 14:12:11.745706,3.97,1.06,94.97,3326.0,3897.0,0.22,1453.32,2462.51,0.0,9,18,0,0.0,0,0.0,0.0,9.0,0.0,0,0,0,none,sustained,341.45,578.55
2026-01-28 14:12:12.784177,0.25,0.25,99.51,130.0,322.0,0.22,1453.32,2462.51,0.0,9,18,0,0.0,0,0.0,0.0,9.0,0.0,0,0,0,none,sustained,341.45,578.55
2026-01-28 14:12:13.814728,0.0,0.0,100.0,155.0,321.0,0.22,1453.32,2462.51,0.0,9,18,0,0.0,0,0.0,0.0,9.0,0.0,0,0,0,none,sustained,341.45,578.55
2026-01-28 14:12:14.838929,0.25,0.25,99.5,115.0,316.0,0.22,1453.32,2462.51,0.0,9,18,0,0.0,0,0.0,0.0,9.0,0.0,0,0,0,none,sustained,341.45,578.55
2026-01-28 14:12:15.868314,0.25,0.0,99.75,151.0,280.0,0.2,1453.32,2462.51,0.0,9,18,0,0.0,0,0.0,0.0,9.0,0.0,0,0,0,none,sustained,341.45,578.55
2026-01-28 14:12:16.896951,2.33,1.04,96.63,459.0,758.0,0.2,1451.91,2463.92,0.0,9,18,0,0.0,0,98.0,98.0,9.0,0.0,0,0,0,none,sustained,341.12,578.88
2026-01-28 14:12:17.950887,0.0,0.0,100.0,59.0,93.0,0.2,1451.91,2463.92,0.0,9,18,0,0.0,0,0.0,0.0,9.0,0.0,0,0,0,none,sustained,341.12,578.88
2026-01-28 14:12:18.984102,0.25,0.0,99.75,134.0,130.0,0.2,1452.02,2463.81,0.0,9,18,0,0.0,0,0.0,0.0,9.0,0.0,0,0,0,none,sustained,341.14,578.86
2026-01-28 14:12:20.026044,0.0,0.25,99.75,159.0,464.0,0.2,1452.02,2463.81,0.0,9,18,0,0.0,0,0.0,0.0,9.0,0.0,0,0,0,none,sustained,341.14,578.86
2026-01-28 14:12:21.057583,0.0,0.0,100.0,199.0,183.0,0.26,1452.02,2463.81,0.0,9,18,0,0.0,0,0.0,0.0,9.0,0.0,0,0,0,none,sustained,341.14,578.86
2026-01-28 14:12:22.084980,1.53,0.51,97.95,373.0,569.0,0.26,1452.02,2463.81,0.0,9,18,0,0.0,0,0.0,0.0,9.0,0.0,0,0,0,none,sustained,341.14,578.86
2026-01-28 14:12:23.111129,0.25,0.25,99.5,147.0,360.0,0.26,1452.02,2463.81,0.0,9,18,0,0.0,0,0.0,0.0,9.0,0.0,0,0,0,none,sustained,341.14,578.86
2026-01-28 14:12:24.209209,0.0,0.23,99.77,174.0,392.0,0.26,1452.01,2463.82,0.0,9,16,0,0.0,0,0.0,0.0,9.0,0.0,0,0,0,none,sustained,341.14,578.86
2026-01-28 14:12:25.241493,2.53,1.01,96.46,324.0,726.0,0.26,1452.01,2463.82,0.0,9,18,0,0.0,0,0.0,0.0,9.0,0.0,0,0,0,none,sustained,341.14,578.86
2026-01-28 14:12:26.401700,0.22,0.0,99.78,162.0,369.0,0.24,1452.01,2463.82,0.0,9,18,0,0.0,0,0.0,0.0,9.0,0.0,0,0,0,none,sustained,341.14,578.86
2026-01-28 14:12:27.430687,3.87,1.03,95.1,534.0,1110.0,0.24,1453.98,2461.84,0.0,9,18,0,0.0,0,98.0,98.0,9.0,0.0,0,0,0,none,sustained,341.6,578.4
2026-01-28 14:12:28.500351,0.0,0.0,100.0,137.0,335.0,0.24,1454.12,2461.71,0.0,9,18,0,0.0,0,0.0,0.0,9.0,0.0,0,0,0,none,sustained,341.64,578.36
2026-01-28 14:12:29.610459,0.23,0.23,99.54,207.0,260.0,0.24,1454.12,2461.71,0.0,9,18,0,0.0,0,0.0,0.0,9.0,0.0,0,0,0,none,sustained,341.64,578.36
2026-01-28 14:12:31.083539,0.0,0.0,100.0,288.0,282.0,0.22,1454.12,2461.71,0.0,9,18,0,0.0,0,0.0,0.0,9.0,0.0,0,0,0,none,sustained,341.64,578.36
2026-01-28 14:12:32.106356,0.25,0.5,99.25,178.0,426.0,0.22,1454.12,2461.71,0.0,9,18,0,0.0,0,42.0,42.0,9.0,0.0,0,0,0,none,sustained,341.64,578.36
2026-01-28 14:12:33.178833,0.73,0.49,98.78,286.0,575.0,0.22,1457.74,2458.08,0.0,9,18,0,0.0,0,0.0,0.0,9.0,0.0,0,0,0,none,sustained,342.49,577.51
2026-01-28 14:12:34.274429,0.23,0.23,99.53,128.0,368.0,0.22,1457.74,2458.08,0.0,9,18,0,0.0,0,0.0,0.0,9.0,0.0,0,0,0,none,sustained,342.49,577.51
2026-01-28 14:12:35.302870,0.0,0.0,100.0,116.0,146.0,0.22,1457.74,2458.08,0.0,9,18,0,0.0,0,0.0,0.0,9.0,0.0,0,0,0,none,sustained,342.49,577.51
2026-01-28 14:12:36.328598,0.25,0.0,99.75,180.0,372.0,0.21,1457.74,2458.08,0.0,9,18,0,0.0,0,0.0,0.0,9.0,0.0,0,0,0,none,sustained,342.49,577.51
2026-01-28 14:12:37.356627,0.0,0.0,100.0,128.0,200.0,0.21,1457.73,2458.09,0.0,9,18,0,0.0,0,0.0,0.0,9.0,0.0,0,0,0,none,sustained,342.49,577.51
2026-01-28 14:12:38.378800,0.0,0.0,100.0,210.0,154.0,0.21,1457.73,2458.09,0.0,9,16,0,0.0,0,0.0,0.0,9.0,0.0,0,0,0,none,sustained,342.49,577.51
2026-01-28 14:12:39.403414,0.53,0.27,99.2,374.0,670.0,0.21,1458.43,2457.39,0.0,9,18,0,0.0,0,98.0,98.0,9.0,0.0,0,0,0,none,sustained,342.65,577.35
2026-01-28 14:12:40.432203,0.0,0.0,100.0,250.0,280.0,0.21,1458.54,2457.28,0.0,9,18,0,0.0,0,0.0,0.0,9.0,0.0,0,0,0,none,sustained,342.68,577.32
2026-01-28 14:12:41.459386,0.25,0.25,99.5,162.0,365.0,0.19,1458.54,2457.28,0.0,9,18,0,0.0,0,0.0,0.0,9.0,0.0,0,0,0,none,sustained,342.68,577.32
2026-01-28 14:12:42.487254,0.0,0.0,100.0,130.0,250.0,0.19,1458.56,2457.26,0.0,9,18,0,0.0,0,0.0,0.0,9.0,0.0,0,0,0,none,sustained,342.68,577.32
2026-01-28 14:12:43.517815,0.25,0.0,99.75,77.0,157.0,0.19,1458.56,2457.26,0.0,9,18,0,0.0,0,0.0,0.0,9.0,0.0,0,0,0,none,sustained,342.68,577.32
2026-01-28 14:12:44.552439,0.51,1.01,98.48,304.0,362.0,0.19,1445.61,2470.22,0.0,9,18,0,0.0,0,42.0,42.0,9.0,0.0,0,0,0,none,sustained,339.64,580.36
2026-01-28 14:12:45.587414,0.0,0.0,100.0,88.0,214.0,0.17,1445.66,2470.17,0.0,9,18,0,0.0,0,0.0,0.0,9.0,0.0,0,0,0,none,sustained,339.65,580.35
2026-01-28 14:12:46.612882,0.25,0.25,99.5,215.0,353.0,0.17,1445.66,2470.17,0.0,9,18,0,0.0,0,0.0,0.0,9.0,0.0,0,0,0,none,sustained,339.65,580.35
2026-01-28 14:12:47.645681,0.0,0.0,100.0,81.0,120.0,0.17,1445.66,2470.17,0.0,9,18,0,0.0,0,0.0,0.0,9.0,0.0,0,0,0,none,sustained,339.65,580.35
2026-01-28 14:12:48.664401,0.0,0.0,100.0,80.0,224.0,0.17,1445.66,2470.17,0.0,9,18,0,0.0,0,0.0,0.0,9.0,0.0,0,0,0,none,sustained,339.65,580.35
2026-01-28 14:12:49.690423,2.35,1.83,95.82,409.0,974.0,0.17,1447.13,2468.69,0.0,9,18,0,0.0,0,98.0,98.0,9.0,0.0,0,0,0,none,sustained,340.0,580.0
2026-01-28 14:12:50.714997,0.25,0.0,99.75,96.0,197.0,0.16,1447.13,2468.69,0.0,9,18,0,0.0,0,0.0,0.0,9.0,0.0,0,0,0,none,sustained,340.0,580.0
2026-01-28 14:12:51.753825,0.25,0.25,99.5,169.0,391.0,0.16,1447.13,2468.69,0.0,9,18,0,0.0,0,0.0,0.0,9.0,0.0,0,0,0,none,sustained,340.0,580.0
2026-01-28 14:12:52.782891,0.0,0.0,100.0,155.0,304.0,0.16,1447.13,2468.69,0.0,9,18,0,0.0,0,0.0,0.0,9.0,0.0,0,0,0,none,sustained,340.0,580.0
2026-01-28 14:12:53.812251,0.25,0.25,99.5,119.0,300.0,0.16,1447.13,2468.69,0.0,9,18,0,0.0,0,0.0,0.0,9.0,0.0,0,0,0,none,sustained,340.0,580.0
2026-01-28 14:12:54.837974,3.69,0.53,95.78,466.0,1038.0,0.16,1451.93,2463.89,0.0,9,18,0,0.0,0,0.0,0.0,9.0,0.0,0,0,0,none,sustained,341.12,578.88
2026-01-28 14:12:55.885424,0.0,0.24,99.76,100.0,153.0,0.15,1451.93,2463.89,0.0,9,18,0,0.0,0,0.0,0.0,9.0,0.0,0,0,0,none,sustained,341.12,578.88
2026-01-28 14:12:56.916757,0.49,0.0,99.51,76.0,194.0,0.15,1451.93,2463.89,0.0,9,18,0,0.0,0,0.0,0.0,9.0,0.0,0,0,0,none,sustained,341.12,578.88
2026-01-28 14:12:57.943416,0.0,0.25,99.75,149.0,244.0,0.15,1451.93,2463.89,0.0,9,18,0,0.0,0,0.0,0.0,9.0,0.0,0,0,0,none,sustained,341.12,578.88
2026-01-28 14:12:58.967881,0.25,0.0,99.75,68.0,166.0,0.15,1451.93,2463.89,0.0,9,18,0,0.0,0,0.0,0.0,9.0,0.0,0,0,0,none,sustained,341.12,578.88
2026-01-28 14:12:59.996217,2.59,0.52,96.89,318.0,634.0,0.15,1452.18,2463.64,0.0,9,18,0,0.0,0,98.0,98.0,9.0,0.0,0,0,0,none,sustained,341.18,578.82
2026-01-28 14:13:01.025005,0.25,0.0,99.75,208.0,331.0,0.13,1452.18,2463.64,0.0,9,18,0,0.0,0,0.0,0.0,9.0,0.0,0,0,0,none,sustained,341.18,578.82
2026-01-28 14:13:02.055704,0.25,0.25,99.5,164.0,287.0,0.13,1452.17,2463.65,0.0,9,18,0,0.0,0,0.0,0.0,9.0,0.0,0,0,0,none,sustained,341.18,578.82
2026-01-28 14:13:03.081200,0.0,0.0,100.0,173.0,384.0,0.13,1452.17,2463.65,0.0,9,18,0,0.0,0,0.0,0.0,9.0,0.0,0,0,0,none,sustained,341.18,578.82
2026-01-28 14:13:04.111799,0.25,0.0,99.75,84.0,193.0,0.13,1452.17,2463.65,0.0,9,18,0,0.0,0,0.0,0.0,9.0,0.0,0,0,0,none,sustained,341.18,578.82
2026-01-28 14:13:05.137999,0.26,0.0,99.74,161.0,239.0,0.13,1448.17,2467.65,0.0,9,18,0,0.0,0,0.0,0.0,9.0,0.0,0,0,0,none,sustained,340.24,579.76
2026-01-28 14:13:06.160027,0.0,0.25,99.75,150.0,270.0,0.12,1448.16,2467.66,0.0,9,18,0,0.0,0,0.0,0.0,9.0,0.0,0,0,0,none,sustained,340.24,579.76
2026-01-28 14:13:07.217237,0.48,0.0,99.52,90.0,151.0,0.12,1448.16,2467.66,0.0,9,18,0,0.0,0,0.0,0.0,9.0,0.0,0,0,0,none,sustained,340.24,579.76
2026-01-28 14:13:08.244458,0.0,0.0,100.0,108.0,205.0,0.12,1448.16,2467.66,0.0,9,18,0,0.0,0,0.0,0.0,9.0,0.0,0,0,0,none,sustained,340.24,579.76
2026-01-28 14:13:09.272898,0.25,0.25,99.5,126.0,256.0,0.12,1448.16,2467.66,0.0,9,18,0,0.0,0,0.0,0.0,9.0,0.0,0,0,0,none,sustained,340.24,579.76
2026-01-28 14:13:10.607007,0.66,0.22,99.12,404.0,414.0,0.11,1449.09,2466.74,0.0,9,18,0,0.0,0,98.0,98.0,9.0,0.0,0,0,0,none,sustained,340.45,579.55
2026-01-28 14:13:11.625311,0.25,0.0,99.75,121.0,222.0,0.11,1449.08,2466.74,0.0,9,18,0,0.0,0,0.0,0.0,9.0,0.0,0,0,0,none,sustained,340.45,579.55
2026-01-28 14:13:12.652729,0.5,0.25,99.25,183.0,312.0,0.11,1449.08,2466.74,0.0,9,18,0,0.0,0,0.0,0.0,9.0,0.0,0,0,0,none,sustained,340.45,579.55
2026-01-28 14:13:13.675215,0.0,0.25,99.75,218.0,422.0,0.11,1449.08,2466.74,0.0,9,18,0,0.0,0,0.0,0.0,9.0,0.0,0,0,0,none,sustained,340.45,579.55
2026-01-28 14:13:14.709655,5.45,2.72,91.83,3032.0,1773.0,0.11,1432.58,2483.24,0.0,9,18,0,0.0,0,0.0,0.0,9.0,0.0,0,0,0,none,sustained,336.58,583.42
2026-01-28 14:13:15.741812,0.78,0.26,98.97,343.0,577.0,0.1,1433.41,2482.42,0.0,9,18,0,0.0,0,42.0,42.0,9.0,0.0,0,0,0,none,sustained,336.77,583.23
2026-01-28 14:13:16.766074,0.25,0.0,99.75,177.0,346.0,0.1,1433.39,2482.43,0.0,9,18,0,0.0,0,0.0,0.0,9.0,0.0,0,0,0,none,sustained,336.77,583.23
2026-01-28 14:13:17.791385,0.0,0.0,100.0,164.0,238.0,0.1,1433.39,2482.43,0.0,9,18,0,0.0,0,0.0,0.0,9.0,0.0,0,0,0,none,sustained,336.77,583.23
2026-01-28 14:13:18.822573,0.5,0.25,99.25,202.0,341.0,0.1,1433.38,2482.44,0.0,9,18,0,0.0,0,0.0,0.0,9.0,0.0,0,0,0,none,sustained,336.76,583.24
2026-01-28 14:13:19.845886,0.0,0.0,100.0,117.0,187.0,0.1,1429.38,2486.44,0.0,9,18,0,0.0,0,0.0,0.0,9.0,0.0,0,0,0,none,sustained,335.82,584.18
2026-01-28 14:13:21.346464,0.71,0.18,99.11,392.0,886.0,0.18,1426.43,2489.39,0.0,9,18,0,0.0,0,98.0,98.0,9.0,0.0,0,0,0,none,sustained,335.13,584.87
2026-01-28 14:13:22.523707,0.0,0.0,100.0,111.0,217.0,0.18,1426.43,2489.39,0.0,9,18,0,0.0,0,0.0,0.0,9.0,0.0,0,0,0,none,sustained,335.13,584.87
2026-01-28 14:13:23.711418,0.21,0.43,99.36,170.0,278.0,0.18,1426.43,2489.39,0.0,9,18,0,0.0,0,0.0,0.0,9.0,0.0,0,0,0,none,sustained,335.13,584.87
2026-01-28 14:13:25.004707,2.23,0.61,97.17,393.0,1010.0,0.18,1426.43,2489.39,0.0,9,18,0,0.0,0,0.0,0.0,9.0,0.0,0,0,0,none,sustained,335.13,584.87
2026-01-28 14:13:26.025876,1.8,0.26,97.94,366.0,731.0,0.16,1419.4,2496.43,0.0,9,18,0,0.0,0,0.0,0.0,9.0,0.0,0,0,0,none,sustained,333.48,586.52
2026-01-28 14:13:27.052926,0.25,0.25,99.5,203.0,279.0,0.16,1419.39,2496.43,0.0,9,18,0,0.0,0,0.0,0.0,9.0,0.0,0,0,0,none,sustained,333.48,586.52
2026-01-28 14:13:28.074860,0.25,0.0,99.75,119.0,245.0,0.16,1419.39,2496.43,0.0,9,18,0,0.0,0,0.0,0.0,9.0,0.0,0,0,0,none,sustained,333.48,586.52
2026-01-28 14:13:29.103734,0.25,0.25,99.5,187.0,329.0,0.16,1419.39,2496.43,0.0,9,18,0,0.0,0,0.0,0.0,9.0,0.0,0,0,0,none,sustained,333.48,586.52
2026-01-28 14:13:30.132688,0.0,0.0,100.0,155.0,263.0,0.16,1419.39,2496.43,0.0,9,16,0,0.0,0,0.0,0.0,9.0,0.0,0,0,0,none,sustained,333.48,586.52
2026-01-28 14:13:31.158305,2.84,1.03,96.13,381.0,748.0,0.15,1419.38,2496.44,0.0,9,18,0,0.0,0,98.0,98.0,9.0,0.0,0,0,0,none,sustained,333.48,586.52
2026-01-28 14:13:32.181671,0.25,0.5,99.25,152.0,261.0,0.15,1419.38,2496.44,0.0,9,18,0,0.0,0,0.0,0.0,9.0,0.0,0,0,0,none,sustained,333.48,586.52
2026-01-28 14:13:33.242550,0.24,0.0,99.76,110.0,147.0,0.15,1419.38,2496.44,0.0,9,18,0,0.0,0,0.0,0.0,9.0,0.0,0,0,0,none,sustained,333.48,586.52
2026-01-28 14:13:34.266404,0.0,0.0,100.0,146.0,181.0,0.15,1419.38,2496.44,0.0,9,18,0,0.0,0,0.0,0.0,9.0,0.0,0,0,0,none,sustained,333.48,586.52
2026-01-28 14:13:35.298273,0.25,0.25,99.5,155.0,239.0,0.15,1419.38,2496.44,0.0,9,18,0,0.0,0,0.0,0.0,9.0,0.0,0,0,0,none,sustained,333.48,586.52
2026-01-28 14:13:36.323966,0.52,0.52,98.97,355.0,543.0,0.22,1419.62,2496.2,0.0,9,18,0,0.0,0,42.0,42.0,9.0,0.0,0,0,0,none,sustained,333.53,586.47
2026-01-28 14:13:37.353023,0.25,0.0,99.75,130.0,319.0,0.22,1419.56,2496.27,0.0,9,18,0,0.0,0,0.0,0.0,9.0,0.0,0,0,0,none,sustained,333.52,586.48
2026-01-28 14:13:38.372417,0.0,0.0,100.0,165.0,264.0,0.22,1419.56,2496.27,0.0,9,18,0,0.0,0,0.0,0.0,9.0,0.0,0,0,0,none,sustained,333.52,586.48
2026-01-28 14:13:39.396587,0.0,0.25,99.75,170.0,343.0,0.22,1419.56,2496.27,0.0,9,18,0,0.0,0,0.0,0.0,9.0,0.0,0,0,0,none,sustained,333.52,586.48
2026-01-28 14:13:40.420045,0.25,0.25,99.5,109.0,224.0,0.22,1419.56,2496.27,0.0,9,18,0,0.0,0,0.0,0.0,9.0,0.0,0,0,0,none,sustained,333.52,586.48
2026-01-28 14:13:41.444803,3.62,0.78,95.61,420.0,785.0,0.36,1420.52,2495.3,0.0,9,18,0,0.0,0,98.0,98.0,9.0,0.0,0,0,0,none,sustained,333.74,586.26
2026-01-28 14:13:42.472783,0.25,0.25,99.5,191.0,474.0,0.36,1420.51,2495.32,0.0,9,18,0,0.0,0,0.0,0.0,9.0,0.0,0,0,0,none,sustained,333.74,586.26
2026-01-28 14:13:43.497966,0.25,0.0,99.75,102.0,337.0,0.36,1420.51,2495.32,0.0,9,18,0,0.0,0,0.0,0.0,9.0,0.0,0,0,0,none,sustained,333.74,586.26
2026-01-28 14:13:44.525667,0.5,0.5,98.99,244.0,524.0,0.36,1420.51,2495.32,0.0,9,18,0,0.0,0,0.0,0.0,9.0,0.0,0,0,0,none,sustained,333.74,586.26
2026-01-28 14:13:45.557799,0.0,0.0,100.0,191.0,218.0,0.33,1420.51,2495.32,0.0,9,18,0,0.0,0,0.0,0.0,9.0,0.0,0,0,0,none,sustained,333.74,586.26
2026-01-28 14:13:46.587330,2.02,1.52,96.46,455.0,710.0,0.33,1416.51,2499.32,0.0,9,18,0,0.0,0,0.0,0.0,9.0,0.0,0,0,0,none,sustained,332.8,587.2
2026-01-28 14:13:47.652267,0.24,0.0,99.76,102.0,170.0,0.33,1416.51,2499.32,0.0,9,18,0,0.0,0,0.0,0.0,9.0,0.0,0,0,0,none,sustained,332.8,587.2
2026-01-28 14:13:48.681935,0.0,0.0,100.0,73.0,111.0,0.33,1416.5,2499.32,0.0,9,18,0,0.0,0,0.0,0.0,9.0,0.0,0,0,0,none,sustained,332.8,587.2
2026-01-28 14:13:49.713754,0.0,0.0,100.0,169.0,246.0,0.33,1416.5,2499.32,0.0,9,18,0,0.0,0,0.0,0.0,9.0,0.0,0,0,0,none,sustained,332.8,587.2
2026-01-28 14:13:50.736736,1.0,0.25,98.75,126.0,347.0,0.3,1416.5,2499.32,0.0,9,18,0,0.0,0,0.0,0.0,9.0,0.0,0,0,0,none,sustained,332.8,587.2
2026-01-28 14:13:51.754962,2.58,0.78,96.64,404.0,746.0,0.3,1413.13,2502.7,0.0,9,18,0,0.0,0,98.0,98.0,9.0,0.0,0,0,0,none,sustained,332.01,587.99
2026-01-28 14:13:52.773980,0.0,0.25,99.75,205.0,388.0,0.3,1413.08,2502.74,0.0,9,18,0,0.0,0,0.0,0.0,9.0,0.0,0,0,0,none,sustained,332.0,588.0
2026-01-28 14:13:53.801234,0.25,0.25,99.51,69.0,164.0,0.3,1413.08,2502.74,0.0,9,18,0,0.0,0,0.0,0.0,9.0,0.0,0,0,0,none,sustained,332.0,588.0
2026-01-28 14:13:54.829783,0.25,0.25,99.5,189.0,465.0,0.3,1413.08,2502.74,0.0,9,18,0,0.0,0,0.0,0.0,9.0,0.0,0,0,0,none,sustained,332.0,588.0
2026-01-28 14:13:55.969180,0.92,0.23,98.85,216.0,537.0,0.28,1417.08,2498.74,0.0,9,18,0,0.0,0,42.0,42.0,9.0,0.0,0,0,0,none,sustained,332.94,587.06
2026-01-28 14:13:57.527365,0.16,0.16,99.67,215.0,328.0,0.28,1417.08,2498.74,0.0,9,18,0,0.0,0,0.0,0.0,9.0,0.0,0,0,0,none,sustained,332.94,587.06
2026-01-28 14:13:58.810768,0.41,0.2,99.39,342.0,540.0,0.28,1417.08,2498.74,0.0,9,18,0,0.0,0,0.0,0.0,9.0,0.0,0,0,0,none,sustained,332.94,587.06
2026-01-28 14:14:00.628492,0.14,0.14,99.72,423.0,576.0,0.26,1417.08,2498.75,0.0,9,18,0,0.0,0,0.0,0.0,9.0,0.0,0,0,0,none,sustained,332.93,587.07
2026-01-28 14:14:01.756335,2.31,1.15,96.54,442.0,712.0,0.26,1417.22,2498.6,0.0,9,18,0,0.0,0,98.0,98.0,9.0,0.0,0,0,0,none,sustained,332.97,587.03
2026-01-28 14:14:03.171579,0.74,0.55,98.71,315.0,1036.0,0.26,1417.32,2498.5,0.0,9,18,0,0.0,0,0.0,0.0,9.0,0.0,0,0,0,none,sustained,332.99,587.01
2026-01-28 14:14:04.197883,0.74,0.74,98.51,210.0,384.0,0.26,1417.32,2498.51,0.0,9,18,0,0.0,0,0.0,0.0,9.0,0.0,0,0,0,none,sustained,332.99,587.01
2026-01-28 14:14:05.221117,0.0,0.0,100.0,139.0,147.0,0.26,1417.32,2498.51,0.0,9,18,0,0.0,0,0.0,0.0,9.0,0.0,0,0,0,none,sustained,332.99,587.01
2026-01-28 14:14:06.246860,0.25,0.25,99.5,133.0,146.0,0.24,1417.32,2498.51,0.0,9,18,0,0.0,0,0.0,0.0,9.0,0.0,0,0,0,none,sustained,332.99,587.01
2026-01-28 14:14:07.261344,0.0,0.0,100.0,122.0,191.0,0.24,1417.32,2498.51,0.0,9,18,0,0.0,0,0.0,0.0,9.0,0.0,0,0,0,none,sustained,332.99,587.01
2026-01-28 14:14:08.285355,0.0,0.0,100.0,209.0,222.0,0.24,1421.32,2494.51,0.0,9,18,0,0.0,0,0.0,0.0,9.0,0.0,0,0,0,none,sustained,333.93,586.07
2026-01-28 14:14:09.416290,0.23,0.23,99.55,112.0,320.0,0.24,1421.29,2494.54,0.0,9,18,0,0.0,0,0.0,0.0,9.0,0.0,0,0,0,none,sustained,333.92,586.08
2026-01-28 14:14:10.530614,0.23,0.23,99.54,146.0,263.0,0.24,1421.29,2494.54,0.0,9,18,0,0.0,0,0.0,0.0,9.0,0.0,0,0,0,none,sustained,333.92,586.08
2026-01-28 14:14:11.607918,0.24,0.24,99.52,261.0,311.0,0.38,1422.69,2493.13,0.0,9,18,0,0.0,0,98.0,98.0,9.0,0.0,0,0,0,none,sustained,334.25,585.75
2026-01-28 14:14:12.635913,0.0,0.0,100.0,101.0,293.0,0.38,1422.68,2493.14,0.0,9,18,0,0.0,0,0.0,0.0,9.0,0.0,0,0,0,none,sustained,334.25,585.75
2026-01-28 14:14:13.790035,0.69,0.46,98.85,306.0,729.0,0.38,1428.18,2487.64,0.0,9,18,0,0.0,0,0.0,0.0,9.0,0.0,0,0,0,none,sustained,335.54,584.46
2026-01-28 14:14:14.817818,0.25,0.25,99.5,196.0,293.0,0.38,1428.16,2487.67,0.0,9,18,0,0.0,0,0.0,0.0,9.0,0.0,0,0,0,none,sustained,335.54,584.46
2026-01-28 14:14:15.860946,0.25,0.25,99.51,224.0,319.0,0.35,1428.17,2487.65,0.0,9,18,0,0.0,0,0.0,0.0,9.0,0.0,0,0,0,none,sustained,335.54,584.46
2026-01-28 14:14:16.882354,0.25,0.0,99.75,184.0,273.0,0.35,1428.17,2487.65,0.0,9,18,0,0.0,0,0.0,0.0,9.0,0.0,0,0,0,none,sustained,335.54,584.46
2026-01-28 14:14:17.907481,0.0,0.25,99.75,144.0,251.0,0.35,1428.17,2487.65,0.0,9,18,0,0.0,0,0.0,0.0,9.0,0.0,0,0,0,none,sustained,335.54,584.46
2026-01-28 14:14:18.935242,3.28,1.26,95.45,389.0,1020.0,0.35,1421.71,2494.11,0.0,9,18,0,0.0,0,0.0,0.0,9.0,0.0,0,0,0,none,sustained,334.02,585.98
2026-01-28 14:14:19.953404,0.25,0.0,99.75,180.0,331.0,0.35,1421.71,2494.11,0.0,9,18,0,0.0,0,0.0,0.0,9.0,0.0,0,0,0,none,sustained,334.02,585.98
2026-01-28 14:14:20.980909,0.0,0.0,100.0,114.0,266.0,0.4,1421.71,2494.12,0.0,9,18,0,0.0,0,0.0,0.0,9.0,0.0,0,0,0,none,sustained,334.02,585.98
2026-01-28 14:14:22.003841,1.79,0.77,97.44,312.0,791.0,0.4,1421.71,2494.12,0.0,9,18,0,0.0,0,98.0,98.0,9.0,0.0,0,0,0,none,sustained,334.02,585.98
2026-01-28 14:14:23.042895,0.25,0.25,99.51,164.0,376.0,0.4,1421.71,2494.11,0.0,9,18,0,0.0,0,0.0,0.0,9.0,0.0,0,0,0,none,sustained,334.02,585.98
2026-01-28 14:14:24.065029,2.28,0.25,97.46,320.0,690.0,0.4,1417.36,2498.46,0.0,9,18,0,0.0,0,0.0,0.0,9.0,0.0,0,0,0,none,sustained,333.0,587.0
2026-01-28 14:14:25.093009,0.0,0.25,99.75,161.0,220.0,0.4,1417.36,2498.47,0.0,9,18,0,0.0,0,0.0,0.0,9.0,0.0,0,0,0,none,sustained,333.0,587.0
2026-01-28 14:14:26.121457,2.05,1.03,96.92,372.0,654.0,0.37,1417.36,2498.47,0.0,9,18,0,0.0,0,0.0,0.0,9.0,0.0,0,0,0,none,sustained,333.0,587.0
2026-01-28 14:14:27.150572,0.0,0.0,100.0,72.0,154.0,0.37,1417.36,2498.47,0.0,9,18,0,0.0,0,42.0,42.0,9.0,0.0,0,0,0,none,sustained,333.0,587.0
2026-01-28 14:14:28.176845,0.25,0.25,99.5,196.0,278.0,0.37,1417.36,2498.47,0.0,9,18,0,0.0,0,0.0,0.0,9.0,0.0,0,0,0,none,sustained,333.0,587.0
2026-01-28 14:14:29.193295,1.02,0.26,98.72,233.0,631.0,0.37,1418.22,2497.6,0.0,9,18,0,0.0,0,0.0,0.0,9.0,0.0,0,0,0,none,sustained,333.2,586.8
2026-01-28 14:14:30.220036,0.76,0.51,98.74,278.0,535.0,0.37,1418.22,2497.6,0.0,9,18,0,0.0,0,0.0,0.0,9.0,0.0,0,0,0,none,sustained,333.2,586.8
2026-01-28 14:14:31.328419,0.23,0.23,99.54,141.0,303.0,0.34,1418.33,2497.49,0.0,9,18,0,0.0,0,0.0,0.0,9.0,0.0,0,0,0,none,sustained,333.23,586.77
2026-01-28 14:14:32.450472,0.23,0.0,99.77,158.0,272.0,0.34,1418.32,2497.5,0.0,9,18,0,0.0,0,0.0,0.0,9.0,0.0,0,0,0,none,sustained,333.23,586.77
2026-01-28 14:14:33.617962,1.12,0.22,98.65,297.0,577.0,0.34,1418.32,2497.5,0.0,9,18,0,0.0,0,98.0,98.0,9.0,0.0,0,0,0,none,sustained,333.23,586.77
2026-01-28 14:14:34.639233,1.53,1.02,97.44,362.0,656.0,0.34,1418.33,2497.5,0.0,8,16,0,0.0,0,0.0,0.0,8.0,0.0,0,0,0,none,sustained,333.23,586.77
2026-01-28 14:14:35.736617,0.93,0.23,98.83,212.0,544.0,0.31,1419.8,2496.02,0.0,9,18,0,0.0,0,0.0,0.0,9.0,0.0,0,0,0,none,sustained,333.57,586.43
2026-01-28 14:14:37.790546,0.25,0.12,99.63,339.0,639.0,0.31,1419.79,2496.03,0.0,9,18,0,0.0,0,0.0,0.0,9.0,0.0,0,0,0,none,sustained,333.57,586.43
2026-01-28 14:14:39.761452,0.26,0.0,99.74,234.0,527.0,0.31,1419.79,2496.03,0.0,9,16,0,0.0,0,42.0,42.0,9.0,0.0,0,0,0,none,sustained,333.57,586.43
2026-01-28 14:14:41.613603,0.98,0.42,98.6,549.0,1001.0,0.29,1421.02,2494.8,0.0,9,18,0,0.0,0,0.0,0.0,9.0,0.0,0,0,0,none,sustained,333.86,586.14
2026-01-28 14:14:44.004389,0.11,0.0,99.89,276.0,608.0,0.29,1421.02,2494.8,0.0,9,18,0,0.0,0,0.0,0.0,9.0,0.0,0,0,0,none,sustained,333.86,586.14
2026-01-28 14:14:45.040514,3.82,1.02,95.17,440.0,913.0,0.29,1425.26,2490.56,0.0,9,18,0,0.0,0,98.0,98.0,9.0,0.0,0,0,0,none,sustained,334.86,585.14
2026-01-28 14:14:46.151327,0.47,0.23,99.3,256.0,550.0,0.26,1425.26,2490.57,0.0,9,18,0,0.0,0,0.0,0.0,9.0,0.0,0,0,0,none,sustained,334.86,585.14
2026-01-28 14:14:48.109370,0.0,0.0,100.0,236.0,541.0,0.26,1425.26,2490.57,0.0,9,18,0,0.0,0,0.0,0.0,9.0,0.0,0,0,0,none,sustained,334.86,585.14
2026-01-28 14:14:49.721102,0.16,0.16,99.68,257.0,490.0,0.26,1425.26,2490.57,0.0,9,18,0,0.0,0,0.0,0.0,9.0,0.0,0,0,0,none,sustained,334.86,585.14
2026-01-28 14:14:50.898348,1.55,0.88,97.57,353.0,768.0,0.24,1425.26,2490.57,0.0,9,18,0,0.0,0,0.0,0.0,9.0,0.0,0,0,0,none,sustained,334.86,585.14
2026-01-28 14:14:51.928407,0.5,0.25,99.25,186.0,460.0,0.24,1425.26,2490.57,0.0,9,18,0,0.0,0,0.0,0.0,9.0,0.0,0,0,0,none,sustained,334.86,585.14
2026-01-28 14:14:53.675445,0.0,0.0,100.0,219.0,610.0,0.24,1425.26,2490.57,0.0,9,18,0,0.0,0,0.0,0.0,9.0,0.0,0,0,0,none,sustained,334.86,585.14
2026-01-28 14:14:55.078698,1.47,0.74,97.79,308.0,901.0,0.24,1420.41,2495.41,0.0,9,18,0,0.0,0,98.0,98.0,9.0,0.0,0,0,0,none,sustained,333.72,586.28
2026-01-28 14:14:56.121075,3.12,1.04,95.84,465.0,1042.0,0.3,1420.4,2495.42,0.0,9,18,0,0.0,0,0.0,0.0,9.0,0.0,0,0,0,none,sustained,333.72,586.28
2026-01-28 14:14:57.149621,0.25,0.25,99.5,141.0,298.0,0.3,1420.4,2495.42,0.0,9,18,0,0.0,0,0.0,0.0,9.0,0.0,0,0,0,none,sustained,333.72,586.28
2026-01-28 14:14:58.558041,0.18,0.0,99.82,187.0,565.0,0.3,1420.4,2495.42,0.0,9,18,0,0.0,0,0.0,0.0,9.0,0.0,0,0,0,none,sustained,333.72,586.28
2026-01-28 14:14:59.968880,0.18,0.18,99.64,192.0,493.0,0.3,1420.4,2495.42,0.0,9,18,0,0.0,0,0.0,0.0,9.0,0.0,0,0,0,none,sustained,333.72,586.28
2026-01-28 14:15:01.052218,2.7,0.98,96.31,483.0,956.0,0.36,1418.12,2497.7,0.0,9,18,0,0.0,0,0.0,0.0,9.0,0.0,0,0,0,none,sustained,333.18,586.82
2026-01-28 14:15:02.079703,0.5,0.5,98.99,246.0,505.0,0.36,1418.37,2497.45,0.0,9,18,0,0.0,0,0.0,0.0,9.0,0.0,0,0,0,none,sustained,333.24,586.76
2026-01-28 14:15:04.265390,0.12,0.0,99.88,324.0,434.0,0.36,1418.36,2497.46,0.0,9,18,0,0.0,0,0.0,0.0,9.0,0.0,0,0,0,none,sustained,333.24,586.76
2026-01-28 14:15:05.299880,0.78,0.26,98.96,311.0,569.0,0.36,1418.36,2497.46,0.0,9,18,0,0.0,0,98.0,98.0,9.0,0.0,0,0,0,none,sustained,333.24,586.76
2026-01-28 14:15:06.331061,0.51,0.26,99.23,381.0,646.0,0.33,1420.08,2495.74,0.0,9,18,0,0.0,0,0.0,0.0,9.0,0.0,0,0,0,none,sustained,333.64,586.36
2026-01-28 14:15:07.355455,0.25,0.0,99.75,159.0,447.0,0.33,1420.08,2495.74,0.0,9,18,0,0.0,0,0.0,0.0,9.0,0.0,0,0,0,none,sustained,333.64,586.36
2026-01-28 14:15:08.460586,0.23,0.46,99.3,211.0,429.0,0.33,1420.07,2495.76,0.0,9,18,0,0.0,0,0.0,0.0,9.0,0.0,0,0,0,none,sustained,333.64,586.36
2026-01-28 14:15:09.482836,0.25,0.25,99.49,218.0,552.0,0.33,1420.07,2495.76,0.0,9,18,0,0.0,0,0.0,0.0,9.0,0.0,0,0,0,none,sustained,333.64,586.36
2026-01-28 14:15:10.615263,0.23,0.23,99.55,203.0,437.0,0.3,1420.07,2495.76,0.0,9,18,0,0.0,0,0.0,0.0,9.0,0.0,0,0,0,none,sustained,333.64,586.36
2026-01-28 14:15:12.024709,0.55,0.55,98.89,395.0,632.0,0.3,1421.35,2494.47,0.0,9,18,0,0.0,0,0.0,0.0,9.0,0.0,0,0,0,none,sustained,333.94,586.06
2026-01-28 14:15:13.384753,0.19,0.19,99.63,155.0,422.0,0.3,1421.35,2494.47,0.0,9,18,0,0.0,0,0.0,0.0,9.0,0.0,0,0,0,none,sustained,333.94,586.06
2026-01-28 14:15:14.468674,0.24,0.48,99.29,167.0,429.0,0.3,1421.35,2494.47,0.0,9,18,0,0.0,0,0.0,0.0,9.0,0.0,0,0,0,none,sustained,333.94,586.06
2026-01-28 14:15:15.672373,1.93,0.86,97.21,350.0,838.0,0.28,1421.35,2494.47,0.0,9,18,0,0.0,0,98.0,98.0,9.0,0.0,0,0,0,none,sustained,333.94,586.06
2026-01-28 14:15:16.856513,1.33,0.66,98.01,321.0,843.0,0.28,1428.55,2487.27,0.0,9,18,0,0.0,0,0.0,0.0,9.0,0.0,0,0,0,none,sustained,335.63,584.37
2026-01-28 14:15:17.882965,0.5,0.0,99.5,168.0,472.0,0.28,1428.55,2487.28,0.0,9,18,0,0.0,0,0.0,0.0,9.0,0.0,0,0,0,none,sustained,335.63,584.37
2026-01-28 14:15:18.903935,0.25,0.5,99.25,179.0,467.0,0.28,1428.55,2487.28,0.0,9,18,0,0.0,0,0.0,0.0,9.0,0.0,0,0,0,none,sustained,335.63,584.37
2026-01-28 14:15:19.926770,0.0,0.0,100.0,126.0,444.0,0.28,1428.55,2487.28,0.0,9,18,0,0.0,0,84.0,84.0,9.0,0.0,0,0,0,none,sustained,335.63,584.37
2026-01-28 14:15:20.993521,0.48,0.24,99.28,159.0,418.0,0.26,1428.55,2487.28,0.0,9,18,0,0.0,0,0.0,0.0,9.0,0.0,0,0,0,none,sustained,335.63,584.37
2026-01-28 14:15:22.015990,0.52,0.52,98.95,360.0,691.0,0.26,1430.45,2485.37,0.0,9,18,0,0.0,0,0.0,0.0,9.0,0.0,0,0,0,none,sustained,336.08,583.92
2026-01-28 14:15:23.152326,0.22,0.0,99.78,94.0,356.0,0.26,1430.45,2485.38,0.0,9,18,0,0.0,0,0.0,0.0,9.0,0.0,0,0,0,none,sustained,336.08,583.92
2026-01-28 14:15:24.712438,0.16,0.16,99.67,243.0,498.0,0.26,1430.45,2485.38,0.0,9,18,0,0.0,0,0.0,0.0,9.0,0.0,0,0,0,none,sustained,336.08,583.92
2026-01-28 14:15:25.741041,3.62,1.03,95.35,439.0,884.0,0.24,1435.92,2479.9,0.0,9,18,0,0.0,0,98.0,98.0,9.0,0.0,0,0,0,none,sustained,337.36,582.64
2026-01-28 14:15:27.379889,1.1,0.94,97.96,422.0,886.0,0.24,1437.05,2478.77,0.0,9,18,0,0.0,0,0.0,0.0,9.0,0.0,0,0,0,none,sustained,337.63,582.37
2026-01-28 14:15:29.249839,0.14,0.0,99.86,217.0,418.0,0.24,1437.05,2478.77,0.0,9,18,0,0.0,0,0.0,0.0,9.0,0.0,0,0,0,none,sustained,337.63,582.37
2026-01-28 14:15:30.341271,0.0,0.24,99.76,176.0,321.0,0.24,1437.05,2478.77,0.0,9,18,0,0.0,0,0.0,0.0,9.0,0.0,0,0,0,none,sustained,337.63,582.37
2026-01-28 14:15:31.422695,0.24,0.0,99.76,171.0,269.0,0.22,1437.05,2478.77,0.0,9,18,0,0.0,0,0.0,0.0,9.0,0.0,0,0,0,none,sustained,337.63,582.37
2026-01-28 14:15:33.155006,1.05,0.45,98.51,428.0,896.0,0.22,1429.77,2486.05,0.0,9,18,0,0.0,0,0.0,0.0,9.0,0.0,0,0,0,none,sustained,335.92,584.08
2026-01-28 14:15:34.454424,0.2,0.0,99.8,184.0,379.0,0.22,1429.79,2486.04,0.0,9,18,0,0.0,0,0.0,0.0,9.0,0.0,0,0,0,none,sustained,335.92,584.08
2026-01-28 14:15:36.560387,0.37,0.25,99.39,431.0,731.0,0.2,1427.82,2488.0,0.0,9,18,0,0.0,0,98.0,98.0,9.0,0.0,0,0,0,none,sustained,335.46,584.54
2026-01-28 14:15:37.601128,0.0,0.25,99.75,135.0,213.0,0.2,1427.82,2488.0,0.0,9,18,0,0.0,0,0.0,0.0,9.0,0.0,0,0,0,none,sustained,335.46,584.54
2026-01-28 14:15:38.752029,0.68,0.23,99.09,293.0,547.0,0.2,1424.6,2491.23,0.0,9,18,0,0.0,0,0.0,0.0,9.0,0.0,0,0,0,none,sustained,334.7,585.3
2026-01-28 14:15:39.833202,0.0,0.0,100.0,116.0,286.0,0.2,1424.48,2491.34,0.0,9,18,0,0.0,0,0.0,0.0,9.0,0.0,0,0,0,none,sustained,334.67,585.33
2026-01-28 14:15:40.873589,0.25,0.25,99.51,216.0,360.0,0.18,1424.48,2491.34,0.0,9,18,0,0.0,0,0.0,0.0,9.0,0.0,0,0,0,none,sustained,334.67,585.33
2026-01-28 14:24:32.864766,4.88,0.89,94.24,448.0,1116.0,0.32,1511.16,2404.66,0.0,13,26,0,0.0,0,928.0,928.0,13.0,0.0,1,0,1,none,sustained,355.04,564.96
2026-01-28 14:24:33.906138,2.52,0.76,96.73,297.0,716.0,0.32,1506.06,2409.77,0.0,13,26,0,0.0,0,928.0,928.0,13.0,0.0,1,0,1,none,sustained,353.84,566.16
2026-01-28 14:24:35.051272,1.83,0.46,97.71,320.0,583.0,0.32,1509.5,2406.32,0.0,13,24,0,0.0,0,928.0,928.0,13.0,0.0,1,0,1,none,sustained,354.65,565.35
2026-01-28 14:24:36.079145,1.08,0.54,98.38,463.0,702.0,0.37,1509.54,2406.29,0.0,13,26,0,0.0,0,928.0,928.0,13.0,0.0,1,0,1,none,sustained,354.66,565.34
2026-01-28 14:24:37.104776,1.78,0.51,97.71,258.0,371.0,0.37,1513.53,2402.3,0.0,13,24,0,0.0,0,928.0,928.0,13.0,0.0,1,0,1,none,sustained,355.59,564.41
2026-01-28 14:24:38.176214,0.48,0.0,99.52,238.0,389.0,0.37,1506.82,2409.0,0.0,13,26,0,0.0,0,0.0,0.0,13.0,0.0,1,0,1,none,sustained,354.02,565.98
2026-01-28 14:24:39.654876,1.62,0.36,98.03,376.0,771.0,0.37,1506.43,2409.4,0.0,12,24,0,0.0,0,1026.0,1026.0,12.0,0.0,1,0,1,none,sustained,353.93,566.07
2026-01-28 14:24:40.676030,2.68,1.07,96.25,448.0,931.0,0.37,1504.65,2411.17,0.0,13,26,0,0.0,0,928.0,928.0,13.0,0.0,1,0,1,none,sustained,353.51,566.49
2026-01-28 14:24:41.712153,2.54,0.51,96.95,345.0,701.0,0.34,1499.2,2416.62,0.0,13,26,0,0.0,0,928.0,928.0,13.0,0.0,1,0,1,none,sustained,352.23,567.77
2026-01-28 14:24:42.737956,1.31,0.52,98.17,276.0,637.0,0.34,1498.07,2417.76,0.0,13,26,0,0.0,0,928.0,928.0,13.0,0.0,1,0,1,none,sustained,351.96,568.04
2026-01-28 14:24:43.782199,0.25,0.0,99.75,102.0,217.0,0.34,1498.07,2417.76,0.0,13,26,0,0.0,0,0.0,0.0,13.0,0.0,1,0,1,none,sustained,351.96,568.04
2026-01-28 14:24:44.813065,3.29,0.25,96.46,290.0,785.0,0.34,1498.82,2417.01,0.0,13,26,0,0.0,0,928.0,928.0,13.0,0.0,1,0,1,none,sustained,352.14,567.86
2026-01-28 14:24:45.842201,0.78,0.52,98.71,261.0,352.0,0.39,1496.07,2419.75,0.0,13,26,0,0.0,0,928.0,928.0,13.0,0.0,1,0,1,none,sustained,351.49,568.51
2026-01-28 14:24:46.872611,2.26,1.01,96.73,309.0,767.0,0.39,1498.92,2416.91,0.0,13,26,0,0.0,0,0.0,0.0,13.0,0.0,1,0,1,none,sustained,352.16,567.84
2026-01-28 14:24:47.905077,2.53,0.51,96.97,279.0,667.0,0.39,1494.48,2421.34,0.0,13,26,0,0.0,0,928.0,928.0,13.0,0.0,1,0,1,none,sustained,351.12,568.88
2026-01-28 14:24:48.935507,0.78,0.26,98.96,255.0,456.0,0.39,1500.38,2415.45,0.0,13,26,0,0.0,0,928.0,928.0,13.0,0.0,1,0,1,none,sustained,352.5,567.5
2026-01-28 14:24:49.966736,0.77,0.77,98.47,229.0,480.0,0.39,1489.14,2426.68,0.0,13,26,0,0.0,0,98.0,98.0,13.0,0.0,1,0,1,none,sustained,349.87,570.13
2026-01-28 14:24:51.002807,2.75,0.5,96.75,249.0,786.0,0.36,1498.62,2417.2,0.0,13,26,0,0.0,0,928.0,928.0,13.0,0.0,1,0,1,none,sustained,352.09,567.91
2026-01-28 14:24:52.033811,0.26,0.26,99.48,216.0,371.0,0.36,1499.01,2416.81,0.0,13,26,0,0.0,0,928.0,928.0,13.0,0.0,1,0,1,none,sustained,352.18,567.82
2026-01-28 14:24:53.060979,1.53,0.51,97.95,432.0,643.0,0.36,1499.11,2416.71,0.0,13,26,0,0.0,0,0.0,0.0,13.0,0.0,1,0,1,none,sustained,352.21,567.79
2026-01-28 14:24:54.088788,3.03,0.76,96.21,278.0,739.0,0.36,1503.1,2412.72,0.0,13,26,0,0.0,0,928.0,928.0,13.0,0.0,1,0,1,none,sustained,353.14,566.86
2026-01-28 14:24:55.120209,3.55,0.76,95.69,345.0,878.0,0.36,1501.08,2414.74,0.0,13,26,0,0.0,0,970.0,970.0,13.0,0.0,1,0,1,none,sustained,352.67,567.33
2026-01-28 14:24:56.153227,3.78,0.5,95.72,300.0,800.0,0.33,1501.14,2414.69,0.0,13,26,0,0.0,0,928.0,928.0,13.0,0.0,1,0,1,none,sustained,352.68,567.32
2026-01-28 14:24:57.182850,2.04,0.26,97.7,183.0,558.0,0.33,1499.1,2416.72,0.0,13,26,0,0.0,0,928.0,928.0,13.0,0.0,1,0,1,none,sustained,352.21,567.79
2026-01-28 14:24:58.205327,3.26,1.25,95.49,419.0,1002.0,0.33,1506.05,2409.77,0.0,13,26,0,0.0,0,0.0,0.0,13.0,0.0,1,0,1,none,sustained,353.84,566.16
2026-01-28 14:24:59.247155,2.53,0.51,96.96,323.0,704.0,0.33,1502.18,2413.64,0.0,13,26,0,0.0,0,928.0,928.0,13.0,0.0,1,0,1,none,sustained,352.93,567.07
2026-01-28 14:25:00.278193,3.61,1.03,95.36,466.0,748.0,0.33,1504.82,2411.0,0.0,13,26,0,0.0,0,1026.0,1026.0,13.0,0.0,1,0,1,none,sustained,353.55,566.45
2026-01-28 14:25:01.307416,3.54,0.25,96.2,288.0,654.0,0.31,1505.91,2409.92,0.0,13,26,0,0.0,0,928.0,928.0,13.0,0.0,1,0,1,none,sustained,353.8,566.2
2026-01-28 14:25:02.443577,2.84,1.18,95.97,562.0,1362.0,0.31,1504.86,2410.96,0.0,13,26,0,0.0,0,0.0,0.0,13.0,0.0,1,0,1,none,sustained,353.56,566.44
2026-01-28 14:25:03.506644,2.74,0.75,96.51,483.0,841.0,0.31,1498.91,2416.91,0.0,13,26,0,0.0,0,928.0,928.0,13.0,0.0,1,0,1,none,sustained,352.16,567.84
2026-01-28 14:25:04.616499,2.12,0.24,97.64,287.0,754.0,0.31,1502.91,2412.91,0.0,13,26,0,0.0,0,928.0,928.0,13.0,0.0,1,0,1,none,sustained,353.1,566.9
2026-01-28 14:25:05.694287,0.74,0.49,98.77,268.0,457.0,0.28,1506.91,2408.91,0.0,13,26,0,0.0,0,970.0,970.0,13.0,0.0,1,0,1,none,sustained,354.04,565.96
2026-01-28 14:25:06.712905,1.57,0.52,97.91,370.0,600.0,0.28,1506.77,2409.06,0.0,13,26,0,0.0,0,928.0,928.0,13.0,0.0,1,0,1,none,sustained,354.01,565.99
2026-01-28 14:25:07.742054,0.51,0.0,99.49,168.0,268.0,0.28,1510.77,2405.06,0.0,13,26,0,0.0,0,928.0,928.0,13.0,0.0,1,0,1,none,sustained,354.95,565.05
2026-01-28 14:25:08.765852,1.05,0.79,98.17,463.0,776.0,0.28,1510.02,2405.8,0.0,13,26,0,0.0,0,0.0,0.0,13.0,0.0,1,0,1,none,sustained,354.77,565.23
2026-01-28 14:25:09.825127,2.49,0.25,97.26,325.0,699.0,0.28,1506.02,2409.8,0.0,13,26,0,0.0,0,928.0,928.0,13.0,0.0,1,0,1,none,sustained,353.83,566.17
2026-01-28 14:25:10.898955,2.53,0.76,96.71,426.0,764.0,0.26,1506.02,2409.81,0.0,13,26,0,0.0,0,1026.0,1026.0,13.0,0.0,1,0,1,none,sustained,353.83,566.17
2026-01-28 14:25:12.094702,0.44,0.67,98.89,334.0,579.0,0.26,1508.72,2407.1,0.0,13,26,0,0.0,0,928.0,928.0,13.0,0.0,1,0,1,none,sustained,354.47,565.53
2026-01-28 14:25:13.124288,0.51,0.51,98.98,286.0,402.0,0.26,1508.87,2406.96,0.0,13,26,0,0.0,0,0.0,0.0,13.0,0.0,1,0,1,none,sustained,354.5,565.5
2026-01-28 14:25:14.789649,1.77,0.48,97.75,514.0,868.0,0.26,1500.88,2414.95,0.0,13,26,0,0.0,0,1856.0,1856.0,13.0,0.0,1,0,1,none,sustained,352.62,567.38
2026-01-28 14:25:16.007868,0.42,0.21,99.37,200.0,290.0,0.24,1500.88,2414.95,0.0,13,26,0,0.0,0,0.0,0.0,13.0,0.0,1,0,1,none,sustained,352.62,567.38
2026-01-28 14:25:17.380472,3.2,0.38,96.42,337.0,847.0,0.24,1506.6,2409.22,0.0,12,24,0,0.0,0,928.0,928.0,12.0,0.0,1,0,1,none,sustained,353.97,566.03
2026-01-28 14:25:18.511426,0.47,0.23,99.3,205.0,384.0,0.24,1502.2,2413.62,0.0,13,26,0,0.0,0,928.0,928.0,13.0,0.0,1,0,1,none,sustained,352.93,567.07
2026-01-28 14:25:19.561291,0.0,0.0,100.0,158.0,162.0,0.24,1502.2,2413.62,0.0,13,26,0,0.0,0,0.0,0.0,13.0,0.0,1,0,1,none,sustained,352.93,567.07
2026-01-28 14:25:20.590417,1.37,0.82,97.81,312.0,731.0,0.24,1497.5,2418.32,0.0,13,26,0,0.0,0,1026.0,1026.0,13.0,0.0,1,0,1,none,sustained,351.83,568.17
2026-01-28 14:25:21.621011,1.25,0.25,98.5,166.0,498.0,0.22,1501.58,2414.24,0.0,13,26,0,0.0,0,0.0,0.0,13.0,0.0,1,0,1,none,sustained,352.79,567.21
2026-01-28 14:25:22.644072,1.52,0.25,98.22,304.0,498.0,0.22,1501.83,2414.0,0.0,13,26,0,0.0,0,928.0,928.0,13.0,0.0,1,0,1,none,sustained,352.85,567.15
2026-01-28 14:25:23.673497,3.06,0.51,96.43,269.0,653.0,0.22,1506.07,2409.75,0.0,13,26,0,0.0,0,928.0,928.0,13.0,0.0,1,0,1,none,sustained,353.84,566.16
2026-01-28 14:25:24.700934,0.78,0.26,98.97,196.0,441.0,0.22,1505.31,2410.52,0.0,13,26,0,0.0,0,928.0,928.0,13.0,0.0,1,0,1,none,sustained,353.66,566.34
2026-01-28 14:25:25.720735,1.88,0.81,97.31,405.0,915.0,0.28,1502.62,2413.21,0.0,13,26,0,0.0,0,928.0,928.0,13.0,0.0,1,0,1,none,sustained,353.03,566.97
2026-01-28 14:25:26.744208,1.31,0.52,98.17,272.0,534.0,0.28,1503.62,2412.21,0.0,13,26,0,0.0,0,928.0,928.0,13.0,0.0,1,0,1,none,sustained,353.27,566.73
2026-01-28 14:25:27.772204,0.25,0.0,99.75,149.0,219.0,0.28,1503.66,2412.16,0.0,13,26,0,0.0,0,0.0,0.0,13.0,0.0,1,0,1,none,sustained,353.28,566.72
2026-01-28 14:25:28.797739,3.06,0.77,96.17,421.0,697.0,0.28,1503.66,2412.16,0.0,13,26,0,0.0,0,928.0,928.0,13.0,0.0,1,0,1,none,sustained,353.28,566.72
2026-01-28 14:25:29.825852,3.3,1.02,95.69,337.0,671.0,0.28,1507.66,2408.16,0.0,13,26,0,0.0,0,928.0,928.0,13.0,0.0,1,0,1,none,sustained,354.22,565.78
2026-01-28 14:25:30.853663,5.9,1.03,93.08,422.0,1175.0,0.26,1503.91,2411.91,0.0,13,24,0,0.0,0,1026.0,1026.0,13.0,0.0,1,0,1,none,sustained,353.34,566.66
2026-01-28 14:25:31.874362,1.28,0.51,98.21,302.0,519.0,0.26,1503.9,2411.92,0.0,13,26,0,0.0,0,0.0,0.0,13.0,0.0,1,0,1,none,sustained,353.33,566.67
2026-01-28 14:25:32.904163,4.66,1.04,94.3,452.0,900.0,0.26,1508.87,2406.95,0.0,13,26,0,0.0,0,928.0,928.0,13.0,0.0,1,0,1,none,sustained,354.5,565.5
2026-01-28 14:25:33.934326,3.04,0.25,96.71,268.0,625.0,0.26,1513.67,2402.16,0.0,13,26,0,0.0,0,928.0,928.0,13.0,0.0,1,0,1,none,sustained,355.63,564.37
2026-01-28 14:25:34.964400,3.77,1.51,94.72,306.0,798.0,0.26,1506.8,2409.02,0.0,13,26,0,0.0,0,928.0,928.0,13.0,0.0,1,0,1,none,sustained,354.01,565.99
2026-01-28 14:25:35.998847,3.39,1.04,95.57,1478.0,1645.0,0.24,1503.6,2412.23,0.0,13,26,0,0.0,0,928.0,928.0,13.0,0.0,1,0,1,none,sustained,353.26,566.74
2026-01-28 14:25:37.017268,1.77,3.03,95.2,735.0,1062.0,0.24,1505.55,2410.27,0.0,13,26,0,0.0,0,0.0,0.0,13.0,0.0,1,0,1,none,sustained,353.72,566.28
2026-01-28 14:25:38.032901,0.0,0.0,100.0,94.0,152.0,0.24,1505.55,2410.27,0.0,13,26,0,0.0,0,0.0,0.0,13.0,0.0,1,0,1,none,sustained,353.72,566.28
2026-01-28 14:25:39.049125,0.0,0.0,100.0,76.0,194.0,0.24,1505.55,2410.27,0.0,13,26,0,0.0,0,0.0,0.0,13.0,0.0,1,0,1,none,sustained,353.72,566.28
2026-01-28 14:25:40.067065,0.26,0.26,99.49,255.0,556.0,0.24,1508.81,2407.02,0.0,13,26,0,0.0,0,928.0,928.0,13.0,0.0,1,0,1,none,sustained,354.49,565.51
2026-01-28 14:25:41.117876,4.8,1.01,94.19,610.0,882.0,0.38,1506.63,2409.2,0.0,13,26,0,0.0,0,1026.0,1026.0,13.0,0.0,1,0,1,none,sustained,353.97,566.03
2026-01-28 14:25:42.155137,3.62,0.78,95.61,444.0,1085.0,0.38,1505.61,2410.21,0.0,13,26,0,0.0,0,928.0,928.0,13.0,0.0,1,0,1,none,sustained,353.73,566.27
2026-01-28 14:25:43.182972,1.5,1.0,97.49,281.0,452.0,0.38,1505.04,2410.79,0.0,13,26,0,0.0,0,0.0,0.0,13.0,0.0,1,0,1,none,sustained,353.6,566.4
2026-01-28 14:25:44.348197,2.43,0.22,97.35,277.0,571.0,0.38,1503.75,2412.07,0.0,13,26,0,0.0,0,928.0,928.0,13.0,0.0,1,0,1,none,sustained,353.3,566.7
2026-01-28 14:25:45.872702,0.35,0.17,99.48,325.0,655.0,0.43,1512.05,2403.78,0.0,13,26,0,0.0,0,928.0,928.0,13.0,0.0,1,0,1,none,sustained,355.25,564.75
2026-01-28 14:25:47.061622,3.35,0.89,95.76,473.0,1025.0,0.43,1505.01,2410.82,0.0,13,26,0,0.0,0,970.0,970.0,13.0,0.0,1,0,1,none,sustained,353.59,566.41
2026-01-28 14:25:48.104934,2.03,0.51,97.46,360.0,570.0,0.43,1505.0,2410.82,0.0,13,26,0,0.0,0,928.0,928.0,13.0,0.0,1,0,1,none,sustained,353.59,566.41
2026-01-28 14:25:49.138844,1.55,0.52,97.94,370.0,609.0,0.43,1505.15,2410.68,0.0,13,26,0,0.0,0,928.0,928.0,13.0,0.0,1,0,1,none,sustained,353.63,566.37
2026-01-28 14:25:50.418951,0.62,0.21,99.18,228.0,469.0,0.43,1513.25,2402.57,0.0,13,26,0,0.0,0,928.0,928.0,13.0,0.0,1,0,1,none,sustained,355.53,564.47
2026-01-28 14:25:51.491341,4.93,1.48,93.6,481.0,1060.0,0.39,1513.25,2402.57,0.0,13,26,0,0.0,0,1026.0,1026.0,13.0,0.0,1,0,1,none,sustained,355.53,564.47
2026-01-28 14:25:52.690241,4.62,0.88,94.51,550.0,944.0,0.39,1506.82,2409.0,0.0,13,26,0,0.0,0,928.0,928.0,13.0,0.0,1,0,1,none,sustained,354.02,565.98
2026-01-28 14:25:53.903369,0.22,0.0,99.78,320.0,423.0,0.39,1511.17,2404.65,0.0,13,26,0,0.0,0,928.0,928.0,13.0,0.0,1,0,1,none,sustained,355.04,564.96
2026-01-28 14:25:55.536243,1.74,0.63,97.63,404.0,685.0,0.39,1509.42,2406.4,0.0,13,26,0,0.0,0,928.0,928.0,13.0,0.0,1,0,1,none,sustained,354.63,565.37
2026-01-28 14:25:58.120169,0.92,0.41,98.66,817.0,908.0,0.36,1513.8,2402.02,0.0,13,26,0,0.0,0,1898.0,1898.0,13.0,0.0,1,0,1,none,sustained,355.66,564.34
2026-01-28 14:25:59.458401,0.0,0.0,100.0,110.0,268.0,0.36,1513.83,2402.0,0.0,13,26,0,0.0,0,0.0,0.0,13.0,0.0,1,0,1,none,sustained,355.66,564.34
2026-01-28 14:26:01.048736,2.29,0.65,97.05,565.0,880.0,0.33,1508.23,2407.59,0.0,13,24,0,0.0,0,928.0,1026.0,13.0,0.0,1,0,1,none,sustained,354.35,565.65
2026-01-28 14:26:02.161174,3.76,0.71,95.53,437.0,800.0,0.33,1500.04,2415.79,0.0,13,26,0,0.0,0,1026.0,928.0,13.0,0.0,1,0,1,none,sustained,352.43,567.57
2026-01-28 14:26:03.185111,4.86,1.35,93.78,584.0,1052.0,0.33,1499.38,2416.45,0.0,13,26,0,0.0,0,928.0,928.0,13.0,0.0,1,0,1,none,sustained,352.27,567.73
2026-01-28 14:26:04.391171,3.04,0.87,96.1,443.0,1014.0,0.33,1499.72,2416.11,0.0,13,26,0,0.0,0,928.0,928.0,13.0,0.0,1,0,1,none,sustained,352.35,567.65
2026-01-28 14:26:05.409732,0.78,0.0,99.22,273.0,505.0,0.33,1501.45,2414.37,0.0,13,26,0,0.0,0,928.0,928.0,13.0,0.0,1,0,1,none,sustained,352.76,567.24
2026-01-28 14:26:06.688341,0.41,0.41,99.17,329.0,488.0,0.31,1501.69,2414.14,0.0,13,26,0,0.0,0,928.0,928.0,13.0,0.0,1,0,1,none,sustained,352.81,567.19
2026-01-28 14:26:07.722176,0.49,0.0,99.51,95.0,268.0,0.31,1501.69,2414.14,0.0,13,26,0,0.0,0,0.0,0.0,13.0,0.0,1,0,1,none,sustained,352.81,567.19
2026-01-28 14:26:08.753752,1.88,0.27,97.86,369.0,691.0,0.31,1499.39,2416.43,0.0,13,26,0,0.0,0,928.0,928.0,13.0,0.0,1,0,1,none,sustained,352.27,567.73
2026-01-28 14:26:09.784548,1.55,0.26,98.19,305.0,515.0,0.31,1506.06,2409.77,0.0,13,26,0,0.0,0,928.0,928.0,13.0,0.0,1,0,1,none,sustained,353.84,566.16
2026-01-28 14:26:10.813580,0.78,0.26,98.97,356.0,411.0,0.44,1504.52,2411.31,0.0,13,26,0,0.0,0,928.0,928.0,13.0,0.0,1,0,1,none,sustained,353.48,566.52
2026-01-28 14:26:11.838018,2.55,0.26,97.19,384.0,814.0,0.44,1509.4,2406.43,0.0,13,26,0,0.0,0,98.0,98.0,13.0,0.0,1,0,1,none,sustained,354.62,565.38
2026-01-28 14:26:12.867346,0.25,0.25,99.5,179.0,219.0,0.44,1505.4,2410.43,0.0,13,26,0,0.0,0,0.0,0.0,13.0,0.0,1,0,1,none,sustained,353.68,566.32
2026-01-28 14:26:13.892609,3.16,0.26,96.58,353.0,982.0,0.44,1510.68,2405.15,0.0,13,26,0,0.0,0,928.0,928.0,13.0,0.0,1,0,1,none,sustained,354.92,565.08
2026-01-28 14:26:14.923536,2.82,0.51,96.67,392.0,768.0,0.44,1505.41,2410.41,0.0,13,26,0,0.0,0,928.0,928.0,13.0,0.0,1,0,1,none,sustained,353.69,566.31
2026-01-28 14:26:15.957974,0.78,0.26,98.96,749.0,973.0,0.41,1500.35,2415.47,0.0,13,26,0,0.0,0,928.0,928.0,13.0,0.0,1,0,1,none,sustained,352.5,567.5
2026-01-28 14:26:17.014311,0.24,0.24,99.51,215.0,232.0,0.41,1500.35,2415.47,0.0,13,26,0,0.0,0,0.0,0.0,13.0,0.0,1,0,1,none,sustained,352.5,567.5
2026-01-28 14:26:18.042368,0.26,0.51,99.23,296.0,418.0,0.41,1503.6,2412.23,0.0,13,27,0,0.0,0,824.0,824.0,13.0,0.0,2,0,1,none,sustained,353.26,566.74
2026-01-28 14:26:19.080562,1.03,0.51,98.46,352.0,656.0,0.41,1506.25,2409.58,0.0,13,26,0,0.0,0,104.0,104.0,13.0,0.0,1,0,1,none,sustained,353.88,566.12
2026-01-28 14:26:20.114109,1.02,0.25,98.73,214.0,351.0,0.41,1504.05,2411.77,0.0,13,26,0,0.0,0,928.0,928.0,13.0,0.0,1,0,1,none,sustained,353.37,566.63
2026-01-28 14:26:21.141084,1.81,0.78,97.41,397.0,642.0,0.37,1502.45,2413.38,0.0,13,26,0,0.0,0,928.0,928.0,13.0,0.0,1,0,1,none,sustained,352.99,567.01
2026-01-28 14:26:22.170004,2.57,0.77,96.66,416.0,946.0,0.37,1504.77,2411.05,0.0,13,26,0,0.0,0,98.0,98.0,13.0,0.0,1,0,1,none,sustained,353.54,566.46
2026-01-28 14:26:23.196967,2.01,0.25,97.74,212.0,461.0,0.37,1510.88,2404.95,0.0,13,26,0,0.0,0,928.0,928.0,13.0,0.0,1,0,1,none,sustained,354.97,565.03
2026-01-28 14:26:24.229738,2.64,1.06,96.31,413.0,1013.0,0.37,1510.82,2405.0,0.0,13,26,0,0.0,0,928.0,928.0,13.0,0.0,1,0,1,none,sustained,354.96,565.04
2026-01-28 14:26:25.265474,2.79,0.51,96.7,297.0,778.0,0.37,1510.82,2405.0,0.0,13,26,0,0.0,0,928.0,928.0,13.0,0.0,1,0,1,none,sustained,354.96,565.04
2026-01-28 14:26:26.307912,3.24,0.5,96.26,335.0,810.0,0.34,1505.07,2410.75,0.0,13,26,0,0.0,0,928.0,928.0,13.0,0.0,1,0,1,none,sustained,353.61,566.39
2026-01-28 14:26:27.335942,1.78,0.25,97.96,243.0,541.0,0.34,1507.18,2408.64,0.0,13,26,0,0.0,0,0.0,0.0,13.0,0.0,1,0,1,none,sustained,354.1,565.9
2026-01-28 14:26:28.357289,1.77,0.51,97.73,235.0,565.0,0.34,1509.5,2406.32,0.0,13,26,0,0.0,0,928.0,928.0,13.0,0.0,1,0,1,none,sustained,354.65,565.35
2026-01-28 14:26:29.423686,4.26,0.75,94.99,429.0,1115.0,0.34,1509.99,2405.83,0.0,13,26,0,0.0,0,928.0,928.0,13.0,0.0,1,0,1,none,sustained,354.76,565.24
2026-01-28 14:26:30.571052,0.69,0.46,98.84,292.0,461.0,0.34,1513.98,2401.84,0.0,13,26,0,0.0,0,928.0,928.0,13.0,0.0,1,0,1,none,sustained,355.7,564.3
2026-01-28 14:26:31.612267,0.0,0.0,100.0,138.0,239.0,0.32,1513.98,2401.84,0.0,13,24,0,0.0,0,98.0,98.0,13.0,0.0,1,0,1,none,sustained,355.7,564.3
2026-01-28 14:26:32.635755,5.01,1.58,93.4,482.0,1069.0,0.32,1505.4,2410.42,0.0,13,26,0,0.0,0,928.0,928.0,13.0,0.0,1,0,1,none,sustained,353.69,566.31
2026-01-28 14:26:33.669181,0.25,0.0,99.75,92.0,190.0,0.32,1505.42,2410.41,0.0,13,26,0,0.0,0,0.0,0.0,13.0,0.0,1,0,1,none,sustained,353.69,566.31
2026-01-28 14:26:34.691371,4.92,1.04,94.04,473.0,772.0,0.32,1510.69,2405.14,0.0,13,26,0,0.0,0,928.0,928.0,13.0,0.0,1,0,1,none,sustained,354.93,565.07
2026-01-28 14:26:35.718823,0.0,0.0,100.0,81.0,149.0,0.29,1510.79,2405.04,0.0,13,26,0,0.0,0,0.0,0.0,13.0,0.0,1,0,1,none,sustained,354.95,565.05
2026-01-28 14:26:36.749191,0.52,0.26,99.22,321.0,365.0,0.29,1512.14,2403.69,0.0,13,26,0,0.0,0,1012.0,1012.0,13.0,0.0,1,0,1,none,sustained,355.27,564.73
2026-01-28 14:26:37.780311,1.28,0.26,98.47,197.0,398.0,0.29,1510.08,2405.75,0.0,13,26,0,0.0,0,928.0,928.0,13.0,0.0,1,0,1,none,sustained,354.78,565.22
2026-01-28 14:26:38.799538,0.26,0.26,99.49,220.0,501.0,0.29,1507.59,2408.23,0.0,13,26,0,0.0,0,0.0,0.0,13.0,0.0,1,0,1,none,sustained,354.2,565.8
2026-01-28 14:26:39.831029,3.48,0.5,96.02,238.0,665.0,0.29,1509.43,2406.39,0.0,13,26,0,0.0,0,928.0,928.0,13.0,0.0,1,0,1,none,sustained,354.63,565.37
2026-01-28 14:26:40.862303,1.32,0.79,97.88,409.0,477.0,0.27,1514.4,2401.43,0.0,13,26,0,0.0,0,928.0,928.0,13.0,0.0,1,0,1,none,sustained,355.8,564.2
2026-01-28 14:26:41.890758,3.13,1.57,95.3,466.0,1162.0,0.27,1503.28,2412.55,0.0,13,26,0,0.0,0,1026.0,1026.0,13.0,0.0,1,0,1,none,sustained,353.19,566.81
2026-01-28 14:26:42.917295,1.29,0.26,98.46,227.0,512.0,0.27,1507.28,2408.55,0.0,13,26,0,0.0,0,928.0,928.0,13.0,0.0,1,0,1,none,sustained,354.13,565.87
2026-01-28 14:26:43.940327,0.76,0.25,98.99,190.0,416.0,0.27,1507.28,2408.55,0.0,13,26,0,0.0,0,0.0,0.0,13.0,0.0,1,0,1,none,sustained,354.13,565.87
2026-01-28 14:26:44.977644,2.26,0.5,97.24,224.0,493.0,0.27,1500.35,2415.47,0.0,13,26,0,0.0,0,928.0,928.0,13.0,0.0,1,0,1,none,sustained,352.5,567.5
2026-01-28 14:26:46.005645,1.07,0.8,98.13,452.0,555.0,0.25,1508.35,2407.47,0.0,13,26,0,0.0,0,928.0,928.0,13.0,0.0,1,0,1,none,sustained,354.38,565.62
2026-01-28 14:26:47.037501,3.05,0.76,96.18,343.0,795.0,0.25,1511.2,2404.62,0.0,13,26,0,0.0,0,928.0,928.0,13.0,0.0,1,0,1,none,sustained,355.05,564.95
2026-01-28 14:26:48.056164,0.25,0.0,99.75,100.0,252.0,0.25,1511.29,2404.53,0.0,13,26,0,0.0,0,0.0,0.0,13.0,0.0,1,0,1,none,sustained,355.07,564.93
2026-01-28 14:26:49.663746,1.45,0.48,98.07,333.0,557.0,0.25,1512.79,2403.03,0.0,13,26,0,0.0,0,928.0,928.0,13.0,0.0,1,0,1,none,sustained,355.42,564.58
2026-01-28 14:26:51.343256,3.22,0.48,96.3,673.0,1247.0,0.23,1515.7,2400.12,0.0,13,26,0,0.0,0,1856.0,1856.0,13.0,0.0,1,0,1,none,sustained,356.11,563.89
2026-01-28 14:26:52.755014,1.34,0.57,98.08,398.0,1249.0,0.23,1514.97,2400.86,0.0,13,26,0,0.0,0,1026.0,1026.0,13.0,0.0,1,0,1,none,sustained,355.93,564.07
2026-01-28 14:26:53.883022,0.47,0.47,99.05,299.0,534.0,0.23,1516.74,2399.08,0.0,13,26,0,0.0,0,928.0,928.0,13.0,0.0,1,0,1,none,sustained,356.35,563.65
2026-01-28 14:26:55.043732,0.0,0.0,100.0,161.0,268.0,0.23,1516.74,2399.09,0.0,13,24,0,0.0,0,0.0,0.0,13.0,0.0,1,0,1,none,sustained,356.35,563.65
2026-01-28 14:26:57.156194,1.77,0.51,97.72,709.0,1176.0,0.21,1509.07,2406.76,0.0,13,26,0,0.0,0,1856.0,1856.0,13.0,0.0,1,0,1,none,sustained,354.55,565.45
2026-01-28 14:26:58.199249,0.73,0.24,99.02,122.0,201.0,0.21,1509.07,2406.76,0.0,13,26,0,0.0,0,0.0,0.0,13.0,0.0,1,0,1,none,sustained,354.55,565.45
2026-01-28 14:26:59.230315,2.78,0.25,96.96,268.0,639.0,0.21,1516.02,2399.81,0.0,13,26,0,0.0,0,928.0,928.0,13.0,0.0,1,0,1,none,sustained,356.18,563.82
2026-01-28 14:27:00.258283,1.79,0.51,97.69,366.0,444.0,0.21,1517.47,2398.35,0.0,13,25,0,0.0,0,928.0,928.0,13.0,0.0,1,0,1,none,sustained,356.52,563.48
2026-01-28 14:27:01.285096,1.54,1.03,97.43,331.0,711.0,0.19,1509.47,2406.35,0.0,13,26,0,0.0,0,0.0,0.0,13.0,0.0,1,0,1,none,sustained,354.64,565.36
2026-01-28 14:27:02.322090,4.37,0.77,94.86,484.0,998.0,0.19,1513.47,2402.36,0.0,13,26,0,0.0,0,1026.0,1026.0,13.0,0.0,1,0,1,none,sustained,355.58,564.42
2026-01-28 14:27:03.431995,2.43,0.97,96.59,351.0,630.0,0.19,1512.25,2403.57,0.0,13,26,0,0.0,0,928.0,928.0,13.0,0.0,1,0,1,none,sustained,355.29,564.71
2026-01-28 14:27:04.719414,0.39,0.2,99.41,176.0,206.0,0.19,1512.25,2403.57,0.0,13,24,0,0.0,0,0.0,0.0,13.0,0.0,1,0,1,none,sustained,355.29,564.71
2026-01-28 14:27:05.804979,2.19,0.24,97.57,281.0,592.0,0.17,1516.25,2399.57,0.0,13,26,0,0.0,0,928.0,928.0,13.0,0.0,1,0,1,none,sustained,356.23,563.77
2026-01-28 14:27:07.460735,1.81,0.66,97.53,624.0,1002.0,0.17,1514.25,2401.58,0.0,13,26,0,0.0,0,1898.0,1898.0,13.0,0.0,1,0,1,none,sustained,355.76,564.24
2026-01-28 14:27:08.489910,0.76,0.25,98.99,240.0,534.0,0.17,1514.38,2401.44,0.0,13,26,0,0.0,0,354.0,354.0,13.0,0.0,2,0,1,none,sustained,355.8,564.2
2026-01-28 14:27:09.795144,1.43,0.41,98.17,410.0,622.0,0.17,1497.12,2418.7,0.0,13,26,0,0.0,0,1502.0,1502.0,13.0,0.0,1,0,1,none,sustained,351.74,568.26
2026-01-28 14:27:10.906802,0.48,0.48,99.04,411.0,492.0,0.24,1497.01,2418.82,0.0,13,26,0,0.0,0,928.0,928.0,13.0,0.0,1,0,1,none,sustained,351.71,568.29
2026-01-28 14:27:12.081048,1.13,0.68,98.19,440.0,594.0,0.24,1501.25,2414.57,0.0,13,26,0,0.0,0,0.0,0.0,13.0,0.0,1,0,1,none,sustained,352.71,567.29
2026-01-28 14:27:14.025055,1.21,0.4,98.39,477.0,911.0,0.24,1498.25,2417.57,0.0,13,26,0,0.0,0,1026.0,1026.0,13.0,0.0,1,0,1,none,sustained,352.01,567.99
2026-01-28 14:27:15.056397,2.56,0.51,96.93,369.0,642.0,0.24,1502.4,2413.43,0.0,13,26,0,0.0,0,928.0,928.0,13.0,0.0,1,0,1,none,sustained,352.98,567.02
2026-01-28 14:27:16.420374,2.1,0.38,97.51,404.0,767.0,0.22,1500.75,2415.08,0.0,13,26,0,0.0,0,928.0,928.0,13.0,0.0,1,0,1,none,sustained,352.59,567.41
2026-01-28 14:27:17.456236,0.25,0.0,99.75,94.0,219.0,0.22,1500.75,2415.08,0.0,13,26,0,0.0,0,0.0,0.0,13.0,0.0,1,0,1,none,sustained,352.59,567.41
2026-01-28 14:27:18.482897,3.17,0.79,96.04,479.0,748.0,0.22,1500.84,2414.98,0.0,13,26,0,0.0,0,970.0,970.0,13.0,0.0,1,0,1,none,sustained,352.61,567.39
2026-01-28 14:27:19.533980,3.23,0.5,96.27,396.0,707.0,0.22,1501.34,2414.48,0.0,13,26,0,0.0,0,928.0,928.0,13.0,0.0,1,0,1,none,sustained,352.73,567.27
2026-01-28 14:27:22.074070,1.44,0.21,98.36,482.0,876.0,0.2,1501.37,2414.46,0.0,13,26,0,0.0,0,1856.0,1856.0,13.0,0.0,1,0,1,none,sustained,352.74,567.26
2026-01-28 14:27:23.110315,4.27,1.33,94.4,511.0,1050.0,0.2,1499.3,2416.52,0.0,13,26,0,0.0,0,1026.0,1026.0,13.0,0.0,1,0,1,none,sustained,352.25,567.75
2026-01-28 14:27:24.145356,1.03,0.26,98.71,140.0,438.0,0.2,1492.16,2423.66,0.0,13,26,0,0.0,0,928.0,928.0,13.0,0.0,1,0,1,none,sustained,350.57,569.43
2026-01-28 14:27:25.224866,2.43,0.49,97.08,249.0,803.0,0.2,1499.25,2416.58,0.0,13,26,0,0.0,0,928.0,928.0,13.0,0.0,1,0,1,none,sustained,352.24,567.76
2026-01-28 14:27:26.631542,0.36,0.36,99.27,218.0,381.0,0.19,1499.25,2416.58,0.0,13,26,0,0.0,0,0.0,0.0,13.0,0.0,1,0,1,none,sustained,352.24,567.76
2026-01-28 14:27:27.656031,0.52,0.26,99.22,179.0,350.0,0.19,1508.32,2407.5,0.0,13,26,0,0.0,0,928.0,928.0,13.0,0.0,1,0,1,none,sustained,354.37,565.63
2026-01-28 14:27:28.739848,2.03,0.51,97.46,353.0,751.0,0.19,1500.4,2415.43,0.0,13,26,0,0.0,0,928.0,928.0,13.0,0.0,1,0,1,none,sustained,352.51,567.49
2026-01-28 14:27:29.790036,2.73,0.5,96.77,290.0,654.0,0.19,1504.34,2411.48,0.0,13,26,0,0.0,0,928.0,928.0,13.0,0.0,1,0,1,none,sustained,353.44,566.56
2026-01-28 14:27:31.624777,0.29,0.43,99.28,425.0,799.0,0.17,1511.2,2404.62,0.0,13,27,0,0.0,0,1752.0,1752.0,13.0,0.0,2,0,1,none,sustained,355.05,564.95
2026-01-28 14:27:32.930914,0.99,0.59,98.42,252.0,637.0,0.17,1504.19,2411.64,0.0,13,24,0,0.0,0,104.0,104.0,13.0,0.0,1,0,1,none,sustained,353.4,566.6
2026-01-28 14:27:33.954848,4.31,1.08,94.61,492.0,1035.0,0.17,1508.62,2407.21,0.0,13,24,0,0.0,0,928.0,928.0,13.0,0.0,1,0,1,none,sustained,354.44,565.56
2026-01-28 14:27:34.979982,6.91,1.02,92.07,513.0,1023.0,0.17,1511.89,2403.93,0.0,13,26,0,0.0,0,1026.0,1026.0,13.0,0.0,1,0,1,none,sustained,355.21,564.79
2026-01-28 14:27:36.036535,2.22,0.49,97.28,215.0,556.0,0.16,1512.62,2403.21,0.0,13,26,0,0.0,0,928.0,928.0,13.0,0.0,1,0,1,none,sustained,355.38,564.62
2026-01-28 14:27:37.154297,3.28,0.47,96.25,376.0,805.0,0.16,1509.79,2406.04,0.0,13,26,0,0.0,0,928.0,928.0,13.0,0.0,1,0,1,none,sustained,354.72,565.28
2026-01-28 14:27:38.183064,2.81,1.02,96.16,314.0,741.0,0.16,1509.51,2406.31,0.0,13,26,0,0.0,0,928.0,928.0,13.0,0.0,1,0,1,none,sustained,354.65,565.35
2026-01-28 14:27:39.211534,4.92,0.78,94.3,505.0,863.0,0.16,1516.25,2399.58,0.0,13,26,0,0.0,0,970.0,970.0,13.0,0.0,1,0,1,none,sustained,356.23,563.77
2026-01-28 14:27:40.526306,0.61,0.2,99.19,525.0,615.0,0.16,1510.27,2405.55,0.0,13,26,0,0.0,0,928.0,928.0,13.0,0.0,1,0,1,none,sustained,354.83,565.17
2026-01-28 14:27:41.559497,2.76,0.25,96.99,280.0,527.0,0.15,1511.02,2404.81,0.0,13,26,0,0.0,0,928.0,928.0,13.0,0.0,1,0,1,none,sustained,355.0,565.0
2026-01-28 14:27:42.826563,1.48,0.42,98.1,489.0,1248.0,0.15,1515.24,2400.58,0.0,13,26,0,0.0,0,928.0,928.0,13.0,0.0,1,0,1,none,sustained,356.0,564.0
2026-01-28 14:27:43.954686,0.23,0.23,99.54,175.0,446.0,0.15,1512.27,2403.55,0.0,13,24,0,0.0,0,0.0,0.0,13.0,0.0,1,0,1,none,sustained,355.3,564.7
2026-01-28 14:27:45.565140,2.93,0.98,96.09,525.0,1031.0,0.15,1507.16,2408.66,0.0,13,26,0,0.0,0,1026.0,1026.0,13.0,0.0,1,0,1,none,sustained,354.1,565.9
2026-01-28 14:27:46.609851,1.03,0.26,98.71,339.0,664.0,0.37,1511.41,2404.41,0.0,13,26,0,0.0,0,928.0,928.0,13.0,0.0,1,0,1,none,sustained,355.1,564.9
2026-01-28 14:27:47.771061,3.15,0.67,96.18,375.0,784.0,0.37,1516.89,2398.94,0.0,13,26,0,0.0,0,928.0,928.0,13.0,0.0,1,0,1,none,sustained,356.38,563.62
2026-01-28 14:27:48.808889,1.53,0.26,98.21,231.0,571.0,0.37,1523.81,2392.02,0.0,13,26,0,0.0,0,928.0,928.0,13.0,0.0,1,0,1,none,sustained,358.01,561.99
2026-01-28 14:27:49.842868,5.66,1.29,93.06,550.0,1118.0,0.37,1520.62,2395.21,0.0,13,26,0,0.0,0,928.0,928.0,13.0,0.0,1,0,1,none,sustained,357.26,562.74
2026-01-28 14:27:51.142488,2.01,0.2,97.79,436.0,765.0,0.34,1516.61,2399.21,0.0,13,26,0,0.0,0,928.0,928.0,13.0,0.0,1,0,1,none,sustained,356.32,563.68
2026-01-28 14:27:52.179543,2.77,0.5,96.73,310.0,713.0,0.34,1514.61,2401.21,0.0,13,26,0,0.0,0,928.0,928.0,13.0,0.0,1,0,1,none,sustained,355.85,564.15
2026-01-28 14:27:53.397837,1.3,0.65,98.04,420.0,886.0,0.34,1519.96,2395.86,0.0,13,26,0,0.0,0,928.0,928.0,13.0,0.0,1,0,1,none,sustained,357.11,562.89
2026-01-28 14:27:54.422150,6.9,1.59,91.51,663.0,1388.0,0.34,1509.12,2406.7,0.0,13,26,0,0.0,0,1026.0,1026.0,13.0,0.0,1,0,1,none,sustained,354.56,565.44
2026-01-28 14:27:55.527084,0.23,0.23,99.54,120.0,300.0,0.34,1506.53,2409.3,0.0,13,26,0,0.0,0,0.0,0.0,13.0,0.0,1,0,1,none,sustained,353.95,566.05
2026-01-28 14:27:56.973242,0.9,0.18,98.92,279.0,524.0,0.32,1510.45,2405.38,0.0,13,24,0,0.0,0,928.0,928.0,13.0,0.0,1,0,1,none,sustained,354.87,565.13
2026-01-28 14:27:58.243370,2.49,0.62,96.88,422.0,867.0,0.32,1510.7,2405.13,0.0,13,26,0,0.0,0,928.0,928.0,13.0,0.0,1,0,1,none,sustained,354.93,565.07
2026-01-28 14:27:59.267722,1.79,0.51,97.7,359.0,691.0,0.32,1510.69,2405.13,0.0,13,26,0,0.0,0,928.0,928.0,13.0,0.0,1,0,1,none,sustained,354.93,565.07
2026-01-28 14:28:00.300260,4.66,1.55,93.78,532.0,1121.0,0.32,1514.33,2401.49,0.0,13,26,0,0.0,0,970.0,970.0,13.0,0.0,1,0,1,none,sustained,355.78,564.22
2026-01-28 14:28:01.369285,2.93,0.24,96.83,338.0,672.0,0.29,1512.57,2403.25,0.0,13,26,0,0.0,0,928.0,928.0,13.0,0.0,1,0,1,none,sustained,355.37,564.63
2026-01-28 14:28:02.430654,3.2,0.74,96.06,409.0,766.0,0.29,1510.81,2405.01,0.0,13,26,0,0.0,0,928.0,928.0,13.0,0.0,1,0,1,none,sustained,354.96,565.04
2026-01-28 14:28:03.461558,0.78,0.26,98.96,229.0,379.0,0.29,1515.3,2400.53,0.0,13,26,0,0.0,0,928.0,928.0,13.0,0.0,1,0,1,none,sustained,356.01,563.99
2026-01-28 14:28:04.551492,3.96,0.99,95.05,416.0,757.0,0.29,1524.93,2390.89,0.0,13,26,0,0.0,0,1026.0,1026.0,13.0,0.0,1,0,1,none,sustained,358.27,561.73
2026-01-28 14:28:05.576338,3.31,0.51,96.18,396.0,832.0,0.29,1526.46,2389.36,0.0,13,26,0,0.0,0,0.0,0.0,13.0,0.0,1,0,1,none,sustained,358.63,561.37
2026-01-28 14:28:06.939813,0.4,0.6,99.0,548.0,722.0,0.35,1513.98,2401.84,0.0,13,26,0,0.0,0,1856.0,1856.0,13.0,0.0,1,0,1,none,sustained,355.7,564.3
2026-01-28 14:28:08.242274,0.0,0.0,100.0,162.0,427.0,0.35,1511.57,2404.25,0.0,13,26,0,0.0,0,0.0,0.0,13.0,0.0,1,0,1,none,sustained,355.13,564.87
2026-01-28 14:28:09.549065,2.4,0.8,96.81,440.0,881.0,0.35,1504.25,2411.57,0.0,13,26,0,0.0,0,928.0,928.0,13.0,0.0,1,0,1,none,sustained,353.42,566.58
2026-01-28 14:28:10.834906,5.35,1.03,93.62,639.0,1304.0,0.32,1512.72,2403.11,0.0,13,26,0,0.0,0,970.0,970.0,13.0,0.0,1,0,1,none,sustained,355.4,564.6
2026-01-28 14:28:11.959778,1.16,0.46,98.38,299.0,589.0,0.32,1513.72,2402.11,0.0,13,26,0,0.0,0,928.0,928.0,13.0,0.0,1,0,1,none,sustained,355.64,564.36
2026-01-28 14:28:12.988829,0.77,0.51,98.72,192.0,465.0,0.32,1513.96,2401.87,0.0,13,26,0,0.0,0,928.0,928.0,13.0,0.0,1,0,1,none,sustained,355.7,564.3
2026-01-28 14:28:14.239136,1.05,0.42,98.53,314.0,597.0,0.32,1513.42,2402.41,0.0,13,26,0,0.0,0,928.0,928.0,13.0,0.0,1,0,1,none,sustained,355.57,564.43
2026-01-28 14:28:15.363898,3.9,0.73,95.37,652.0,1124.0,0.32,1506.71,2409.11,0.0,13,26,0,0.0,0,1026.0,1026.0,13.0,0.0,1,0,1,none,sustained,353.99,566.01
2026-01-28 14:28:16.922784,0.16,0.0,99.84,137.0,178.0,0.29,1506.71,2409.11,0.0,13,26,0,0.0,0,0.0,0.0,13.0,0.0,1,0,1,none,sustained,353.99,566.01
2026-01-28 14:28:18.389463,0.92,0.55,98.52,566.0,862.0,0.29,1510.3,2405.53,0.0,13,26,0,0.0,0,1856.0,1856.0,13.0,0.0,1,0,1,none,sustained,354.84,565.16
2026-01-28 14:28:19.418631,1.01,0.76,98.23,277.0,507.0,0.29,1513.0,2402.82,0.0,13,26,0,0.0,0,0.0,0.0,13.0,0.0,1,0,1,none,sustained,355.47,564.53
2026-01-28 14:28:20.443419,2.86,0.52,96.61,393.0,863.0,0.29,1511.97,2403.85,0.0,13,26,0,0.0,0,928.0,928.0,13.0,0.0,1,0,1,none,sustained,355.23,564.77
2026-01-28 14:28:21.486091,3.02,0.5,96.47,295.0,749.0,0.43,1518.87,2396.96,0.0,13,26,0,0.0,0,928.0,928.0,13.0,0.0,1,0,1,none,sustained,356.85,563.15
2026-01-28 14:28:22.517986,2.81,1.02,96.17,415.0,923.0,0.43,1516.12,2399.7,0.0,13,26,0,0.0,0,928.0,928.0,13.0,0.0,1,0,1,none,sustained,356.2,563.8
2026-01-28 14:28:23.555763,1.03,0.26,98.71,332.0,993.0,0.43,1517.17,2398.66,0.0,13,26,0,0.0,0,928.0,928.0,13.0,0.0,1,0,1,none,sustained,356.45,563.55
2026-01-28 14:28:24.584851,0.25,0.0,99.75,80.0,189.0,0.43,1517.17,2398.66,0.0,13,26,0,0.0,0,0.0,0.0,13.0,0.0,1,0,1,none,sustained,356.45,563.55
2026-01-28 14:28:25.615866,4.79,1.33,93.88,542.0,1129.0,0.43,1511.57,2404.25,0.0,13,26,0,0.0,0,1026.0,1026.0,13.0,0.0,1,0,1,none,sustained,355.13,564.87
2026-01-28 14:28:26.650473,1.77,0.25,97.97,288.0,516.0,0.4,1513.62,2402.21,0.0,13,26,0,0.0,0,928.0,928.0,13.0,0.0,1,0,1,none,sustained,355.62,564.38
2026-01-28 14:28:27.678506,2.56,0.77,96.67,413.0,747.0,0.4,1518.32,2397.51,0.0,13,26,0,0.0,0,928.0,928.0,13.0,0.0,1,0,1,none,sustained,356.72,563.28
2026-01-28 14:28:28.700225,0.75,0.0,99.25,166.0,332.0,0.4,1518.2,2397.62,0.0,13,26,0,0.0,0,0.0,0.0,13.0,0.0,1,0,1,none,sustained,356.69,563.31
2026-01-28 14:28:29.726067,2.32,0.26,97.42,316.0,611.0,0.4,1520.91,2394.91,0.0,13,26,0,0.0,0,928.0,928.0,13.0,0.0,1,0,1,none,sustained,357.33,562.67
2026-01-28 14:28:30.757015,3.44,0.79,95.77,567.0,1119.0,0.44,1519.67,2396.16,0.0,13,26,0,0.0,0,928.0,928.0,13.0,0.0,1,0,1,none,sustained,357.04,562.96
2026-01-28 14:28:31.792879,2.76,0.25,96.98,319.0,626.0,0.44,1520.34,2395.48,0.0,13,26,0,0.0,0,928.0,928.0,13.0,0.0,1,0,1,none,sustained,357.2,562.8
2026-01-28 14:28:32.827967,0.25,0.0,99.75,155.0,220.0,0.44,1520.34,2395.48,0.0,13,26,0,0.0,0,0.0,0.0,13.0,0.0,1,0,1,none,sustained,357.2,562.8
2026-01-28 14:28:33.861539,0.0,0.0,100.0,79.0,81.0,0.44,1520.34,2395.48,0.0,13,26,0,0.0,0,0.0,0.0,13.0,0.0,1,0,1,none,sustained,357.2,562.8
2026-01-28 14:28:34.900650,0.0,0.24,99.76,81.0,127.0,0.44,1520.34,2395.48,0.0,13,26,0,0.0,0,0.0,0.0,13.0,0.0,1,0,1,none,sustained,357.2,562.8
2026-01-28 14:28:35.929813,8.73,2.38,88.89,654.0,1235.0,0.49,1506.41,2409.41,0.0,13,26,0,0.0,0,1026.0,1026.0,13.0,0.0,1,0,1,none,sustained,353.92,566.08
2026-01-28 14:28:36.963580,0.25,0.0,99.75,119.0,215.0,0.49,1506.4,2409.43,0.0,13,26,0,0.0,0,0.0,0.0,13.0,0.0,1,0,1,none,sustained,353.92,566.08
2026-01-28 14:28:37.995882,2.78,0.51,96.72,302.0,637.0,0.49,1506.18,2409.64,0.0,13,26,0,0.0,0,928.0,928.0,13.0,0.0,1,0,1,none,sustained,353.87,566.13
2026-01-28 14:28:39.025685,0.25,0.25,99.49,252.0,213.0,0.49,1506.18,2409.64,0.0,13,26,0,0.0,0,0.0,0.0,13.0,0.0,1,0,1,none,sustained,353.87,566.13
2026-01-28 14:28:40.044940,0.51,0.26,99.23,269.0,344.0,0.49,1504.89,2410.94,0.0,13,26,0,0.0,0,928.0,928.0,13.0,0.0,1,0,1,none,sustained,353.56,566.44
2026-01-28 14:28:41.076333,1.8,0.51,97.69,345.0,657.0,0.45,1512.33,2403.49,0.0,13,26,0,0.0,0,1012.0,1012.0,13.0,0.0,1,0,1,none,sustained,355.31,564.69
2026-01-28 14:28:42.102260,5.68,1.29,93.02,494.0,1101.0,0.45,1510.04,2405.79,0.0,13,26,0,0.0,0,928.0,928.0,13.0,0.0,1,0,1,none,sustained,354.77,565.23
2026-01-28 14:28:43.144268,3.02,0.75,96.23,312.0,662.0,0.45,1517.48,2398.34,0.0,13,26,0,0.0,0,928.0,928.0,13.0,0.0,1,0,1,none,sustained,356.52,563.48
2026-01-28 14:28:44.178322,1.04,0.26,98.7,241.0,884.0,0.45,1517.48,2398.34,0.0,13,26,0,0.0,0,928.0,928.0,13.0,0.0,1,0,1,none,sustained,356.52,563.48
2026-01-28 14:28:45.207355,2.29,0.51,97.2,267.0,616.0,0.45,1517.73,2398.1,0.0,13,26,0,0.0,0,928.0,928.0,13.0,0.0,1,0,1,none,sustained,356.58,563.42
2026-01-28 14:28:46.232187,1.79,0.51,97.69,316.0,697.0,0.41,1518.96,2396.87,0.0,13,26,0,0.0,0,98.0,98.0,13.0,0.0,1,0,1,none,sustained,356.87,563.13
2026-01-28 14:28:47.260683,4.4,1.04,94.56,442.0,817.0,0.41,1510.39,2405.43,0.0,13,26,0,0.0,0,928.0,928.0,13.0,0.0,1,0,1,none,sustained,354.86,565.14
2026-01-28 14:28:48.299929,3.77,0.75,95.48,325.0,898.0,0.41,1515.93,2399.9,0.0,13,26,0,0.0,0,928.0,928.0,13.0,0.0,1,0,1,none,sustained,356.16,563.84
2026-01-28 14:28:50.048310,0.75,0.15,99.1,358.0,737.0,0.41,1519.37,2396.46,0.0,13,26,0,0.0,0,928.0,928.0,13.0,0.0,1,0,1,none,sustained,356.97,563.03
2026-01-28 14:28:51.087132,0.49,0.24,99.27,153.0,218.0,0.38,1519.37,2396.46,0.0,13,26,0,0.0,0,0.0,0.0,13.0,0.0,1,0,1,none,sustained,356.97,563.03
2026-01-28 14:28:52.117181,4.96,0.78,94.26,576.0,1049.0,0.38,1512.1,2403.72,0.0,13,26,0,0.0,0,928.0,928.0,13.0,0.0,1,0,1,none,sustained,355.26,564.74
2026-01-28 14:28:53.143192,2.31,0.77,96.92,357.0,578.0,0.38,1515.15,2400.67,0.0,13,26,0,0.0,0,928.0,928.0,13.0,0.0,1,0,1,none,sustained,355.98,564.02
2026-01-28 14:28:54.170463,0.25,0.0,99.75,131.0,166.0,0.38,1515.15,2400.67,0.0,13,26,0,0.0,0,0.0,0.0,13.0,0.0,1,0,1,none,sustained,355.98,564.02
2026-01-28 14:28:55.201770,0.52,0.52,98.96,318.0,472.0,0.38,1523.73,2392.09,0.0,13,26,0,0.0,0,928.0,928.0,13.0,0.0,1,0,1,none,sustained,357.99,562.01
2026-01-28 14:28:56.235337,0.5,0.25,99.25,217.0,253.0,0.35,1520.41,2395.42,0.0,13,26,0,0.0,0,0.0,0.0,13.0,0.0,1,0,1,none,sustained,357.21,562.79
2026-01-28 14:28:57.252457,0.53,0.0,99.47,217.0,351.0,0.35,1523.29,2392.54,0.0,13,26,0,0.0,0,1026.0,1026.0,13.0,0.0,1,0,1,none,sustained,357.89,562.11
2026-01-28 14:28:58.281329,4.43,1.04,94.53,472.0,816.0,0.35,1511.02,2404.81,0.0,13,26,0,0.0,0,928.0,928.0,13.0,0.0,1,0,1,none,sustained,355.0,565.0
2026-01-28 14:28:59.314006,0.0,0.0,100.0,147.0,163.0,0.35,1511.02,2404.81,0.0,13,26,0,0.0,0,0.0,0.0,13.0,0.0,1,0,1,none,sustained,355.0,565.0
2026-01-28 14:29:00.339621,0.78,0.78,98.44,398.0,505.0,0.35,1511.96,2403.87,0.0,13,26,0,0.0,0,928.0,928.0,13.0,0.0,1,0,1,none,sustained,355.23,564.77
2026-01-28 14:29:01.373909,0.0,0.25,99.75,91.0,149.0,0.32,1511.96,2403.87,0.0,13,26,0,0.0,0,0.0,0.0,13.0,0.0,1,0,1,none,sustained,355.23,564.77
2026-01-28 14:29:02.400761,3.32,0.51,96.17,384.0,597.0,0.32,1519.96,2395.87,0.0,13,26,0,0.0,0,928.0,928.0,13.0,0.0,1,0,1,none,sustained,357.11,562.89
2026-01-28 14:29:03.441600,5.05,1.01,93.94,402.0,958.0,0.32,1524.2,2391.62,0.0,13,26,0,0.0,0,928.0,928.0,13.0,0.0,1,0,1,none,sustained,358.1,561.9
2026-01-28 14:29:04.465049,0.25,0.0,99.75,138.0,213.0,0.32,1524.2,2391.63,0.0,13,26,0,0.0,0,0.0,0.0,13.0,0.0,1,0,1,none,sustained,358.1,561.9
2026-01-28 14:29:05.491241,0.77,0.51,98.71,193.0,393.0,0.32,1518.2,2397.63,0.0,13,26,0,0.0,0,928.0,928.0,13.0,0.0,1,0,1,none,sustained,356.69,563.31
2026-01-28 14:29:06.557653,8.0,1.0,91.0,553.0,1371.0,0.3,1522.2,2393.63,0.0,13,26,0,0.0,0,1026.0,1026.0,13.0,0.0,1,0,1,none,sustained,357.63,562.37
2026-01-28 14:29:07.594967,0.51,0.51,98.97,225.0,407.0,0.3,1510.44,2405.38,0.0,13,26,0,0.0,0,928.0,928.0,13.0,0.0,1,0,1,none,sustained,354.87,565.13
2026-01-28 14:29:08.622837,4.4,1.04,94.56,388.0,760.0,0.3,1519.12,2396.71,0.0,13,26,0,0.0,0,928.0,928.0,13.0,0.0,1,0,1,none,sustained,356.91,563.09
2026-01-28 14:29:09.650981,0.25,0.25,99.5,135.0,353.0,0.3,1517.77,2398.05,0.0,13,26,0,0.0,0,0.0,0.0,13.0,0.0,1,0,1,none,sustained,356.59,563.41
2026-01-28 14:29:10.673947,0.78,0.52,98.71,301.0,512.0,0.3,1515.8,2400.02,0.0,13,26,0,0.0,0,928.0,928.0,13.0,0.0,1,0,1,none,sustained,356.13,563.87
2026-01-28 14:29:11.700011,3.31,0.25,96.44,273.0,571.0,0.27,1521.77,2394.05,0.0,13,26,0,0.0,0,928.0,928.0,13.0,0.0,1,0,1,none,sustained,357.53,562.47
2026-01-28 14:29:12.734853,0.0,0.0,100.0,130.0,114.0,0.27,1521.61,2394.22,0.0,13,26,0,0.0,0,970.0,970.0,13.0,0.0,1,0,1,none,sustained,357.49,562.51
2026-01-28 14:29:13.762243,2.08,0.52,97.4,356.0,620.0,0.27,1516.79,2399.04,0.0,13,26,0,0.0,0,928.0,928.0,13.0,0.0,1,0,1,none,sustained,356.36,563.64
2026-01-28 14:29:14.799789,2.36,0.52,97.11,428.0,748.0,0.27,1519.49,2396.33,0.0,13,26,0,0.0,0,928.0,928.0,13.0,0.0,1,0,1,none,sustained,357.0,563.0
2026-01-28 14:29:15.947679,0.23,0.0,99.77,256.0,409.0,0.25,1519.48,2396.34,0.0,13,26,0,0.0,0,928.0,928.0,13.0,0.0,1,0,1,none,sustained,356.99,563.01
2026-01-28 14:29:17.322745,1.57,0.59,97.84,372.0,751.0,0.25,1517.77,2398.05,0.0,13,26,0,0.0,0,1026.0,1026.0,13.0,0.0,1,0,1,none,sustained,356.59,563.41
2026-01-28 14:29:18.453789,0.24,0.47,99.29,279.0,579.0,0.25,1509.75,2406.07,0.0,13,26,0,0.0,0,928.0,928.0,13.0,0.0,1,0,1,none,sustained,354.71,565.29
2026-01-28 14:29:19.612791,0.9,0.45,98.65,242.0,588.0,0.25,1509.12,2406.71,0.0,13,26,0,0.0,0,0.0,0.0,13.0,0.0,1,0,1,none,sustained,354.56,565.44
2026-01-28 14:29:20.668109,3.23,0.99,95.78,345.0,760.0,0.25,1513.12,2402.71,0.0,13,26,0,0.0,0,928.0,928.0,13.0,0.0,1,0,1,none,sustained,355.5,564.5
2026-01-28 14:29:21.688228,0.52,0.0,99.48,307.0,529.0,0.23,1513.65,2402.18,0.0,13,26,0,0.0,0,928.0,928.0,13.0,0.0,1,0,1,none,sustained,355.62,564.38
2026-01-28 14:29:22.820145,0.47,0.71,98.82,244.0,524.0,0.23,1518.72,2397.1,0.0,13,26,0,0.0,0,970.0,970.0,13.0,0.0,1,0,1,none,sustained,356.81,563.19
2026-01-28 14:29:23.847602,3.82,0.76,95.42,346.0,773.0,0.23,1519.33,2396.49,0.0,13,26,0,0.0,0,928.0,928.0,13.0,0.0,1,0,1,none,sustained,356.96,563.04
2026-01-28 14:29:24.941214,1.99,0.75,97.26,392.0,832.0,0.23,1522.04,2393.79,0.0,13,26,0,0.0,0,928.0,928.0,13.0,0.0,1,0,1,none,sustained,357.59,562.41
2026-01-28 14:29:25.969943,3.08,0.51,96.41,350.0,764.0,0.21,1516.38,2399.44,0.0,13,26,0,0.0,0,928.0,928.0,13.0,0.0,1,0,1,none,sustained,356.26,563.74
2026-01-28 14:29:27.005357,0.77,0.26,98.98,286.0,458.0,0.21,1519.39,2396.43,0.0,13,26,0,0.0,0,98.0,98.0,13.0,0.0,1,0,1,none,sustained,356.97,563.03
2026-01-28 14:29:28.064731,0.75,0.25,99.0,164.0,483.0,0.21,1523.58,2392.24,0.0,13,26,0,0.0,0,928.0,928.0,13.0,0.0,1,0,1,none,sustained,357.96,562.04
2026-01-28 14:29:29.259168,0.45,0.22,99.33,283.0,579.0,0.21,1523.82,2392.0,0.0,13,26,0,0.0,0,928.0,928.0,13.0,0.0,1,0,1,none,sustained,358.01,561.99
2026-01-28 14:29:30.788822,4.09,0.68,95.23,591.0,1198.0,0.19,1520.07,2395.75,0.0,12,24,0,0.0,0,928.0,928.0,12.0,0.0,1,0,1,none,sustained,357.13,562.87
2026-01-28 14:29:32.002190,1.31,0.65,98.04,357.0,749.0,0.19,1524.07,2391.75,0.0,13,26,0,0.0,0,928.0,928.0,13.0,0.0,1,0,1,none,sustained,358.07,561.93
2026-01-28 14:56:36.956650,1.05,0.52,98.43,246.0,625.0,0.29,1506.16,2409.67,0.0,12,27,0,0.0,0,100.0,100.0,12.0,0.0,0,0,0,none,sustained,353.86,566.14
2026-01-28 14:56:37.982759,1.31,0.52,98.16,249.0,601.0,0.29,1514.89,2400.93,0.0,12,27,0,0.0,0,100.0,100.0,12.0,0.0,0,0,0,none,sustained,355.91,564.09
2026-01-28 14:56:39.013273,3.47,0.8,95.73,431.0,931.0,0.29,1512.61,2403.21,0.0,12,27,0,0.0,0,100.0,100.0,12.0,0.0,0,0,0,none,sustained,355.38,564.62
2026-01-28 14:56:40.040834,3.66,0.78,95.56,348.0,914.0,0.29,1513.86,2401.96,0.0,12,27,0,0.0,0,100.0,100.0,12.0,0.0,0,0,0,none,sustained,355.67,564.33
2026-01-28 14:56:41.068495,4.36,0.51,95.13,312.0,910.0,0.26,1515.73,2400.1,0.0,12,27,0,0.0,0,100.0,100.0,12.0,0.0,0,0,0,none,sustained,356.11,563.89
2026-01-28 14:56:42.093933,4.65,0.78,94.57,316.0,979.0,0.26,1515.21,2400.61,0.0,12,27,0,0.0,0,98.0,98.0,12.0,0.0,0,0,0,none,sustained,355.99,564.01
2026-01-28 14:56:43.112493,0.79,0.53,98.68,240.0,629.0,0.26,1509.32,2406.5,0.0,12,27,0,0.0,0,100.0,100.0,12.0,0.0,0,0,0,none,sustained,354.61,565.39
2026-01-28 14:56:44.142200,5.5,0.79,93.72,448.0,1232.0,0.26,1521.41,2394.42,0.0,12,27,0,0.0,0,100.0,100.0,12.0,0.0,0,0,0,none,sustained,357.45,562.55
2026-01-28 14:56:45.178584,3.34,0.77,95.89,289.0,983.0,0.26,1513.7,2402.12,0.0,12,27,0,0.0,0,100.0,100.0,12.0,0.0,0,0,0,none,sustained,355.64,564.36
2026-01-28 14:56:46.209932,3.39,0.78,95.83,331.0,875.0,0.32,1517.67,2398.16,0.0,12,27,0,0.0,0,100.0,100.0,12.0,0.0,0,0,0,none,sustained,356.57,563.43
2026-01-28 14:56:47.236430,2.86,0.0,97.14,258.0,650.0,0.32,1515.11,2400.71,0.0,12,27,0,0.0,0,100.0,100.0,12.0,0.0,0,0,0,none,sustained,355.97,564.03
2026-01-28 14:56:48.263867,3.12,0.78,96.09,403.0,795.0,0.32,1517.11,2398.71,0.0,12,27,0,0.0,0,100.0,100.0,12.0,0.0,0,0,0,none,sustained,356.44,563.56
2026-01-28 14:56:49.293141,4.65,1.55,93.8,431.0,1298.0,0.32,1517.51,2398.31,0.0,12,27,0,0.0,0,0.0,0.0,12.0,0.0,0,0,0,none,sustained,356.53,563.47
2026-01-28 14:56:50.312269,3.34,0.26,96.4,220.0,852.0,0.32,1521.51,2394.32,0.0,12,27,0,0.0,0,100.0,100.0,12.0,0.0,0,0,0,none,sustained,357.47,562.53
2026-01-28 14:56:51.339684,2.37,0.53,97.11,260.0,802.0,0.3,1517.75,2398.07,0.0,12,27,0,0.0,0,100.0,100.0,12.0,0.0,0,0,0,none,sustained,356.59,563.41
2026-01-28 14:56:52.369106,5.5,1.57,92.93,433.0,1253.0,0.3,1509.04,2406.79,0.0,12,27,0,0.0,0,198.0,198.0,12.0,0.0,0,0,0,none,sustained,354.54,565.46
2026-01-28 14:56:53.393686,1.05,0.26,98.69,194.0,366.0,0.3,1505.07,2410.76,0.0,12,27,0,0.0,0,100.0,100.0,12.0,0.0,0,0,0,none,sustained,353.61,566.39
2026-01-28 14:56:54.413792,3.66,0.79,95.55,412.0,1388.0,0.3,1509.06,2406.77,0.0,12,27,0,0.0,0,0.0,0.0,12.0,0.0,0,0,0,none,sustained,354.54,565.46
2026-01-28 14:56:55.444600,3.59,0.77,95.64,322.0,793.0,0.3,1509.06,2406.77,0.0,12,27,0,0.0,0,100.0,100.0,12.0,0.0,0,0,0,none,sustained,354.54,565.46
2026-01-28 14:56:56.472271,3.06,0.26,96.68,301.0,682.0,0.35,1508.52,2407.3,0.0,12,27,0,0.0,0,100.0,100.0,12.0,0.0,0,0,0,none,sustained,354.42,565.58
2026-01-28 14:56:57.498539,1.83,0.26,97.91,400.0,637.0,0.35,1518.18,2397.64,0.0,12,27,0,0.0,0,142.0,142.0,12.0,0.0,0,0,0,none,sustained,356.69,563.31
2026-01-28 14:56:58.526706,2.34,0.52,97.14,294.0,727.0,0.35,1515.64,2400.18,0.0,12,25,0,0.0,0,0.0,0.0,12.0,0.0,0,0,0,none,sustained,356.09,563.91
2026-01-28 14:56:59.556179,2.14,0.8,97.05,369.0,913.0,0.35,1516.24,2399.59,0.0,12,27,0,0.0,0,100.0,100.0,12.0,0.0,0,0,0,none,sustained,356.23,563.77
2026-01-28 14:57:00.579856,2.61,0.78,96.61,408.0,698.0,0.35,1514.97,2400.86,0.0,12,27,0,0.0,0,100.0,100.0,12.0,0.0,0,0,0,none,sustained,355.93,564.07
2026-01-28 14:57:01.606610,2.06,0.26,97.69,258.0,512.0,0.33,1512.57,2403.25,0.0,12,27,0,0.0,0,100.0,100.0,12.0,0.0,0,0,0,none,sustained,355.37,564.63
2026-01-28 14:57:02.623104,3.65,0.78,95.57,379.0,892.0,0.33,1507.88,2407.95,0.0,12,27,0,0.0,0,198.0,198.0,12.0,0.0,0,0,0,none,sustained,354.27,565.73
2026-01-28 14:57:03.640293,0.51,0.51,98.97,193.0,468.0,0.33,1506.11,2409.71,0.0,12,27,0,0.0,0,0.0,0.0,12.0,0.0,0,0,0,none,sustained,353.85,566.15
2026-01-28 14:57:04.659943,4.5,1.06,94.44,507.0,1031.0,0.33,1507.54,2408.29,0.0,12,27,0,0.0,0,100.0,100.0,12.0,0.0,0,0,0,none,sustained,354.19,565.81
2026-01-28 14:57:05.690573,2.58,0.0,97.42,275.0,649.0,0.33,1514.84,2400.98,0.0,12,27,0,0.0,0,100.0,100.0,12.0,0.0,0,0,0,none,sustained,355.9,564.1
2026-01-28 14:57:06.712888,2.88,0.79,96.34,384.0,890.0,0.3,1508.52,2407.31,0.0,12,27,0,0.0,0,100.0,100.0,12.0,0.0,0,0,0,none,sustained,354.42,565.58
2026-01-28 14:57:07.740917,1.84,0.26,97.9,281.0,835.0,0.3,1506.91,2408.92,0.0,12,27,0,0.0,0,100.0,100.0,12.0,0.0,0,0,0,none,sustained,354.04,565.96
2026-01-28 14:57:08.768774,2.55,0.26,97.19,236.0,537.0,0.3,1510.6,2405.23,0.0,12,27,0,0.0,0,100.0,100.0,12.0,0.0,0,0,0,none,sustained,354.91,565.09
2026-01-28 14:57:09.797771,3.64,0.78,95.58,427.0,1002.0,0.3,1518.25,2397.58,0.0,12,27,0,0.0,0,0.0,0.0,12.0,0.0,0,0,0,none,sustained,356.7,563.3
2026-01-28 14:57:10.857695,3.51,0.35,96.14,299.0,535.0,0.3,1518.34,2397.49,0.0,12,27,0,0.0,0,100.0,100.0,12.0,0.0,0,0,0,none,sustained,356.72,563.28
2026-01-28 14:57:11.920827,2.52,0.25,97.23,270.0,751.0,0.35,1511.79,2404.03,0.0,12,27,0,0.0,0,100.0,100.0,12.0,0.0,0,0,0,none,sustained,355.19,564.81
2026-01-28 14:57:13.190288,1.3,0.65,98.05,338.0,713.0,0.35,1501.09,2414.73,0.0,12,27,0,0.0,0,198.0,198.0,12.0,0.0,0,0,0,none,sustained,352.67,567.33
2026-01-28 14:57:14.423824,2.16,0.43,97.4,404.0,647.0,0.35,1501.83,2414.0,0.0,12,27,0,0.0,0,100.0,100.0,12.0,0.0,0,0,0,none,sustained,352.85,567.15
2026-01-28 14:57:15.493193,1.74,0.5,97.77,306.0,668.0,0.35,1499.8,2416.03,0.0,12,25,0,0.0,0,0.0,0.0,12.0,0.0,0,0,0,none,sustained,352.37,567.63
2026-01-28 14:57:16.521768,0.8,0.27,98.94,257.0,709.0,0.33,1504.04,2411.78,0.0,12,27,0,0.0,0,100.0,100.0,12.0,0.0,0,0,0,none,sustained,353.37,566.63
2026-01-28 14:57:17.628689,3.59,0.48,95.93,272.0,809.0,0.33,1508.04,2407.79,0.0,12,27,0,0.0,0,100.0,100.0,12.0,0.0,0,0,0,none,sustained,354.3,565.7
2026-01-28 14:57:18.878188,3.36,0.63,96.01,325.0,1018.0,0.33,1508.47,2407.36,0.0,12,27,0,0.0,0,142.0,142.0,12.0,0.0,0,0,0,none,sustained,354.41,565.59
2026-01-28 14:57:20.117739,3.59,0.63,95.77,420.0,930.0,0.33,1508.47,2407.36,0.0,12,27,0,0.0,0,100.0,100.0,12.0,0.0,0,0,0,none,sustained,354.41,565.59
2026-01-28 14:57:21.281754,2.35,0.71,96.94,395.0,1014.0,0.3,1514.7,2401.13,0.0,12,27,0,0.0,0,100.0,100.0,12.0,0.0,0,0,0,none,sustained,355.87,564.13
2026-01-28 14:57:22.317866,4.09,0.77,95.14,334.0,914.0,0.3,1516.42,2399.41,0.0,12,27,0,0.0,0,100.0,100.0,12.0,0.0,0,0,0,none,sustained,356.27,563.73
2026-01-28 14:57:23.394653,3.03,0.76,96.21,345.0,909.0,0.3,1513.55,2402.28,0.0,12,27,0,0.0,0,198.0,198.0,12.0,0.0,0,0,0,none,sustained,355.6,564.4
2026-01-28 14:57:24.487811,1.96,0.73,97.31,346.0,602.0,0.3,1513.41,2402.42,0.0,12,27,0,0.0,0,100.0,100.0,12.0,0.0,0,0,0,none,sustained,355.57,564.43
2026-01-28 14:57:25.512279,2.6,1.04,96.36,368.0,824.0,0.3,1513.09,2402.73,0.0,12,27,0,0.0,0,0.0,0.0,12.0,0.0,0,0,0,none,sustained,355.49,564.51
2026-01-28 14:57:26.535814,2.55,0.26,97.19,231.0,602.0,0.28,1504.1,2411.73,0.0,12,27,0,0.0,0,100.0,100.0,12.0,0.0,0,0,0,none,sustained,353.38,566.62
2026-01-28 14:57:27.562130,2.08,0.26,97.66,300.0,581.0,0.28,1506.07,2409.76,0.0,12,27,0,0.0,0,100.0,100.0,12.0,0.0,0,0,0,none,sustained,353.84,566.16
2026-01-28 14:57:28.591216,2.69,0.54,96.77,399.0,736.0,0.28,1507.99,2407.83,0.0,12,27,0,0.0,0,100.0,100.0,12.0,0.0,0,0,0,none,sustained,354.29,565.71
2026-01-28 14:57:29.620236,0.78,0.52,98.7,266.0,523.0,0.28,1511.88,2403.95,0.0,12,27,0,0.0,0,100.0,100.0,12.0,0.0,0,0,0,none,sustained,355.21,564.79
2026-01-28 14:57:30.645309,0.51,0.25,99.24,165.0,329.0,0.28,1511.88,2403.95,0.0,12,27,0,0.0,0,0.0,0.0,12.0,0.0,0,0,0,none,sustained,355.21,564.79
2026-01-28 14:57:31.670738,3.45,1.06,95.49,381.0,813.0,0.25,1511.86,2403.96,0.0,12,27,0,0.0,0,100.0,100.0,12.0,0.0,0,0,0,none,sustained,355.2,564.8
2026-01-28 14:57:32.698767,1.05,0.0,98.95,211.0,446.0,0.25,1514.46,2401.36,0.0,12,27,0,0.0,0,100.0,100.0,12.0,0.0,0,0,0,none,sustained,355.81,564.19
2026-01-28 14:57:33.728766,2.04,0.51,97.45,307.0,636.0,0.25,1514.66,2401.16,0.0,12,27,0,0.0,0,98.0,98.0,12.0,0.0,0,0,0,none,sustained,355.86,564.14
2026-01-28 14:57:34.757111,0.26,0.26,99.47,346.0,521.0,0.25,1511.05,2404.77,0.0,12,27,0,0.0,0,100.0,100.0,12.0,0.0,0,0,0,none,sustained,355.01,564.99
2026-01-28 14:57:35.785445,1.54,0.26,98.2,201.0,487.0,0.25,1517.63,2398.2,0.0,12,27,0,0.0,0,100.0,100.0,12.0,0.0,0,0,0,none,sustained,356.56,563.44
2026-01-28 14:57:36.815477,2.89,0.53,96.58,365.0,749.0,0.23,1514.42,2401.4,0.0,12,27,0,0.0,0,100.0,100.0,12.0,0.0,0,0,0,none,sustained,355.8,564.2
2026-01-28 14:57:37.834274,0.78,0.26,98.97,288.0,414.0,0.23,1514.43,2401.4,0.0,12,27,0,0.0,0,42.0,42.0,12.0,0.0,0,0,0,none,sustained,355.81,564.19
2026-01-28 14:57:38.860467,2.32,0.52,97.16,292.0,629.0,0.23,1515.1,2400.72,0.0,12,27,0,0.0,0,100.0,100.0,12.0,0.0,0,0,0,none,sustained,355.96,564.04
2026-01-28 14:57:39.893305,2.82,0.51,96.67,295.0,621.0,0.23,1519.1,2396.72,0.0,12,27,0,0.0,0,100.0,100.0,12.0,0.0,0,0,0,none,sustained,356.9,563.1
2026-01-28 14:57:40.920808,2.35,0.52,97.13,389.0,588.0,0.23,1514.86,2400.96,0.0,12,27,0,0.0,0,100.0,100.0,12.0,0.0,0,0,0,none,sustained,355.91,564.09
2026-01-28 14:57:41.956955,3.41,0.52,96.06,417.0,834.0,0.21,1506.89,2408.93,0.0,12,27,0,0.0,0,100.0,100.0,12.0,0.0,0,0,0,none,sustained,354.04,565.96
2026-01-28 14:57:42.981696,0.52,0.26,99.22,199.0,395.0,0.21,1500.92,2414.9,0.0,12,27,1,10.8,250,0.0,0.0,12.0,0.0,0,0,0,none,sustained,352.63,567.37
2026-01-28 14:57:44.003561,1.08,0.0,98.92,288.0,633.0,0.21,1506.84,2408.99,0.0,12,27,0,0.0,0,198.0,198.0,12.0,0.0,0,0,0,none,sustained,354.02,565.98
2026-01-28 14:57:45.033640,4.62,1.03,94.36,431.0,1077.0,0.21,1519.27,2396.56,0.0,12,27,0,0.0,0,100.0,100.0,12.0,0.0,0,0,0,none,sustained,356.94,563.06
2026-01-28 14:57:46.061867,1.05,0.53,98.42,354.0,643.0,0.21,1509.15,2406.67,0.0,12,27,0,0.0,0,100.0,100.0,12.0,0.0,0,0,0,none,sustained,354.57,565.43
2026-01-28 14:57:47.088456,3.99,0.8,95.21,442.0,1065.0,0.28,1515.9,2399.93,0.0,12,27,0,0.0,0,100.0,100.0,12.0,0.0,0,0,0,none,sustained,356.15,563.85
2026-01-28 14:57:48.116807,0.25,0.0,99.75,124.0,305.0,0.28,1515.9,2399.93,0.0,12,27,0,0.0,0,0.0,0.0,12.0,0.0,0,0,0,none,sustained,356.15,563.85
2026-01-28 14:57:49.146661,3.59,1.28,95.13,356.0,791.0,0.28,1511.04,2404.78,0.0,12,27,0,0.0,0,100.0,100.0,12.0,0.0,0,0,0,none,sustained,355.01,564.99
2026-01-28 14:57:50.172125,3.84,0.26,95.91,287.0,845.0,0.28,1510.89,2404.93,0.0,12,27,0,0.0,0,100.0,100.0,12.0,0.0,0,0,0,none,sustained,354.98,565.02
2026-01-28 14:57:51.201814,3.15,0.79,96.06,323.0,840.0,0.33,1517.38,2398.45,0.0,12,27,0,0.0,0,100.0,100.0,12.0,0.0,0,0,0,none,sustained,356.5,563.5
2026-01-28 14:57:52.226956,3.99,1.06,94.95,363.0,711.0,0.33,1506.6,2409.22,0.0,12,27,0,0.0,0,100.0,100.0,12.0,0.0,0,0,0,none,sustained,353.97,566.03
2026-01-28 14:57:53.251758,1.8,0.52,97.68,274.0,592.0,0.33,1510.66,2405.16,0.0,12,27,0,0.0,0,98.0,98.0,12.0,0.0,0,0,0,none,sustained,354.92,565.08
2026-01-28 14:57:54.281743,3.32,0.77,95.92,378.0,861.0,0.33,1508.45,2407.38,0.0,12,27,0,0.0,0,100.0,100.0,12.0,0.0,0,0,0,none,sustained,354.4,565.6
2026-01-28 14:57:55.311618,3.08,0.26,96.66,280.0,673.0,0.33,1508.44,2407.38,0.0,12,27,0,0.0,0,100.0,100.0,12.0,0.0,0,0,0,none,sustained,354.4,565.6
2026-01-28 14:57:56.340043,3.11,0.78,96.11,283.0,727.0,0.31,1508.44,2407.38,0.0,12,27,0,0.0,0,100.0,100.0,12.0,0.0,0,0,0,none,sustained,354.4,565.6
2026-01-28 14:57:57.378766,5.21,1.3,93.49,484.0,1067.0,0.31,1502.96,2412.86,0.0,12,27,0,0.0,0,100.0,100.0,12.0,0.0,0,0,0,none,sustained,353.11,566.89
2026-01-28 14:57:58.406511,2.91,0.53,96.56,343.0,865.0,0.31,1502.96,2412.86,0.0,12,27,0,0.0,0,100.0,100.0,12.0,0.0,0,0,0,none,sustained,353.11,566.89
2026-01-28 14:57:59.425449,4.22,0.79,94.99,461.0,829.0,0.31,1500.07,2415.75,0.0,12,27,0,0.0,0,100.0,100.0,12.0,0.0,0,0,0,none,sustained,352.43,567.57
2026-01-28 14:58:00.452267,1.02,0.25,98.73,246.0,528.0,0.31,1500.02,2415.8,0.0,12,25,0,0.0,0,0.0,0.0,12.0,0.0,0,0,0,none,sustained,352.42,567.58
2026-01-28 14:58:01.482490,1.04,0.52,98.43,228.0,583.0,0.28,1506.23,2409.59,0.0,12,27,0,0.0,0,100.0,100.0,12.0,0.0,0,0,0,none,sustained,353.88,566.12
2026-01-28 14:58:02.510093,4.36,1.03,94.62,361.0,779.0,0.28,1503.65,2412.17,0.0,12,27,0,0.0,0,100.0,100.0,12.0,0.0,0,0,0,none,sustained,353.27,566.73
2026-01-28 14:58:03.537371,6.91,1.86,91.22,587.0,1656.0,0.28,1500.17,2415.66,0.0,12,27,0,0.0,0,198.0,198.0,12.0,0.0,0,0,0,none,sustained,352.46,567.54
2026-01-28 14:58:04.558025,3.1,0.52,96.38,302.0,632.0,0.28,1509.16,2406.66,0.0,12,27,0,0.0,0,100.0,100.0,12.0,0.0,0,0,0,none,sustained,354.57,565.43
2026-01-28 14:58:05.586055,1.32,0.26,98.42,283.0,598.0,0.28,1514.78,2401.04,0.0,12,27,0,0.0,0,100.0,100.0,12.0,0.0,0,0,0,none,sustained,355.89,564.11
2026-01-28 14:58:06.619548,2.27,1.01,96.73,230.0,581.0,0.26,1514.91,2400.91,0.0,12,27,0,0.0,0,0.0,0.0,12.0,0.0,0,0,0,none,sustained,355.92,564.08
2026-01-28 14:58:07.640955,1.54,0.26,98.21,191.0,570.0,0.26,1510.75,2405.08,0.0,12,27,0,0.0,0,100.0,100.0,12.0,0.0,0,0,0,none,sustained,354.94,565.06
2026-01-28 14:58:08.675933,5.25,0.79,93.96,455.0,996.0,0.26,1519.64,2396.18,0.0,12,27,0,0.0,0,142.0,142.0,12.0,0.0,0,0,0,none,sustained,357.03,562.97
2026-01-28 14:58:09.703795,3.63,0.78,95.6,378.0,1020.0,0.26,1515.12,2400.7,0.0,12,27,0,0.0,0,100.0,100.0,12.0,0.0,0,0,0,none,sustained,355.97,564.03
2026-01-28 14:58:10.778424,1.32,0.33,98.34,198.0,338.0,0.26,1515.12,2400.7,0.0,12,27,0,0.0,0,0.0,0.0,12.0,0.0,0,0,0,none,sustained,355.97,564.03
2026-01-28 14:58:12.013086,1.52,0.65,97.83,300.0,670.0,0.24,1519.12,2396.7,0.0,12,25,0,0.0,0,100.0,100.0,12.0,0.0,0,0,0,none,sustained,356.91,563.09
2026-01-28 14:58:13.215779,2.45,0.45,97.1,348.0,725.0,0.24,1515.12,2400.7,0.0,12,27,0,0.0,0,100.0,100.0,12.0,0.0,0,0,0,none,sustained,355.97,564.03
2026-01-28 14:58:14.283764,6.36,1.27,92.37,543.0,1424.0,0.24,1507.38,2408.45,0.0,12,27,0,0.0,0,198.0,198.0,12.0,0.0,0,0,0,none,sustained,354.15,565.85
2026-01-28 14:58:15.583073,1.04,0.41,98.55,334.0,632.0,0.24,1512.89,2402.93,0.0,12,27,0,0.0,0,100.0,100.0,12.0,0.0,0,0,0,none,sustained,355.45,564.55
2026-01-28 14:58:16.709893,1.19,0.71,98.1,291.0,578.0,0.22,1516.89,2398.93,0.0,12,27,0,0.0,0,100.0,100.0,12.0,0.0,0,0,0,none,sustained,356.38,563.62
2026-01-28 14:58:17.737481,3.85,0.51,95.64,289.0,725.0,0.22,1506.15,2409.68,0.0,12,27,0,0.0,0,100.0,100.0,12.0,0.0,0,0,0,none,sustained,353.86,566.14
2026-01-28 14:58:18.758700,0.79,0.53,98.68,221.0,536.0,0.22,1506.15,2409.68,0.0,12,27,0,0.0,0,100.0,100.0,12.0,0.0,0,0,0,none,sustained,353.86,566.14
2026-01-28 14:58:19.787589,4.51,1.33,94.16,463.0,1181.0,0.22,1510.88,2404.95,0.0,12,27,0,0.0,0,142.0,142.0,12.0,0.0,0,0,0,none,sustained,354.97,565.03
2026-01-28 14:58:20.817398,3.84,0.51,95.65,300.0,700.0,0.22,1507.51,2408.32,0.0,12,27,0,0.0,0,100.0,100.0,12.0,0.0,0,0,0,none,sustained,354.18,565.82
2026-01-28 14:58:21.858716,1.3,0.52,98.18,300.0,637.0,0.2,1506.71,2409.12,0.0,12,27,0,0.0,0,100.0,100.0,12.0,0.0,0,0,0,none,sustained,353.99,566.01
2026-01-28 14:58:22.943587,0.49,0.74,98.77,200.0,428.0,0.2,1508.53,2407.3,0.0,12,27,0,0.0,0,100.0,100.0,12.0,0.0,0,0,0,none,sustained,354.42,565.58
2026-01-28 14:58:23.960228,2.34,0.26,97.4,267.0,736.0,0.2,1508.65,2407.18,0.0,12,27,0,0.0,0,98.0,98.0,12.0,0.0,0,0,0,none,sustained,354.45,565.55
2026-01-28 14:58:24.986841,3.2,1.07,95.73,460.0,892.0,0.2,1504.64,2411.18,0.0,12,27,0,0.0,0,100.0,100.0,12.0,0.0,0,0,0,none,sustained,353.51,566.49
2026-01-28 14:58:26.030687,2.31,0.26,97.43,287.0,784.0,0.2,1506.82,2409.0,0.0,12,27,0,0.0,0,100.0,100.0,12.0,0.0,0,0,0,none,sustained,354.02,565.98
2026-01-28 14:58:27.063821,1.05,0.52,98.43,202.0,571.0,0.19,1511.27,2404.55,0.0,12,27,0,0.0,0,100.0,100.0,12.0,0.0,0,0,0,none,sustained,355.06,564.94
2026-01-28 14:58:28.087599,4.36,1.28,94.36,314.0,834.0,0.19,1511.27,2404.55,0.0,12,27,0,0.0,0,100.0,100.0,12.0,0.0,0,0,0,none,sustained,355.06,564.94
2026-01-28 14:58:29.177097,3.97,0.99,95.04,406.0,1055.0,0.19,1515.7,2400.12,0.0,12,27,0,0.0,0,100.0,100.0,12.0,0.0,0,0,0,none,sustained,356.11,563.89
2026-01-28 14:58:30.201393,3.36,0.78,95.87,407.0,834.0,0.19,1514.14,2401.69,0.0,12,27,0,0.0,0,0.0,0.0,12.0,0.0,0,0,0,none,sustained,355.74,564.26
2026-01-28 14:58:31.239835,2.03,0.51,97.46,270.0,550.0,0.17,1508.14,2407.69,0.0,12,27,0,0.0,0,100.0,100.0,12.0,0.0,0,0,0,none,sustained,354.33,565.67
2026-01-28 14:58:32.308944,2.02,0.25,97.73,299.0,889.0,0.17,1508.01,2407.81,0.0,12,27,0,0.0,0,100.0,100.0,12.0,0.0,0,0,0,none,sustained,354.3,565.7
2026-01-28 14:58:33.382721,0.5,0.25,99.24,207.0,401.0,0.17,1506.01,2409.81,0.0,12,27,0,0.0,0,100.0,100.0,12.0,0.0,0,0,0,none,sustained,353.83,566.17
2026-01-28 14:58:34.406982,2.69,1.08,96.24,445.0,832.0,0.17,1495.59,2420.24,0.0,12,27,0,0.0,0,198.0,198.0,12.0,0.0,0,0,0,none,sustained,351.38,568.62
2026-01-28 14:58:35.445301,2.92,0.53,96.55,376.0,824.0,0.17,1503.83,2412.0,0.0,12,27,0,0.0,0,100.0,100.0,12.0,0.0,0,0,0,none,sustained,353.32,566.68
2026-01-28 14:58:36.463106,2.62,0.26,97.12,285.0,824.0,0.16,1503.83,2412.0,0.0,12,27,0,0.0,0,100.0,100.0,12.0,0.0,0,0,0,none,sustained,353.32,566.68
2026-01-28 14:58:37.488585,1.03,0.51,98.46,208.0,587.0,0.16,1503.97,2411.85,0.0,12,27,0,0.0,0,0.0,0.0,12.0,0.0,0,0,0,none,sustained,353.35,566.65
2026-01-28 14:58:38.531873,2.04,0.26,97.7,241.0,606.0,0.16,1498.4,2417.43,0.0,12,27,0,0.0,0,100.0,100.0,12.0,0.0,0,0,0,none,sustained,352.04,567.96
2026-01-28 14:58:39.569902,1.04,0.52,98.44,294.0,603.0,0.16,1502.64,2413.18,0.0,12,27,0,0.0,0,100.0,100.0,12.0,0.0,0,0,0,none,sustained,353.04,566.96
2026-01-28 14:58:40.615618,2.62,0.79,96.59,426.0,1042.0,0.16,1494.64,2421.18,0.0,12,27,0,0.0,0,100.0,100.0,12.0,0.0,0,0,0,none,sustained,351.16,568.84
2026-01-28 14:58:41.641362,3.64,0.78,95.58,369.0,907.0,0.14,1502.09,2413.73,0.0,12,27,0,0.0,0,100.0,100.0,12.0,0.0,0,0,0,none,sustained,352.91,567.09
2026-01-28 14:58:42.697143,3.75,0.5,95.75,309.0,839.0,0.14,1498.6,2417.22,0.0,12,27,0,0.0,0,100.0,100.0,12.0,0.0,0,0,0,none,sustained,352.09,567.91
2026-01-28 14:58:43.719211,2.06,0.51,97.43,235.0,581.0,0.14,1502.03,2413.8,0.0,12,27,0,0.0,0,0.0,0.0,12.0,0.0,0,0,0,none,sustained,352.89,567.11
2026-01-28 14:58:44.735723,4.53,0.8,94.67,482.0,1250.0,0.14,1504.8,2411.03,0.0,12,27,0,0.0,0,198.0,198.0,12.0,0.0,0,0,0,none,sustained,353.54,566.46
2026-01-28 14:58:45.762560,3.92,0.52,95.56,365.0,928.0,0.14,1514.2,2401.62,0.0,12,27,0,0.0,0,100.0,100.0,12.0,0.0,0,0,0,none,sustained,355.75,564.25
2026-01-28 14:58:46.814744,4.25,0.75,95.0,331.0,789.0,0.29,1515.27,2400.55,0.0,12,27,0,0.0,0,100.0,100.0,12.0,0.0,0,0,0,none,sustained,356.0,564.0
2026-01-28 14:58:47.870875,3.76,0.75,95.49,357.0,827.0,0.29,1518.82,2397.01,0.0,12,27,0,0.0,0,100.0,100.0,12.0,0.0,0,0,0,none,sustained,356.84,563.16
2026-01-28 14:58:48.958376,4.09,0.48,95.43,310.0,790.0,0.29,1511.98,2403.84,0.0,12,27,0,0.0,0,100.0,100.0,12.0,0.0,0,0,0,none,sustained,355.23,564.77
2026-01-28 14:58:49.986209,6.56,1.31,92.13,495.0,1223.0,0.29,1512.59,2403.23,0.0,12,27,0,0.0,0,100.0,100.0,12.0,0.0,0,0,0,none,sustained,355.37,564.63
2026-01-28 14:58:51.005578,0.78,0.52,98.71,212.0,708.0,0.29,1512.69,2403.13,0.0,12,27,0,0.0,0,0.0,0.0,12.0,0.0,0,0,0,none,sustained,355.4,564.6
2026-01-28 14:58:52.029422,2.86,0.26,96.88,250.0,873.0,0.35,1512.69,2403.14,0.0,12,27,0,0.0,0,100.0,100.0,12.0,0.0,0,0,0,none,sustained,355.4,564.6
2026-01-28 14:58:53.059399,2.87,0.52,96.61,295.0,800.0,0.35,1512.69,2403.14,0.0,12,27,0,0.0,0,100.0,100.0,12.0,0.0,0,0,0,none,sustained,355.4,564.6
2026-01-28 14:58:54.093954,2.6,0.52,96.88,355.0,776.0,0.35,1506.5,2409.32,0.0,12,27,0,0.0,0,100.0,100.0,12.0,0.0,0,0,0,none,sustained,353.94,566.06
2026-01-28 14:58:55.121999,6.93,1.07,92.0,600.0,1431.0,0.35,1512.39,2403.43,0.0,12,27,0,0.0,0,198.0,198.0,12.0,0.0,0,0,0,none,sustained,355.33,564.67
2026-01-28 14:58:56.145377,1.85,0.53,97.62,359.0,672.0,0.4,1509.71,2406.11,0.0,12,27,0,0.0,0,100.0,100.0,12.0,0.0,0,0,0,none,sustained,354.7,565.3
2026-01-28 14:58:57.191351,0.75,0.0,99.25,204.0,399.0,0.4,1509.71,2406.11,0.0,12,27,0,0.0,0,0.0,0.0,12.0,0.0,0,0,0,none,sustained,354.7,565.3
2026-01-28 14:58:58.218361,0.79,0.26,98.94,268.0,604.0,0.4,1509.0,2406.83,0.0,12,27,0,0.0,0,100.0,100.0,12.0,0.0,0,0,0,none,sustained,354.53,565.47
2026-01-28 14:58:59.250505,6.04,0.79,93.18,425.0,1197.0,0.4,1502.81,2413.02,0.0,12,27,0,0.0,0,100.0,100.0,12.0,0.0,0,0,0,none,sustained,353.08,566.92
2026-01-28 14:59:00.279850,3.75,1.34,94.91,557.0,1001.0,0.4,1493.49,2422.33,0.0,12,27,0,0.0,0,184.0,184.0,12.0,0.0,0,0,0,none,sustained,350.89,569.11
2026-01-28 14:59:01.298559,1.85,0.26,97.88,270.0,755.0,0.37,1499.46,2416.36,0.0,12,27,0,0.0,0,100.0,100.0,12.0,0.0,0,0,0,none,sustained,352.29,567.71
2026-01-28 14:59:02.339010,1.82,0.52,97.66,322.0,752.0,0.37,1497.29,2418.54,0.0,12,27,0,0.0,0,100.0,100.0,12.0,0.0,0,0,0,none,sustained,351.78,568.22
2026-01-28 14:59:03.365534,3.39,0.26,96.35,315.0,626.0,0.37,1502.73,2413.1,0.0,12,27,0,0.0,0,100.0,100.0,12.0,0.0,0,0,0,none,sustained,353.06,566.94
2026-01-28 14:59:04.395388,1.27,0.51,98.22,247.0,696.0,0.37,1504.39,2411.43,0.0,12,27,0,0.0,0,0.0,0.0,12.0,0.0,0,0,0,none,sustained,353.45,566.55
2026-01-28 14:59:05.414778,4.38,0.82,94.79,495.0,1037.0,0.37,1510.91,2404.91,0.0,12,27,0,0.0,0,198.0,198.0,12.0,0.0,0,0,0,none,sustained,354.98,565.02
2026-01-28 14:59:06.434506,9.94,3.69,86.36,3233.0,2384.0,0.42,1503.98,2411.84,0.0,12,27,0,0.0,0,100.0,100.0,12.0,0.0,0,0,0,none,sustained,353.35,566.65
2026-01-28 14:59:07.629149,2.87,0.44,96.69,312.0,821.0,0.42,1496.8,2419.02,0.0,12,27,0,0.0,0,100.0,100.0,12.0,0.0,0,0,0,none,sustained,351.66,568.34
2026-01-28 14:59:08.659039,1.05,0.52,98.43,216.0,495.0,0.42,1501.14,2414.68,0.0,12,27,0,0.0,0,100.0,100.0,12.0,0.0,0,0,0,none,sustained,352.68,567.32
2026-01-28 14:59:09.880859,0.42,0.21,99.37,211.0,350.0,0.42,1497.14,2418.68,0.0,12,27,0,0.0,0,0.0,0.0,12.0,0.0,0,0,0,none,sustained,351.74,568.26
2026-01-28 14:59:10.961786,3.77,1.01,95.23,596.0,1068.0,0.42,1495.03,2420.79,0.0,12,27,0,0.0,0,100.0,100.0,12.0,0.0,0,0,0,none,sustained,351.25,568.75
2026-01-28 14:59:12.041983,2.7,0.74,96.56,351.0,762.0,0.47,1493.03,2422.79,0.0,12,27,0,0.0,0,100.0,100.0,12.0,0.0,0,0,0,none,sustained,350.78,569.22
2026-01-28 14:59:13.117455,2.48,0.5,97.03,322.0,665.0,0.47,1489.13,2426.69,0.0,12,27,0,0.0,0,100.0,100.0,12.0,0.0,0,0,0,none,sustained,349.86,570.14
2026-01-28 14:59:14.300049,0.44,0.0,99.56,182.0,274.0,0.47,1489.13,2426.69,0.0,12,27,1,10.1,342,0.0,0.0,12.0,0.0,0,0,0,none,sustained,349.86,570.14
2026-01-28 14:59:15.967222,1.46,0.49,98.05,642.0,1075.0,0.47,1489.46,2426.36,0.0,12,27,0,0.0,0,198.0,198.0,12.0,0.0,0,0,0,none,sustained,349.94,570.06
2026-01-28 14:59:17.035648,4.25,0.75,95.0,399.0,873.0,0.67,1482.36,2433.47,0.0,12,27,0,0.0,0,100.0,100.0,12.0,0.0,0,0,0,none,sustained,348.27,571.73
2026-01-28 14:59:18.100685,1.26,0.76,97.98,297.0,573.0,0.67,1482.38,2433.44,0.0,12,27,0,0.0,0,100.0,100.0,12.0,0.0,0,0,0,none,sustained,348.28,571.72
2026-01-28 14:59:19.135807,2.3,0.26,97.45,267.0,517.0,0.67,1475.86,2439.97,0.0,12,27,0,0.0,0,100.0,100.0,12.0,0.0,0,0,0,none,sustained,346.74,573.26
2026-01-28 14:59:20.161548,1.03,0.52,98.45,273.0,649.0,0.67,1475.99,2439.84,0.0,12,27,0,0.0,0,0.0,0.0,12.0,0.0,0,0,0,none,sustained,346.77,573.23
2026-01-28 14:59:21.186930,0.79,0.26,98.95,198.0,477.0,0.62,1479.99,2435.84,0.0,12,27,0,0.0,0,100.0,100.0,12.0,0.0,0,0,0,none,sustained,347.71,572.29
2026-01-28 14:59:22.220741,3.69,0.79,95.51,440.0,926.0,0.62,1479.98,2435.84,0.0,12,27,0,0.0,0,100.0,100.0,12.0,0.0,0,0,0,none,sustained,347.71,572.29
2026-01-28 14:59:23.251831,2.59,1.04,96.37,315.0,771.0,0.62,1488.96,2426.86,0.0,12,27,0,0.0,0,100.0,100.0,12.0,0.0,0,0,0,none,sustained,349.82,570.18
2026-01-28 14:59:24.279365,3.39,0.52,96.09,335.0,876.0,0.62,1479.87,2435.95,0.0,12,27,0,0.0,0,100.0,100.0,12.0,0.0,0,0,0,none,sustained,347.69,572.31
2026-01-28 14:59:25.306170,5.24,0.52,94.24,405.0,1160.0,0.62,1472.14,2443.68,0.0,12,27,0,0.0,0,198.0,198.0,12.0,0.0,0,0,0,none,sustained,345.87,574.13
2026-01-28 14:59:26.333184,3.88,0.52,95.61,385.0,761.0,0.65,1477.62,2438.21,0.0,12,27,0,0.0,0,100.0,100.0,12.0,0.0,0,0,0,none,sustained,347.16,572.84
2026-01-28 14:59:27.368118,4.92,1.3,93.78,395.0,997.0,0.65,1479.19,2436.63,0.0,12,27,0,0.0,0,100.0,100.0,12.0,0.0,0,0,0,none,sustained,347.53,572.47
2026-01-28 14:59:28.392124,1.03,0.0,98.97,170.0,607.0,0.65,1479.54,2436.29,0.0,12,27,0,0.0,0,0.0,0.0,12.0,0.0,0,0,0,none,sustained,347.61,572.39
2026-01-28 14:59:29.424107,4.2,1.57,94.23,449.0,909.0,0.65,1486.46,2429.36,0.0,12,27,0,0.0,0,100.0,100.0,12.0,0.0,0,0,0,none,sustained,349.24,570.76
2026-01-28 14:59:30.459960,3.58,0.51,95.91,425.0,803.0,0.65,1493.41,2422.41,0.0,12,27,0,0.0,0,100.0,100.0,12.0,0.0,0,0,0,none,sustained,350.87,569.13
2026-01-28 14:59:31.489819,2.32,0.26,97.42,290.0,734.0,0.6,1488.88,2426.95,0.0,12,27,0,0.0,0,100.0,100.0,12.0,0.0,0,0,0,none,sustained,349.8,570.2
2026-01-28 14:59:32.516502,5.74,1.31,92.95,550.0,1180.0,0.6,1482.32,2433.51,0.0,12,27,0,0.0,0,100.0,100.0,12.0,0.0,0,0,0,none,sustained,348.26,571.74
2026-01-28 14:59:33.543568,2.83,0.51,96.66,325.0,585.0,0.6,1485.61,2430.21,0.0,12,25,0,0.0,0,100.0,100.0,12.0,0.0,0,0,0,none,sustained,349.04,570.96
2026-01-28 14:59:34.564590,1.29,0.26,98.46,326.0,683.0,0.6,1487.59,2428.23,0.0,12,27,0,0.0,0,0.0,0.0,12.0,0.0,0,0,0,none,sustained,349.5,570.5
2026-01-28 14:59:35.629339,2.07,1.03,96.9,460.0,875.0,0.6,1495.11,2420.71,0.0,12,27,0,0.0,0,198.0,198.0,12.0,0.0,0,0,0,none,sustained,351.27,568.73
2026-01-28 14:59:36.765380,0.71,0.71,98.57,383.0,644.0,0.55,1503.11,2412.71,0.0,12,27,0,0.0,0,100.0,100.0,12.0,0.0,0,0,0,none,sustained,353.15,566.85
2026-01-28 14:59:38.065821,4.87,0.41,94.73,459.0,1058.0,0.55,1484.03,2431.79,0.0,12,27,0,0.0,0,100.0,100.0,12.0,0.0,0,0,0,none,sustained,348.66,571.34
2026-01-28 14:59:39.203146,1.65,0.24,98.11,362.0,639.0,0.55,1484.38,2431.45,0.0,12,27,0,0.0,0,100.0,100.0,12.0,0.0,0,0,0,none,sustained,348.75,571.25
2026-01-28 14:59:40.293158,2.46,0.49,97.05,456.0,689.0,0.55,1488.38,2427.45,0.0,12,27,0,0.0,0,142.0,142.0,12.0,0.0,0,0,0,none,sustained,349.69,570.31
2026-01-28 14:59:41.315802,3.12,0.52,96.36,313.0,715.0,0.5,1486.37,2429.45,0.0,12,27,0,0.0,0,100.0,100.0,12.0,0.0,0,0,0,none,sustained,349.21,570.79
2026-01-28 14:59:42.350231,4.75,0.53,94.72,488.0,1057.0,0.5,1482.61,2433.21,0.0,12,27,0,0.0,0,100.0,100.0,12.0,0.0,0,0,0,none,sustained,348.33,571.67
2026-01-28 14:59:43.377736,2.84,0.78,96.38,340.0,734.0,0.5,1486.86,2428.97,0.0,12,27,0,0.0,0,100.0,100.0,12.0,0.0,0,0,0,none,sustained,349.33,570.67
2026-01-28 14:59:44.617927,0.21,0.21,99.58,197.0,504.0,0.5,1486.85,2428.98,0.0,11,25,0,0.0,0,0.0,0.0,11.0,0.0,0,0,0,none,sustained,349.33,570.67
2026-01-28 14:59:45.649500,4.96,0.78,94.26,450.0,1023.0,0.5,1479.56,2436.26,0.0,12,27,0,0.0,0,198.0,198.0,12.0,0.0,0,0,0,none,sustained,347.61,572.39
2026-01-28 14:59:46.757102,1.2,0.72,98.08,269.0,514.0,0.46,1479.14,2436.68,0.0,12,27,0,0.0,0,100.0,100.0,12.0,0.0,0,0,0,none,sustained,347.52,572.48
2026-01-28 14:59:47.901747,4.67,0.93,94.39,516.0,1012.0,0.46,1480.59,2435.23,0.0,12,27,0,0.0,0,100.0,100.0,12.0,0.0,0,0,0,none,sustained,347.86,572.14
2026-01-28 14:59:49.275914,2.13,0.39,97.49,399.0,893.0,0.46,1478.78,2437.05,0.0,12,27,0,0.0,0,100.0,100.0,12.0,0.0,0,0,0,none,sustained,347.43,572.57
2026-01-28 14:59:50.323432,1.29,0.26,98.46,282.0,612.0,0.46,1479.36,2436.47,0.0,12,27,0,0.0,0,100.0,100.0,12.0,0.0,0,0,0,none,sustained,347.57,572.43
2026-01-28 14:59:51.356232,3.35,0.52,96.13,350.0,755.0,0.43,1479.76,2436.06,0.0,12,27,0,0.0,0,142.0,142.0,12.0,0.0,0,0,0,none,sustained,347.66,572.34
2026-01-28 14:59:52.381298,1.28,0.77,97.95,282.0,572.0,0.43,1480.64,2435.18,0.0,12,25,0,0.0,0,0.0,0.0,12.0,0.0,0,0,0,none,sustained,347.87,572.13
2026-01-28 14:59:53.645893,1.51,0.22,98.28,348.0,606.0,0.43,1479.79,2436.04,0.0,11,25,0,0.0,0,100.0,100.0,11.0,0.0,0,0,0,none,sustained,347.67,572.33
2026-01-28 14:59:54.673824,3.86,0.51,95.63,315.0,731.0,0.43,1480.65,2435.17,0.0,12,27,0,0.0,0,100.0,100.0,12.0,0.0,0,0,0,none,sustained,347.87,572.13
2026-01-28 14:59:55.703054,1.36,0.54,98.1,360.0,808.0,0.43,1487.69,2428.13,0.0,12,27,0,0.0,0,198.0,198.0,12.0,0.0,0,0,0,none,sustained,349.52,570.48
2026-01-28 14:59:56.740291,1.8,0.26,97.94,223.0,529.0,0.47,1491.69,2424.13,0.0,12,27,0,0.0,0,100.0,100.0,12.0,0.0,0,0,0,none,sustained,350.46,569.54
2026-01-28 14:59:57.770614,3.2,0.8,96.0,496.0,917.0,0.47,1487.17,2428.66,0.0,12,27,0,0.0,0,100.0,100.0,12.0,0.0,0,0,0,none,sustained,349.4,570.6
2026-01-28 14:59:58.805087,0.25,0.0,99.75,207.0,229.0,0.47,1487.16,2428.66,0.0,12,27,0,0.0,0,0.0,0.0,12.0,0.0,0,0,0,none,sustained,349.4,570.6
2026-01-28 14:59:59.820935,4.99,0.79,94.23,395.0,1085.0,0.47,1491.31,2424.52,0.0,12,27,0,0.0,0,100.0,100.0,12.0,0.0,0,0,0,none,sustained,350.37,569.63
2026-01-28 15:00:00.848595,1.81,0.52,97.67,371.0,584.0,0.47,1495.23,2420.59,0.0,12,27,0,0.0,0,0.0,0.0,12.0,0.0,0,0,0,none,sustained,351.3,568.7
2026-01-28 15:00:01.967071,1.67,0.24,98.1,367.0,756.0,0.43,1485.96,2429.86,0.0,12,27,0,0.0,0,100.0,100.0,12.0,0.0,0,0,0,none,sustained,349.12,570.88
2026-01-28 15:00:02.985538,2.38,0.26,97.35,331.0,808.0,0.43,1485.96,2429.86,0.0,12,25,0,0.0,0,100.0,100.0,12.0,0.0,0,0,0,none,sustained,349.12,570.88
2026-01-28 15:00:04.010454,3.72,0.8,95.48,513.0,1105.0,0.43,1472.57,2443.25,0.0,12,27,0,0.0,0,100.0,100.0,12.0,0.0,0,0,0,none,sustained,345.97,574.03
2026-01-28 15:00:05.037725,2.84,0.26,96.9,390.0,686.0,0.43,1485.12,2430.71,0.0,12,27,0,0.0,0,100.0,100.0,12.0,0.0,0,0,0,none,sustained,348.92,571.08
2026-01-28 15:00:06.062856,5.99,0.78,93.23,471.0,1191.0,0.43,1482.68,2433.15,0.0,12,27,0,0.0,0,198.0,198.0,12.0,0.0,0,0,0,none,sustained,348.35,571.65
2026-01-28 15:00:07.187215,0.7,0.23,99.07,236.0,477.0,0.4,1482.81,2433.02,0.0,12,27,0,0.0,0,0.0,0.0,12.0,0.0,0,0,0,none,sustained,348.38,571.62
2026-01-28 15:00:08.214400,2.17,0.27,97.55,434.0,678.0,0.4,1492.77,2423.05,0.0,12,27,0,0.0,0,100.0,100.0,12.0,0.0,0,0,0,none,sustained,350.72,569.28
2026-01-28 15:00:09.258372,1.55,0.52,97.94,337.0,621.0,0.4,1496.0,2419.82,0.0,12,27,0,0.0,0,100.0,100.0,12.0,0.0,0,0,0,none,sustained,351.48,568.52
2026-01-28 15:00:10.288167,4.13,1.03,94.83,570.0,1103.0,0.4,1488.3,2427.52,0.0,12,27,0,0.0,0,100.0,100.0,12.0,0.0,0,0,0,none,sustained,349.67,570.33
2026-01-28 15:00:11.315776,2.11,0.26,97.63,327.0,588.0,0.37,1484.99,2430.83,0.0,12,27,0,0.0,0,100.0,100.0,12.0,0.0,0,0,0,none,sustained,348.89,571.11
2026-01-28 15:00:12.435232,0.95,0.24,98.81,203.0,373.0,0.37,1492.44,2423.39,0.0,12,27,0,0.0,0,100.0,100.0,12.0,0.0,0,0,0,none,sustained,350.64,569.36
2026-01-28 15:00:13.453561,2.33,0.52,97.16,389.0,685.0,0.37,1488.68,2427.14,0.0,12,25,0,0.0,0,0.0,0.0,12.0,0.0,0,0,0,none,sustained,349.76,570.24
2026-01-28 15:00:14.633913,3.15,0.45,96.4,429.0,946.0,0.37,1489.9,2425.92,0.0,12,27,0,0.0,0,100.0,100.0,12.0,0.0,0,0,0,none,sustained,350.04,569.96
2026-01-28 15:00:15.659699,0.79,0.53,98.68,271.0,639.0,0.37,1491.3,2424.52,0.0,12,27,0,0.0,0,100.0,100.0,12.0,0.0,0,0,0,none,sustained,350.37,569.63
2026-01-28 15:00:16.694120,2.12,0.26,97.62,439.0,801.0,0.34,1491.25,2424.58,0.0,12,27,0,0.0,0,198.0,198.0,12.0,0.0,0,0,0,none,sustained,350.36,569.64
2026-01-28 15:00:17.831577,1.81,0.23,97.96,340.0,637.0,0.34,1495.25,2420.58,0.0,12,27,0,0.0,0,100.0,100.0,12.0,0.0,0,0,0,none,sustained,351.3,568.7
2026-01-28 15:00:18.848005,1.36,0.81,97.83,906.0,810.0,0.34,1485.05,2430.78,0.0,12,27,0,0.0,0,100.0,100.0,12.0,0.0,0,0,0,none,sustained,348.9,571.1
2026-01-28 15:00:19.913902,6.53,3.39,90.08,3076.0,1784.0,0.34,1494.32,2421.5,0.0,12,27,0,0.0,0,100.0,100.0,12.0,0.0,0,0,0,none,sustained,351.08,568.92
2026-01-28 15:00:20.966261,1.0,0.25,98.75,860.0,1028.0,0.34,1489.04,2426.79,0.0,12,27,0,0.0,0,100.0,100.0,12.0,0.0,0,0,0,none,sustained,349.84,570.16
2026-01-28 15:00:22.017236,2.43,0.49,97.08,323.0,792.0,0.31,1502.59,2413.24,0.0,12,27,0,0.0,0,142.0,142.0,12.0,0.0,0,0,0,none,sustained,353.02,566.98
2026-01-28 15:00:23.049255,1.59,1.06,97.35,693.0,796.0,0.31,1502.73,2413.09,0.0,12,27,0,0.0,0,100.0,100.0,12.0,0.0,0,0,0,none,sustained,353.06,566.94
2026-01-28 15:00:24.071207,2.65,1.06,96.29,593.0,1059.0,0.31,1494.6,2421.22,0.0,12,27,0,0.0,0,0.0,0.0,12.0,0.0,0,0,0,none,sustained,351.15,568.85
2026-01-28 15:00:25.111379,4.64,1.8,93.56,887.0,1251.0,0.31,1495.34,2420.48,0.0,12,27,0,0.0,0,100.0,100.0,12.0,0.0,0,0,0,none,sustained,351.32,568.68
2026-01-28 15:00:26.127705,6.56,3.55,89.89,1315.0,1659.0,0.45,1495.73,2420.09,0.0,12,27,0,0.0,0,198.0,198.0,12.0,0.0,0,0,0,none,sustained,351.41,568.59
2026-01-28 15:00:27.156138,3.39,1.57,95.04,590.0,941.0,0.45,1489.54,2426.29,0.0,12,27,0,0.0,0,100.0,100.0,12.0,0.0,0,0,0,none,sustained,349.96,570.04
2026-01-28 15:00:28.186637,20.99,9.57,69.44,5742.0,3528.0,0.45,1511.41,2404.42,0.0,12,27,0,0.0,0,100.0,100.0,12.0,0.0,0,0,0,none,sustained,355.1,564.9
2026-01-28 15:00:29.205501,28.52,16.2,55.28,9166.0,5072.0,0.45,1516.19,2399.64,0.0,12,27,0,0.0,0,0.0,0.0,12.0,0.0,0,0,0,none,sustained,356.22,563.78
2026-01-28 15:00:30.342992,8.52,5.84,85.64,2586.0,2858.0,0.45,1500.54,2415.28,0.0,12,27,0,0.0,0,100.0,100.0,12.0,0.0,0,0,0,none,sustained,352.54,567.46
2026-01-28 15:00:31.387131,1.78,0.25,97.97,234.0,420.0,0.41,1508.23,2407.59,0.0,12,27,0,0.0,0,100.0,100.0,12.0,0.0,0,0,0,none,sustained,354.35,565.65
2026-01-28 15:00:32.417126,3.89,0.52,95.6,461.0,803.0,0.41,1515.92,2399.9,0.0,12,27,0,0.0,0,100.0,100.0,12.0,0.0,0,0,0,none,sustained,356.16,563.84
2026-01-28 15:00:33.456492,3.32,0.77,95.91,340.0,680.0,0.41,1513.65,2402.18,0.0,12,27,0,0.0,0,100.0,100.0,12.0,0.0,0,0,0,none,sustained,355.62,564.38
2026-01-28 15:00:34.480618,4.69,0.78,94.53,502.0,981.0,0.41,1521.22,2394.6,0.0,12,27,0,0.0,0,100.0,100.0,12.0,0.0,0,0,0,none,sustained,357.4,562.6
2026-01-28 15:00:35.511168,1.79,0.51,97.7,369.0,645.0,0.41,1514.97,2400.85,0.0,12,27,0,0.0,0,0.0,0.0,12.0,0.0,0,0,0,none,sustained,355.93,564.07
2026-01-28 15:00:36.540627,4.46,1.05,94.49,554.0,1037.0,0.38,1515.71,2400.11,0.0,12,27,0,0.0,0,198.0,198.0,12.0,0.0,0,0,0,none,sustained,356.11,563.89
2026-01-28 15:00:37.572506,4.1,0.26,95.64,377.0,921.0,0.38,1515.71,2400.11,0.0,12,27,0,0.0,0,100.0,100.0,12.0,0.0,0,0,0,none,sustained,356.11,563.89
2026-01-28 15:00:39.088758,3.15,1.22,95.63,835.0,1083.0,0.38,1512.57,2403.25,0.0,12,27,0,0.0,0,100.0,100.0,12.0,0.0,0,0,0,none,sustained,355.37,564.63
2026-01-28 15:00:40.113820,2.99,0.82,96.2,476.0,882.0,0.38,1504.5,2411.32,0.0,12,27,0,0.0,0,100.0,100.0,12.0,0.0,0,0,0,none,sustained,353.47,566.53
2026-01-28 15:00:41.179181,1.78,0.25,97.97,461.0,952.0,0.35,1505.67,2410.16,0.0,12,27,0,0.0,0,100.0,100.0,12.0,0.0,0,0,0,none,sustained,353.75,566.25
2026-01-28 15:00:42.221695,3.84,0.77,95.4,381.0,897.0,0.35,1513.03,2402.8,0.0,12,27,0,0.0,0,142.0,142.0,12.0,0.0,0,0,0,none,sustained,355.48,564.52
2026-01-28 15:00:43.287477,2.03,0.76,97.22,350.0,901.0,0.35,1508.89,2406.93,0.0,12,27,0,0.0,0,100.0,100.0,12.0,0.0,0,0,0,none,sustained,354.51,565.49
2026-01-28 15:00:44.459621,0.66,0.0,99.34,181.0,323.0,0.35,1508.89,2406.93,0.0,12,27,0,0.0,0,0.0,0.0,12.0,0.0,0,0,0,none,sustained,354.51,565.49
2026-01-28 15:00:45.622937,6.76,1.35,91.89,503.0,1257.0,0.35,1501.7,2414.13,0.0,12,27,0,0.0,0,100.0,100.0,12.0,0.0,0,0,0,none,sustained,352.82,567.18
2026-01-28 15:00:46.647541,5.22,0.78,93.99,441.0,1126.0,0.32,1505.14,2410.68,0.0,12,27,0,0.0,0,198.0,198.0,12.0,0.0,0,0,0,none,sustained,353.62,566.38
2026-01-28 15:00:48.030102,0.77,0.19,99.04,276.0,669.0,0.32,1509.99,2405.83,0.0,12,27,0,0.0,0,100.0,100.0,12.0,0.0,0,0,0,none,sustained,354.76,565.24
2026-01-28 15:00:49.061808,2.36,0.52,97.12,340.0,747.0,0.32,1523.44,2392.39,0.0,12,27,0,0.0,0,100.0,100.0,12.0,0.0,0,0,0,none,sustained,357.92,562.08
2026-01-28 15:00:50.090760,1.01,1.01,97.97,313.0,570.0,0.32,1523.54,2392.29,0.0,12,27,0,0.0,0,0.0,0.0,12.0,0.0,0,0,0,none,sustained,357.95,562.05
2026-01-28 15:00:51.121389,5.5,1.05,93.46,503.0,1161.0,0.29,1521.5,2394.32,0.0,12,27,0,0.0,0,100.0,100.0,12.0,0.0,0,0,0,none,sustained,357.47,562.53
2026-01-28 15:00:52.270829,3.92,0.46,95.62,341.0,1037.0,0.29,1512.69,2403.14,0.0,12,27,0,0.0,0,100.0,100.0,12.0,0.0,0,0,0,none,sustained,355.4,564.6
2026-01-28 15:00:53.331007,3.98,1.0,95.02,307.0,972.0,0.29,1512.04,2403.79,0.0,12,27,0,0.0,0,100.0,100.0,12.0,0.0,0,0,0,none,sustained,355.24,564.76
2026-01-28 15:00:54.355966,3.63,0.78,95.6,380.0,846.0,0.29,1512.04,2403.79,0.0,12,27,0,0.0,0,100.0,100.0,12.0,0.0,0,0,0,none,sustained,355.24,564.76
2026-01-28 15:00:55.384892,3.15,0.79,96.06,346.0,928.0,0.29,1513.67,2402.15,0.0,12,25,0,0.0,0,100.0,100.0,12.0,0.0,0,0,0,none,sustained,355.63,564.37
2026-01-28 15:00:56.406014,5.24,1.31,93.46,479.0,1153.0,0.27,1509.06,2406.77,0.0,12,27,0,0.0,0,100.0,100.0,12.0,0.0,0,0,0,none,sustained,354.54,565.46
2026-01-28 15:00:57.614422,1.54,0.44,98.02,325.0,856.0,0.27,1509.27,2406.55,0.0,12,27,0,0.0,0,98.0,98.0,12.0,0.0,0,0,0,none,sustained,354.59,565.41
2026-01-28 15:00:58.648339,3.59,0.51,95.9,300.0,866.0,0.27,1510.97,2404.85,0.0,12,27,0,0.0,0,100.0,100.0,12.0,0.0,0,0,0,none,sustained,354.99,565.01
2026-01-28 15:00:59.676236,1.31,0.26,98.43,254.0,526.0,0.27,1510.04,2405.78,0.0,12,27,0,0.0,0,100.0,100.0,12.0,0.0,0,0,0,none,sustained,354.78,565.22
2026-01-28 15:01:00.707843,5.28,1.39,93.33,784.0,1270.0,0.27,1507.02,2408.8,0.0,12,27,0,0.0,0,100.0,100.0,12.0,0.0,0,0,0,none,sustained,354.07,565.93
2026-01-28 15:01:01.735248,3.36,0.52,96.12,309.0,931.0,0.25,1508.3,2407.52,0.0,12,27,0,0.0,0,142.0,142.0,12.0,0.0,0,0,0,none,sustained,354.37,565.63
2026-01-28 15:01:02.762322,2.33,0.78,96.9,297.0,699.0,0.25,1508.3,2407.53,0.0,12,27,0,0.0,0,100.0,100.0,12.0,0.0,0,0,0,none,sustained,354.37,565.63
2026-01-28 15:01:03.780989,1.29,0.52,98.19,224.0,643.0,0.25,1508.3,2407.53,0.0,12,27,0,0.0,0,0.0,0.0,12.0,0.0,0,0,0,none,sustained,354.37,565.63
2026-01-28 15:01:04.810352,2.35,0.26,97.39,300.0,833.0,0.25,1514.02,2401.8,0.0,12,27,0,0.0,0,100.0,100.0,12.0,0.0,0,0,0,none,sustained,355.71,564.29
2026-01-28 15:01:05.838754,6.3,1.57,92.13,650.0,1611.0,0.25,1521.46,2394.37,0.0,12,27,0,0.0,0,100.0,100.0,12.0,0.0,0,0,0,none,sustained,357.46,562.54
2026-01-28 15:01:06.866606,4.77,1.06,94.16,430.0,1162.0,0.23,1519.7,2396.12,0.0,12,27,0,0.0,0,198.0,198.0,12.0,0.0,0,0,0,none,sustained,357.05,562.95
2026-01-28 15:01:07.897100,4.09,0.51,95.4,304.0,986.0,0.23,1518.16,2397.67,0.0,12,27,0,0.0,0,100.0,100.0,12.0,0.0,0,0,0,none,sustained,356.68,563.32
2026-01-28 15:01:08.924149,1.85,0.79,97.36,346.0,795.0,0.23,1510.94,2404.89,0.0,12,27,0,0.0,0,100.0,100.0,12.0,0.0,0,0,0,none,sustained,354.99,565.01
2026-01-28 15:01:09.945584,1.54,0.51,97.94,234.0,758.0,0.23,1510.88,2404.94,0.0,12,27,0,0.0,0,0.0,0.0,12.0,0.0,0,0,0,none,sustained,354.97,565.03
2026-01-28 15:01:10.964839,5.32,0.53,94.15,478.0,1192.0,0.23,1515.59,2400.23,0.0,12,27,0,0.0,0,100.0,100.0,12.0,0.0,0,0,0,none,sustained,356.08,563.92
2026-01-28 15:01:11.986534,1.6,0.8,97.61,251.0,724.0,0.21,1519.59,2396.23,0.0,12,27,0,0.0,0,100.0,100.0,12.0,0.0,0,0,0,none,sustained,357.02,562.98
2026-01-28 15:01:13.009936,3.9,0.78,95.32,328.0,876.0,0.21,1520.72,2395.1,0.0,12,27,0,0.0,0,100.0,100.0,12.0,0.0,0,0,0,none,sustained,357.28,562.72
2026-01-28 15:01:14.073317,3.74,0.5,95.76,293.0,869.0,0.21,1525.71,2390.11,0.0,12,27,0,0.0,0,100.0,100.0,12.0,0.0,0,0,0,none,sustained,358.46,561.54
2026-01-28 15:01:15.111863,3.61,0.77,95.62,348.0,854.0,0.21,1522.28,2393.54,0.0,12,27,0,0.0,0,100.0,100.0,12.0,0.0,0,0,0,none,sustained,357.65,562.35
2026-01-28 15:01:16.138844,6.79,1.04,92.17,481.0,1196.0,0.27,1510.77,2405.05,0.0,12,27,0,0.0,0,100.0,100.0,12.0,0.0,0,0,0,none,sustained,354.95,565.05
2026-01-28 15:01:17.160727,1.82,0.52,97.66,284.0,786.0,0.27,1508.95,2406.88,0.0,12,27,0,0.0,0,98.0,98.0,12.0,0.0,0,0,0,none,sustained,354.52,565.48
2026-01-28 15:01:18.222134,2.51,0.75,96.73,268.0,731.0,0.27,1514.18,2401.65,0.0,12,27,0,0.0,0,100.0,100.0,12.0,0.0,0,0,0,none,sustained,355.75,564.25
2026-01-28 15:01:19.247896,4.39,0.78,94.83,325.0,1049.0,0.27,1516.88,2398.94,0.0,12,27,0,0.0,0,100.0,100.0,12.0,0.0,0,0,0,none,sustained,356.38,563.62
2026-01-28 15:01:20.272599,3.37,0.52,96.11,322.0,868.0,0.27,1521.8,2394.02,0.0,12,27,0,0.0,0,100.0,100.0,12.0,0.0,0,0,0,none,sustained,357.54,562.46
2026-01-28 15:01:21.296758,2.7,0.81,96.49,387.0,912.0,0.57,1521.36,2394.47,0.0,12,27,0,0.0,0,100.0,100.0,12.0,0.0,0,0,0,none,sustained,357.43,562.57
2026-01-28 15:01:22.322413,4.69,0.52,94.79,364.0,1174.0,0.57,1521.34,2394.48,0.0,12,27,0,0.0,0,100.0,100.0,12.0,0.0,0,0,0,none,sustained,357.43,562.57
2026-01-28 15:01:23.339616,1.54,0.26,98.21,167.0,670.0,0.57,1521.48,2394.34,0.0,12,27,0,0.0,0,0.0,0.0,12.0,0.0,0,0,0,none,sustained,357.46,562.54
2026-01-28 15:01:24.358485,3.42,0.26,96.32,311.0,863.0,0.57,1514.43,2401.39,0.0,12,27,0,0.0,0,100.0,100.0,12.0,0.0,0,0,0,none,sustained,355.81,564.19
2026-01-28 15:01:25.388588,3.38,1.04,95.58,402.0,969.0,0.57,1510.68,2405.15,0.0,12,27,0,0.0,0,100.0,100.0,12.0,0.0,0,0,0,none,sustained,354.92,565.08
2026-01-28 15:01:26.414315,5.03,0.53,94.44,455.0,1089.0,0.52,1511.96,2403.86,0.0,12,27,0,0.0,0,100.0,100.0,12.0,0.0,0,0,0,none,sustained,355.23,564.77
2026-01-28 15:01:27.436482,2.17,1.09,96.74,401.0,927.0,0.52,1512.82,2403.0,0.0,12,27,0,0.0,0,198.0,198.0,12.0,0.0,0,0,0,none,sustained,355.43,564.57
2026-01-28 15:01:28.461408,1.85,0.53,97.62,242.0,778.0,0.52,1509.76,2406.07,0.0,12,27,0,0.0,0,100.0,100.0,12.0,0.0,0,0,0,none,sustained,354.71,565.29
2026-01-28 15:01:29.486617,2.86,0.26,96.88,237.0,828.0,0.52,1509.75,2406.07,0.0,12,27,0,0.0,0,100.0,100.0,12.0,0.0,0,0,0,none,sustained,354.71,565.29
2026-01-28 15:01:30.513718,4.42,1.04,94.55,450.0,1130.0,0.52,1511.71,2404.11,0.0,12,27,0,0.0,0,0.0,0.0,12.0,0.0,0,0,0,none,sustained,355.17,564.83
2026-01-28 15:01:31.636137,2.68,0.73,96.59,372.0,915.0,0.48,1518.11,2397.71,0.0,12,27,0,0.0,0,100.0,100.0,12.0,0.0,0,0,0,none,sustained,356.67,563.33
2026-01-28 15:01:32.708016,3.2,0.49,96.31,272.0,835.0,0.48,1519.47,2396.36,0.0,12,27,0,0.0,0,142.0,142.0,12.0,0.0,0,0,0,none,sustained,356.99,563.01
2026-01-28 15:01:33.900671,0.68,0.23,99.1,238.0,463.0,0.48,1519.61,2396.21,0.0,12,27,0,0.0,0,100.0,100.0,12.0,0.0,0,0,0,none,sustained,357.02,562.98
2026-01-28 15:01:34.967006,1.26,0.5,98.24,228.0,502.0,0.48,1518.01,2397.81,0.0,12,27,0,0.0,0,100.0,100.0,12.0,0.0,0,0,0,none,sustained,356.65,563.35
2026-01-28 15:01:35.992608,4.08,1.28,94.64,337.0,826.0,0.48,1517.73,2398.1,0.0,12,27,0,0.0,0,100.0,100.0,12.0,0.0,0,0,0,none,sustained,356.58,563.42
2026-01-28 15:14:30.159332,2.43,0.73,96.84,416.0,966.0,0.31,1572.26,2343.56,0.0,16,33,0,0.0,0,1794.0,1794.0,16.0,0.0,1,0,1,none,sustained,369.39,550.61
2026-01-28 15:14:31.200168,7.98,1.6,90.43,585.0,1350.0,0.31,1573.95,2341.87,0.0,16,35,0,0.0,0,1856.0,1856.0,16.0,0.0,1,0,1,none,sustained,369.79,550.21
2026-01-28 15:14:32.239559,7.47,0.77,91.75,443.0,1177.0,0.28,1565.42,2350.4,0.0,16,35,0,0.0,0,1856.0,1856.0,16.0,0.0,1,0,1,none,sustained,367.79,552.21
2026-01-28 15:14:33.267536,3.24,0.81,95.95,338.0,759.0,0.28,1563.98,2351.84,0.0,16,35,0,0.0,0,1856.0,1856.0,16.0,0.0,1,0,1,none,sustained,367.45,552.55
2026-01-28 15:14:34.311849,2.47,1.37,96.15,519.0,895.0,0.28,1568.23,2347.6,0.0,16,35,0,0.0,0,1954.0,1954.0,16.0,0.0,1,0,1,none,sustained,368.45,551.55
2026-01-28 15:14:35.346555,5.35,0.53,94.12,561.0,1050.0,0.28,1568.37,2347.45,0.0,16,35,0,0.0,0,1856.0,1856.0,16.0,0.0,1,0,1,none,sustained,368.48,551.52
2026-01-28 15:14:36.377370,2.75,1.1,96.15,464.0,773.0,0.42,1577.03,2338.79,0.0,16,35,0,0.0,0,928.0,928.0,16.0,0.0,1,0,1,none,sustained,370.51,549.49
2026-01-28 15:14:37.403297,4.75,0.79,94.46,437.0,985.0,0.42,1573.89,2341.94,0.0,16,35,0,0.0,0,928.0,928.0,16.0,0.0,1,0,1,none,sustained,369.78,550.22
2026-01-28 15:14:38.449220,5.68,0.78,93.54,457.0,1114.0,0.42,1577.88,2337.95,0.0,16,35,0,0.0,0,1856.0,1856.0,16.0,0.0,1,0,1,none,sustained,370.71,549.29
2026-01-28 15:14:39.484352,1.89,0.81,97.3,408.0,508.0,0.42,1576.83,2339.0,0.0,16,35,0,0.0,0,1856.0,1856.0,16.0,0.0,1,0,1,none,sustained,370.47,549.53
2026-01-28 15:14:40.521771,2.17,0.54,97.29,596.0,701.0,0.42,1579.64,2336.18,0.0,16,33,0,0.0,0,1908.0,1908.0,16.0,0.0,1,0,1,none,sustained,371.13,548.87
2026-01-28 15:14:41.554183,6.49,1.08,92.43,602.0,1262.0,0.47,1566.42,2349.4,0.0,16,35,0,0.0,0,1856.0,1856.0,16.0,0.0,1,0,1,none,sustained,368.02,551.98
2026-01-28 15:14:42.591217,5.5,1.31,93.19,442.0,937.0,0.47,1567.22,2348.61,0.0,16,35,0,0.0,0,1856.0,1856.0,16.0,0.0,1,0,1,none,sustained,368.21,551.79
2026-01-28 15:14:43.614392,0.77,0.0,99.23,184.0,455.0,0.47,1567.23,2348.6,0.0,16,31,0,0.0,0,0.0,0.0,16.0,0.0,1,0,1,none,sustained,368.21,551.79
2026-01-28 15:14:44.869561,4.01,1.34,94.65,631.0,1085.0,0.47,1571.88,2343.94,0.0,16,33,0,0.0,0,1954.0,1954.0,16.0,0.0,1,0,1,none,sustained,369.3,550.7
2026-01-28 15:14:45.933810,8.16,1.28,90.56,633.0,1326.0,0.47,1571.91,2343.91,0.0,16,35,0,0.0,0,1856.0,1856.0,16.0,0.0,1,0,1,none,sustained,369.31,550.69
2026-01-28 15:14:46.968897,1.91,1.09,97.0,341.0,733.0,0.43,1566.81,2349.01,0.0,16,35,0,0.0,0,1856.0,1856.0,16.0,0.0,1,0,1,none,sustained,368.11,551.89
2026-01-28 15:14:48.018702,6.39,0.77,92.84,427.0,1081.0,0.43,1570.16,2345.66,0.0,16,35,0,0.0,0,1856.0,1856.0,16.0,0.0,1,0,1,none,sustained,368.9,551.1
2026-01-28 15:14:49.050510,6.35,0.79,92.86,475.0,1040.0,0.43,1568.21,2347.61,0.0,16,35,0,0.0,0,1856.0,1856.0,16.0,0.0,1,0,1,none,sustained,368.44,551.56
2026-01-28 15:14:50.084489,3.95,0.79,95.26,447.0,774.0,0.43,1562.44,2353.39,0.0,16,35,0,0.0,0,1856.0,1856.0,16.0,0.0,1,0,1,none,sustained,367.09,552.91
2026-01-28 15:14:51.121945,1.82,0.52,97.66,325.0,730.0,0.43,1567.2,2348.63,0.0,16,35,0,0.0,0,0.0,0.0,16.0,0.0,1,0,1,none,sustained,368.2,551.8
2026-01-28 15:14:52.730792,2.25,0.52,97.23,591.0,903.0,0.71,1578.39,2337.43,0.0,16,33,0,0.0,0,2784.0,2784.0,16.0,0.0,1,0,1,none,sustained,370.83,549.17
2026-01-28 15:14:53.760171,3.87,0.26,95.88,402.0,756.0,0.71,1576.11,2339.71,0.0,16,35,0,0.0,0,928.0,928.0,16.0,0.0,1,0,1,none,sustained,370.3,549.7
2026-01-28 15:14:54.969284,4.32,1.14,94.55,541.0,1140.0,0.71,1581.65,2334.17,0.0,16,35,0,0.0,0,1954.0,1954.0,16.0,0.0,1,0,1,none,sustained,371.6,548.4
2026-01-28 15:14:56.090245,5.07,0.72,94.2,506.0,852.0,0.71,1581.9,2333.93,0.0,16,35,0,0.0,0,1856.0,1856.0,16.0,0.0,1,0,1,none,sustained,371.66,548.34
2026-01-28 15:14:57.125245,8.53,0.8,90.67,693.0,1448.0,0.66,1573.88,2341.95,0.0,16,35,0,0.0,0,1856.0,1856.0,16.0,0.0,1,0,1,none,sustained,369.77,550.23
2026-01-28 15:14:58.161798,6.74,0.78,92.49,464.0,991.0,0.66,1573.79,2342.04,0.0,16,35,0,0.0,0,1856.0,1856.0,16.0,0.0,1,0,1,none,sustained,369.75,550.25
2026-01-28 15:14:59.200955,7.03,1.04,91.93,516.0,1055.0,0.66,1574.57,2341.26,0.0,16,35,0,0.0,0,1856.0,1856.0,16.0,0.0,1,0,1,none,sustained,369.94,550.06
2026-01-28 15:15:00.247685,2.09,0.79,97.12,467.0,586.0,0.66,1585.05,2330.77,0.0,16,35,0,0.0,0,1012.0,1012.0,16.0,0.0,1,0,1,none,sustained,372.4,547.6
2026-01-28 15:15:01.297479,0.76,0.25,98.98,265.0,527.0,0.6,1571.42,2344.41,0.0,16,35,0,0.0,0,928.0,928.0,16.0,0.0,1,0,1,none,sustained,369.2,550.8
2026-01-28 15:15:02.331251,2.97,1.35,95.68,589.0,849.0,0.6,1583.09,2332.73,0.0,16,35,0,0.0,0,1856.0,1856.0,16.0,0.0,1,0,1,none,sustained,371.94,548.06
2026-01-28 15:15:03.354333,2.2,0.55,97.25,436.0,701.0,0.6,1577.71,2338.11,0.0,16,35,0,0.0,0,1856.0,1856.0,16.0,0.0,1,0,1,none,sustained,370.67,549.33
2026-01-28 15:15:04.418141,7.05,1.01,91.94,402.0,936.0,0.6,1575.55,2340.27,0.0,16,35,0,0.0,0,1856.0,1954.0,16.0,0.0,1,0,1,none,sustained,370.17,549.83
2026-01-28 15:15:05.449711,8.36,1.31,90.34,599.0,1275.0,0.6,1578.45,2337.38,0.0,16,35,0,0.0,0,1954.0,1856.0,16.0,0.0,1,0,1,none,sustained,370.85,549.15
2026-01-28 15:15:06.481948,5.63,1.69,92.68,566.0,975.0,0.72,1579.19,2336.64,0.0,16,35,0,0.0,0,1856.0,1856.0,16.0,0.0,1,0,1,none,sustained,371.02,548.98
2026-01-28 15:15:07.512333,1.25,0.0,98.75,153.0,376.0,0.72,1579.19,2336.64,0.0,16,35,0,0.0,0,0.0,0.0,16.0,0.0,1,0,1,none,sustained,371.02,548.98
2026-01-28 15:15:08.546076,4.01,1.07,94.92,453.0,1111.0,0.72,1574.76,2341.06,0.0,16,35,0,0.0,0,1856.0,1856.0,16.0,0.0,1,0,1,none,sustained,369.98,550.02
2026-01-28 15:15:09.650535,1.01,0.5,98.49,337.0,383.0,0.72,1587.1,2328.72,0.0,16,35,0,0.0,0,1856.0,1856.0,16.0,0.0,1,0,1,none,sustained,372.88,547.12
2026-01-28 15:15:10.676385,2.94,0.53,96.52,510.0,901.0,0.72,1573.17,2342.65,0.0,16,35,0,0.0,0,928.0,928.0,16.0,0.0,1,0,1,none,sustained,369.61,550.39
2026-01-28 15:15:11.704486,4.31,1.08,94.61,380.0,964.0,0.66,1584.66,2331.16,0.0,16,35,0,0.0,0,1856.0,1856.0,16.0,0.0,1,0,1,none,sustained,372.31,547.69
2026-01-28 15:15:12.734656,9.28,1.59,89.12,618.0,1683.0,0.66,1574.54,2341.28,0.0,16,35,0,0.0,0,1856.0,1856.0,16.0,0.0,1,0,1,none,sustained,369.93,550.07
2026-01-28 15:15:13.770935,5.34,0.51,94.15,398.0,1110.0,0.66,1574.6,2341.23,0.0,16,35,0,0.0,0,928.0,928.0,16.0,0.0,1,0,1,none,sustained,369.94,550.06
2026-01-28 15:15:14.801800,7.05,1.08,91.87,593.0,1243.0,0.66,1584.4,2331.43,0.0,16,35,0,0.0,0,1954.0,1954.0,16.0,0.0,1,0,1,none,sustained,372.24,547.76
2026-01-28 15:15:15.841713,4.23,0.79,94.97,494.0,858.0,0.66,1586.72,2329.11,0.0,16,33,0,0.0,0,1856.0,1856.0,16.0,0.0,1,0,1,none,sustained,372.79,547.21
2026-01-28 15:15:16.866062,2.62,0.26,97.11,352.0,859.0,0.61,1587.59,2328.23,0.0,16,35,0,0.0,0,928.0,928.0,16.0,0.0,1,0,1,none,sustained,373.0,547.0
2026-01-28 15:15:17.896736,5.48,1.37,93.15,594.0,1116.0,0.61,1593.81,2322.02,0.0,16,35,0,0.0,0,1856.0,1856.0,16.0,0.0,1,0,1,none,sustained,374.46,545.54
2026-01-28 15:15:18.940014,2.17,0.54,97.29,454.0,684.0,0.61,1588.05,2327.78,0.0,16,35,0,0.0,0,1856.0,1856.0,16.0,0.0,1,0,1,none,sustained,373.1,546.9
2026-01-28 15:15:20.099434,1.21,0.72,98.07,335.0,924.0,0.61,1580.57,2335.25,0.0,16,35,0,0.0,0,1856.0,1856.0,16.0,0.0,1,0,1,none,sustained,371.35,548.65
2026-01-28 15:15:21.133223,2.34,0.78,96.88,406.0,783.0,0.61,1569.58,2346.25,0.0,16,35,0,0.0,0,928.0,928.0,16.0,0.0,1,0,1,none,sustained,368.76,551.24
2026-01-28 15:15:22.232442,6.33,0.97,92.7,567.0,1105.0,0.64,1574.34,2341.48,0.0,16,35,0,0.0,0,1856.0,1856.0,16.0,0.0,1,0,1,none,sustained,369.88,550.12
2026-01-28 15:15:23.375277,3.94,1.23,94.83,508.0,1042.0,0.64,1574.36,2341.46,0.0,16,35,0,0.0,0,1856.0,1856.0,16.0,0.0,1,0,1,none,sustained,369.89,550.11
2026-01-28 15:15:24.400574,2.36,0.26,97.38,324.0,769.0,0.64,1573.09,2342.73,0.0,16,33,0,0.0,0,928.0,928.0,16.0,0.0,1,0,1,none,sustained,369.59,550.41
2026-01-28 15:15:25.444303,4.57,1.88,93.55,611.0,1104.0,0.64,1566.36,2349.46,0.0,16,35,0,0.0,0,1954.0,1954.0,16.0,0.0,1,0,1,none,sustained,368.01,551.99
2026-01-28 15:15:26.481725,3.52,0.81,95.66,500.0,949.0,0.59,1567.77,2348.05,0.0,16,35,0,0.0,0,1856.0,1856.0,16.0,0.0,1,0,1,none,sustained,368.34,551.66
2026-01-28 15:15:27.513241,3.23,0.54,96.24,436.0,802.0,0.59,1572.35,2343.48,0.0,16,35,0,0.0,0,1856.0,1856.0,16.0,0.0,1,0,1,none,sustained,369.41,550.59
2026-01-28 15:15:28.550932,7.12,1.85,91.03,601.0,1330.0,0.59,1584.39,2331.44,0.0,16,35,0,0.0,0,1856.0,1856.0,16.0,0.0,1,0,1,none,sustained,372.24,547.76
2026-01-28 15:15:29.636239,1.0,0.5,98.5,300.0,550.0,0.59,1582.44,2333.39,0.0,15,33,0,0.0,0,928.0,928.0,15.0,0.0,1,0,1,none,sustained,371.78,548.22
2026-01-28 15:15:30.671882,2.35,0.52,97.13,400.0,626.0,0.59,1573.4,2342.42,0.0,16,35,0,0.0,0,928.0,928.0,16.0,0.0,1,0,1,none,sustained,369.66,550.34
2026-01-28 15:15:31.703115,1.9,0.54,97.56,394.0,585.0,0.54,1577.94,2337.88,0.0,16,35,0,0.0,0,1856.0,1856.0,16.0,0.0,1,0,1,none,sustained,370.73,549.27
2026-01-28 15:15:32.736520,5.51,1.31,93.18,421.0,870.0,0.54,1577.7,2338.12,0.0,16,35,0,0.0,0,1856.0,1856.0,16.0,0.0,1,0,1,none,sustained,370.67,549.33
2026-01-28 15:15:33.766070,1.66,0.55,97.78,449.0,798.0,0.54,1567.27,2348.55,0.0,16,35,0,0.0,0,1856.0,1856.0,16.0,0.0,1,0,1,none,sustained,368.22,551.78
2026-01-28 15:15:34.788733,7.44,1.54,91.03,550.0,1053.0,0.54,1565.83,2349.99,0.0,16,35,0,0.0,0,1856.0,1856.0,16.0,0.0,1,0,1,none,sustained,367.88,552.12
2026-01-28 15:15:35.815248,2.06,0.52,97.42,461.0,819.0,0.54,1576.8,2339.02,0.0,16,35,0,0.0,0,98.0,98.0,16.0,0.0,1,0,1,none,sustained,370.46,549.54
2026-01-28 15:15:36.837304,4.09,1.09,94.82,533.0,1149.0,0.5,1586.05,2329.77,0.0,16,35,0,0.0,0,1856.0,1856.0,16.0,0.0,1,0,1,none,sustained,372.63,547.37
2026-01-28 15:15:37.863137,6.53,1.04,92.43,496.0,1313.0,0.5,1571.77,2344.06,0.0,16,35,0,0.0,0,1856.0,1856.0,16.0,0.0,1,0,1,none,sustained,369.28,550.72
2026-01-28 15:15:38.894602,10.08,1.55,88.37,697.0,1667.0,0.5,1571.35,2344.47,0.0,16,35,0,0.0,0,1856.0,1856.0,16.0,0.0,1,0,1,none,sustained,369.18,550.82
2026-01-28 15:15:39.925854,3.93,0.79,95.29,467.0,937.0,0.5,1574.27,2341.56,0.0,16,35,0,0.0,0,1856.0,1856.0,16.0,0.0,1,0,1,none,sustained,369.86,550.14
2026-01-28 15:15:40.948188,0.25,0.25,99.5,528.0,451.0,0.5,1574.27,2341.56,0.0,16,35,0,0.0,0,84.0,84.0,16.0,0.0,1,0,1,none,sustained,369.86,550.14
2026-01-28 15:15:41.972304,6.44,1.29,92.27,578.0,939.0,0.62,1580.98,2334.84,0.0,16,35,0,0.0,0,1856.0,1856.0,16.0,0.0,1,0,1,none,sustained,371.44,548.56
2026-01-28 15:15:43.002426,4.7,0.78,94.52,459.0,1050.0,0.62,1586.3,2329.52,0.0,16,35,0,0.0,0,1856.0,1856.0,16.0,0.0,1,0,1,none,sustained,372.69,547.31
2026-01-28 15:15:44.024964,3.05,1.39,95.57,566.0,1040.0,0.62,1588.98,2326.84,0.0,16,35,0,0.0,0,1856.0,1856.0,16.0,0.0,1,0,1,none,sustained,373.32,546.68
2026-01-28 15:15:45.062685,2.08,1.04,96.88,714.0,946.0,0.62,1588.95,2326.87,0.0,16,36,0,0.0,0,172.0,270.0,16.0,0.0,2,0,1,none,sustained,373.31,546.69
2026-01-28 15:15:46.252219,1.77,0.44,97.79,361.0,719.0,0.62,1583.68,2332.14,0.0,16,33,0,0.0,0,1782.0,1684.0,16.0,0.0,1,0,1,none,sustained,372.08,547.92
2026-01-28 15:15:47.278505,5.03,0.53,94.44,485.0,1057.0,0.65,1573.66,2342.16,0.0,16,35,0,0.0,0,1856.0,1856.0,16.0,0.0,1,0,1,none,sustained,369.72,550.28
2026-01-28 15:15:48.363305,6.51,1.45,92.05,433.0,1089.0,0.65,1573.3,2342.53,0.0,16,35,0,0.0,0,1856.0,1856.0,16.0,0.0,1,0,1,none,sustained,369.64,550.36
2026-01-28 15:15:49.385375,5.66,1.08,93.26,504.0,1105.0,0.65,1573.49,2342.34,0.0,16,35,0,0.0,0,1856.0,1856.0,16.0,0.0,2,0,1,none,sustained,369.68,550.32
2026-01-28 15:15:50.410649,5.58,1.02,93.4,356.0,1056.0,0.65,1562.61,2353.22,0.0,16,35,0,0.0,0,928.0,928.0,16.0,0.0,3,0,1,none,sustained,367.13,552.87
2026-01-28 15:15:51.774858,2.52,0.39,97.09,419.0,987.0,0.59,1563.5,2352.32,0.0,16,35,0,0.0,0,1856.0,1856.0,16.0,0.0,2,0,1,none,sustained,367.34,552.66
2026-01-28 15:15:53.259384,2.0,0.36,97.64,496.0,860.0,0.59,1571.32,2344.5,0.0,16,35,0,0.0,0,1856.0,1856.0,16.0,0.0,2,0,1,none,sustained,369.17,550.83
2026-01-28 15:15:54.284799,5.88,1.07,93.05,647.0,1341.0,0.59,1573.02,2342.81,0.0,16,35,0,0.0,0,1856.0,1856.0,16.0,0.0,2,0,1,none,sustained,369.57,550.43
2026-01-28 15:15:55.335513,2.33,0.52,97.15,445.0,1248.0,0.59,1580.94,2334.88,0.0,15,33,0,0.0,0,1026.0,1026.0,15.0,0.0,2,0,1,none,sustained,371.43,548.57
2026-01-28 15:15:56.354863,3.24,0.54,96.22,544.0,925.0,0.55,1577.38,2338.45,0.0,16,35,0,0.0,0,1856.0,1856.0,16.0,0.0,2,0,1,none,sustained,370.6,549.4
2026-01-28 15:15:57.445738,4.42,0.74,94.84,484.0,1087.0,0.55,1584.48,2331.35,0.0,16,35,0,0.0,0,1856.0,1856.0,16.0,0.0,2,0,1,none,sustained,372.26,547.74
2026-01-28 15:15:58.469234,4.23,1.06,94.71,455.0,946.0,0.55,1583.92,2331.9,0.0,16,35,0,0.0,0,1856.0,1856.0,16.0,0.0,2,0,1,none,sustained,372.13,547.87
2026-01-28 15:15:59.490313,4.92,1.09,93.99,645.0,1138.0,0.55,1571.43,2344.39,0.0,16,35,0,0.0,0,1926.0,1856.0,16.0,0.0,2,0,1,none,sustained,369.2,550.8
2026-01-28 15:16:00.511519,1.81,0.52,97.67,357.0,672.0,0.55,1572.36,2343.46,0.0,16,35,0,0.0,0,928.0,928.0,16.0,0.0,2,0,1,none,sustained,369.42,550.58
2026-01-28 15:16:01.532749,2.56,0.51,96.93,295.0,756.0,0.5,1572.35,2343.47,0.0,16,35,0,0.0,0,928.0,928.0,16.0,0.0,2,0,1,none,sustained,369.41,550.59
2026-01-28 15:16:02.578834,2.37,0.79,96.84,414.0,815.0,0.5,1579.03,2336.79,0.0,16,35,0,0.0,0,1856.0,1856.0,16.0,0.0,2,0,1,none,sustained,370.98,549.02
2026-01-28 15:16:03.644575,0.5,0.25,99.25,224.0,475.0,0.5,1576.62,2339.2,0.0,16,35,0,0.0,0,928.0,928.0,16.0,0.0,2,0,1,none,sustained,370.42,549.58
2026-01-28 15:16:04.713979,6.7,1.03,92.27,783.0,1664.0,0.5,1581.6,2334.23,0.0,16,35,0,0.0,0,1856.0,1856.0,16.0,0.0,2,0,1,none,sustained,371.59,548.41
2026-01-28 15:16:05.793092,6.08,1.52,92.41,651.0,1379.0,0.5,1577.81,2338.02,0.0,16,35,0,0.0,0,1954.0,1954.0,16.0,0.0,2,0,1,none,sustained,370.7,549.3
2026-01-28 15:16:06.816870,4.55,1.07,94.39,565.0,1148.0,0.54,1579.59,2336.23,0.0,16,35,0,0.0,0,1856.0,1856.0,16.0,0.0,2,0,1,none,sustained,371.12,548.88
2026-01-28 15:16:07.841458,3.94,0.52,95.54,483.0,939.0,0.54,1574.64,2341.19,0.0,16,35,0,0.0,0,928.0,928.0,16.0,0.0,2,0,1,none,sustained,369.95,550.05
2026-01-28 15:16:09.147175,4.53,0.62,94.86,487.0,1072.0,0.54,1581.57,2334.25,0.0,16,35,0,0.0,0,2784.0,2784.0,16.0,0.0,2,0,1,none,sustained,371.58,548.42
2026-01-28 15:16:10.293679,6.12,1.18,92.71,937.0,1658.0,0.54,1584.11,2331.71,0.0,16,35,0,0.0,0,928.0,928.0,16.0,0.0,2,0,1,none,sustained,372.18,547.82
2026-01-28 15:16:11.320246,4.17,0.52,95.31,498.0,995.0,0.5,1572.04,2343.78,0.0,16,35,0,0.0,0,1898.0,1898.0,16.0,0.0,2,0,1,none,sustained,369.34,550.66
2026-01-28 15:16:12.347496,4.1,0.51,95.38,412.0,978.0,0.5,1576.17,2339.65,0.0,16,35,0,0.0,0,928.0,928.0,16.0,0.0,2,0,1,none,sustained,370.31,549.69
2026-01-28 15:16:13.369841,4.42,0.52,95.06,373.0,919.0,0.5,1576.27,2339.55,0.0,16,35,0,0.0,0,1856.0,1856.0,16.0,0.0,2,0,1,none,sustained,370.34,549.66
2026-01-28 15:16:14.393839,2.14,1.07,96.78,347.0,615.0,0.5,1569.92,2345.91,0.0,16,35,0,0.0,0,1856.0,1856.0,16.0,0.0,2,0,1,none,sustained,368.84,551.16
2026-01-28 15:16:15.418822,2.49,1.39,96.12,586.0,897.0,0.5,1574.5,2341.32,0.0,16,35,0,0.0,0,1856.0,1856.0,16.0,0.0,2,0,1,none,sustained,369.92,550.08
2026-01-28 15:16:16.443543,3.89,0.78,95.34,378.0,909.0,0.46,1575.22,2340.6,0.0,16,36,0,0.0,0,1850.0,1850.0,16.0,0.0,3,0,1,none,sustained,370.09,549.91
2026-01-28 15:16:17.484497,2.01,0.75,97.24,373.0,631.0,0.46,1573.93,2341.89,0.0,16,35,0,0.0,0,104.0,104.0,16.0,0.0,2,0,1,none,sustained,369.79,550.21
2026-01-28 15:16:18.508752,4.51,0.8,94.69,520.0,1237.0,0.46,1580.59,2335.24,0.0,16,35,0,0.0,0,1856.0,1856.0,16.0,0.0,2,0,1,none,sustained,371.35,548.65
2026-01-28 15:16:19.533101,5.14,0.51,94.34,414.0,1157.0,0.46,1581.79,2334.04,0.0,16,36,0,0.0,0,1282.0,1282.0,16.0,0.0,3,0,1,none,sustained,371.63,548.37
2026-01-28 15:16:21.105706,3.66,0.7,95.64,773.0,1817.0,0.46,1580.87,2334.96,0.0,16,35,0,0.0,0,2472.0,2472.0,16.0,0.0,2,0,1,none,sustained,371.42,548.58
2026-01-28 15:16:22.129848,7.07,0.79,92.15,578.0,1376.0,0.42,1576.06,2339.77,0.0,16,35,0,0.0,0,1856.0,1856.0,16.0,0.0,2,0,1,none,sustained,370.29,549.71
2026-01-28 15:16:23.151949,3.89,0.78,95.34,418.0,985.0,0.42,1576.05,2339.77,0.0,16,35,0,0.0,0,928.0,928.0,16.0,0.0,2,0,1,none,sustained,370.28,549.72
2026-01-28 15:16:24.175901,4.38,0.52,95.1,416.0,1027.0,0.42,1584.27,2331.55,0.0,16,35,0,0.0,0,1856.0,1856.0,16.0,0.0,2,0,1,none,sustained,372.22,547.78
2026-01-28 15:16:25.200193,5.25,1.05,93.7,559.0,1341.0,0.42,1574.05,2341.77,0.0,16,35,0,0.0,0,928.0,928.0,16.0,0.0,2,0,1,none,sustained,369.81,550.19
2026-01-28 15:16:26.401937,3.9,0.69,95.41,628.0,1243.0,0.39,1579.95,2335.88,0.0,16,35,0,0.0,0,1954.0,1954.0,16.0,0.0,2,0,1,none,sustained,371.2,548.8
2026-01-28 15:16:27.427391,3.45,0.8,95.76,508.0,990.0,0.39,1575.23,2340.59,0.0,16,35,0,0.0,0,1856.0,1856.0,16.0,0.0,2,0,1,none,sustained,370.09,549.91
2026-01-28 15:16:28.516370,3.02,0.5,96.48,501.0,907.0,0.39,1578.77,2337.05,0.0,16,35,0,0.0,0,1856.0,1856.0,16.0,0.0,2,0,1,none,sustained,370.92,549.08
2026-01-28 15:16:29.613133,4.38,1.46,94.16,488.0,1010.0,0.39,1594.88,2320.95,0.0,16,35,0,0.0,0,1856.0,1856.0,16.0,0.0,2,0,1,none,sustained,374.71,545.29
2026-01-28 15:16:30.642704,3.0,0.82,96.19,507.0,898.0,0.39,1582.77,2333.06,0.0,16,35,0,0.0,0,1856.0,1856.0,16.0,0.0,2,0,1,none,sustained,371.86,548.14
2026-01-28 15:16:31.664677,7.79,0.78,91.43,553.0,1497.0,0.36,1578.75,2337.07,0.0,16,35,0,0.0,0,1856.0,1856.0,16.0,0.0,2,0,1,none,sustained,370.92,549.08
2026-01-28 15:16:32.690338,2.02,0.76,97.22,260.0,577.0,0.36,1582.75,2333.07,0.0,16,35,0,0.0,0,0.0,0.0,16.0,0.0,2,0,1,none,sustained,371.86,548.14
2026-01-28 15:16:33.798565,1.66,0.47,97.87,336.0,543.0,0.36,1586.75,2329.07,0.0,16,35,0,0.0,0,1856.0,1856.0,16.0,0.0,2,0,1,none,sustained,372.8,547.2
2026-01-28 15:16:34.831852,1.86,0.53,97.61,408.0,505.0,0.36,1588.25,2327.57,0.0,16,35,0,0.0,0,1856.0,1856.0,16.0,0.0,2,0,1,none,sustained,373.15,546.85
2026-01-28 15:16:35.859527,4.72,1.11,94.17,510.0,1647.0,0.36,1586.74,2329.08,0.0,16,35,0,0.0,0,1856.0,1954.0,16.0,0.0,2,0,1,none,sustained,372.8,547.2
2026-01-28 15:16:36.884904,7.24,1.03,91.73,525.0,1171.0,0.49,1581.36,2334.46,0.0,16,35,0,0.0,0,1954.0,1856.0,16.0,0.0,2,0,1,none,sustained,371.53,548.47
2026-01-28 15:16:37.906808,8.0,1.07,90.93,574.0,1200.0,0.49,1581.43,2334.39,0.0,16,35,0,0.0,0,1856.0,1856.0,16.0,0.0,2,0,1,none,sustained,371.55,548.45
2026-01-28 15:16:38.928532,6.41,0.77,92.82,379.0,818.0,0.49,1577.43,2338.4,0.0,16,35,0,0.0,0,1856.0,1856.0,16.0,0.0,2,0,1,none,sustained,370.61,549.39
2026-01-28 15:16:39.952792,0.26,0.0,99.74,265.0,370.0,0.49,1577.43,2338.4,0.0,16,35,0,0.0,0,928.0,928.0,16.0,0.0,2,0,1,none,sustained,370.61,549.39
2026-01-28 15:16:40.981179,2.89,1.05,96.05,577.0,919.0,0.49,1575.18,2340.64,0.0,16,35,0,0.0,0,928.0,928.0,16.0,0.0,2,0,1,none,sustained,370.08,549.92
2026-01-28 15:16:42.009080,4.96,0.52,94.52,478.0,903.0,0.61,1576.95,2338.87,0.0,16,35,0,0.0,0,1898.0,1898.0,16.0,0.0,2,0,1,none,sustained,370.5,549.5
2026-01-28 15:16:43.038092,6.99,1.3,91.71,492.0,1043.0,0.61,1583.31,2332.52,0.0,16,35,0,0.0,0,1856.0,1856.0,16.0,0.0,2,0,1,none,sustained,371.99,548.01
2026-01-28 15:16:44.070955,6.99,1.04,91.97,442.0,1115.0,0.61,1570.38,2345.44,0.0,16,35,0,0.0,0,1856.0,1856.0,16.0,0.0,2,0,1,none,sustained,368.95,551.05
2026-01-28 15:16:45.100196,5.94,0.78,93.28,395.0,1002.0,0.61,1575.75,2340.07,0.0,16,35,0,0.0,0,1856.0,1856.0,16.0,0.0,2,0,1,none,sustained,370.21,549.79
2026-01-28 15:16:46.177899,4.76,1.25,93.98,489.0,1198.0,0.61,1586.08,2329.75,0.0,16,35,0,0.0,0,1026.0,1026.0,16.0,0.0,2,0,1,none,sustained,372.64,547.36
2026-01-28 15:16:47.207667,2.11,0.53,97.36,365.0,564.0,0.56,1587.06,2328.76,0.0,16,35,0,0.0,0,928.0,928.0,16.0,0.0,2,0,1,none,sustained,372.87,547.13
2026-01-28 15:16:48.237007,2.45,0.82,96.73,469.0,883.0,0.56,1578.57,2337.25,0.0,16,35,0,0.0,0,1856.0,1856.0,16.0,0.0,2,0,1,none,sustained,370.88,549.12
2026-01-28 15:16:49.270093,3.74,1.07,95.19,441.0,860.0,0.56,1582.57,2333.25,0.0,16,35,0,0.0,0,1856.0,1856.0,16.0,0.0,2,0,1,none,sustained,371.82,548.18
2026-01-28 15:16:50.306704,4.19,0.79,95.03,379.0,808.0,0.56,1580.76,2335.06,0.0,16,35,0,0.0,0,1856.0,1856.0,16.0,0.0,2,0,1,none,sustained,371.39,548.61
2026-01-28 15:16:51.349017,8.66,1.31,90.03,591.0,1297.0,0.52,1584.75,2331.07,0.0,16,35,0,0.0,0,1856.0,1856.0,16.0,0.0,2,0,1,none,sustained,372.33,547.67
2026-01-28 15:16:52.383981,6.79,1.57,91.64,458.0,1133.0,0.52,1584.4,2331.42,0.0,16,35,0,0.0,0,1856.0,1856.0,16.0,0.0,1,0,1,none,sustained,372.25,547.75
2026-01-28 15:16:53.408016,0.76,0.25,98.98,180.0,465.0,0.52,1580.5,2335.32,0.0,16,35,0,0.0,0,0.0,0.0,16.0,0.0,1,0,1,none,sustained,371.33,548.67
2026-01-28 15:16:54.429117,2.17,0.81,97.02,299.0,633.0,0.52,1579.28,2336.54,0.0,16,35,0,0.0,0,1856.0,1856.0,16.0,0.0,1,0,1,none,sustained,371.04,548.96
2026-01-28 15:16:55.464607,7.77,1.04,91.19,462.0,1215.0,0.52,1588.7,2327.13,0.0,16,35,0,0.0,0,1856.0,1856.0,16.0,0.0,1,0,1,none,sustained,373.26,546.74
2026-01-28 15:16:56.499833,5.99,1.63,92.37,571.0,1085.0,0.55,1579.34,2336.48,0.0,16,35,0,0.0,0,1954.0,1954.0,16.0,0.0,1,0,1,none,sustained,371.06,548.94
2026-01-28 15:16:57.535205,7.05,1.31,91.64,545.0,1078.0,0.55,1574.14,2341.69,0.0,16,35,0,0.0,0,1856.0,1856.0,16.0,0.0,1,0,1,none,sustained,369.83,550.17
2026-01-28 15:16:58.568575,5.25,0.79,93.96,415.0,955.0,0.55,1575.46,2340.37,0.0,16,33,0,0.0,0,1856.0,1856.0,16.0,0.0,1,0,1,none,sustained,370.14,549.86
2026-01-28 15:16:59.600657,2.51,0.25,97.24,222.0,528.0,0.55,1576.84,2338.98,0.0,16,35,0,0.0,0,0.0,0.0,16.0,0.0,1,0,1,none,sustained,370.47,549.53
2026-01-28 15:17:00.639951,4.55,1.07,94.39,648.0,1249.0,0.55,1584.75,2331.08,0.0,16,35,0,0.0,0,1856.0,1856.0,16.0,0.0,1,0,1,none,sustained,372.33,547.67
2026-01-28 15:17:01.669759,8.47,1.59,89.95,598.0,1095.0,0.51,1578.34,2337.48,0.0,16,35,0,0.0,0,1898.0,1898.0,16.0,0.0,1,0,1,none,sustained,370.82,549.18
2026-01-28 15:17:02.695295,0.51,0.0,99.49,195.0,390.0,0.51,1578.45,2337.38,0.0,16,33,0,0.0,0,0.0,0.0,16.0,0.0,1,0,1,none,sustained,370.85,549.15
2026-01-28 15:17:03.721704,6.02,1.31,92.67,534.0,1122.0,0.51,1588.19,2327.63,0.0,16,35,0,0.0,0,1856.0,1856.0,16.0,0.0,1,0,1,none,sustained,373.14,546.86
2026-01-28 15:17:04.756459,4.74,0.53,94.74,415.0,913.0,0.51,1578.53,2337.3,0.0,16,35,0,0.0,0,1856.0,1856.0,16.0,0.0,1,0,1,none,sustained,370.87,549.13
2026-01-28 15:17:05.787528,1.08,0.27,98.66,417.0,1029.0,0.51,1591.7,2324.13,0.0,16,35,0,0.0,0,928.0,928.0,16.0,0.0,1,0,1,none,sustained,373.96,546.04
2026-01-28 15:17:06.810459,15.38,6.15,78.46,3824.0,3139.0,0.55,1568.83,2347.0,0.0,16,35,0,0.0,0,1026.0,1026.0,16.0,0.0,1,0,1,none,sustained,368.59,551.41
2026-01-28 15:17:07.969052,5.91,0.95,93.14,646.0,1067.0,0.55,1564.23,2351.59,0.0,16,34,0,0.0,0,1856.0,1856.0,16.0,0.0,1,0,1,none,sustained,367.51,552.49
2026-01-28 15:17:09.013257,4.72,0.79,94.49,491.0,887.0,0.55,1564.2,2351.63,0.0,16,35,0,0.0,0,1856.0,1856.0,16.0,0.0,1,0,1,none,sustained,367.5,552.5
2026-01-28 15:17:10.046059,8.36,1.04,90.6,607.0,1265.0,0.55,1562.65,2353.18,0.0,16,35,0,0.0,0,1856.0,1856.0,16.0,0.0,1,0,1,none,sustained,367.13,552.87
2026-01-28 15:17:11.082722,5.31,1.33,93.37,526.0,954.0,0.55,1561.64,2354.19,0.0,16,35,0,0.0,0,1856.0,1856.0,16.0,0.0,1,0,1,none,sustained,366.9,553.1
2026-01-28 15:17:12.111585,8.05,1.3,90.65,593.0,1363.0,0.51,1563.13,2352.7,0.0,16,35,0,0.0,0,970.0,970.0,16.0,0.0,1,0,1,none,sustained,367.25,552.75
2026-01-28 15:17:13.152675,2.91,0.53,96.56,434.0,754.0,0.51,1561.5,2354.32,0.0,16,35,0,0.0,0,1856.0,1856.0,16.0,0.0,1,0,1,none,sustained,366.87,553.13
2026-01-28 15:17:14.177657,2.37,0.26,97.36,324.0,646.0,0.51,1562.64,2353.19,0.0,16,35,0,0.0,0,928.0,928.0,16.0,0.0,1,0,1,none,sustained,367.13,552.87
2026-01-28 15:17:15.211587,2.97,0.54,96.49,421.0,718.0,0.51,1563.85,2351.97,0.0,16,35,0,0.0,0,1856.0,1856.0,16.0,0.0,1,0,1,none,sustained,367.42,552.58
2026-01-28 15:17:16.250251,7.75,0.78,91.47,563.0,1143.0,0.51,1560.45,2355.37,0.0,16,35,0,0.0,0,1856.0,1856.0,16.0,0.0,1,0,1,none,sustained,366.62,553.38
2026-01-28 15:17:17.281698,8.36,1.39,90.25,775.0,1420.0,0.55,1560.99,2354.84,0.0,16,35,0,0.0,0,1954.0,1954.0,16.0,0.0,1,0,1,none,sustained,366.74,553.26
2026-01-28 15:17:18.315460,3.24,0.54,96.22,498.0,749.0,0.55,1561.3,2354.53,0.0,16,35,0,0.0,0,1856.0,1856.0,16.0,0.0,1,0,1,none,sustained,366.82,553.18
2026-01-28 15:17:19.355887,1.57,0.26,98.16,193.0,520.0,0.55,1571.62,2344.2,0.0,16,33,0,0.0,0,1282.0,1282.0,16.0,0.0,2,0,1,none,sustained,369.24,550.76
2026-01-28 15:17:20.439296,0.99,0.49,98.52,285.0,672.0,0.55,1563.48,2352.35,0.0,16,33,0,0.0,0,574.0,574.0,16.0,0.0,1,0,1,none,sustained,367.33,552.67
2026-01-28 15:17:21.822972,3.06,0.41,96.53,699.0,1299.0,0.5,1561.27,2354.56,0.0,16,35,0,0.0,0,2784.0,2784.0,16.0,0.0,1,0,1,none,sustained,366.81,553.19
2026-01-28 15:17:22.861478,5.24,1.05,93.72,525.0,1098.0,0.5,1560.84,2354.99,0.0,16,35,0,0.0,0,928.0,928.0,16.0,0.0,1,0,1,none,sustained,366.71,553.29
2026-01-28 15:17:24.132678,4.23,0.42,95.35,499.0,967.0,0.5,1560.32,2355.5,0.0,16,35,0,0.0,0,1856.0,1856.0,16.0,0.0,1,0,1,none,sustained,366.59,553.41
2026-01-28 15:17:25.192421,1.61,0.54,97.85,419.0,716.0,0.5,1565.5,2350.32,0.0,16,35,0,0.0,0,1856.0,1856.0,16.0,0.0,1,0,1,none,sustained,367.81,552.19
2026-01-28 15:17:26.232262,1.64,0.0,98.36,418.0,519.0,0.5,1567.87,2347.96,0.0,16,35,0,0.0,0,1856.0,1856.0,16.0,0.0,1,0,1,none,sustained,368.36,551.64
2026-01-28 15:17:27.420587,5.12,0.7,94.19,592.0,1000.0,0.46,1562.86,2352.96,0.0,16,35,0,0.0,0,1954.0,1954.0,16.0,0.0,1,0,1,none,sustained,367.19,552.81
2026-01-28 15:17:28.456009,4.72,1.94,93.33,617.0,1432.0,0.46,1558.89,2356.94,0.0,16,35,0,0.0,0,1856.0,1856.0,16.0,0.0,1,0,1,none,sustained,366.25,553.75
2026-01-28 15:17:29.497210,2.71,1.08,96.21,403.0,852.0,0.46,1573.94,2341.88,0.0,16,35,0,0.0,0,1856.0,1856.0,16.0,0.0,1,0,1,none,sustained,369.79,550.21
2026-01-28 15:17:30.536740,2.07,0.26,97.67,246.0,521.0,0.46,1578.14,2337.68,0.0,16,35,0,0.0,0,928.0,928.0,16.0,0.0,1,0,1,none,sustained,370.78,549.22
2026-01-28 15:17:31.560116,2.63,0.79,96.58,340.0,875.0,0.42,1565.07,2350.76,0.0,16,35,0,0.0,0,928.0,928.0,16.0,0.0,1,0,1,none,sustained,367.7,552.3
2026-01-28 15:17:32.649966,6.22,1.24,92.54,535.0,1183.0,0.42,1566.55,2349.27,0.0,15,33,0,0.0,0,1856.0,1856.0,15.0,0.0,1,0,1,none,sustained,368.05,551.95
2026-01-28 15:17:33.680367,8.49,1.33,90.19,608.0,1388.0,0.42,1564.45,2351.37,0.0,16,35,0,0.0,0,1856.0,1856.0,16.0,0.0,1,0,1,none,sustained,367.56,552.44
2026-01-28 15:17:34.716832,2.17,0.54,97.28,433.0,717.0,0.42,1566.25,2349.58,0.0,16,35,0,0.0,0,1856.0,1856.0,16.0,0.0,1,0,1,none,sustained,367.98,552.02
2026-01-28 15:17:35.749372,2.45,1.09,96.47,481.0,847.0,0.42,1562.35,2353.48,0.0,16,35,0,0.0,0,1752.0,1752.0,16.0,0.0,1,0,1,none,sustained,367.06,552.94
2026-01-28 15:17:36.778901,2.7,0.81,96.49,397.0,656.0,0.39,1564.24,2351.58,0.0,16,33,0,0.0,0,1856.0,1856.0,16.0,0.0,1,0,1,none,sustained,367.51,552.49
2026-01-28 15:17:37.823925,5.62,1.12,93.26,717.0,1159.0,0.39,1569.95,2345.87,0.0,16,35,0,0.0,0,1954.0,1954.0,16.0,0.0,1,0,1,none,sustained,368.85,551.15
2026-01-28 15:17:38.853845,1.85,0.53,97.62,370.0,625.0,0.39,1572.04,2343.79,0.0,16,33,0,0.0,0,0.0,0.0,16.0,0.0,1,0,1,none,sustained,369.34,550.66
2026-01-28 15:17:39.877486,1.89,0.54,97.57,333.0,530.0,0.39,1570.58,2345.24,0.0,16,35,0,0.0,0,1856.0,1856.0,16.0,0.0,1,0,1,none,sustained,369.0,551.0
2026-01-28 15:17:40.909885,1.66,0.55,97.79,578.0,613.0,0.39,1556.07,2359.75,0.0,16,35,0,0.0,0,1856.0,1856.0,16.0,0.0,2,0,1,none,sustained,365.59,554.41
2026-01-28 15:17:41.940687,5.87,1.07,93.07,592.0,1043.0,0.44,1561.3,2354.53,0.0,16,35,0,0.0,0,1856.0,1856.0,16.0,0.0,2,0,1,none,sustained,366.82,553.18
2026-01-28 15:17:42.992948,6.02,0.79,93.19,448.0,939.0,0.44,1561.51,2354.31,0.0,16,35,0,0.0,0,1856.0,1856.0,16.0,0.0,2,0,1,none,sustained,366.87,553.13
2026-01-28 15:17:44.016893,4.74,0.79,94.47,420.0,987.0,0.44,1566.21,2349.61,0.0,16,33,0,0.0,0,928.0,928.0,16.0,0.0,2,0,1,none,sustained,367.97,552.03
2026-01-28 15:17:45.046578,1.32,0.79,97.89,286.0,684.0,0.44,1574.21,2341.61,0.0,16,35,0,0.0,0,928.0,928.0,16.0,0.0,2,0,1,none,sustained,369.85,550.15
2026-01-28 15:17:46.086687,7.71,0.77,91.52,493.0,1277.0,0.44,1561.32,2354.51,0.0,16,35,0,0.0,0,1856.0,1856.0,16.0,0.0,2,0,1,none,sustained,366.82,553.18
2026-01-28 15:17:47.122987,8.02,1.34,90.64,595.0,1400.0,0.4,1561.85,2353.98,0.0,16,35,0,0.0,0,1954.0,1954.0,16.0,0.0,2,0,1,none,sustained,366.95,553.05
2026-01-28 15:17:48.153685,5.61,0.8,93.58,466.0,1043.0,0.4,1555.28,2360.55,0.0,16,35,0,0.0,0,1856.0,1856.0,16.0,0.0,2,0,1,none,sustained,365.4,554.6
2026-01-28 15:17:49.186414,7.3,1.08,91.62,600.0,1433.0,0.4,1561.18,2354.64,0.0,16,35,0,0.0,0,1856.0,1856.0,16.0,0.0,2,0,1,none,sustained,366.79,553.21
2026-01-28 15:17:50.218583,7.37,0.79,91.84,463.0,1271.0,0.4,1570.16,2345.66,0.0,16,35,0,0.0,0,1856.0,1856.0,16.0,0.0,2,0,1,none,sustained,368.9,551.1
2026-01-28 15:17:51.244095,1.79,0.51,97.7,209.0,656.0,0.4,1571.87,2343.96,0.0,16,35,0,0.0,0,0.0,0.0,16.0,0.0,2,0,1,none,sustained,369.3,550.7
2026-01-28 15:17:52.311947,5.75,0.5,93.75,400.0,913.0,0.53,1566.59,2349.23,0.0,16,35,0,0.0,0,1898.0,1898.0,16.0,0.0,2,0,1,none,sustained,368.06,551.94
2026-01-28 15:17:53.401217,7.41,0.74,91.85,556.0,1199.0,0.53,1560.55,2355.28,0.0,16,33,0,0.0,0,1856.0,1856.0,16.0,0.0,2,0,1,none,sustained,366.64,553.36
2026-01-28 15:17:54.458955,10.77,1.54,87.69,732.0,1690.0,0.53,1574.45,2341.38,0.0,16,35,0,0.0,0,1856.0,1856.0,16.0,0.0,2,0,1,none,sustained,369.91,550.09
2026-01-28 15:17:55.569869,7.4,0.95,91.65,442.0,1222.0,0.53,1574.32,2341.51,0.0,16,35,0,0.0,0,1856.0,1856.0,16.0,0.0,2,0,1,none,sustained,369.88,550.12
2026-01-28 15:17:56.655121,5.54,0.76,93.7,435.0,1020.0,0.49,1566.41,2349.42,0.0,16,35,0,0.0,0,1856.0,1856.0,16.0,0.0,2,0,1,none,sustained,368.02,551.98
2026-01-28 15:17:57.721419,6.79,0.78,92.43,616.0,1240.0,0.49,1559.61,2356.21,0.0,16,35,0,0.0,0,1954.0,1954.0,16.0,0.0,2,0,1,none,sustained,366.42,553.58
2026-01-28 15:17:58.755875,8.24,1.33,90.43,538.0,1221.0,0.49,1561.72,2354.1,0.0,16,35,0,0.0,0,1856.0,1856.0,16.0,0.0,2,0,1,none,sustained,366.92,553.08
2026-01-28 15:17:59.790473,1.35,0.54,98.11,335.0,630.0,0.49,1561.81,2354.01,0.0,16,35,0,0.0,0,1856.0,1856.0,16.0,0.0,2,0,1,none,sustained,366.94,553.06
2026-01-28 15:18:00.818512,3.5,0.81,95.69,416.0,810.0,0.49,1562.55,2353.27,0.0,16,35,0,0.0,0,0.0,0.0,16.0,0.0,2,0,1,none,sustained,367.11,552.89
2026-01-28 15:18:01.857720,3.46,0.8,95.74,382.0,737.0,0.45,1565.21,2350.61,0.0,16,35,0,0.0,0,1856.0,1856.0,16.0,0.0,2,0,1,none,sustained,367.74,552.26
2026-01-28 15:18:02.893139,6.77,1.56,91.67,479.0,1110.0,0.45,1566.13,2349.69,0.0,16,35,0,0.0,0,1898.0,1898.0,16.0,0.0,2,0,1,none,sustained,367.95,552.05
2026-01-28 15:18:03.926667,4.95,1.37,93.68,569.0,1129.0,0.45,1570.08,2345.74,0.0,16,35,0,0.0,0,1856.0,1856.0,16.0,0.0,2,0,1,none,sustained,368.88,551.12
2026-01-28 15:18:04.958839,2.96,0.54,96.51,387.0,706.0,0.45,1560.47,2355.36,0.0,16,35,0,0.0,0,1856.0,1856.0,16.0,0.0,2,0,1,none,sustained,366.62,553.38
2026-01-28 15:18:06.016511,1.85,0.79,97.35,348.0,644.0,0.45,1573.21,2342.62,0.0,16,33,0,0.0,0,1856.0,1856.0,16.0,0.0,2,0,1,none,sustained,369.62,550.38
2026-01-28 15:18:07.043693,1.53,0.51,97.95,266.0,643.0,0.41,1575.66,2340.16,0.0,16,31,0,0.0,0,0.0,0.0,16.0,0.0,2,0,1,none,sustained,370.19,549.81
2026-01-28 15:18:08.077449,3.99,1.42,94.59,563.0,1070.0,0.41,1570.96,2344.86,0.0,16,35,0,0.0,0,1954.0,1954.0,16.0,0.0,2,0,1,none,sustained,369.09,550.91
2026-01-28 15:18:09.109653,8.11,1.08,90.81,685.0,1333.0,0.41,1575.15,2340.67,0.0,16,35,0,0.0,0,1856.0,1856.0,16.0,0.0,2,0,1,none,sustained,370.07,549.93
2026-01-28 15:18:10.143446,3.0,1.09,95.91,466.0,732.0,0.41,1568.49,2347.33,0.0,16,35,0,0.0,0,1856.0,1856.0,16.0,0.0,2,0,1,none,sustained,368.51,551.49
2026-01-28 15:18:11.171217,6.12,0.8,93.09,535.0,1301.0,0.41,1564.6,2351.22,0.0,16,35,0,0.0,0,1856.0,1856.0,16.0,0.0,2,0,1,none,sustained,367.59,552.41
2026-01-28 15:18:12.205803,4.28,1.07,94.65,461.0,884.0,0.38,1566.08,2349.75,0.0,16,35,0,0.0,0,1856.0,1856.0,16.0,0.0,2,0,1,none,sustained,367.94,552.06
2026-01-28 15:18:13.240552,4.75,0.79,94.46,397.0,921.0,0.38,1566.81,2349.01,0.0,16,33,0,0.0,0,1856.0,1856.0,16.0,0.0,2,0,1,none,sustained,368.11,551.89
2026-01-28 15:18:14.323308,4.48,1.0,94.53,433.0,1098.0,0.38,1562.38,2353.44,0.0,16,35,0,0.0,0,928.0,928.0,16.0,0.0,2,0,1,none,sustained,367.07,552.93
2026-01-28 15:18:15.353565,1.07,0.27,98.66,333.0,606.0,0.38,1562.37,2353.46,0.0,16,35,0,0.0,0,928.0,928.0,16.0,0.0,2,0,1,none,sustained,367.07,552.93
2026-01-28 15:18:16.411376,5.14,1.29,93.57,410.0,938.0,0.35,1572.34,2343.49,0.0,16,35,0,0.0,0,1856.0,1856.0,16.0,0.0,2,0,1,none,sustained,369.41,550.59
2026-01-28 15:18:17.444450,8.09,1.04,90.86,561.0,1265.0,0.35,1560.85,2354.97,0.0,16,35,0,0.0,0,1856.0,1856.0,16.0,0.0,2,0,1,none,sustained,366.71,553.29
2026-01-28 15:18:18.469976,5.54,0.83,93.63,569.0,1360.0,0.35,1557.05,2358.78,0.0,16,35,0,0.0,0,1954.0,1954.0,16.0,0.0,3,0,1,none,sustained,365.82,554.18
2026-01-28 15:18:19.524628,4.35,1.09,94.57,611.0,1077.0,0.35,1558.17,2357.65,0.0,16,35,0,0.0,0,1856.0,1856.0,16.0,0.0,3,0,1,none,sustained,366.08,553.92
2026-01-28 15:18:20.556930,1.81,0.52,97.67,337.0,608.0,0.35,1568.34,2347.48,0.0,16,35,0,0.0,0,1856.0,1856.0,16.0,0.0,3,0,1,none,sustained,368.47,551.53
2026-01-28 15:18:21.572262,3.68,2.37,93.95,1753.0,1404.0,0.32,1563.14,2352.68,0.0,16,35,0,0.0,0,928.0,928.0,16.0,0.0,3,0,1,none,sustained,367.25,552.75
2026-01-28 15:18:22.857043,4.07,1.5,94.43,1796.0,1360.0,0.32,1565.18,2350.64,0.0,16,35,0,0.0,0,2784.0,2784.0,16.0,0.0,3,0,1,none,sustained,367.73,552.27
2026-01-28 15:18:23.878801,1.3,0.78,97.93,486.0,825.0,0.32,1567.95,2347.88,0.0,16,35,0,0.0,0,0.0,0.0,16.0,0.0,3,0,1,none,sustained,368.38,551.62
2026-01-28 15:18:24.905630,2.36,1.05,96.59,1010.0,1251.0,0.32,1568.96,2346.86,0.0,16,35,0,0.0,0,1856.0,1856.0,16.0,0.0,3,0,1,none,sustained,368.62,551.38
2026-01-28 15:18:25.952046,3.54,1.36,95.1,957.0,1008.0,0.32,1577.2,2338.62,0.0,16,35,0,0.0,0,1856.0,1856.0,16.0,0.0,3,0,1,none,sustained,370.55,549.45
2026-01-28 15:18:26.983800,3.61,1.94,94.44,984.0,1174.0,0.29,1575.82,2340.01,0.0,16,35,0,0.0,0,1856.0,1856.0,16.0,0.0,3,0,1,none,sustained,370.23,549.77
2026-01-28 15:18:28.029924,6.37,2.49,91.14,1284.0,1426.0,0.29,1570.0,2345.82,0.0,16,35,0,0.0,0,1954.0,1954.0,16.0,0.0,3,0,1,none,sustained,368.86,551.14
2026-01-28 15:18:29.068243,28.44,15.62,55.94,8388.0,4896.0,0.29,1587.86,2327.96,0.0,16,35,0,0.0,0,1856.0,1856.0,16.0,0.0,3,0,1,none,sustained,373.06,546.94
2026-01-28 15:18:30.125858,25.27,15.88,58.84,7350.0,4984.0,0.29,1582.0,2333.82,0.0,16,35,0,0.0,0,928.0,928.0,16.0,0.0,3,0,1,none,sustained,371.68,548.32
2026-01-28 15:18:31.188447,6.12,1.86,92.02,2483.0,2016.0,0.29,1576.16,2339.67,0.0,16,35,0,0.0,0,928.0,928.0,16.0,0.0,3,0,1,none,sustained,370.31,549.69
2026-01-28 15:18:32.226021,6.99,1.08,91.94,703.0,1231.0,0.35,1591.49,2324.34,0.0,16,35,0,0.0,0,1856.0,1856.0,16.0,0.0,3,0,1,none,sustained,373.91,546.09
2026-01-28 15:18:33.272689,8.01,1.55,90.44,1116.0,1301.0,0.35,1598.11,2317.72,0.0,16,35,0,0.0,0,1856.0,1856.0,16.0,0.0,3,0,1,none,sustained,375.47,544.53
2026-01-28 15:18:34.324499,2.69,0.54,96.77,481.0,886.0,0.35,1598.4,2317.42,0.0,16,35,0,0.0,0,1856.0,1856.0,16.0,0.0,3,0,1,none,sustained,375.54,544.46
2026-01-28 15:18:35.358352,7.8,1.61,90.59,660.0,1356.0,0.35,1599.24,2316.58,0.0,16,35,0,0.0,0,1856.0,1856.0,16.0,0.0,3,0,1,none,sustained,375.73,544.27
2026-01-28 15:18:36.396804,9.14,1.83,89.03,721.0,1407.0,0.4,1578.18,2337.64,0.0,16,35,0,0.0,0,1856.0,1856.0,16.0,0.0,3,0,1,none,sustained,370.78,549.22
2026-01-28 15:18:37.427349,6.43,1.03,92.54,493.0,1194.0,0.4,1589.34,2326.48,0.0,16,35,0,0.0,0,928.0,928.0,16.0,0.0,3,0,1,none,sustained,373.41,546.59
2026-01-28 15:18:38.498699,5.97,1.56,92.47,664.0,1397.0,0.4,1587.38,2328.44,0.0,16,35,0,0.0,0,1026.0,1026.0,16.0,0.0,3,0,1,none,sustained,372.95,547.05
2026-01-28 15:18:39.686649,7.0,1.58,91.42,905.0,1574.0,0.4,1571.14,2344.68,0.0,16,35,0,0.0,0,1856.0,1856.0,16.0,0.0,3,0,1,none,sustained,369.13,550.87
2026-01-28 15:18:40.712095,9.73,1.35,88.92,858.0,1736.0,0.4,1580.53,2335.3,0.0,16,35,0,0.0,0,1856.0,1856.0,16.0,0.0,3,0,1,none,sustained,371.34,548.66
2026-01-28 15:18:41.742015,3.79,0.54,95.66,397.0,979.0,0.37,1588.84,2326.99,0.0,16,35,0,0.0,0,1856.0,1856.0,16.0,0.0,3,0,1,none,sustained,373.29,546.71
2026-01-28 15:18:42.773699,4.04,1.35,94.61,460.0,980.0,0.37,1579.64,2336.19,0.0,16,35,0,0.0,0,1856.0,1856.0,16.0,0.0,2,0,1,none,sustained,371.13,548.87
2026-01-28 15:18:43.806156,7.35,0.52,92.13,535.0,1193.0,0.37,1583.72,2332.1,0.0,16,35,0,0.0,0,1856.0,1856.0,16.0,0.0,2,0,1,none,sustained,372.09,547.91
2026-01-28 15:18:44.838386,6.81,0.79,92.41,493.0,953.0,0.37,1577.13,2338.7,0.0,16,35,0,0.0,0,1856.0,1856.0,16.0,0.0,2,0,1,none,sustained,370.54,549.46
2026-01-28 15:18:45.871848,3.27,1.63,95.1,457.0,987.0,0.37,1587.35,2328.48,0.0,16,35,0,0.0,0,1856.0,1856.0,16.0,0.0,2,0,1,none,sustained,372.94,547.06
2026-01-28 15:18:46.895515,2.33,0.52,97.15,270.0,666.0,0.34,1577.58,2338.25,0.0,16,35,0,0.0,0,0.0,0.0,16.0,0.0,2,0,1,none,sustained,370.64,549.36
2026-01-28 15:18:47.983287,8.5,0.97,90.53,511.0,1273.0,0.34,1586.99,2328.83,0.0,16,35,0,0.0,0,1856.0,1856.0,16.0,0.0,2,0,1,none,sustained,372.85,547.15
2026-01-28 15:18:49.014124,11.23,1.57,87.21,619.0,1502.0,0.34,1574.12,2341.71,0.0,16,35,0,0.0,0,1954.0,1954.0,16.0,0.0,2,0,1,none,sustained,369.83,550.17
2026-01-28 15:18:50.041633,3.81,1.36,94.82,403.0,1014.0,0.34,1585.01,2330.82,0.0,16,35,0,0.0,0,1856.0,1856.0,16.0,0.0,2,0,1,none,sustained,372.39,547.61
2026-01-28 15:18:51.108737,9.9,1.52,88.58,611.0,1573.0,0.34,1594.07,2321.75,0.0,16,35,0,0.0,0,1856.0,1856.0,16.0,0.0,2,0,1,none,sustained,374.52,545.48
2026-01-28 15:18:52.145770,8.14,1.57,90.29,643.0,1482.0,0.31,1587.0,2328.82,0.0,16,35,0,0.0,0,1856.0,1856.0,16.0,0.0,2,0,1,none,sustained,372.86,547.14
2026-01-28 15:18:53.176471,4.53,1.6,93.87,534.0,977.0,0.31,1590.92,2324.9,0.0,16,35,0,0.0,0,1856.0,1856.0,16.0,0.0,2,0,1,none,sustained,373.78,546.22
2026-01-28 15:18:54.201797,0.76,0.0,99.24,233.0,519.0,0.31,1591.72,2324.11,0.0,16,33,0,0.0,0,84.0,84.0,16.0,0.0,2,0,1,none,sustained,373.96,546.04
2026-01-28 15:18:55.268684,7.21,1.0,91.79,503.0,1049.0,0.31,1589.77,2326.06,0.0,16,35,0,0.0,0,1856.0,1856.0,16.0,0.0,2,0,1,none,sustained,373.51,546.49
2026-01-28 15:18:56.463313,5.1,1.16,93.74,640.0,1040.0,0.29,1589.86,2325.96,0.0,16,35,0,0.0,0,1856.0,1856.0,16.0,0.0,2,0,1,none,sustained,373.53,546.47
2026-01-28 15:18:57.566891,2.51,0.75,96.73,438.0,747.0,0.29,1585.61,2330.22,0.0,16,35,0,0.0,0,1856.0,1856.0,16.0,0.0,2,0,1,none,sustained,372.53,547.47
2026-01-28 15:18:58.595699,3.64,1.12,95.24,517.0,955.0,0.29,1583.59,2332.23,0.0,16,35,0,0.0,0,1954.0,1954.0,16.0,0.0,2,0,1,none,sustained,372.06,547.94
2026-01-28 15:19:00.334898,4.56,0.91,94.53,685.0,1194.0,0.29,1583.07,2332.75,0.0,15,33,0,0.0,0,1856.0,1856.0,15.0,0.0,2,0,1,none,sustained,371.93,548.07
2026-01-28 15:19:01.366162,1.98,1.41,96.61,651.0,800.0,0.27,1594.02,2321.8,0.0,16,35,0,0.0,0,1856.0,1856.0,16.0,0.0,2,0,1,none,sustained,374.51,545.49
2026-01-28 15:19:02.419896,2.92,1.06,96.02,510.0,621.0,0.27,1589.45,2326.38,0.0,16,35,0,0.0,0,1856.0,1856.0,16.0,0.0,2,0,1,none,sustained,373.43,546.57
2026-01-28 15:19:03.473793,6.84,0.76,92.41,431.0,931.0,0.27,1597.07,2318.75,0.0,16,35,0,0.0,0,1856.0,1856.0,16.0,0.0,2,0,1,none,sustained,375.22,544.78
2026-01-28 15:19:04.505768,4.27,1.33,94.4,558.0,934.0,0.27,1598.27,2317.55,0.0,16,35,0,0.0,0,1856.0,1856.0,16.0,0.0,2,0,1,none,sustained,375.5,544.5
2026-01-28 15:19:05.618679,0.72,0.24,99.04,184.0,442.0,0.27,1599.09,2316.73,0.0,16,35,0,0.0,0,928.0,928.0,16.0,0.0,2,0,1,none,sustained,375.7,544.3
2026-01-28 15:19:06.847776,3.0,1.39,95.61,645.0,1077.0,0.24,1587.68,2328.14,0.0,16,35,0,0.0,0,1856.0,1856.0,16.0,0.0,2,0,1,none,sustained,373.02,546.98
2026-01-28 15:19:07.870535,5.04,0.8,94.16,440.0,1014.0,0.24,1589.37,2326.46,0.0,16,35,0,0.0,0,928.0,928.0,16.0,0.0,2,0,1,none,sustained,373.41,546.59
2026-01-28 15:19:08.895560,6.93,1.33,91.73,559.0,1176.0,0.24,1580.09,2335.73,0.0,16,33,0,0.0,0,1954.0,1954.0,16.0,0.0,2,0,1,none,sustained,371.23,548.77
2026-01-28 15:19:09.938849,7.73,1.03,91.24,527.0,1244.0,0.24,1584.52,2331.3,0.0,16,35,0,0.0,0,1856.0,1856.0,16.0,0.0,2,0,1,none,sustained,372.27,547.73
2026-01-28 15:19:11.000642,6.35,1.02,92.64,559.0,1233.0,0.24,1578.69,2337.14,0.0,16,35,0,0.0,0,1856.0,1856.0,16.0,0.0,2,0,1,none,sustained,370.9,549.1
2026-01-28 15:19:12.429953,5.13,1.14,93.73,679.0,1396.0,0.22,1589.39,2326.44,0.0,16,35,0,0.0,0,1856.0,1856.0,16.0,0.0,2,0,1,none,sustained,373.42,546.58
2026-01-28 15:19:13.672566,6.44,1.29,92.27,476.0,1189.0,0.22,1580.83,2335.0,0.0,16,35,0,0.0,0,1856.0,1856.0,16.0,0.0,2,0,1,none,sustained,371.41,548.59
2026-01-28 15:19:14.974677,5.58,1.03,93.39,528.0,1119.0,0.22,1577.37,2338.45,0.0,16,35,0,0.0,0,1856.0,1856.0,16.0,0.0,2,0,1,none,sustained,370.59,549.41
2026-01-28 15:19:16.047281,6.48,0.75,92.77,465.0,1070.0,0.22,1577.26,2338.57,0.0,16,35,0,0.0,0,1856.0,1856.0,16.0,0.0,2,0,1,none,sustained,370.57,549.43
2026-01-28 15:19:17.087294,7.98,1.33,90.69,606.0,1208.0,0.21,1582.23,2333.59,0.0,16,35,0,0.0,0,1856.0,1856.0,16.0,0.0,2,0,1,none,sustained,371.74,548.26
2026-01-28 15:19:18.166478,6.75,1.0,92.25,516.0,1049.0,0.21,1578.86,2336.96,0.0,16,35,0,0.0,0,1856.0,1856.0,16.0,0.0,2,0,1,none,sustained,370.94,549.06
2026-01-28 15:19:19.197823,6.67,1.07,92.27,485.0,1051.0,0.21,1581.81,2334.02,0.0,16,35,0,0.0,0,1954.0,1954.0,16.0,0.0,2,0,1,none,sustained,371.64,548.36
2026-01-28 15:19:20.263092,0.74,0.0,99.26,207.0,473.0,0.21,1581.7,2334.13,0.0,16,31,0,0.0,0,0.0,0.0,16.0,0.0,1,0,1,none,sustained,371.61,548.39
2026-01-28 15:19:21.301166,1.36,1.09,97.55,343.0,587.0,0.21,1584.78,2331.05,0.0,16,35,0,0.0,0,1856.0,1856.0,16.0,0.0,1,0,1,none,sustained,372.33,547.67
2026-01-28 15:19:22.331583,1.13,0.85,98.03,490.0,638.0,0.19,1592.36,2323.47,0.0,16,35,0,0.0,0,1856.0,1856.0,16.0,0.0,1,0,1,none,sustained,374.12,545.88
2026-01-28 15:19:23.363882,3.22,1.07,95.71,387.0,772.0,0.19,1579.3,2336.52,0.0,16,35,0,0.0,0,1856.0,1856.0,16.0,0.0,1,0,1,none,sustained,371.05,548.95
2026-01-28 15:19:24.400601,0.79,0.52,98.69,263.0,394.0,0.19,1583.32,2332.5,0.0,16,35,0,0.0,0,928.0,928.0,16.0,0.0,1,0,1,none,sustained,371.99,548.01
2026-01-28 15:19:25.432056,2.44,0.81,96.75,445.0,907.0,0.19,1587.35,2328.48,0.0,16,35,0,0.0,0,1856.0,1856.0,16.0,0.0,1,0,1,none,sustained,372.94,547.06
2026-01-28 15:19:26.469018,1.88,0.54,97.59,340.0,656.0,0.17,1588.91,2326.91,0.0,16,35,0,0.0,0,1856.0,1856.0,16.0,0.0,1,0,1,none,sustained,373.31,546.69
2026-01-28 15:19:27.511394,6.25,1.56,92.19,619.0,1349.0,0.17,1597.08,2318.74,0.0,16,35,0,0.0,0,928.0,928.0,16.0,0.0,1,0,1,none,sustained,375.23,544.77
2026-01-28 15:19:28.957779,2.44,0.56,96.99,377.0,823.0,0.17,1591.61,2324.21,0.0,16,33,0,0.0,0,1856.0,1856.0,16.0,0.0,1,0,1,none,sustained,373.94,546.06
2026-01-28 18:54:20.630362,9.35,2.08,88.57,514.0,1461.0,1.82,1579.42,2336.41,0.5,24,51,0,0.0,0,200.0,200.0,24.0,0.0,0,0,1,none,sustained,371.07,548.93
2026-01-28 18:54:21.674624,4.24,1.13,94.63,437.0,926.0,1.83,1571.63,2344.2,0.5,24,51,0,0.0,0,298.0,298.0,24.0,0.0,0,0,1,none,sustained,369.24,550.76
2026-01-28 18:54:22.737074,2.15,0.81,97.04,274.0,645.0,1.83,1571.34,2344.48,0.5,24,51,0,0.0,0,200.0,200.0,24.0,0.0,0,0,1,none,sustained,369.18,550.82
2026-01-28 18:54:23.791676,13.35,2.09,84.55,651.0,1542.0,1.83,1582.01,2333.82,0.5,24,48,0,0.0,0,200.0,200.0,24.0,0.0,0,0,1,none,sustained,371.68,548.32
2026-01-28 18:54:24.838764,4.23,0.79,94.97,293.0,801.0,1.83,1582.18,2333.65,0.5,24,49,0,0.0,0,0.0,0.0,24.0,0.0,0,0,1,none,sustained,371.72,548.28
2026-01-28 18:54:25.909632,6.56,0.82,92.62,464.0,1051.0,1.83,1583.24,2332.59,0.5,24,51,0,0.0,0,298.0,298.0,24.0,0.0,0,0,1,none,sustained,371.97,548.03
2026-01-28 18:54:26.955867,2.71,0.81,96.48,350.0,530.0,1.69,1577.33,2338.49,0.5,24,51,0,0.0,0,200.0,200.0,24.0,0.0,0,0,1,none,sustained,370.58,549.42
2026-01-28 18:54:28.005288,7.75,1.34,90.91,486.0,1081.0,1.69,1580.75,2335.07,0.5,24,51,0,0.0,0,200.0,200.0,24.0,0.0,0,0,1,none,sustained,371.39,548.61
2026-01-28 18:54:29.045940,5.85,2.23,91.92,607.0,1130.0,1.69,1576.76,2339.07,0.5,24,51,0,0.0,0,0.0,0.0,24.0,0.0,0,0,1,none,sustained,370.45,549.55
2026-01-28 18:54:30.563141,18.97,5.13,75.9,1323.0,2219.0,1.69,1632.35,2283.47,0.5,27,58,0,0.0,0,400.0,400.0,27.0,0.0,0,0,1,none,sustained,383.51,536.49
2026-01-28 18:54:31.648622,14.51,1.85,83.64,436.0,941.0,1.63,1633.34,2282.48,0.5,27,60,1,96.4,2,200.0,200.0,27.0,0.0,0,0,1,none,sustained,383.74,536.26
2026-01-28 18:54:32.690123,7.14,1.1,91.76,492.0,1127.0,1.63,1643.34,2272.49,0.5,27,58,1,25.8,3,98.0,98.0,27.0,0.0,0,0,1,none,sustained,386.09,533.91
2026-01-28 18:54:33.741266,10.86,1.43,87.71,692.0,1467.0,1.63,1645.17,2270.66,0.5,27,60,0,0.0,0,200.0,200.0,27.0,0.0,0,0,1,none,sustained,386.52,533.48
2026-01-28 18:54:34.784440,10.27,1.89,87.84,616.0,1466.0,1.63,1644.15,2271.68,0.5,27,60,0,0.0,0,200.0,200.0,27.0,0.0,0,0,1,none,sustained,386.28,533.72
2026-01-28 18:54:35.846740,13.03,1.86,85.11,651.0,1517.0,1.63,1638.48,2277.35,0.5,27,60,0,0.0,0,298.0,298.0,27.0,0.0,0,0,1,none,sustained,384.95,535.05
2026-01-28 18:54:36.924755,6.63,1.06,92.31,449.0,1154.0,1.5,1645.0,2270.82,0.5,27,60,0,0.0,0,200.0,200.0,27.0,0.0,0,0,1,none,sustained,386.48,533.52
2026-01-28 18:54:37.997362,8.38,1.02,90.61,370.0,1015.0,1.5,1636.7,2279.13,0.5,27,60,0,0.0,0,200.0,200.0,27.0,0.0,0,0,1,none,sustained,384.53,535.47
2026-01-28 18:54:39.044217,6.83,1.64,91.53,631.0,1176.0,1.5,1658.57,2257.25,0.5,27,58,0,0.0,0,0.0,0.0,27.0,0.0,0,0,1,none,sustained,389.67,530.33
2026-01-28 18:54:40.095597,9.66,1.04,89.3,444.0,1119.0,1.5,1662.8,2253.02,0.5,27,60,0,0.0,0,200.0,200.0,27.0,0.0,0,0,1,none,sustained,390.67,529.33
2026-01-28 18:54:41.142104,11.32,1.58,87.11,545.0,1442.0,1.5,1649.89,2265.94,0.5,27,60,0,0.0,0,242.0,242.0,27.0,0.0,0,0,1,none,sustained,387.63,532.37
2026-01-28 18:54:42.197688,4.18,1.39,94.43,415.0,866.0,1.38,1656.76,2259.06,0.5,27,60,0,0.0,0,200.0,200.0,27.0,0.0,0,0,1,none,sustained,389.25,530.75
2026-01-28 18:54:43.244726,4.0,1.71,94.29,495.0,1012.0,1.38,1650.0,2265.82,0.5,27,60,0,0.0,0,298.0,298.0,27.0,0.0,0,0,1,none,sustained,387.66,532.34
2026-01-28 18:54:44.343413,6.67,1.33,92.0,610.0,1278.0,1.38,1650.68,2265.14,0.5,27,60,0,0.0,0,100.0,100.0,27.0,0.0,0,0,1,none,sustained,387.82,532.18
2026-01-28 18:54:45.386300,3.98,0.8,95.23,357.0,785.0,1.38,1650.81,2265.01,0.5,27,60,1,10.4,393,100.0,100.0,27.0,0.0,0,0,1,none,sustained,387.85,532.15
2026-01-28 18:54:46.449254,8.15,1.69,90.17,549.0,1156.0,1.27,1637.22,2278.61,0.5,27,60,0,0.0,0,298.0,298.0,27.0,0.0,0,0,1,none,sustained,384.65,535.35
2026-01-28 18:54:47.514772,8.49,1.06,90.45,419.0,1008.0,1.27,1638.91,2276.91,0.5,27,60,0,0.0,0,200.0,200.0,27.0,0.0,0,0,1,none,sustained,385.05,534.95
2026-01-28 18:54:48.576690,9.71,1.84,88.45,528.0,1309.0,1.27,1640.88,2274.95,0.5,27,60,0,0.0,0,200.0,200.0,27.0,0.0,0,0,1,none,sustained,385.51,534.49
2026-01-28 18:54:49.628712,15.26,3.54,81.2,819.0,1900.0,1.27,1638.38,2277.45,0.5,27,60,0,0.0,0,200.0,200.0,27.0,0.0,0,0,1,none,sustained,384.93,535.07
2026-01-28 18:54:50.697986,9.04,1.03,89.92,400.0,1221.0,1.27,1631.69,2284.14,0.5,27,58,0,0.0,0,200.0,200.0,27.0,0.0,0,0,1,none,sustained,383.36,536.64
2026-01-28 18:54:51.819134,3.68,1.23,95.1,480.0,938.0,1.17,1633.52,2282.3,0.5,27,60,0,0.0,0,0.0,0.0,27.0,0.0,0,0,1,none,sustained,383.79,536.21
2026-01-28 18:54:52.994376,3.51,1.25,95.24,483.0,900.0,1.17,1637.37,2278.46,0.5,27,60,0,0.0,0,298.0,298.0,27.0,0.0,0,0,1,none,sustained,384.69,535.31
2026-01-28 18:54:54.071255,2.22,0.83,96.95,347.0,540.0,1.17,1641.68,2274.14,0.5,26,54,0,0.0,0,200.0,200.0,26.0,0.0,0,0,1,none,sustained,385.7,534.3
2026-01-28 18:54:55.108946,6.81,1.86,91.33,699.0,1278.0,1.17,1643.29,2272.54,0.5,27,60,0,0.0,0,200.0,200.0,27.0,0.0,0,0,1,none,sustained,386.08,533.92
2026-01-28 18:54:56.172303,10.5,2.21,87.29,653.0,1646.0,1.17,1631.95,2283.87,0.5,27,60,0,0.0,0,298.0,298.0,27.0,0.0,0,0,1,none,sustained,383.42,536.58
2026-01-28 18:54:57.221580,11.38,1.59,87.04,567.0,1493.0,1.07,1636.38,2279.44,0.5,27,60,0,0.0,0,200.0,200.0,27.0,0.0,0,0,1,none,sustained,384.46,535.54
2026-01-28 18:54:58.295671,7.92,1.06,91.03,419.0,1062.0,1.07,1645.94,2269.88,0.5,27,60,0,0.0,0,242.0,242.0,27.0,0.0,0,0,1,none,sustained,386.7,533.3
2026-01-28 18:54:59.391096,4.58,1.62,93.8,531.0,943.0,1.07,1637.39,2278.43,0.5,27,58,0,0.0,0,100.0,100.0,27.0,0.0,0,0,1,none,sustained,384.7,535.3
2026-01-28 18:55:00.434772,9.94,2.21,87.85,752.0,1352.0,1.07,1644.04,2271.78,0.5,27,58,1,10.3,408,100.0,100.0,27.0,0.0,0,0,1,none,sustained,386.26,533.74
2026-01-28 18:55:01.502039,8.02,1.34,90.64,512.0,1340.0,0.99,1645.52,2270.31,0.5,27,60,0,0.0,0,200.0,200.0,27.0,0.0,0,0,1,none,sustained,386.6,533.4
2026-01-28 18:55:02.564772,5.18,1.09,93.73,420.0,944.0,0.99,1649.67,2266.16,0.5,27,60,0,0.0,0,200.0,200.0,27.0,0.0,0,0,1,none,sustained,387.58,532.42
2026-01-28 18:55:03.625730,6.41,1.11,92.48,572.0,1100.0,0.99,1636.93,2278.89,0.5,27,60,0,0.0,0,298.0,298.0,27.0,0.0,0,0,1,none,sustained,384.59,535.41
2026-01-28 18:55:04.679349,16.0,2.67,81.33,828.0,2085.0,0.99,1643.8,2272.02,0.5,27,58,0,0.0,0,200.0,200.0,27.0,0.0,0,0,1,none,sustained,386.2,533.8
2026-01-28 18:55:05.735037,8.04,1.61,90.35,503.0,1126.0,0.99,1640.71,2275.11,0.5,27,60,0,0.0,0,200.0,200.0,27.0,0.0,0,0,1,none,sustained,385.48,534.52
2026-01-28 18:55:06.825287,4.81,1.34,93.85,441.0,1027.0,1.15,1648.71,2267.11,0.5,27,56,0,0.0,0,198.0,198.0,27.0,0.0,0,0,1,none,sustained,387.36,532.64
2026-01-28 18:55:07.925745,3.93,0.49,95.58,326.0,727.0,1.15,1645.45,2270.38,0.5,26,58,0,0.0,0,100.0,100.0,26.0,0.0,0,0,1,none,sustained,386.59,533.41
2026-01-28 18:55:08.985694,4.09,0.82,95.1,394.0,774.0,1.15,1636.36,2279.47,0.5,27,60,0,0.0,0,200.0,200.0,27.0,0.0,0,0,1,none,sustained,384.45,535.55
2026-01-28 18:55:10.107647,11.89,1.81,86.3,774.0,1355.0,1.15,1636.33,2279.49,0.5,27,60,0,0.0,0,200.0,200.0,27.0,0.0,0,0,1,none,sustained,384.45,535.55
2026-01-28 18:55:11.157760,6.79,0.82,92.39,475.0,934.0,1.15,1633.61,2282.22,0.5,27,58,0,0.0,0,200.0,200.0,27.0,0.0,0,0,1,none,sustained,383.81,536.19
2026-01-28 18:55:12.214281,7.45,1.06,91.49,568.0,1127.0,1.22,1634.34,2281.49,0.5,27,60,0,0.0,0,200.0,200.0,27.0,0.0,0,0,1,none,sustained,383.98,536.02
2026-01-28 18:55:13.258635,3.24,1.35,95.41,577.0,1007.0,1.22,1638.34,2277.49,0.5,27,60,0,0.0,0,98.0,98.0,27.0,0.0,0,0,1,none,sustained,384.92,535.08
2026-01-28 18:55:14.300611,2.2,0.55,97.25,301.0,628.0,1.22,1636.65,2279.18,0.5,27,60,0,0.0,0,200.0,200.0,27.0,0.0,0,0,1,none,sustained,384.52,535.48
2026-01-28 18:55:15.398538,13.46,2.9,83.64,855.0,2011.0,1.22,1641.42,2274.41,0.5,27,58,0,0.0,0,200.0,200.0,27.0,0.0,0,0,1,none,sustained,385.64,534.36
2026-01-28 18:55:16.453467,10.19,2.48,87.33,726.0,1638.0,1.12,1638.03,2277.8,0.5,27,60,0,0.0,0,298.0,298.0,27.0,0.0,0,0,1,none,sustained,384.85,535.15
2026-01-28 18:55:17.502348,10.16,1.56,88.28,475.0,1236.0,1.12,1644.24,2271.58,0.5,27,60,0,0.0,0,200.0,200.0,27.0,0.0,0,0,1,none,sustained,386.3,533.7
2026-01-28 18:55:18.554674,10.0,1.84,88.16,452.0,1355.0,1.12,1648.76,2267.06,0.5,27,60,0,0.0,0,242.0,242.0,27.0,0.0,0,0,1,none,sustained,387.37,532.63
2026-01-28 18:55:19.598536,3.09,1.03,95.88,364.0,782.0,1.12,1646.94,2268.89,0.5,27,60,1,10.5,50,0.0,0.0,27.0,0.0,0,0,1,none,sustained,386.94,533.06
2026-01-28 18:55:20.649326,12.36,2.53,85.11,759.0,1780.0,1.12,1649.97,2265.86,0.5,27,60,0,0.0,0,200.0,200.0,27.0,0.0,0,0,1,none,sustained,387.65,532.35
2026-01-28 18:55:21.699622,6.93,1.39,91.69,559.0,1221.0,1.03,1651.77,2264.05,0.5,27,60,0,0.0,0,200.0,200.0,27.0,0.0,0,0,1,none,sustained,388.07,531.93
2026-01-28 18:55:22.997347,3.69,1.08,95.23,441.0,1007.0,1.03,1650.3,2265.52,0.5,27,58,0,0.0,0,200.0,200.0,27.0,0.0,0,0,1,none,sustained,387.73,532.27
2026-01-28 18:55:24.059987,5.19,2.02,92.8,1154.0,1207.0,1.03,1658.55,2257.27,0.5,27,60,0,0.0,0,298.0,298.0,27.0,0.0,0,0,1,none,sustained,389.67,530.33
2026-01-28 18:55:25.114214,12.89,3.44,83.67,1659.0,2342.0,1.03,1661.45,2254.38,0.5,27,60,0,0.0,0,200.0,200.0,27.0,0.0,0,0,1,none,sustained,390.35,529.65
2026-01-28 18:55:26.172812,19.34,3.31,77.35,943.0,2614.0,1.03,1652.89,2262.93,0.5,27,60,0,0.0,0,200.0,200.0,27.0,0.0,0,0,1,none,sustained,388.34,531.66
2026-01-28 18:55:27.228317,9.58,1.69,88.73,578.0,1659.0,0.95,1640.4,2275.42,0.5,27,60,0,0.0,0,298.0,298.0,27.0,0.0,0,0,1,none,sustained,385.4,534.6
2026-01-28 18:55:28.267382,5.28,0.53,94.2,292.0,1442.0,0.95,1640.4,2275.42,0.5,27,60,2,11.5,436,0.0,0.0,27.0,0.0,0,0,1,none,sustained,385.4,534.6
2026-01-28 18:55:29.315275,3.75,0.86,95.39,474.0,1273.0,0.95,1648.65,2267.18,0.5,27,60,0,0.0,0,200.0,200.0,27.0,0.0,0,0,1,none,sustained,387.34,532.66
2026-01-28 18:55:30.343522,2.19,0.55,97.26,374.0,789.0,0.95,1652.65,2263.18,0.5,27,60,0,0.0,0,200.0,200.0,27.0,0.0,0,0,1,none,sustained,388.28,531.72
2026-01-28 18:55:31.393750,14.41,4.52,81.07,2071.0,2312.0,0.87,1641.85,2273.97,0.5,27,60,0,0.0,0,200.0,200.0,27.0,0.0,0,0,1,none,sustained,385.74,534.26
2026-01-28 18:55:32.513199,10.0,3.59,86.41,2250.0,2098.0,0.87,1634.11,2281.71,0.5,27,60,0,0.0,0,242.0,242.0,27.0,0.0,0,0,1,none,sustained,383.93,536.07
2026-01-28 18:55:33.571223,6.72,1.68,91.6,1207.0,1334.0,0.87,1637.55,2278.27,0.5,27,60,0,0.0,0,298.0,298.0,27.0,0.0,0,0,1,none,sustained,384.73,535.27
2026-01-28 18:55:34.610619,4.35,1.09,94.57,820.0,1025.0,0.87,1640.55,2275.28,0.5,27,60,0,0.0,0,200.0,200.0,27.0,0.0,0,0,1,none,sustained,385.44,534.56
2026-01-28 18:55:35.650536,2.41,0.54,97.05,443.0,779.0,0.87,1639.1,2276.72,0.5,27,54,0,0.0,0,100.0,100.0,27.0,0.0,0,0,1,none,sustained,385.1,534.9
2026-01-28 18:55:36.693764,4.6,1.44,93.97,692.0,1009.0,0.8,1640.94,2274.88,0.5,27,60,0,0.0,0,100.0,100.0,27.0,0.0,0,0,1,none,sustained,385.53,534.47
2026-01-28 18:55:37.764800,5.99,0.78,93.23,541.0,1113.0,0.8,1650.39,2265.44,0.5,27,60,0,0.0,0,298.0,298.0,27.0,0.0,0,0,1,none,sustained,387.75,532.25
2026-01-28 18:55:38.860324,4.5,0.75,94.75,448.0,788.0,0.8,1648.27,2267.56,0.5,27,60,0,0.0,0,200.0,200.0,27.0,0.0,0,0,1,none,sustained,387.25,532.75
2026-01-28 18:55:39.904250,6.6,0.79,92.61,562.0,1091.0,0.8,1645.99,2269.84,0.5,27,60,0,0.0,0,200.0,200.0,27.0,0.0,0,0,1,none,sustained,386.72,533.28
2026-01-28 18:55:40.946725,8.82,2.2,88.98,718.0,1397.0,0.8,1655.85,2259.98,0.5,26,58,0,0.0,0,200.0,200.0,26.0,0.0,0,0,1,none,sustained,389.03,530.97
2026-01-28 18:55:41.994077,4.37,0.82,94.81,524.0,1039.0,0.9,1655.01,2260.82,0.5,27,60,0,0.0,0,242.0,242.0,27.0,0.0,0,0,1,none,sustained,388.83,531.17
2026-01-28 18:55:43.037452,3.57,0.77,95.66,397.0,744.0,0.9,1651.01,2264.82,0.5,27,60,0,0.0,0,0.0,0.0,27.0,0.0,0,0,1,none,sustained,387.89,532.11
2026-01-28 18:55:44.068490,3.31,1.1,95.59,529.0,959.0,0.9,1639.98,2275.84,0.5,27,60,0,0.0,0,298.0,298.0,27.0,0.0,0,0,1,none,sustained,385.3,534.7
2026-01-28 18:55:45.104596,7.09,1.05,91.86,450.0,1007.0,0.9,1655.15,2260.67,0.5,27,60,0,0.0,0,200.0,200.0,27.0,0.0,0,0,1,none,sustained,388.87,531.13
2026-01-28 18:55:46.147701,10.99,2.2,86.81,698.0,1509.0,0.9,1645.05,2270.78,0.5,27,60,0,0.0,0,200.0,200.0,27.0,0.0,0,0,1,none,sustained,386.49,533.51
2026-01-28 18:55:47.201412,10.16,1.82,88.02,594.0,1422.0,0.83,1647.48,2268.34,0.5,27,60,0,0.0,0,298.0,298.0,27.0,0.0,0,0,1,none,sustained,387.07,532.93
2026-01-28 18:55:48.368215,7.62,0.69,91.69,482.0,1132.0,0.83,1642.9,2272.92,0.5,27,60,0,0.0,0,200.0,200.0,27.0,0.0,0,0,1,none,sustained,385.99,534.01
2026-01-28 18:55:49.418635,7.59,1.05,91.36,468.0,1116.0,0.83,1646.71,2269.11,0.5,27,60,0,0.0,0,200.0,200.0,27.0,0.0,0,0,1,none,sustained,386.89,533.11
2026-01-28 18:55:50.496845,3.12,0.52,96.36,342.0,835.0,0.83,1648.44,2267.39,0.5,27,60,0,0.0,0,200.0,200.0,27.0,0.0,0,0,1,none,sustained,387.29,532.71
2026-01-28 18:55:51.529319,5.19,0.58,94.24,596.0,928.0,0.84,1650.12,2265.7,0.5,27,58,0,0.0,0,200.0,200.0,27.0,0.0,0,0,1,none,sustained,387.69,532.31
2026-01-28 18:55:52.642161,2.75,0.75,96.5,490.0,888.0,0.84,1658.95,2256.88,0.5,27,60,0,0.0,0,100.0,100.0,27.0,0.0,0,0,1,none,sustained,389.76,530.24
2026-01-28 18:55:53.671423,3.72,0.53,95.74,363.0,889.0,0.84,1651.45,2264.38,0.5,27,60,0,0.0,0,100.0,100.0,27.0,0.0,0,0,1,none,sustained,388.0,532.0
2026-01-28 18:55:54.700220,11.44,3.52,85.04,1527.0,2218.0,0.84,1651.08,2264.74,0.5,27,60,0,0.0,0,298.0,298.0,27.0,0.0,0,0,1,none,sustained,387.91,532.09
2026-01-28 18:55:55.741262,10.32,1.59,88.1,699.0,1918.0,0.84,1646.03,2269.8,0.5,27,60,0,0.0,0,200.0,200.0,27.0,0.0,0,0,1,none,sustained,386.72,533.28
2026-01-28 18:55:56.781444,9.09,2.56,88.35,795.0,1850.0,0.77,1653.21,2262.61,0.5,27,60,0,0.0,0,200.0,200.0,27.0,0.0,0,0,1,none,sustained,388.41,531.59
2026-01-28 18:55:57.811222,10.05,1.63,88.32,634.0,1805.0,0.77,1651.32,2264.5,0.5,27,60,0,0.0,0,298.0,298.0,27.0,0.0,0,0,1,none,sustained,387.97,532.03
2026-01-28 18:55:58.894276,10.13,1.3,88.57,554.0,1689.0,0.77,1652.24,2263.58,0.5,27,59,0,0.0,0,200.0,200.0,27.0,0.0,0,0,1,none,sustained,388.18,531.82
2026-01-28 18:55:59.970805,7.11,1.02,91.88,572.0,1468.0,0.77,1646.1,2269.72,0.5,27,60,0,0.0,0,100.0,100.0,27.0,0.0,0,0,1,none,sustained,386.74,533.26
2026-01-28 18:56:01.007758,5.82,0.79,93.39,506.0,1012.0,0.77,1649.79,2266.03,0.5,27,60,0,0.0,0,200.0,200.0,27.0,0.0,0,0,1,none,sustained,387.61,532.39
2026-01-28 18:56:02.239802,6.44,1.43,92.12,851.0,1598.0,0.79,1655.52,2260.3,0.5,27,60,0,0.0,0,200.0,200.0,27.0,0.0,0,0,1,none,sustained,388.96,531.04
2026-01-28 18:56:03.608888,3.16,0.2,96.65,414.0,1081.0,0.79,1653.0,2262.82,0.5,27,59,0,0.0,0,100.0,100.0,27.0,0.0,0,0,1,none,sustained,388.36,531.64
2026-01-28 18:56:04.648740,8.75,2.12,89.12,756.0,1429.0,0.79,1648.83,2267.0,0.5,27,60,0,0.0,0,298.0,298.0,27.0,0.0,0,0,1,none,sustained,387.38,532.62
2026-01-28 18:56:05.904418,2.0,0.22,97.78,355.0,612.0,0.79,1647.95,2267.88,0.5,27,60,0,0.0,0,200.0,200.0,27.0,0.0,0,0,1,none,sustained,387.18,532.82
2026-01-28 18:56:06.954057,5.28,1.11,93.61,583.0,1045.0,0.89,1638.28,2277.54,0.5,27,58,0,0.0,0,200.0,200.0,27.0,0.0,0,0,1,none,sustained,384.9,535.1
2026-01-28 18:56:08.079208,8.59,2.27,89.14,793.0,1615.0,0.89,1651.16,2264.66,0.5,27,60,0,0.0,0,298.0,298.0,27.0,0.0,0,0,1,none,sustained,387.93,532.07
2026-01-28 18:56:09.122490,3.76,0.27,95.97,379.0,765.0,0.89,1647.02,2268.8,0.5,27,60,0,0.0,0,200.0,200.0,27.0,0.0,0,0,1,none,sustained,386.96,533.04
2026-01-28 18:56:10.206384,4.55,1.01,94.44,482.0,1054.0,0.89,1642.49,2273.33,0.5,27,60,0,0.0,0,184.0,184.0,27.0,0.0,0,0,1,none,sustained,385.89,534.11
2026-01-28 18:56:11.243812,3.63,0.52,95.85,299.0,701.0,0.89,1640.49,2275.33,0.5,27,60,0,0.0,0,100.0,100.0,27.0,0.0,0,0,1,none,sustained,385.42,534.58
2026-01-28 18:56:12.285762,5.01,0.53,94.46,428.0,769.0,0.98,1641.66,2274.16,0.5,27,58,0,0.0,0,200.0,200.0,27.0,0.0,0,0,1,none,sustained,385.7,534.3
2026-01-28 18:56:13.337801,8.2,2.19,89.62,767.0,1344.0,0.98,1655.8,2260.03,0.5,27,60,0,0.0,0,200.0,200.0,27.0,0.0,0,0,1,none,sustained,389.02,530.98
2026-01-28 18:56:14.389990,7.24,1.07,91.69,614.0,1224.0,0.98,1652.59,2263.23,0.5,27,60,0,0.0,0,298.0,298.0,27.0,0.0,0,0,1,none,sustained,388.27,531.73
2026-01-28 18:56:15.432018,5.33,0.8,93.87,488.0,933.0,0.98,1649.82,2266.0,0.5,27,60,0,0.0,0,200.0,200.0,27.0,0.0,0,0,1,none,sustained,387.62,532.38
2026-01-28 18:56:16.472446,6.37,1.33,92.31,457.0,1083.0,0.9,1659.52,2256.31,0.5,27,60,0,0.0,0,200.0,200.0,27.0,0.0,0,0,1,none,sustained,389.89,530.11
2026-01-28 18:56:17.530714,9.76,2.17,88.08,734.0,1457.0,0.9,1646.75,2269.07,0.5,27,60,0,0.0,0,298.0,298.0,27.0,0.0,0,0,1,none,sustained,386.89,533.11
2026-01-28 18:56:18.573123,11.29,1.57,87.14,677.0,1542.0,0.9,1642.18,2273.64,0.5,27,60,0,0.0,0,200.0,200.0,27.0,0.0,0,0,1,none,sustained,385.82,534.18
2026-01-28 18:56:19.695063,2.98,0.99,96.03,509.0,1151.0,0.9,1642.86,2272.96,0.5,27,60,0,0.0,0,100.0,100.0,27.0,0.0,0,0,1,none,sustained,385.98,534.02
2026-01-28 18:56:20.728875,3.24,0.81,95.95,433.0,970.0,0.9,1646.88,2268.95,0.5,27,58,0,0.0,0,100.0,100.0,27.0,0.0,0,0,1,none,sustained,386.92,533.08
2026-01-28 18:56:21.776393,8.11,1.62,90.27,852.0,1329.0,0.83,1639.39,2276.43,0.5,25,56,0,0.0,0,200.0,200.0,25.0,0.0,0,0,1,none,sustained,385.17,534.83
2026-01-28 18:56:22.815453,18.08,4.08,77.84,1791.0,2713.0,0.83,1645.1,2270.73,0.5,27,60,0,0.0,0,200.0,200.0,27.0,0.0,0,0,1,none,sustained,386.51,533.49
2026-01-28 18:56:23.855346,5.87,1.07,93.07,517.0,1195.0,0.83,1645.84,2269.99,0.5,27,60,0,0.0,0,200.0,200.0,27.0,0.0,0,0,1,none,sustained,386.68,533.32
2026-01-28 18:56:24.903757,12.89,3.44,83.67,1430.0,2021.0,0.83,1646.08,2269.74,0.5,27,60,0,0.0,0,298.0,298.0,27.0,0.0,0,0,1,none,sustained,386.74,533.26
2026-01-28 18:56:25.942347,6.28,2.19,91.53,951.0,1413.0,0.83,1641.02,2274.81,0.5,27,60,0,0.0,0,200.0,200.0,27.0,0.0,0,0,1,none,sustained,385.55,534.45
2026-01-28 18:56:26.982963,6.22,1.62,92.16,533.0,1193.0,0.76,1656.89,2258.93,0.5,27,60,0,0.0,0,200.0,200.0,27.0,0.0,0,0,1,none,sustained,389.28,530.72
2026-01-28 18:56:28.042305,9.62,2.47,87.91,793.0,1711.0,0.76,1661.75,2254.08,0.5,27,60,0,0.0,0,198.0,198.0,27.0,0.0,0,0,1,none,sustained,390.42,529.58
2026-01-28 18:56:29.078072,7.24,1.34,91.42,629.0,1347.0,0.76,1651.84,2263.98,0.5,27,60,0,0.0,0,100.0,100.0,27.0,0.0,0,0,1,none,sustained,388.09,531.91
2026-01-28 18:56:30.234691,5.29,1.92,92.79,991.0,1251.0,0.76,1652.09,2263.74,0.5,27,60,0,0.0,0,200.0,200.0,27.0,0.0,0,0,1,none,sustained,388.15,531.85
2026-01-28 18:56:31.283318,5.99,1.04,92.97,500.0,1070.0,0.7,1638.06,2277.77,0.5,27,60,0,0.0,0,200.0,200.0,27.0,0.0,0,0,1,none,sustained,384.85,535.15
2026-01-28 18:56:32.330256,8.88,1.57,89.56,667.0,1397.0,0.7,1646.3,2269.53,0.5,27,60,0,0.0,0,200.0,200.0,27.0,0.0,0,0,1,none,sustained,386.79,533.21
2026-01-28 18:56:33.533348,5.88,1.72,92.4,740.0,1290.0,0.7,1647.96,2267.86,0.5,27,60,0,0.0,0,242.0,242.0,27.0,0.0,0,0,1,none,sustained,387.18,532.82
2026-01-28 18:56:34.592393,5.11,2.88,92.01,444.0,796.0,0.7,1646.5,2269.32,0.5,27,58,0,0.0,0,298.0,298.0,27.0,0.0,0,0,1,none,sustained,386.84,533.16
2026-01-28 18:56:36.047051,3.31,1.04,95.65,611.0,851.0,0.7,1652.46,2263.36,0.5,27,58,0,0.0,0,100.0,100.0,27.0,0.0,0,0,1,none,sustained,388.24,531.76
2026-01-28 18:56:37.180318,12.18,3.68,84.14,651.0,1500.0,0.72,1648.8,2267.03,0.5,27,60,0,0.0,0,100.0,100.0,27.0,0.0,0,0,1,none,sustained,387.38,532.62
2026-01-28 18:56:38.283334,18.59,4.49,76.92,843.0,1849.0,0.72,1649.82,2266.0,0.5,27,56,0,0.0,0,298.0,298.0,27.0,0.0,0,0,1,none,sustained,387.62,532.38
2026-01-28 18:56:39.457361,21.64,4.93,73.42,879.0,2207.0,0.72,1648.69,2267.13,0.5,27,60,0,0.0,0,200.0,200.0,27.0,0.0,0,0,1,none,sustained,387.35,532.65
2026-01-28 18:56:40.581673,9.27,2.25,88.48,480.0,1406.0,0.72,1653.68,2262.15,0.5,27,60,1,10.6,508,100.0,100.0,27.0,0.0,0,0,1,none,sustained,388.52,531.48
2026-01-28 18:56:41.703043,9.72,3.89,86.39,629.0,1462.0,0.67,1640.59,2275.23,0.5,27,60,1,10.5,132,100.0,100.0,27.0,0.0,0,0,1,none,sustained,385.45,534.55
2026-01-28 18:56:42.835790,21.04,5.19,73.78,757.0,1976.0,0.67,1644.79,2271.03,0.5,27,60,0,0.0,0,242.0,242.0,27.0,0.0,0,0,1,none,sustained,386.43,533.57
2026-01-28 18:56:44.010172,18.02,5.11,76.88,746.0,1606.0,0.67,1642.99,2272.83,0.5,27,58,0,0.0,0,200.0,200.0,27.0,0.0,0,0,1,none,sustained,386.01,533.99
2026-01-28 18:56:45.190551,11.75,4.64,83.61,732.0,1603.0,0.67,1630.26,2285.56,0.5,27,60,0,0.0,0,198.0,198.0,27.0,0.0,0,0,1,none,sustained,383.02,536.98
2026-01-28 18:56:46.382210,13.02,2.77,84.21,593.0,1314.0,0.69,1638.38,2277.44,0.5,27,60,0,0.0,0,200.0,200.0,27.0,0.0,0,0,1,none,sustained,384.93,535.07
2026-01-28 18:56:47.480218,7.71,2.0,90.29,556.0,1018.0,0.69,1634.13,2281.7,0.5,27,60,1,10.9,138,100.0,100.0,27.0,0.0,0,0,1,none,sustained,383.93,536.07
2026-01-28 18:56:48.582141,15.41,4.07,80.52,686.0,1850.0,0.69,1644.36,2271.47,0.5,27,60,0,0.0,0,298.0,298.0,27.0,0.0,0,0,1,none,sustained,386.33,533.67
2026-01-28 18:56:49.673994,12.54,3.96,83.5,701.0,1285.0,0.69,1644.59,2271.23,0.5,27,60,1,10.8,517,100.0,100.0,27.0,0.0,0,0,1,none,sustained,386.39,533.61
2026-01-28 13:25:43.936932,0.07,0.0,99.93,347.0,557.0,0.2,1444.73,2471.09,0.0,9,16,0,0.0,0,0.0,0.0,9.0,0.0,0,0,0,none,decay,339.43,580.57
2026-01-28 13:25:44.965657,2.34,0.78,96.88,333.0,698.0,0.2,1440.21,2475.61,0.0,9,18,0,0.0,0,98.0,98.0,9.0,0.0,0,0,0,none,decay,338.37,581.63
2026-01-28 13:25:45.993277,1.78,0.51,97.71,355.0,538.0,0.18,1440.55,2475.27,0.0,9,18,0,0.0,0,0.0,0.0,9.0,0.0,0,0,0,none,decay,338.45,581.55
2026-01-28 13:25:47.024508,0.25,0.0,99.75,94.0,172.0,0.18,1440.55,2475.27,0.0,9,18,0,0.0,0,0.0,0.0,9.0,0.0,0,0,0,none,decay,338.45,581.55
2026-01-28 13:25:48.049761,0.0,0.25,99.75,151.0,173.0,0.18,1440.55,2475.27,0.0,9,18,0,0.0,0,0.0,0.0,9.0,0.0,0,0,0,none,decay,338.45,581.55
2026-01-28 13:25:49.084581,0.25,0.0,99.75,112.0,220.0,0.18,1440.55,2475.28,0.0,9,18,0,0.0,0,0.0,0.0,9.0,0.0,0,0,0,none,decay,338.45,581.55
2026-01-28 13:25:50.107655,0.0,0.0,100.0,76.0,159.0,0.17,1440.55,2475.28,0.0,9,18,0,0.0,0,42.0,42.0,9.0,0.0,0,0,0,none,decay,338.45,581.55
2026-01-28 13:25:51.134761,0.52,0.26,99.23,272.0,311.0,0.17,1440.18,2475.65,0.0,9,18,0,0.0,0,0.0,0.0,9.0,0.0,0,0,0,none,decay,338.36,581.64
2026-01-28 13:25:52.158558,0.0,0.25,99.75,85.0,170.0,0.17,1440.18,2475.65,0.0,9,18,0,0.0,0,0.0,0.0,9.0,0.0,0,0,0,none,decay,338.36,581.64
2026-01-28 13:25:53.212063,0.0,0.24,99.76,125.0,202.0,0.17,1440.18,2475.65,0.0,9,18,0,0.0,0,0.0,0.0,9.0,0.0,0,0,0,none,decay,338.36,581.64
2026-01-28 13:25:54.243440,0.0,0.0,100.0,65.0,129.0,0.17,1440.18,2475.65,0.0,9,18,0,0.0,0,0.0,0.0,9.0,0.0,0,0,0,none,decay,338.36,581.64
2026-01-28 13:25:55.272875,0.26,0.0,99.74,260.0,393.0,0.16,1440.18,2475.65,0.0,9,18,0,0.0,0,98.0,98.0,9.0,0.0,0,0,0,none,decay,338.36,581.64
2026-01-28 13:25:56.296732,1.27,0.51,98.22,272.0,535.0,0.16,1440.67,2475.16,0.0,9,18,0,0.0,0,0.0,0.0,9.0,0.0,0,0,0,none,decay,338.48,581.52
2026-01-28 13:25:57.327172,0.0,0.25,99.75,191.0,185.0,0.16,1440.67,2475.16,0.0,9,18,0,0.0,0,0.0,0.0,9.0,0.0,0,0,0,none,decay,338.48,581.52
2026-01-28 13:25:58.346661,0.0,0.0,100.0,95.0,199.0,0.16,1436.61,2479.22,0.0,9,18,0,0.0,0,0.0,0.0,9.0,0.0,0,0,0,none,decay,337.52,582.48
2026-01-28 13:25:59.363400,0.25,0.0,99.75,112.0,168.0,0.16,1436.6,2479.23,0.0,9,18,0,0.0,0,0.0,0.0,9.0,0.0,0,0,0,none,decay,337.52,582.48
2026-01-28 13:26:00.389987,0.0,0.0,100.0,87.0,157.0,0.14,1436.6,2479.23,0.0,9,18,0,0.0,0,0.0,0.0,9.0,0.0,0,0,0,none,decay,337.52,582.48
2026-01-28 13:26:01.413462,2.31,0.77,96.92,513.0,793.0,0.14,1439.91,2475.91,0.0,9,18,0,0.0,0,0.0,0.0,9.0,0.0,0,0,0,none,decay,338.3,581.7
2026-01-28 13:26:02.470345,0.0,0.24,99.76,142.0,245.0,0.14,1439.91,2475.91,0.0,9,18,0,0.0,0,0.0,0.0,9.0,0.0,0,0,0,none,decay,338.3,581.7
2026-01-28 13:26:03.492849,0.25,0.0,99.75,89.0,147.0,0.14,1439.91,2475.91,0.0,9,18,0,0.0,0,0.0,0.0,9.0,0.0,0,0,0,none,decay,338.3,581.7
2026-01-28 13:26:04.517259,0.0,0.0,100.0,79.0,142.0,0.14,1440.03,2475.8,0.0,9,18,0,0.0,0,0.0,0.0,9.0,0.0,0,0,0,none,decay,338.33,581.67
2026-01-28 13:26:05.543595,0.0,0.25,99.75,52.0,82.0,0.13,1440.03,2475.8,0.0,9,18,0,0.0,0,0.0,0.0,9.0,0.0,0,0,0,none,decay,338.33,581.67
2026-01-28 13:26:06.577206,2.59,1.04,96.37,390.0,780.0,0.13,1433.16,2482.67,0.0,9,18,0,0.0,0,98.0,98.0,9.0,0.0,0,0,0,none,decay,336.71,583.29
2026-01-28 13:26:07.604361,0.0,0.0,100.0,171.0,333.0,0.13,1433.23,2482.59,0.0,9,18,0,0.0,0,0.0,0.0,9.0,0.0,0,0,0,none,decay,336.73,583.27
2026-01-28 13:26:08.627730,0.0,0.0,100.0,112.0,126.0,0.13,1433.23,2482.59,0.0,9,18,0,0.0,0,0.0,0.0,9.0,0.0,0,0,0,none,decay,336.73,583.27
2026-01-28 13:26:09.651842,0.0,0.25,99.75,167.0,172.0,0.13,1433.22,2482.61,0.0,9,18,0,0.0,0,0.0,0.0,9.0,0.0,0,0,0,none,decay,336.73,583.27
2026-01-28 13:26:10.685979,0.5,0.0,99.5,227.0,225.0,0.12,1433.22,2482.61,0.0,9,18,0,0.0,0,0.0,0.0,9.0,0.0,0,0,0,none,decay,336.73,583.27
2026-01-28 13:26:11.708945,1.54,0.26,98.21,323.0,846.0,0.12,1433.8,2482.03,0.0,9,18,0,0.0,0,0.0,0.0,9.0,0.0,0,0,0,none,decay,336.86,583.14
2026-01-28 13:26:12.727136,0.0,0.0,100.0,131.0,314.0,0.12,1433.8,2482.03,0.0,9,18,0,0.0,0,0.0,0.0,9.0,0.0,0,0,0,none,decay,336.86,583.14
2026-01-28 13:26:13.754988,0.5,0.25,99.25,207.0,415.0,0.12,1433.95,2481.88,0.0,9,18,0,0.0,0,0.0,0.0,9.0,0.0,0,0,0,none,decay,336.9,583.1
2026-01-28 13:26:14.776555,2.03,0.51,97.47,240.0,592.0,0.12,1434.09,2481.73,0.0,9,18,0,0.0,0,0.0,0.0,9.0,0.0,0,0,0,none,decay,336.93,583.07
2026-01-28 13:26:15.796644,1.01,0.25,98.74,204.0,409.0,0.11,1434.2,2481.63,0.0,9,18,0,0.0,0,0.0,0.0,9.0,0.0,0,0,0,none,decay,336.96,583.04
2026-01-28 13:26:16.818938,2.87,0.52,96.61,452.0,838.0,0.11,1438.2,2477.63,0.0,9,18,0,0.0,0,98.0,98.0,9.0,0.0,0,0,0,none,decay,337.9,582.1
2026-01-28 13:26:17.843496,0.0,0.25,99.75,277.0,220.0,0.11,1438.2,2477.63,0.0,9,18,0,0.0,0,0.0,0.0,9.0,0.0,0,0,0,none,decay,337.9,582.1
2026-01-28 13:26:18.880966,0.24,0.0,99.76,141.0,188.0,0.11,1438.2,2477.63,0.0,9,18,0,0.0,0,0.0,0.0,9.0,0.0,0,0,0,none,decay,337.9,582.1
2026-01-28 13:26:19.901918,0.0,0.0,100.0,212.0,149.0,0.11,1438.19,2477.63,0.0,9,18,0,0.0,0,0.0,0.0,9.0,0.0,0,0,0,none,decay,337.89,582.11
2026-01-28 13:26:20.923368,0.25,0.0,99.75,156.0,113.0,0.1,1438.19,2477.63,0.0,9,18,0,0.0,0,0.0,0.0,9.0,0.0,0,0,0,none,decay,337.89,582.11
2026-01-28 13:26:21.947241,1.29,0.52,98.2,374.0,518.0,0.1,1438.34,2477.49,0.0,9,18,0,0.0,0,84.0,84.0,9.0,0.0,0,0,0,none,decay,337.93,582.07
2026-01-28 13:26:22.974196,0.25,0.0,99.75,110.0,177.0,0.1,1438.43,2477.39,0.0,9,18,0,0.0,0,0.0,0.0,9.0,0.0,0,0,0,none,decay,337.95,582.05
2026-01-28 13:26:24.003034,0.0,0.0,100.0,199.0,149.0,0.1,1438.43,2477.39,0.0,9,18,0,0.0,0,0.0,0.0,9.0,0.0,0,0,0,none,decay,337.95,582.05
2026-01-28 13:26:25.032957,0.25,0.0,99.75,180.0,208.0,0.09,1438.43,2477.39,0.0,9,18,0,0.0,0,0.0,0.0,9.0,0.0,0,0,0,none,decay,337.95,582.05
2026-01-28 13:26:26.055774,0.0,0.0,100.0,177.0,461.0,0.09,1438.43,2477.39,0.0,9,18,0,0.0,0,0.0,0.0,9.0,0.0,0,0,0,none,decay,337.95,582.05
2026-01-28 13:26:27.084059,3.86,0.77,95.37,381.0,1147.0,0.09,1438.82,2477.0,0.0,9,18,0,0.0,0,98.0,98.0,9.0,0.0,0,0,0,none,decay,338.04,581.96
2026-01-28 13:26:28.105591,0.25,0.0,99.75,163.0,280.0,0.09,1438.92,2476.91,0.0,9,18,0,0.0,0,0.0,0.0,9.0,0.0,0,0,0,none,decay,338.07,581.93
2026-01-28 13:26:29.133893,0.25,0.0,99.75,135.0,230.0,0.09,1438.91,2476.91,0.0,9,18,0,0.0,0,0.0,0.0,9.0,0.0,0,0,0,none,decay,338.06,581.94
2026-01-28 13:26:30.159216,0.0,0.0,100.0,162.0,371.0,0.17,1438.91,2476.91,0.0,9,18,0,0.0,0,0.0,0.0,9.0,0.0,0,0,0,none,decay,338.06,581.94
2026-01-28 13:26:31.201294,0.0,0.25,99.75,137.0,231.0,0.17,1438.91,2476.91,0.0,9,18,0,0.0,0,0.0,0.0,9.0,0.0,0,0,0,none,decay,338.06,581.94
2026-01-28 13:26:32.233262,0.25,0.0,99.75,210.0,205.0,0.17,1438.91,2476.91,0.0,9,18,0,0.0,0,0.0,0.0,9.0,0.0,0,0,0,none,decay,338.06,581.94
2026-01-28 13:26:33.265510,1.53,0.51,97.95,389.0,614.0,0.17,1439.05,2476.77,0.0,9,18,0,0.0,0,0.0,0.0,9.0,0.0,0,0,0,none,decay,338.1,581.9
2026-01-28 13:26:34.289460,0.25,0.0,99.75,135.0,230.0,0.17,1439.14,2476.68,0.0,9,18,0,0.0,0,0.0,0.0,9.0,0.0,0,0,0,none,decay,338.12,581.88
2026-01-28 13:26:35.312637,0.0,0.25,99.75,202.0,226.0,0.15,1439.14,2476.68,0.0,9,18,0,0.0,0,0.0,0.0,9.0,0.0,0,0,0,none,decay,338.12,581.88
2026-01-28 13:26:36.332756,0.0,0.0,100.0,72.0,121.0,0.15,1439.14,2476.68,0.0,9,18,0,0.0,0,0.0,0.0,9.0,0.0,0,0,0,none,decay,338.12,581.88
2026-01-28 13:26:37.367997,1.51,0.25,98.24,259.0,496.0,0.15,1439.57,2476.25,0.0,9,18,0,0.0,0,98.0,98.0,9.0,0.0,0,0,0,none,decay,338.22,581.78
2026-01-28 13:26:38.390717,1.02,0.51,98.47,260.0,440.0,0.15,1439.88,2475.95,0.0,9,18,0,0.0,0,0.0,0.0,9.0,0.0,0,0,0,none,decay,338.29,581.71
2026-01-28 13:26:39.418948,0.25,0.0,99.75,144.0,256.0,0.15,1439.87,2475.95,0.0,9,18,0,0.0,0,0.0,0.0,9.0,0.0,0,0,0,none,decay,338.29,581.71
2026-01-28 13:26:40.443496,0.0,0.25,99.75,218.0,367.0,0.14,1439.87,2475.95,0.0,9,18,0,0.0,0,0.0,0.0,9.0,0.0,0,0,0,none,decay,338.29,581.71
2026-01-28 13:26:41.466382,0.25,0.0,99.75,73.0,202.0,0.14,1439.87,2475.95,0.0,9,18,0,0.0,0,0.0,0.0,9.0,0.0,0,0,0,none,decay,338.29,581.71
2026-01-28 13:26:42.488016,0.0,0.0,100.0,191.0,225.0,0.14,1439.87,2475.95,0.0,9,18,0,0.0,0,0.0,0.0,9.0,0.0,0,0,0,none,decay,338.29,581.71
2026-01-28 13:26:43.516209,1.53,0.51,97.95,369.0,683.0,0.14,1441.97,2473.86,0.0,9,18,0,0.0,0,0.0,0.0,9.0,0.0,0,0,0,none,decay,338.78,581.22
2026-01-28 13:26:44.545803,0.0,0.0,100.0,113.0,269.0,0.14,1442.09,2473.74,0.0,9,18,0,0.0,0,0.0,0.0,9.0,0.0,0,0,0,none,decay,338.81,581.19
2026-01-28 13:26:45.574429,1.28,0.51,98.21,260.0,531.0,0.21,1445.29,2470.54,0.0,9,18,0,0.0,0,0.0,0.0,9.0,0.0,0,0,0,none,decay,339.56,580.44
2026-01-28 13:26:46.604058,0.0,0.0,100.0,91.0,245.0,0.21,1445.29,2470.54,0.0,9,18,0,0.0,0,0.0,0.0,9.0,0.0,0,0,0,none,decay,339.56,580.44
2026-01-28 13:26:47.640315,1.78,0.25,97.97,263.0,727.0,0.21,1446.72,2469.1,0.0,9,18,0,0.0,0,98.0,98.0,9.0,0.0,0,0,0,none,decay,339.9,580.1
2026-01-28 13:26:48.666954,1.03,0.52,98.45,297.0,603.0,0.21,1443.37,2472.46,0.0,9,18,0,0.0,0,0.0,0.0,9.0,0.0,0,0,0,none,decay,339.11,580.89
2026-01-28 13:26:49.690348,0.0,0.0,100.0,111.0,238.0,0.21,1443.39,2472.44,0.0,9,18,0,0.0,0,0.0,0.0,9.0,0.0,0,0,0,none,decay,339.12,580.88
2026-01-28 13:26:50.727327,0.5,0.25,99.26,157.0,294.0,0.19,1443.39,2472.44,0.0,9,18,0,0.0,0,0.0,0.0,9.0,0.0,0,0,0,none,decay,339.12,580.88
2026-01-28 13:26:51.751888,0.0,0.0,100.0,52.0,101.0,0.19,1443.39,2472.44,0.0,9,18,0,0.0,0,0.0,0.0,9.0,0.0,0,0,0,none,decay,339.12,580.88
2026-01-28 13:26:52.779693,0.25,0.0,99.75,104.0,208.0,0.19,1443.39,2472.44,0.0,9,18,0,0.0,0,42.0,42.0,9.0,0.0,0,0,0,none,decay,339.12,580.88
2026-01-28 13:26:53.829613,0.0,0.25,99.75,152.0,234.0,0.19,1443.39,2472.44,0.0,9,18,0,0.0,0,0.0,0.0,9.0,0.0,0,0,0,none,decay,339.12,580.88
2026-01-28 13:26:55.392536,0.66,0.16,99.18,223.0,517.0,0.18,1439.92,2475.91,0.0,9,18,0,0.0,0,0.0,0.0,9.0,0.0,0,0,0,none,decay,338.3,581.7
2026-01-28 13:26:56.556885,0.0,0.22,99.78,142.0,314.0,0.18,1439.89,2475.94,0.0,9,18,0,0.0,0,0.0,0.0,9.0,0.0,0,0,0,none,decay,338.29,581.71
2026-01-28 13:26:57.598965,1.01,0.51,98.48,253.0,612.0,0.18,1440.75,2475.07,0.0,9,18,0,0.0,0,98.0,98.0,9.0,0.0,0,0,0,none,decay,338.5,581.5
2026-01-28 13:26:58.622205,0.25,0.25,99.5,136.0,320.0,0.18,1440.87,2474.95,0.0,9,18,0,0.0,0,0.0,0.0,9.0,0.0,0,0,0,none,decay,338.52,581.48
2026-01-28 13:27:03.737954,0.2,0.15,99.65,602.0,850.0,0.16,1441.08,2474.75,0.0,9,18,0,0.0,0,42.0,42.0,9.0,0.0,0,0,0,none,decay,338.57,581.43
2026-01-28 13:27:04.798232,1.48,0.99,97.53,330.0,819.0,0.16,1437.46,2478.36,0.0,9,18,0,0.0,0,0.0,0.0,9.0,0.0,0,0,0,none,decay,337.72,582.28
2026-01-28 13:27:06.942394,0.0,0.12,99.88,364.0,331.0,0.15,1437.33,2478.49,0.0,9,18,0,0.0,0,0.0,0.0,9.0,0.0,0,0,0,none,decay,337.69,582.31
2026-01-28 13:27:07.963810,0.77,0.51,98.72,296.0,648.0,0.15,1434.02,2481.8,0.0,9,18,0,0.0,0,98.0,98.0,9.0,0.0,0,0,0,none,decay,336.91,583.09
2026-01-28 13:27:09.168367,0.0,0.0,100.0,115.0,217.0,0.15,1434.23,2481.6,0.0,9,18,0,0.0,0,0.0,0.0,9.0,0.0,0,0,0,none,decay,336.96,583.04
2026-01-28 13:27:10.220661,2.27,1.26,96.46,558.0,1302.0,0.14,1434.22,2481.6,0.0,9,18,0,0.0,0,0.0,0.0,9.0,0.0,0,0,0,none,decay,336.96,583.04
2026-01-28 13:27:12.486228,0.0,0.0,100.0,183.0,303.0,0.14,1434.22,2481.6,0.0,9,18,0,0.0,0,0.0,0.0,9.0,0.0,0,0,0,none,decay,336.96,583.04
2026-01-28 13:27:13.743087,0.0,0.2,99.8,202.0,272.0,0.14,1434.22,2481.6,0.0,9,18,0,0.0,0,0.0,0.0,9.0,0.0,0,0,0,none,decay,336.96,583.04
2026-01-28 13:27:14.762164,0.25,0.0,99.75,122.0,271.0,0.14,1432.63,2483.19,0.0,9,18,0,0.0,0,0.0,0.0,9.0,0.0,0,0,0,none,decay,336.59,583.41
2026-01-28 13:27:16.433004,0.63,0.47,98.89,449.0,772.0,0.21,1433.79,2482.04,0.0,9,18,0,0.0,0,0.0,0.0,9.0,0.0,0,0,0,none,decay,336.86,583.14
2026-01-28 13:27:18.411850,0.26,0.13,99.61,513.0,510.0,0.21,1426.11,2489.71,0.0,9,18,0,0.0,0,98.0,98.0,9.0,0.0,0,0,0,none,decay,335.06,584.94
2026-01-28 13:27:21.437415,0.08,0.0,99.92,310.0,501.0,0.19,1426.11,2489.71,0.0,9,18,0,0.0,0,0.0,0.0,9.0,0.0,0,0,0,none,decay,335.06,584.94
2026-01-28 13:27:22.892847,1.24,0.35,98.41,368.0,561.0,0.19,1427.83,2488.0,0.0,9,18,0,0.0,0,0.0,0.0,9.0,0.0,0,0,0,none,decay,335.46,584.54
2026-01-28 13:27:23.912114,0.0,0.0,100.0,73.0,210.0,0.19,1427.83,2488.0,0.0,9,18,0,0.0,0,0.0,0.0,9.0,0.0,0,0,0,none,decay,335.46,584.54
2026-01-28 13:27:25.651950,0.15,0.0,99.85,173.0,612.0,0.17,1427.83,2488.0,0.0,9,18,0,0.0,0,42.0,42.0,9.0,0.0,0,0,0,none,decay,335.46,584.54
2026-01-28 13:27:28.842047,0.0,0.08,99.92,250.0,292.0,0.17,1423.97,2491.85,0.0,9,17,0,0.0,0,0.0,0.0,9.0,0.0,0,0,0,none,decay,334.55,585.45
2026-01-28 13:27:30.463446,1.13,0.32,98.55,365.0,620.0,0.16,1427.5,2488.32,0.0,9,18,0,0.0,0,98.0,98.0,9.0,0.0,0,0,0,none,decay,335.38,584.62
2026-01-28 13:27:32.365934,0.0,0.0,100.0,217.0,404.0,0.16,1427.42,2488.4,0.0,9,18,0,0.0,0,0.0,0.0,9.0,0.0,0,0,0,none,decay,335.36,584.64
2026-01-28 13:27:33.815756,0.18,0.18,99.65,128.0,321.0,0.16,1427.42,2488.4,0.0,9,18,0,0.0,0,0.0,0.0,9.0,0.0,0,0,0,none,decay,335.36,584.64
2026-01-28 13:27:35.130619,1.57,0.79,97.64,386.0,758.0,0.15,1423.42,2492.4,0.0,9,18,0,0.0,0,0.0,0.0,9.0,0.0,0,0,0,none,decay,334.42,585.58
2026-01-28 13:27:37.784874,0.0,0.1,99.9,393.0,421.0,0.15,1423.42,2492.41,0.0,9,18,0,0.0,0,0.0,0.0,9.0,0.0,0,0,0,none,decay,334.42,585.58
2026-01-28 13:27:40.459686,0.19,0.19,99.61,569.0,894.0,0.13,1424.89,2490.94,0.0,9,18,0,0.0,0,98.0,98.0,9.0,0.0,0,0,0,none,decay,334.77,585.23
2026-01-28 13:27:41.609627,0.22,0.22,99.55,185.0,445.0,0.13,1424.89,2490.94,0.0,9,18,0,0.0,0,0.0,0.0,9.0,0.0,0,0,0,none,decay,334.77,585.23
2026-01-28 13:27:42.748088,0.0,0.23,99.77,138.0,332.0,0.13,1424.89,2490.94,0.0,9,18,0,0.0,0,0.0,0.0,9.0,0.0,0,0,0,none,decay,334.77,585.23
2026-01-28 13:27:44.032072,0.0,0.0,100.0,196.0,410.0,0.13,1424.89,2490.94,0.0,9,18,0,0.0,0,0.0,0.0,9.0,0.0,0,0,0,none,decay,334.77,585.23
2026-01-28 13:27:45.089013,0.5,0.0,99.5,210.0,432.0,0.2,1424.89,2490.94,0.0,9,18,0,0.0,0,42.0,42.0,9.0,0.0,0,0,0,none,decay,334.77,585.23
2026-01-28 13:27:46.134120,2.99,0.75,96.26,341.0,799.0,0.2,1429.12,2486.7,0.0,9,18,0,0.0,0,0.0,0.0,9.0,0.0,0,0,0,none,decay,335.76,584.24
2026-01-28 13:27:47.297824,0.0,0.22,99.78,161.0,329.0,0.2,1429.12,2486.7,0.0,9,18,0,0.0,0,0.0,0.0,9.0,0.0,0,0,0,none,decay,335.76,584.24
2026-01-28 13:27:50.488095,0.16,0.16,99.68,515.0,744.0,0.19,1433.25,2482.57,0.0,9,18,0,0.0,0,98.0,98.0,9.0,0.0,0,0,0,none,decay,336.73,583.27
2026-01-28 13:27:51.514104,0.25,0.0,99.75,188.0,315.0,0.19,1433.25,2482.57,0.0,9,18,0,0.0,0,0.0,0.0,9.0,0.0,0,0,0,none,decay,336.73,583.27
2026-01-28 13:27:52.537794,0.25,0.5,99.25,204.0,317.0,0.19,1433.25,2482.57,0.0,9,18,0,0.0,0,0.0,0.0,9.0,0.0,0,0,0,none,decay,336.73,583.27
2026-01-28 13:27:53.562134,0.25,0.25,99.5,104.0,198.0,0.19,1433.25,2482.57,0.0,9,18,0,0.0,0,0.0,0.0,9.0,0.0,0,0,0,none,decay,336.73,583.27
2026-01-28 13:27:54.588486,0.0,0.0,100.0,167.0,288.0,0.19,1433.31,2482.51,0.0,9,18,0,0.0,0,0.0,0.0,9.0,0.0,0,0,0,none,decay,336.75,583.25
2026-01-28 13:27:55.616810,0.0,0.25,99.75,108.0,216.0,0.17,1433.31,2482.51,0.0,9,18,0,0.0,0,42.0,42.0,9.0,0.0,0,0,0,none,decay,336.75,583.25
2026-01-28 13:27:56.640671,1.04,0.52,98.45,264.0,608.0,0.17,1428.8,2487.02,0.0,9,18,0,0.0,0,0.0,0.0,9.0,0.0,0,0,0,none,decay,335.69,584.31
2026-01-28 13:27:57.665595,0.0,0.0,100.0,101.0,304.0,0.17,1428.8,2487.02,0.0,9,18,0,0.0,0,0.0,0.0,9.0,0.0,0,0,0,none,decay,335.69,584.31
2026-01-28 13:27:58.697056,0.0,0.0,100.0,138.0,339.0,0.17,1428.73,2487.09,0.0,9,18,0,0.0,0,0.0,0.0,9.0,0.0,0,0,0,none,decay,335.67,584.33
2026-01-28 13:27:59.718838,0.25,0.25,99.49,409.0,458.0,0.17,1428.73,2487.09,0.0,9,18,0,0.0,0,0.0,0.0,9.0,0.0,0,0,0,none,decay,335.67,584.33
2026-01-28 13:28:00.745311,2.02,0.76,97.22,497.0,717.0,0.24,1435.59,2480.24,0.0,9,18,0,0.0,0,98.0,98.0,9.0,0.0,0,0,0,none,decay,337.28,582.72
2026-01-28 13:28:01.769121,1.03,0.52,98.45,337.0,648.0,0.24,1435.24,2480.59,0.0,9,18,0,0.0,0,0.0,0.0,9.0,0.0,0,0,0,none,decay,337.2,582.8
2026-01-28 13:28:02.792112,0.25,0.0,99.75,98.0,223.0,0.24,1435.24,2480.59,0.0,9,18,0,0.0,0,0.0,0.0,9.0,0.0,0,0,0,none,decay,337.2,582.8
2026-01-28 13:28:03.822133,0.0,0.25,99.75,100.0,277.0,0.24,1435.23,2480.59,0.0,9,18,0,0.0,0,0.0,0.0,9.0,0.0,0,0,0,none,decay,337.2,582.8
2026-01-28 13:28:04.849035,0.25,0.0,99.75,248.0,462.0,0.24,1435.23,2480.59,0.0,9,18,0,0.0,0,0.0,0.0,9.0,0.0,0,0,0,none,decay,337.2,582.8
2026-01-28 13:28:05.871738,0.0,0.25,99.75,84.0,222.0,0.22,1435.23,2480.59,0.0,9,18,0,0.0,0,0.0,0.0,9.0,0.0,0,0,0,none,decay,337.2,582.8
2026-01-28 13:28:06.902082,2.27,0.25,97.47,293.0,759.0,0.22,1427.23,2488.59,0.0,9,18,0,0.0,0,0.0,0.0,9.0,0.0,0,0,0,none,decay,335.32,584.68
2026-01-28 13:28:07.931655,0.25,0.25,99.5,114.0,246.0,0.22,1427.23,2488.59,0.0,9,18,0,0.0,0,0.0,0.0,9.0,0.0,0,0,0,none,decay,335.32,584.68
2026-01-28 13:28:08.959810,0.25,0.5,99.25,226.0,389.0,0.22,1427.23,2488.6,0.0,9,18,0,0.0,0,0.0,0.0,9.0,0.0,0,0,0,none,decay,335.32,584.68
2026-01-28 13:28:09.982378,0.0,0.0,100.0,90.0,308.0,0.22,1427.23,2488.6,0.0,9,18,0,0.0,0,0.0,0.0,9.0,0.0,0,0,0,none,decay,335.32,584.68
2026-01-28 13:28:11.007262,0.77,0.77,98.46,280.0,515.0,0.36,1427.23,2488.6,0.0,9,18,0,0.0,0,98.0,98.0,9.0,0.0,0,0,0,none,decay,335.32,584.68
2026-01-28 13:28:12.108972,1.67,0.71,97.62,319.0,728.0,0.36,1431.22,2484.61,0.0,9,18,0,0.0,0,0.0,0.0,9.0,0.0,0,0,0,none,decay,336.26,583.74
2026-01-28 13:28:13.328510,0.0,0.21,99.79,194.0,275.0,0.36,1431.22,2484.61,0.0,9,18,0,0.0,0,0.0,0.0,9.0,0.0,0,0,0,none,decay,336.26,583.74
2026-01-28 13:28:14.682173,0.0,0.0,100.0,268.0,315.0,0.36,1431.22,2484.61,0.0,9,18,0,0.0,0,0.0,0.0,9.0,0.0,0,0,0,none,decay,336.26,583.74
2026-01-28 13:28:18.172789,0.51,0.15,99.34,477.0,737.0,0.49,1428.99,2486.83,0.0,9,18,0,0.0,0,0.0,0.0,9.0,0.0,0,0,0,none,decay,335.73,584.27
2026-01-28 13:28:19.421983,0.62,0.42,98.96,303.0,608.0,0.49,1429.06,2486.77,0.0,9,18,0,0.0,0,0.0,0.0,9.0,0.0,0,0,0,none,decay,335.75,584.25
2026-01-28 13:28:20.525692,0.23,0.46,99.31,119.0,355.0,0.45,1429.06,2486.77,0.0,8,16,0,0.0,0,0.0,0.0,8.0,0.0,0,0,0,none,decay,335.75,584.25
2026-01-28 13:28:21.554400,1.02,0.51,98.47,280.0,669.0,0.45,1429.06,2486.77,0.0,9,18,0,0.0,0,98.0,98.0,9.0,0.0,0,0,0,none,decay,335.75,584.25
2026-01-28 13:28:22.579794,0.25,0.25,99.5,154.0,295.0,0.45,1429.06,2486.77,0.0,9,18,0,0.0,0,0.0,0.0,9.0,0.0,0,0,0,none,decay,335.75,584.25
2026-01-28 13:28:23.614387,1.26,0.5,98.24,243.0,521.0,0.45,1430.91,2484.92,0.0,9,18,0,0.0,0,0.0,0.0,9.0,0.0,0,0,0,none,decay,336.18,583.82
2026-01-28 13:28:24.643429,0.0,0.0,100.0,167.0,359.0,0.45,1430.91,2484.92,0.0,9,18,0,0.0,0,0.0,0.0,9.0,0.0,0,0,0,none,decay,336.18,583.82
2026-01-28 13:28:25.668990,0.25,0.25,99.5,123.0,251.0,0.42,1430.82,2485.0,0.0,9,18,0,0.0,0,0.0,0.0,9.0,0.0,0,0,0,none,decay,336.16,583.84
2026-01-28 13:28:26.690187,0.0,0.0,100.0,111.0,322.0,0.42,1430.82,2485.0,0.0,9,18,0,0.0,0,84.0,84.0,9.0,0.0,0,0,0,none,decay,336.16,583.84
2026-01-28 13:28:27.716528,0.0,0.25,99.75,158.0,297.0,0.42,1430.82,2485.0,0.0,9,18,0,0.0,0,0.0,0.0,9.0,0.0,0,0,0,none,decay,336.16,583.84
2026-01-28 13:28:28.738204,1.02,0.51,98.47,308.0,415.0,0.42,1426.82,2489.0,0.0,9,18,0,0.0,0,0.0,0.0,9.0,0.0,0,0,0,none,decay,335.22,584.78
2026-01-28 13:28:29.762356,0.5,0.25,99.26,189.0,320.0,0.42,1426.82,2489.0,0.0,9,18,0,0.0,0,0.0,0.0,9.0,0.0,0,0,0,none,decay,335.22,584.78
2026-01-28 13:28:30.785880,0.25,0.25,99.5,96.0,178.0,0.38,1426.82,2489.0,0.0,9,18,0,0.0,0,0.0,0.0,9.0,0.0,0,0,0,none,decay,335.22,584.78
2026-01-28 13:28:31.802501,0.26,0.52,99.23,238.0,352.0,0.38,1431.55,2484.28,0.0,9,18,0,0.0,0,98.0,98.0,9.0,0.0,0,0,0,none,decay,336.33,583.67
2026-01-28 13:28:32.827767,0.5,0.0,99.5,143.0,329.0,0.38,1431.54,2484.28,0.0,9,18,0,0.0,0,0.0,0.0,9.0,0.0,0,0,0,none,decay,336.33,583.67
2026-01-28 13:28:33.850392,0.25,0.0,99.75,119.0,285.0,0.38,1431.54,2484.28,0.0,9,18,0,0.0,0,0.0,0.0,9.0,0.0,0,0,0,none,decay,336.33,583.67
2026-01-28 13:28:34.872693,0.26,0.26,99.48,263.0,411.0,0.38,1431.54,2484.29,0.0,9,18,0,0.0,0,0.0,0.0,9.0,0.0,0,0,0,none,decay,336.33,583.67
2026-01-28 13:28:35.899760,0.49,0.25,99.26,148.0,287.0,0.35,1431.54,2484.29,0.0,9,18,0,0.0,0,0.0,0.0,9.0,0.0,0,0,0,none,decay,336.33,583.67
2026-01-28 13:28:36.928903,0.0,0.0,100.0,131.0,153.0,0.35,1431.54,2484.29,0.0,9,18,0,0.0,0,0.0,0.0,9.0,0.0,0,0,0,none,decay,336.33,583.67
2026-01-28 13:28:37.955077,0.0,0.25,99.75,122.0,175.0,0.35,1431.54,2484.29,0.0,9,18,0,0.0,0,0.0,0.0,9.0,0.0,0,0,0,none,decay,336.33,583.67
2026-01-28 13:28:38.970064,0.25,0.0,99.75,169.0,406.0,0.35,1431.54,2484.29,0.0,9,18,0,0.0,0,0.0,0.0,9.0,0.0,0,0,0,none,decay,336.33,583.67
2026-01-28 13:28:39.999760,0.52,0.52,98.97,315.0,510.0,0.35,1423.68,2492.14,0.0,9,18,0,0.0,0,0.0,0.0,9.0,0.0,0,0,0,none,decay,334.49,585.51
2026-01-28 13:28:41.020923,0.25,0.25,99.5,124.0,204.0,0.32,1423.79,2492.04,0.0,9,18,0,0.0,0,0.0,0.0,9.0,0.0,0,0,0,none,decay,334.51,585.49
2026-01-28 13:28:42.041172,1.01,0.25,98.74,193.0,314.0,0.32,1423.79,2492.04,0.0,9,18,0,0.0,0,0.0,0.0,9.0,0.0,0,0,0,none,decay,334.51,585.49
2026-01-28 13:28:43.670807,0.78,0.16,99.06,247.0,553.0,0.32,1427.78,2488.04,0.0,9,18,0,0.0,0,98.0,98.0,9.0,0.0,0,0,0,none,decay,335.45,584.55
2026-01-28 13:28:44.693693,1.03,0.52,98.45,284.0,608.0,0.32,1427.77,2488.05,0.0,9,18,0,0.0,0,0.0,0.0,9.0,0.0,0,0,0,none,decay,335.45,584.55
2026-01-28 13:28:46.043736,0.38,0.19,99.43,210.0,434.0,0.3,1427.77,2488.05,0.0,9,18,0,0.0,0,0.0,0.0,9.0,0.0,0,0,0,none,decay,335.45,584.55
2026-01-28 13:28:47.549472,0.17,0.34,99.49,187.0,433.0,0.3,1427.77,2488.05,0.0,9,18,0,0.0,0,0.0,0.0,9.0,0.0,0,0,0,none,decay,335.45,584.55
2026-01-28 13:28:49.080878,2.02,0.51,97.47,352.0,774.0,0.3,1434.68,2481.14,0.0,9,18,0,0.0,0,0.0,0.0,9.0,0.0,0,0,0,none,decay,337.07,582.93
2026-01-28 13:28:50.171781,1.44,0.96,97.61,350.0,686.0,0.27,1431.71,2484.12,0.0,9,18,0,0.0,0,0.0,0.0,9.0,0.0,0,0,0,none,decay,336.37,583.63
2026-01-28 13:28:51.340899,0.44,0.0,99.56,171.0,421.0,0.27,1431.71,2484.12,0.0,9,18,0,0.0,0,0.0,0.0,9.0,0.0,0,0,0,none,decay,336.37,583.63
2026-01-28 13:28:52.475797,0.68,0.45,98.87,222.0,592.0,0.27,1431.71,2484.12,0.0,9,18,0,0.0,0,98.0,98.0,9.0,0.0,0,0,0,none,decay,336.37,583.63
2026-01-28 13:28:56.874984,0.0,0.0,100.0,487.0,803.0,0.25,1431.71,2484.12,0.0,8,16,0,0.0,0,0.0,0.0,8.0,0.0,0,0,0,none,decay,336.37,583.63
2026-01-28 13:28:58.835307,0.66,0.52,98.82,335.0,695.0,0.25,1428.23,2487.6,0.0,9,18,0,0.0,0,42.0,42.0,9.0,0.0,0,0,0,none,decay,335.55,584.45
2026-01-28 13:29:00.826833,0.26,0.39,99.35,902.0,864.0,0.23,1428.22,2487.6,0.0,9,18,0,0.0,0,0.0,0.0,9.0,0.0,0,0,0,none,decay,335.55,584.45
2026-01-28 13:29:02.113144,0.2,0.0,99.8,265.0,522.0,0.23,1429.81,2486.01,0.0,9,18,0,0.0,0,0.0,0.0,9.0,0.0,0,0,0,none,decay,335.93,584.07
2026-01-28 13:29:04.081716,1.05,0.65,98.3,405.0,900.0,0.23,1423.41,2492.41,0.0,9,18,0,0.0,0,98.0,98.0,9.0,0.0,0,0,0,none,decay,334.42,585.58
2026-01-28 13:29:05.105931,0.0,0.0,100.0,101.0,178.0,0.21,1423.41,2492.41,0.0,9,18,0,0.0,0,0.0,0.0,9.0,0.0,0,0,0,none,decay,334.42,585.58
2026-01-28 13:29:06.129753,0.0,0.25,99.75,240.0,391.0,0.21,1423.41,2492.41,0.0,9,18,0,0.0,0,0.0,0.0,9.0,0.0,0,0,0,none,decay,334.42,585.58
2026-01-28 13:29:07.165146,0.24,0.0,99.76,93.0,116.0,0.21,1423.41,2492.41,0.0,9,18,0,0.0,0,0.0,0.0,9.0,0.0,0,0,0,none,decay,334.42,585.58
2026-01-28 13:29:08.204140,2.26,0.25,97.49,220.0,879.0,0.21,1433.32,2482.51,0.0,9,18,0,0.0,0,42.0,42.0,9.0,0.0,0,0,0,none,decay,336.75,583.25
2026-01-28 13:29:09.229600,0.0,0.0,100.0,77.0,148.0,0.21,1433.32,2482.51,0.0,9,18,0,0.0,0,0.0,0.0,9.0,0.0,0,0,0,none,decay,336.75,583.25
2026-01-28 13:29:10.257701,0.5,0.25,99.25,229.0,292.0,0.2,1433.32,2482.51,0.0,9,18,0,0.0,0,0.0,0.0,9.0,0.0,0,0,0,none,decay,336.75,583.25
2026-01-28 13:29:11.282678,0.0,0.5,99.5,238.0,363.0,0.2,1433.32,2482.51,0.0,9,18,0,0.0,0,0.0,0.0,9.0,0.0,0,0,0,none,decay,336.75,583.25
2026-01-28 13:29:12.307212,0.0,0.0,100.0,89.0,251.0,0.2,1433.32,2482.51,0.0,9,18,0,0.0,0,0.0,0.0,9.0,0.0,0,0,0,none,decay,336.75,583.25
2026-01-28 13:29:13.335349,0.79,0.53,98.68,359.0,509.0,0.2,1426.0,2489.82,0.0,9,18,0,0.0,0,98.0,98.0,9.0,0.0,0,0,0,none,decay,335.03,584.97
2026-01-28 13:29:14.363239,0.5,0.0,99.5,168.0,281.0,0.2,1426.0,2489.82,0.0,9,18,0,0.0,0,0.0,0.0,9.0,0.0,0,0,0,none,decay,335.03,584.97
2026-01-28 13:29:15.384209,0.0,0.25,99.75,170.0,314.0,0.18,1426.0,2489.82,0.0,9,18,0,0.0,0,0.0,0.0,9.0,0.0,0,0,0,none,decay,335.03,584.97
2026-01-28 13:29:16.412801,0.0,0.0,100.0,97.0,214.0,0.18,1426.0,2489.82,0.0,9,18,0,0.0,0,0.0,0.0,9.0,0.0,0,0,0,none,decay,335.03,584.97
2026-01-28 13:29:17.444037,0.25,0.0,99.75,157.0,289.0,0.18,1426.0,2489.82,0.0,9,18,0,0.0,0,0.0,0.0,9.0,0.0,0,0,0,none,decay,335.03,584.97
2026-01-28 13:29:18.462984,1.32,0.53,98.15,339.0,729.0,0.18,1435.97,2479.86,0.0,9,18,0,0.0,0,0.0,0.0,9.0,0.0,0,0,0,none,decay,337.37,582.63
2026-01-28 13:29:19.478972,0.51,0.51,98.97,173.0,475.0,0.18,1435.97,2479.86,0.0,9,18,0,0.0,0,0.0,0.0,9.0,0.0,0,0,0,none,decay,337.37,582.63
2026-01-28 13:29:20.543086,0.24,0.24,99.52,102.0,251.0,0.17,1435.97,2479.86,0.0,9,18,0,0.0,0,0.0,0.0,9.0,0.0,0,0,0,none,decay,337.37,582.63
2026-01-28 13:29:21.642462,0.46,0.23,99.31,124.0,204.0,0.17,1435.97,2479.86,0.0,9,18,0,0.0,0,0.0,0.0,9.0,0.0,0,0,0,none,decay,337.37,582.63
2026-01-28 13:29:22.667114,0.0,0.0,100.0,174.0,439.0,0.17,1435.97,2479.86,0.0,9,18,0,0.0,0,0.0,0.0,9.0,0.0,0,0,0,none,decay,337.37,582.63
2026-01-28 13:29:24.220055,1.69,0.51,97.81,383.0,859.0,0.17,1434.8,2481.02,0.0,9,18,0,0.0,0,98.0,98.0,9.0,0.0,0,0,0,none,decay,337.1,582.9
2026-01-28 13:29:25.405219,0.0,0.0,100.0,130.0,349.0,0.15,1434.8,2481.02,0.0,9,18,0,0.0,0,0.0,0.0,9.0,0.0,0,0,0,none,decay,337.1,582.9
2026-01-28 13:29:27.314765,0.13,0.27,99.6,251.0,465.0,0.15,1434.8,2481.02,0.0,9,18,0,0.0,0,0.0,0.0,9.0,0.0,0,0,0,none,decay,337.1,582.9
2026-01-28 13:29:28.645629,0.19,0.0,99.81,248.0,369.0,0.15,1434.8,2481.03,0.0,9,18,0,0.0,0,0.0,0.0,9.0,0.0,0,0,0,none,decay,337.1,582.9
2026-01-28 13:29:29.817955,1.1,0.66,98.24,289.0,468.0,0.15,1430.1,2485.73,0.0,9,18,0,0.0,0,0.0,0.0,9.0,0.0,0,0,0,none,decay,335.99,584.01
2026-01-28 13:29:30.841379,0.0,0.0,100.0,116.0,203.0,0.14,1430.1,2485.73,0.0,9,18,0,0.0,0,0.0,0.0,9.0,0.0,0,0,0,none,decay,335.99,584.01
2026-01-28 13:29:31.968018,0.23,0.23,99.55,137.0,247.0,0.14,1430.1,2485.73,0.0,9,18,0,0.0,0,0.0,0.0,9.0,0.0,0,0,0,none,decay,335.99,584.01
2026-01-28 13:29:33.001611,0.0,0.0,100.0,125.0,267.0,0.14,1430.1,2485.73,0.0,9,17,0,0.0,0,0.0,0.0,9.0,0.0,0,0,0,none,decay,335.99,584.01
2026-01-28 13:29:34.296803,0.6,0.6,98.8,305.0,552.0,0.14,1430.34,2485.48,0.0,9,18,0,0.0,0,98.0,98.0,9.0,0.0,0,0,0,none,decay,336.05,583.95
2026-01-28 13:29:35.686433,1.13,0.19,98.68,334.0,735.0,0.13,1436.55,2479.27,0.0,9,18,0,0.0,0,0.0,0.0,9.0,0.0,0,0,0,none,decay,337.51,582.49
2026-01-28 13:29:36.928409,0.0,0.41,99.59,153.0,272.0,0.13,1436.55,2479.27,0.0,9,18,0,0.0,0,0.0,0.0,9.0,0.0,0,0,0,none,decay,337.51,582.49
2026-01-28 13:29:38.230257,0.2,0.0,99.8,211.0,369.0,0.13,1436.55,2479.27,0.0,9,18,0,0.0,0,0.0,0.0,9.0,0.0,0,0,0,none,decay,337.51,582.49
2026-01-28 13:29:39.341950,0.0,0.0,100.0,79.0,229.0,0.13,1436.55,2479.27,0.0,9,18,0,0.0,0,0.0,0.0,9.0,0.0,0,0,0,none,decay,337.51,582.49
2026-01-28 13:29:41.303389,0.79,0.53,98.68,436.0,863.0,0.12,1434.52,2481.3,0.0,9,18,0,0.0,0,0.0,0.0,9.0,0.0,0,0,0,none,decay,337.03,582.97
2026-01-28 13:29:43.139059,0.0,0.0,100.0,218.0,419.0,0.12,1434.52,2481.3,0.0,9,18,0,0.0,0,0.0,0.0,9.0,0.0,0,0,0,none,decay,337.03,582.97
2026-01-28 13:29:44.233966,0.96,0.48,98.56,249.0,597.0,0.12,1430.52,2485.31,0.0,9,18,0,0.0,0,98.0,98.0,9.0,0.0,0,0,0,none,decay,336.09,583.91
2026-01-28 13:29:45.608237,0.75,0.19,99.06,278.0,538.0,0.11,1429.68,2486.14,0.0,9,18,0,0.0,0,0.0,0.0,9.0,0.0,0,0,0,none,decay,335.9,584.1
2026-01-28 13:29:46.631213,0.0,0.25,99.75,120.0,238.0,0.11,1429.71,2486.12,0.0,9,18,0,0.0,0,0.0,0.0,9.0,0.0,0,0,0,none,decay,335.9,584.1
2026-01-28 13:29:48.713463,0.0,0.0,100.0,196.0,320.0,0.11,1429.71,2486.12,0.0,9,18,0,0.0,0,84.0,84.0,9.0,0.0,0,0,0,none,decay,335.9,584.1
2026-01-28 13:29:49.745700,2.02,0.51,97.47,305.0,554.0,0.11,1435.15,2480.67,0.0,9,18,0,0.0,0,0.0,0.0,9.0,0.0,0,0,0,none,decay,337.18,582.82
2026-01-28 13:29:50.774749,0.77,0.77,98.46,290.0,506.0,0.1,1442.12,2473.7,0.0,9,18,0,0.0,0,0.0,0.0,9.0,0.0,0,0,0,none,decay,338.82,581.18
2026-01-28 13:29:51.799260,0.0,0.0,100.0,90.0,309.0,0.1,1442.12,2473.7,0.0,9,18,0,0.0,0,0.0,0.0,9.0,0.0,0,0,0,none,decay,338.82,581.18
2026-01-28 13:29:52.826937,0.25,0.25,99.5,142.0,185.0,0.1,1442.12,2473.7,0.0,9,18,0,0.0,0,0.0,0.0,9.0,0.0,0,0,0,none,decay,338.82,581.18
2026-01-28 13:29:53.857676,1.02,0.25,98.73,313.0,592.0,0.1,1440.53,2475.29,0.0,9,18,0,0.0,0,98.0,98.0,9.0,0.0,0,0,0,none,decay,338.44,581.56
2026-01-28 13:29:54.882811,0.0,0.0,100.0,115.0,281.0,0.1,1440.6,2475.22,0.0,9,18,0,0.0,0,0.0,0.0,9.0,0.0,0,0,0,none,decay,338.46,581.54
2026-01-28 13:29:55.916953,1.75,1.0,97.24,262.0,575.0,0.17,1440.6,2475.23,0.0,9,18,0,0.0,0,0.0,0.0,9.0,0.0,0,0,0,none,decay,338.46,581.54
2026-01-28 13:29:56.940746,0.0,0.0,100.0,109.0,235.0,0.17,1440.6,2475.23,0.0,9,18,0,0.0,0,0.0,0.0,9.0,0.0,0,0,0,none,decay,338.46,581.54
2026-01-28 13:29:57.978386,0.24,0.0,99.76,82.0,111.0,0.17,1440.6,2475.23,0.0,9,18,0,0.0,0,0.0,0.0,9.0,0.0,0,0,0,none,decay,338.46,581.54
2026-01-28 13:29:59.003146,0.0,0.0,100.0,142.0,171.0,0.17,1440.6,2475.23,0.0,9,18,0,0.0,0,0.0,0.0,9.0,0.0,0,0,0,none,decay,338.46,581.54
2026-01-28 13:30:00.025538,0.0,0.0,100.0,215.0,241.0,0.16,1440.6,2475.23,0.0,9,18,0,0.0,0,0.0,0.0,9.0,0.0,0,0,0,none,decay,338.46,581.54
2026-01-28 13:30:01.047621,1.28,1.02,97.7,310.0,587.0,0.16,1433.74,2482.09,0.0,9,18,0,0.0,0,0.0,0.0,9.0,0.0,0,0,0,none,decay,336.85,583.15
2026-01-28 13:30:02.075472,0.0,0.0,100.0,96.0,212.0,0.16,1433.74,2482.09,0.0,9,18,0,0.0,0,0.0,0.0,9.0,0.0,0,0,0,none,decay,336.85,583.15
2026-01-28 13:30:03.097589,0.0,0.0,100.0,71.0,143.0,0.16,1433.74,2482.09,0.0,9,18,0,0.0,0,0.0,0.0,9.0,0.0,0,0,0,none,decay,336.85,583.15
2026-01-28 13:30:04.116869,0.25,0.25,99.5,92.0,162.0,0.16,1433.74,2482.09,0.0,9,18,0,0.0,0,0.0,0.0,9.0,0.0,0,0,0,none,decay,336.85,583.15
2026-01-28 13:30:05.142448,0.26,0.51,99.23,255.0,542.0,0.14,1439.46,2476.36,0.0,9,18,0,0.0,0,98.0,98.0,9.0,0.0,0,0,0,none,decay,338.19,581.81
2026-01-28 13:30:06.171838,2.26,0.75,96.98,335.0,781.0,0.14,1438.56,2477.27,0.0,9,18,0,0.0,0,0.0,0.0,9.0,0.0,0,0,0,none,decay,337.98,582.02
2026-01-28 13:30:07.196687,0.0,0.25,99.75,105.0,225.0,0.14,1438.56,2477.27,0.0,9,18,0,0.0,0,0.0,0.0,9.0,0.0,0,0,0,none,decay,337.98,582.02
2026-01-28 13:30:08.228497,0.0,0.0,100.0,89.0,210.0,0.14,1438.56,2477.27,0.0,9,18,0,0.0,0,0.0,0.0,9.0,0.0,0,0,0,none,decay,337.98,582.02
2026-01-28 13:30:09.261932,0.25,0.0,99.75,124.0,207.0,0.14,1438.56,2477.27,0.0,9,18,0,0.0,0,0.0,0.0,9.0,0.0,0,0,0,none,decay,337.98,582.02
2026-01-28 13:30:10.291242,0.0,0.25,99.75,152.0,314.0,0.13,1438.56,2477.27,0.0,9,18,0,0.0,0,0.0,0.0,9.0,0.0,0,0,0,none,decay,337.98,582.02
2026-01-28 13:30:11.309682,1.79,0.51,97.69,289.0,628.0,0.13,1435.81,2480.01,0.0,9,18,0,0.0,0,0.0,0.0,9.0,0.0,0,0,0,none,decay,337.34,582.66
2026-01-28 13:30:12.373202,0.0,0.0,100.0,139.0,101.0,0.13,1435.81,2480.01,0.0,9,18,0,0.0,0,0.0,0.0,9.0,0.0,0,0,0,none,decay,337.34,582.66
2026-01-28 13:30:13.407797,0.25,0.74,99.01,212.0,271.0,0.13,1435.8,2480.02,0.0,9,18,0,0.0,0,0.0,0.0,9.0,0.0,0,0,0,none,decay,337.33,582.67
2026-01-28 13:30:14.436086,0.0,0.0,100.0,120.0,202.0,0.13,1435.8,2480.02,0.0,9,18,0,0.0,0,0.0,0.0,9.0,0.0,0,0,0,none,decay,337.33,582.67
2026-01-28 13:30:15.459528,1.53,0.76,97.71,283.0,497.0,0.28,1435.8,2480.02,0.0,9,18,0,0.0,0,98.0,98.0,9.0,0.0,0,0,0,none,decay,337.33,582.67
2026-01-28 13:30:16.477043,1.53,0.51,97.96,251.0,610.0,0.28,1437.27,2478.55,0.0,9,18,0,0.0,0,0.0,0.0,9.0,0.0,0,0,0,none,decay,337.68,582.32
2026-01-28 13:30:17.507952,0.25,0.0,99.75,103.0,146.0,0.28,1437.27,2478.55,0.0,9,18,0,0.0,0,0.0,0.0,9.0,0.0,0,0,0,none,decay,337.68,582.32
2026-01-28 13:30:18.544799,0.0,0.0,100.0,64.0,149.0,0.28,1437.27,2478.55,0.0,9,18,0,0.0,0,0.0,0.0,9.0,0.0,0,0,0,none,decay,337.68,582.32
2026-01-28 13:30:19.571057,1.29,0.77,97.94,368.0,581.0,0.28,1438.26,2477.57,0.0,9,18,0,0.0,0,0.0,0.0,9.0,0.0,0,0,0,none,decay,337.91,582.09
2026-01-28 13:30:20.595211,0.0,0.0,100.0,175.0,215.0,0.26,1438.26,2477.57,0.0,9,18,0,0.0,0,0.0,0.0,9.0,0.0,0,0,0,none,decay,337.91,582.09
2026-01-28 13:30:21.632631,6.1,4.65,89.24,3711.0,2099.0,0.26,1412.06,2503.76,0.0,9,18,0,0.0,0,0.0,0.0,9.0,0.0,0,0,0,none,decay,331.76,588.24
2026-01-28 13:30:22.659369,0.0,0.25,99.75,277.0,318.0,0.26,1412.06,2503.76,0.0,9,18,0,0.0,0,0.0,0.0,9.0,0.0,0,0,0,none,decay,331.76,588.24
2026-01-28 13:30:23.681791,0.25,0.25,99.5,158.0,298.0,0.26,1411.84,2503.98,0.0,9,18,0,0.0,0,0.0,0.0,9.0,0.0,0,0,0,none,decay,331.7,588.3
2026-01-28 13:30:24.706267,0.0,0.25,99.75,243.0,380.0,0.26,1411.84,2503.98,0.0,9,18,0,0.0,0,0.0,0.0,9.0,0.0,0,0,0,none,decay,331.7,588.3
2026-01-28 13:53:56.034467,0.51,0.0,99.49,273.0,352.0,0.4,1489.79,2426.03,0.0,13,26,0,0.0,0,928.0,928.0,13.0,0.0,1,0,0,none,decay,350.02,569.98
2026-01-28 13:53:57.065617,3.41,1.05,95.54,593.0,880.0,0.4,1488.74,2427.09,0.0,13,26,0,0.0,0,928.0,928.0,13.0,0.0,1,0,0,none,decay,349.77,570.23
2026-01-28 13:53:58.119262,0.24,0.0,99.76,111.0,249.0,0.4,1488.84,2426.98,0.0,13,26,0,0.0,0,0.0,0.0,13.0,0.0,1,0,0,none,decay,349.79,570.21
2026-01-28 13:53:59.178009,2.23,0.74,97.02,355.0,633.0,0.4,1485.83,2429.99,0.0,13,26,0,0.0,0,928.0,928.0,13.0,0.0,1,0,0,none,decay,349.09,570.91
2026-01-28 13:54:00.434761,0.21,0.21,99.57,441.0,640.0,0.36,1483.36,2432.46,0.0,13,26,0,0.0,0,928.0,928.0,13.0,0.0,1,0,0,none,decay,348.51,571.49
2026-01-28 13:54:01.718069,1.03,0.41,98.56,345.0,531.0,0.36,1478.31,2437.51,0.0,13,22,0,0.0,0,928.0,928.0,13.0,0.0,1,0,0,none,decay,347.32,572.68
2026-01-28 13:54:02.744742,5.03,1.32,93.65,519.0,1201.0,0.36,1494.14,2421.68,0.0,13,26,0,0.0,0,1026.0,1026.0,13.0,0.0,1,0,0,none,decay,351.04,568.96
2026-01-28 13:54:03.780997,0.52,0.26,99.22,210.0,453.0,0.36,1494.39,2421.44,0.0,13,26,0,0.0,0,928.0,928.0,13.0,0.0,1,0,0,none,decay,351.1,568.9
2026-01-28 13:54:04.819858,0.0,0.0,100.0,173.0,342.0,0.36,1494.39,2421.44,0.0,13,26,0,0.0,0,0.0,0.0,13.0,0.0,1,0,0,none,decay,351.1,568.9
2026-01-28 13:54:05.846118,0.78,0.78,98.44,380.0,529.0,0.33,1497.99,2417.84,0.0,13,26,0,0.0,0,928.0,928.0,13.0,0.0,1,0,0,none,decay,351.94,568.06
2026-01-28 13:54:06.878699,2.84,1.03,96.13,311.0,871.0,0.33,1498.08,2417.75,0.0,13,26,0,0.0,0,928.0,928.0,13.0,0.0,1,0,0,none,decay,351.96,568.04
2026-01-28 13:54:07.911309,1.01,0.5,98.49,255.0,438.0,0.33,1490.31,2425.51,0.0,13,26,0,0.0,0,84.0,84.0,13.0,0.0,1,0,0,none,decay,350.14,569.86
2026-01-28 13:54:08.943727,1.03,0.26,98.71,257.0,406.0,0.33,1491.3,2424.53,0.0,13,26,0,0.0,0,928.0,928.0,13.0,0.0,1,0,0,none,decay,350.37,569.63
2026-01-28 13:54:09.978483,4.2,1.31,94.49,507.0,965.0,0.33,1489.28,2426.54,0.0,13,26,0,0.0,0,928.0,928.0,13.0,0.0,1,0,0,none,decay,349.9,570.1
2026-01-28 13:54:11.006952,0.78,0.52,98.7,313.0,525.0,0.39,1478.91,2436.91,0.0,13,26,0,0.0,0,928.0,928.0,13.0,0.0,1,0,0,none,decay,347.46,572.54
2026-01-28 13:54:12.038193,1.59,0.79,97.62,434.0,1009.0,0.39,1480.07,2435.75,0.0,13,26,0,0.0,0,1026.0,1026.0,13.0,0.0,1,0,0,none,decay,347.73,572.27
2026-01-28 13:54:13.051495,3.32,0.77,95.92,503.0,960.0,0.39,1481.2,2434.62,0.0,13,26,0,0.0,0,928.0,928.0,13.0,0.0,1,0,0,none,decay,348.0,572.0
2026-01-28 13:54:14.066091,0.25,0.25,99.5,132.0,366.0,0.39,1481.35,2434.48,0.0,13,26,0,0.0,0,0.0,0.0,13.0,0.0,1,0,0,none,decay,348.03,571.97
2026-01-28 13:54:15.077693,2.62,1.31,96.06,1676.0,1290.0,0.39,1483.81,2432.02,0.0,13,26,0,0.0,0,928.0,928.0,13.0,0.0,1,0,0,none,decay,348.61,571.39
2026-01-28 13:54:16.108638,2.84,2.07,95.09,1171.0,1141.0,0.36,1482.82,2433.0,0.0,13,26,0,0.0,0,928.0,928.0,13.0,0.0,1,0,0,none,decay,348.38,571.62
2026-01-28 13:54:17.121850,2.62,0.79,96.6,702.0,884.0,0.36,1486.92,2428.91,0.0,13,26,0,0.0,0,928.0,928.0,13.0,0.0,1,0,0,none,decay,349.34,570.66
2026-01-28 13:54:18.150954,5.29,1.85,92.86,903.0,1325.0,0.36,1491.89,2423.93,0.0,13,26,0,0.0,0,928.0,928.0,13.0,0.0,1,0,0,none,decay,350.51,569.49
2026-01-28 13:54:19.180157,1.29,1.8,96.92,865.0,686.0,0.36,1488.27,2427.56,0.0,13,26,0,0.0,0,0.0,0.0,13.0,0.0,1,0,0,none,decay,349.66,570.34
2026-01-28 13:54:20.212341,1.3,1.04,97.67,855.0,812.0,0.36,1488.38,2427.44,0.0,13,26,0,0.0,0,928.0,928.0,13.0,0.0,1,0,0,none,decay,349.69,570.31
2026-01-28 13:54:21.250369,4.11,1.54,94.34,1099.0,1175.0,0.33,1488.67,2427.15,0.0,13,26,0,0.0,0,928.0,928.0,13.0,0.0,1,0,0,none,decay,349.75,570.25
2026-01-28 13:54:22.278133,19.17,12.46,68.37,7198.0,3815.0,0.33,1507.41,2408.41,0.0,13,26,0,0.0,0,1026.0,1026.0,13.0,0.0,1,0,0,none,decay,354.16,565.84
2026-01-28 13:54:23.300609,26.92,13.85,59.23,7273.0,4779.0,0.33,1517.5,2398.32,0.0,13,26,0,0.0,0,928.0,928.0,13.0,0.0,1,0,0,none,decay,356.53,563.47
2026-01-28 13:54:24.329067,7.05,4.88,88.08,3111.0,3181.0,0.33,1514.23,2401.59,0.0,13,26,0,0.0,0,928.0,928.0,13.0,0.0,1,0,0,none,decay,355.76,564.24
2026-01-28 13:54:25.361426,2.12,0.79,97.09,550.0,718.0,0.38,1514.48,2401.34,0.0,13,26,0,0.0,0,0.0,0.0,13.0,0.0,1,0,0,none,decay,355.82,564.18
2026-01-28 13:54:26.381775,1.02,0.25,98.73,239.0,464.0,0.38,1518.7,2397.12,0.0,13,26,0,0.0,0,928.0,928.0,13.0,0.0,1,0,0,none,decay,356.81,563.19
2026-01-28 13:54:27.415189,2.07,1.04,96.89,486.0,1014.0,0.38,1518.7,2397.12,0.0,13,26,0,0.0,0,928.0,928.0,13.0,0.0,1,0,0,none,decay,356.81,563.19
2026-01-28 13:54:28.441809,2.65,1.06,96.29,437.0,863.0,0.38,1517.52,2398.3,0.0,13,26,0,0.0,0,928.0,928.0,13.0,0.0,1,0,0,none,decay,356.53,563.47
2026-01-28 13:54:29.472186,1.99,0.5,97.51,200.0,365.0,0.38,1517.52,2398.3,0.0,13,27,0,0.0,0,824.0,824.0,13.0,0.0,2,0,0,none,decay,356.53,563.47
2026-01-28 13:54:30.876990,0.55,0.55,98.9,308.0,530.0,0.35,1518.0,2397.82,0.0,13,26,0,0.0,0,104.0,104.0,13.0,0.0,1,0,0,none,decay,356.65,563.35
2026-01-28 13:54:32.005205,0.47,0.24,99.29,467.0,772.0,0.35,1519.87,2395.95,0.0,13,26,0,0.0,0,928.0,928.0,13.0,0.0,1,0,0,none,decay,357.08,562.92
2026-01-28 13:54:33.027294,3.57,1.02,95.41,791.0,952.0,0.35,1513.38,2402.45,0.0,13,26,0,0.0,0,98.0,98.0,13.0,0.0,1,0,0,none,decay,355.56,564.44
2026-01-28 13:54:34.049967,3.66,1.31,95.04,597.0,1117.0,0.35,1518.18,2397.65,0.0,13,26,0,0.0,0,928.0,928.0,13.0,0.0,1,0,0,none,decay,356.69,563.31
2026-01-28 13:54:35.078007,1.55,0.52,97.93,346.0,649.0,0.35,1517.41,2398.42,0.0,13,26,0,0.0,0,928.0,928.0,13.0,0.0,1,0,0,none,decay,356.51,563.49
2026-01-28 13:54:36.199687,2.6,0.47,96.93,521.0,876.0,0.32,1515.34,2400.48,0.0,13,26,0,0.0,0,928.0,928.0,13.0,0.0,1,0,0,none,decay,356.02,563.98
2026-01-28 13:54:37.517967,0.4,0.2,99.39,323.0,730.0,0.32,1511.35,2404.48,0.0,13,26,0,0.0,0,970.0,970.0,13.0,0.0,1,0,0,none,decay,355.08,564.92
2026-01-28 13:54:38.942859,1.12,0.37,98.51,385.0,717.0,0.32,1509.45,2406.38,0.0,13,24,0,0.0,0,928.0,928.0,13.0,0.0,1,0,0,none,decay,354.64,565.36
2026-01-28 13:54:40.328374,2.2,0.4,97.4,576.0,877.0,0.38,1494.18,2421.65,0.0,13,26,0,0.0,0,1856.0,1856.0,13.0,0.0,1,0,0,none,decay,351.05,568.95
2026-01-28 13:54:41.538699,1.74,0.44,97.82,254.0,582.0,0.38,1501.59,2414.24,0.0,13,26,0,0.0,0,928.0,928.0,13.0,0.0,1,0,0,none,decay,352.79,567.21
2026-01-28 13:54:43.035445,1.23,0.18,98.6,335.0,691.0,0.38,1503.05,2412.77,0.0,13,26,0,0.0,0,928.0,928.0,13.0,0.0,1,0,0,none,decay,353.13,566.87
2026-01-28 13:54:44.134855,3.92,0.74,95.34,455.0,1030.0,0.38,1492.66,2423.16,0.0,13,26,0,0.0,0,1026.0,1026.0,13.0,0.0,1,0,0,none,decay,350.69,569.31
2026-01-28 13:54:45.167218,2.38,0.53,97.09,474.0,727.0,0.38,1504.78,2411.04,0.0,13,26,0,0.0,0,928.0,928.0,13.0,0.0,1,0,0,none,decay,353.54,566.46
2026-01-28 13:54:46.257032,0.48,0.0,99.52,202.0,281.0,0.43,1512.63,2403.2,0.0,13,26,0,0.0,0,928.0,928.0,13.0,0.0,1,0,0,none,decay,355.38,564.62
2026-01-28 13:54:47.280295,0.26,0.26,99.49,320.0,409.0,0.43,1504.52,2411.31,0.0,13,26,0,0.0,0,0.0,0.0,13.0,0.0,1,0,0,none,decay,353.48,566.52
2026-01-28 13:54:48.311433,0.77,0.26,98.97,259.0,482.0,0.43,1500.95,2414.88,0.0,13,26,0,0.0,0,928.0,928.0,13.0,0.0,1,0,0,none,decay,352.64,567.36
2026-01-28 13:54:49.340257,2.07,0.52,97.42,278.0,645.0,0.43,1504.95,2410.88,0.0,13,26,0,0.0,0,970.0,970.0,13.0,0.0,1,0,0,none,decay,353.58,566.42
2026-01-28 13:54:50.391264,1.55,0.52,97.93,309.0,635.0,0.47,1512.5,2403.33,0.0,13,26,0,0.0,0,928.0,928.0,13.0,0.0,1,0,0,none,decay,355.35,564.65
2026-01-28 13:54:51.413849,0.75,0.0,99.25,209.0,344.0,0.47,1516.88,2398.95,0.0,13,26,0,0.0,0,0.0,0.0,13.0,0.0,1,0,0,none,decay,356.38,563.62
2026-01-28 13:54:52.445964,0.26,0.26,99.48,337.0,416.0,0.47,1518.35,2397.47,0.0,13,26,0,0.0,0,928.0,928.0,13.0,0.0,1,0,0,none,decay,356.73,563.27
2026-01-28 13:54:53.478960,2.07,0.78,97.16,329.0,592.0,0.47,1526.04,2389.78,0.0,13,24,0,0.0,0,1026.0,1026.0,13.0,0.0,1,0,0,none,decay,358.53,561.47
2026-01-28 13:54:54.518512,3.33,0.77,95.9,361.0,875.0,0.47,1514.78,2401.04,0.0,13,24,0,0.0,0,928.0,928.0,13.0,0.0,1,0,0,none,decay,355.89,564.11
2026-01-28 13:54:55.551925,2.38,0.79,96.83,444.0,795.0,0.44,1507.35,2408.48,0.0,13,26,0,0.0,0,928.0,928.0,13.0,0.0,1,0,0,none,decay,354.14,565.86
2026-01-28 13:54:56.575123,0.5,0.25,99.25,213.0,389.0,0.44,1507.48,2408.34,0.0,13,26,0,0.0,0,0.0,0.0,13.0,0.0,1,0,0,none,decay,354.17,565.83
2026-01-28 13:54:57.596748,0.53,0.26,99.21,413.0,781.0,0.44,1507.58,2408.24,0.0,13,26,0,0.0,0,928.0,928.0,13.0,0.0,1,0,0,none,decay,354.2,565.8
2026-01-28 13:54:58.630946,3.76,0.5,95.74,295.0,673.0,0.44,1507.58,2408.24,0.0,13,26,0,0.0,0,928.0,928.0,13.0,0.0,1,0,0,none,decay,354.2,565.8
2026-01-28 13:54:59.660634,1.79,0.26,97.95,247.0,576.0,0.44,1513.3,2402.52,0.0,13,22,0,0.0,0,928.0,928.0,13.0,0.0,1,0,0,none,decay,355.54,564.46
2026-01-28 13:55:00.683431,1.81,0.78,97.42,581.0,718.0,0.4,1512.99,2402.84,0.0,13,26,0,0.0,0,0.0,0.0,13.0,0.0,1,0,0,none,decay,355.47,564.53
2026-01-28 13:55:01.717329,3.99,0.5,95.51,299.0,792.0,0.4,1519.03,2396.8,0.0,13,26,0,0.0,0,928.0,928.0,13.0,0.0,1,0,0,none,decay,356.89,563.11
2026-01-28 13:55:02.752609,2.3,0.26,97.45,481.0,567.0,0.4,1510.28,2405.54,0.0,13,26,0,0.0,0,928.0,928.0,13.0,0.0,1,0,0,none,decay,354.83,565.17
2026-01-28 13:55:03.780717,3.32,0.51,96.17,272.0,658.0,0.4,1511.31,2404.51,0.0,13,27,0,0.0,0,922.0,922.0,13.0,0.0,2,0,0,none,decay,355.07,564.93
2026-01-28 13:55:04.804758,2.01,0.5,97.49,228.0,591.0,0.4,1511.3,2404.52,0.0,13,24,0,0.0,0,104.0,104.0,13.0,0.0,1,0,0,none,decay,355.07,564.93
2026-01-28 13:55:05.842021,1.84,0.53,97.63,418.0,661.0,0.37,1524.09,2391.73,0.0,13,26,0,0.0,0,928.0,928.0,13.0,0.0,1,0,0,none,decay,358.08,561.92
2026-01-28 13:55:06.878693,1.79,0.26,97.96,261.0,484.0,0.37,1514.93,2400.89,0.0,13,26,0,0.0,0,928.0,928.0,13.0,0.0,1,0,0,none,decay,355.92,564.08
2026-01-28 13:55:07.907277,0.25,0.0,99.75,113.0,209.0,0.37,1514.93,2400.89,0.0,13,26,0,0.0,0,0.0,0.0,13.0,0.0,1,0,0,none,decay,355.92,564.08
2026-01-28 13:55:08.938790,3.55,0.51,95.94,324.0,803.0,0.37,1506.05,2409.77,0.0,13,26,0,0.0,0,928.0,928.0,13.0,0.0,1,0,0,none,decay,353.84,566.16
2026-01-28 13:55:09.970132,2.83,0.51,96.66,319.0,735.0,0.37,1510.05,2405.77,0.0,13,26,0,0.0,0,970.0,970.0,13.0,0.0,1,0,0,none,decay,354.78,565.22
2026-01-28 13:55:11.034779,2.34,0.78,96.88,505.0,874.0,0.34,1512.02,2403.8,0.0,13,26,0,0.0,0,928.0,928.0,13.0,0.0,1,0,0,none,decay,355.24,564.76
2026-01-28 13:55:12.080089,0.5,0.25,99.26,311.0,332.0,0.34,1518.48,2397.34,0.0,13,26,0,0.0,0,0.0,0.0,13.0,0.0,1,0,0,none,decay,356.76,563.24
2026-01-28 13:55:13.115798,0.0,0.0,100.0,87.0,157.0,0.34,1518.48,2397.34,0.0,13,26,0,0.0,0,0.0,0.0,13.0,0.0,1,0,0,none,decay,356.76,563.24
2026-01-28 13:55:14.146922,4.43,0.78,94.79,482.0,988.0,0.34,1510.07,2405.75,0.0,13,26,0,0.0,0,1026.0,1026.0,13.0,0.0,1,0,0,none,decay,354.78,565.22
2026-01-28 13:55:15.179384,1.8,0.52,97.68,391.0,447.0,0.34,1507.18,2408.65,0.0,13,26,0,0.0,0,928.0,928.0,13.0,0.0,1,0,0,none,decay,354.1,565.9
2026-01-28 13:55:16.208256,1.01,0.25,98.73,256.0,487.0,0.31,1506.04,2409.78,0.0,13,26,0,0.0,0,0.0,0.0,13.0,0.0,1,0,0,none,decay,353.84,566.16
2026-01-28 13:55:17.235505,3.05,0.51,96.45,376.0,685.0,0.31,1510.04,2405.78,0.0,13,24,0,0.0,0,928.0,928.0,13.0,0.0,1,0,0,none,decay,354.78,565.22
2026-01-28 13:55:18.258876,1.25,0.25,98.5,189.0,513.0,0.31,1510.04,2405.78,0.0,13,26,0,0.0,0,0.0,0.0,13.0,0.0,1,0,0,none,decay,354.78,565.22
2026-01-28 13:55:19.289770,1.56,0.26,98.18,317.0,714.0,0.31,1517.49,2398.34,0.0,13,26,0,0.0,0,980.0,980.0,13.0,0.0,1,0,0,none,decay,356.52,563.48
2026-01-28 13:55:20.317876,3.37,0.78,95.85,370.0,868.0,0.31,1515.29,2400.53,0.0,13,24,0,0.0,0,928.0,928.0,13.0,0.0,1,0,0,none,decay,356.01,563.99
2026-01-28 13:55:21.338294,4.4,0.78,94.82,409.0,1117.0,0.37,1523.28,2392.54,0.0,13,26,0,0.0,0,928.0,928.0,13.0,0.0,1,0,0,none,decay,357.89,562.11
2026-01-28 13:55:22.367339,0.77,0.52,98.71,328.0,604.0,0.37,1527.27,2388.55,0.0,13,26,0,0.0,0,928.0,928.0,13.0,0.0,1,0,0,none,decay,358.82,561.18
2026-01-28 13:55:23.395025,1.5,0.5,98.0,224.0,489.0,0.37,1521.28,2394.54,0.0,13,26,0,0.0,0,0.0,0.0,13.0,0.0,1,0,0,none,decay,357.42,562.58
2026-01-28 13:55:24.422709,0.75,0.25,99.0,135.0,303.0,0.37,1520.8,2395.03,0.0,13,26,0,0.0,0,0.0,0.0,13.0,0.0,1,0,0,none,decay,357.3,562.7
2026-01-28 13:55:28.534780,0.5,0.12,99.38,683.0,847.0,0.34,1519.98,2395.84,0.0,12,24,0,0.0,0,1026.0,1026.0,12.0,0.0,1,0,0,none,decay,357.11,562.89
2026-01-28 13:55:29.572028,1.85,1.06,97.1,472.0,732.0,0.34,1509.18,2406.64,0.0,13,26,0,0.0,0,928.0,928.0,13.0,0.0,1,0,0,none,decay,354.57,565.43
2026-01-28 13:55:31.234073,0.0,0.0,100.0,111.0,182.0,0.31,1509.09,2406.74,0.0,13,26,0,0.0,0,42.0,42.0,13.0,0.0,1,0,0,none,decay,354.55,565.45
2026-01-28 13:55:32.322158,1.69,0.48,97.83,293.0,525.0,0.31,1513.09,2402.74,0.0,13,26,0,0.0,0,928.0,928.0,13.0,0.0,1,0,0,none,decay,355.49,564.51
2026-01-28 13:55:33.497832,1.79,0.9,97.31,329.0,714.0,0.31,1517.09,2398.74,0.0,13,26,0,0.0,0,928.0,928.0,13.0,0.0,1,0,0,none,decay,356.43,563.57
2026-01-28 13:55:34.528372,6.39,1.02,92.58,513.0,1082.0,0.31,1508.51,2407.31,0.0,13,26,0,0.0,0,928.0,928.0,13.0,0.0,1,0,0,none,decay,354.42,565.58
2026-01-28 13:55:35.559212,2.09,0.52,97.38,313.0,619.0,0.36,1511.47,2404.36,0.0,13,26,0,0.0,0,1026.0,1026.0,13.0,0.0,1,0,0,none,decay,355.11,564.89
2026-01-28 13:55:36.595795,0.51,0.77,98.72,275.0,324.0,0.36,1507.46,2408.36,0.0,13,26,0,0.0,0,928.0,928.0,13.0,0.0,1,0,0,none,decay,354.17,565.83
2026-01-28 13:55:37.617300,0.5,0.0,99.5,144.0,282.0,0.36,1511.46,2404.36,0.0,13,26,0,0.0,0,0.0,0.0,13.0,0.0,1,0,0,none,decay,355.11,564.89
2026-01-28 13:55:38.644251,1.8,0.26,97.94,281.0,524.0,0.36,1513.19,2402.64,0.0,13,26,0,0.0,0,928.0,928.0,13.0,0.0,1,0,0,none,decay,355.51,564.49
2026-01-28 13:55:39.664901,4.94,1.04,94.03,437.0,837.0,0.36,1513.97,2401.86,0.0,13,26,0,0.0,0,928.0,928.0,13.0,0.0,1,0,0,none,decay,355.7,564.3
2026-01-28 13:55:40.694984,4.85,1.02,94.13,435.0,880.0,0.34,1508.23,2407.6,0.0,13,26,0,0.0,0,928.0,928.0,13.0,0.0,1,0,0,none,decay,354.35,565.65
2026-01-28 13:55:41.719577,2.81,0.26,96.93,373.0,630.0,0.34,1508.58,2407.24,0.0,13,26,0,0.0,0,928.0,928.0,13.0,0.0,1,0,0,none,decay,354.43,565.57
2026-01-28 13:55:43.184984,0.87,0.17,98.96,228.0,494.0,0.34,1508.58,2407.24,0.0,13,26,0,0.0,0,0.0,0.0,13.0,0.0,1,0,0,none,decay,354.43,565.57
2026-01-28 13:55:44.339313,1.38,0.23,98.39,289.0,523.0,0.34,1506.78,2409.05,0.0,13,24,0,0.0,0,928.0,928.0,13.0,0.0,1,0,0,none,decay,354.01,565.99
2026-01-28 13:55:45.404696,2.57,1.03,96.4,449.0,866.0,0.31,1512.07,2403.76,0.0,13,26,0,0.0,0,928.0,1026.0,13.0,0.0,1,0,0,none,decay,355.25,564.75
2026-01-28 13:55:46.658992,1.49,0.42,98.09,408.0,650.0,0.31,1519.02,2396.8,0.0,13,26,0,0.0,0,1026.0,928.0,13.0,0.0,1,0,0,none,decay,356.89,563.11
2026-01-28 13:55:48.900501,0.23,0.12,99.65,397.0,623.0,0.31,1519.02,2396.8,0.0,12,24,0,0.0,0,928.0,928.0,12.0,0.0,1,0,0,none,decay,356.89,563.11
2026-01-28 13:55:49.953266,3.19,0.49,96.31,300.0,626.0,0.31,1519.27,2396.56,0.0,13,26,0,0.0,0,928.0,928.0,13.0,0.0,1,0,0,none,decay,356.94,563.06
2026-01-28 13:55:51.458886,0.91,0.55,98.54,586.0,784.0,0.28,1504.55,2411.28,0.0,13,26,0,0.0,0,1856.0,1856.0,13.0,0.0,1,0,0,none,decay,353.48,566.52
2026-01-28 13:55:52.881161,0.37,0.19,99.44,376.0,814.0,0.28,1503.72,2412.11,0.0,13,26,0,0.0,0,928.0,928.0,13.0,0.0,1,0,0,none,decay,353.29,566.71
2026-01-28 13:55:53.911550,1.28,0.26,98.47,244.0,642.0,0.28,1510.31,2405.52,0.0,13,26,0,0.0,0,928.0,928.0,13.0,0.0,1,0,0,none,decay,354.84,565.16
2026-01-28 13:55:54.980924,0.96,0.24,98.8,179.0,631.0,0.28,1512.53,2403.29,0.0,13,26,0,0.0,0,0.0,0.0,13.0,0.0,1,0,0,none,decay,355.36,564.64
2026-01-28 13:55:56.010714,6.13,1.07,92.8,626.0,1404.0,0.34,1512.33,2403.49,0.0,13,26,0,0.0,0,1026.0,1026.0,13.0,0.0,1,0,0,none,decay,355.31,564.69
2026-01-28 13:55:57.138985,2.1,0.47,97.44,365.0,651.0,0.34,1510.84,2404.98,0.0,13,26,0,0.0,0,928.0,928.0,13.0,0.0,1,0,0,none,decay,354.96,565.04
2026-01-28 13:55:58.320479,0.89,0.0,99.11,226.0,441.0,0.34,1507.22,2408.6,0.0,13,26,0,0.0,0,928.0,928.0,13.0,0.0,1,0,0,none,decay,354.11,565.89
2026-01-28 13:55:59.480872,1.36,0.68,97.95,363.0,559.0,0.34,1512.03,2403.79,0.0,13,26,0,0.0,0,928.0,928.0,13.0,0.0,1,0,0,none,decay,355.24,564.76
2026-01-28 13:56:01.407959,0.13,0.13,99.73,373.0,524.0,0.31,1508.02,2407.8,0.0,13,24,0,0.0,0,84.0,84.0,13.0,0.0,1,0,0,none,decay,354.3,565.7
2026-01-28 13:56:02.964859,0.68,0.34,98.98,409.0,585.0,0.31,1518.34,2397.48,0.0,13,26,0,0.0,0,928.0,928.0,13.0,0.0,1,0,0,none,decay,356.73,563.27
2026-01-28 13:56:04.651158,0.0,0.15,99.85,165.0,566.0,0.31,1518.34,2397.49,0.0,12,24,0,0.0,0,0.0,0.0,12.0,0.0,1,0,0,none,decay,356.72,563.28
2026-01-28 13:56:06.268457,2.93,0.65,96.42,522.0,1113.0,0.29,1514.56,2401.27,0.0,13,26,0,0.0,0,1856.0,1856.0,13.0,0.0,1,0,0,none,decay,355.84,564.16
2026-01-28 13:56:07.297806,4.72,1.05,94.23,498.0,975.0,0.29,1520.62,2395.2,0.0,13,26,0,0.0,0,1026.0,1026.0,13.0,0.0,1,0,0,none,decay,357.26,562.74
2026-01-28 13:56:08.385160,0.95,0.24,98.81,222.0,467.0,0.29,1520.87,2394.95,0.0,12,24,0,0.0,0,0.0,0.0,12.0,0.0,1,0,0,none,decay,357.32,562.68
2026-01-28 13:56:10.076196,0.94,0.31,98.74,455.0,598.0,0.29,1514.87,2400.95,0.0,13,26,0,0.0,0,1856.0,1856.0,13.0,0.0,1,0,0,none,decay,355.91,564.09
2026-01-28 13:56:11.493655,1.15,0.58,98.27,500.0,750.0,0.26,1513.76,2402.07,0.0,13,26,0,0.0,0,928.0,928.0,13.0,0.0,1,0,0,none,decay,355.65,564.35
2026-01-28 13:56:12.625445,1.62,0.46,97.92,412.0,757.0,0.26,1514.0,2401.83,0.0,13,26,0,0.0,0,0.0,0.0,13.0,0.0,1,0,0,none,decay,355.7,564.3
2026-01-28 13:56:13.841186,3.4,0.64,95.96,389.0,769.0,0.26,1520.01,2395.81,0.0,13,26,0,0.0,0,928.0,928.0,13.0,0.0,1,0,0,none,decay,357.12,562.88
2026-01-28 13:56:14.900322,0.0,0.0,100.0,111.0,237.0,0.26,1520.01,2395.81,0.0,13,24,0,0.0,0,0.0,0.0,13.0,0.0,1,0,0,none,decay,357.12,562.88
2026-01-28 13:56:16.558177,0.47,0.47,99.06,278.0,561.0,0.32,1519.84,2395.98,0.0,13,26,0,0.0,0,928.0,928.0,13.0,0.0,1,0,0,none,decay,357.08,562.92
2026-01-28 13:56:18.037277,5.95,1.58,92.47,643.0,1544.0,0.32,1514.94,2400.89,0.0,12,24,0,0.0,0,1026.0,1026.0,12.0,0.0,1,0,0,none,decay,355.93,564.07
2026-01-28 13:56:19.087627,2.76,0.25,96.98,331.0,711.0,0.32,1513.75,2402.07,0.0,13,26,0,0.0,0,928.0,928.0,13.0,0.0,1,0,0,none,decay,355.65,564.35
2026-01-28 13:56:20.114263,1.57,0.52,97.91,345.0,868.0,0.32,1522.67,2393.16,0.0,13,26,0,0.0,0,928.0,928.0,13.0,0.0,1,0,0,none,decay,357.74,562.26
2026-01-28 13:56:21.164526,2.97,0.5,96.53,264.0,674.0,0.3,1522.55,2393.27,0.0,13,26,0,0.0,0,928.0,928.0,13.0,0.0,1,0,0,none,decay,357.71,562.29
2026-01-28 13:56:22.222767,0.24,0.24,99.51,180.0,358.0,0.3,1522.55,2393.27,0.0,13,26,0,0.0,0,0.0,0.0,13.0,0.0,1,0,0,none,decay,357.71,562.29
2026-01-28 13:56:23.250330,6.92,1.03,92.05,416.0,1141.0,0.3,1514.5,2401.32,0.0,13,26,0,0.0,0,928.0,928.0,13.0,0.0,1,0,0,none,decay,355.82,564.18
2026-01-28 13:56:24.320791,1.98,0.0,98.02,272.0,688.0,0.3,1518.5,2397.32,0.0,13,26,0,0.0,0,928.0,928.0,13.0,0.0,1,0,0,none,decay,356.76,563.24
2026-01-28 13:56:25.367273,0.26,0.51,99.23,257.0,467.0,0.27,1516.36,2399.47,0.0,13,26,0,0.0,0,928.0,928.0,13.0,0.0,1,0,0,none,decay,356.26,563.74
2026-01-28 13:56:26.468083,0.0,0.0,100.0,157.0,452.0,0.27,1516.36,2399.46,0.0,12,24,0,0.0,0,0.0,0.0,12.0,0.0,1,0,0,none,decay,356.26,563.74
2026-01-28 13:56:27.618055,2.33,0.7,96.97,308.0,884.0,0.27,1519.8,2396.02,0.0,13,26,0,0.0,0,1026.0,1026.0,13.0,0.0,1,0,0,none,decay,357.07,562.93
2026-01-28 13:56:28.785875,3.86,0.91,95.23,425.0,967.0,0.27,1517.52,2398.31,0.0,13,26,0,0.0,0,928.0,928.0,13.0,0.0,1,0,0,none,decay,356.53,563.47
2026-01-28 13:56:29.832400,0.77,0.51,98.71,326.0,542.0,0.27,1521.52,2394.31,0.0,13,26,0,0.0,0,928.0,928.0,13.0,0.0,1,0,0,none,decay,357.47,562.53
2026-01-28 13:56:30.933083,2.87,0.24,96.89,291.0,717.0,0.25,1517.98,2397.85,0.0,13,26,0,0.0,0,928.0,928.0,13.0,0.0,1,0,0,none,decay,356.64,563.36
2026-01-28 13:56:32.250675,1.99,0.4,97.61,350.0,898.0,0.25,1517.97,2397.85,0.0,13,26,0,0.0,0,928.0,928.0,13.0,0.0,1,0,0,none,decay,356.64,563.36
2026-01-28 13:56:33.907394,3.77,0.94,95.29,542.0,1305.0,0.25,1511.69,2404.13,0.0,12,24,0,0.0,0,970.0,970.0,12.0,0.0,1,0,0,none,decay,355.16,564.84
2026-01-28 13:56:35.507228,1.78,0.16,98.06,342.0,777.0,0.39,1508.96,2406.87,0.0,13,26,0,0.0,0,928.0,928.0,13.0,0.0,1,0,0,none,decay,354.52,565.48
2026-01-28 13:56:36.875976,0.58,0.39,99.04,299.0,707.0,0.39,1513.1,2402.72,0.0,13,26,0,0.0,0,928.0,928.0,13.0,0.0,1,0,0,none,decay,355.49,564.51
2026-01-28 13:56:37.923149,3.84,0.77,95.4,404.0,1078.0,0.39,1513.45,2402.38,0.0,13,26,0,0.0,0,1026.0,1026.0,13.0,0.0,1,0,0,none,decay,355.58,564.42
2026-01-28 13:56:39.050904,5.61,1.17,93.22,509.0,1154.0,0.39,1503.09,2412.74,0.0,13,26,0,0.0,0,928.0,928.0,13.0,0.0,1,0,0,none,decay,353.14,566.86
2026-01-28 13:56:40.108922,1.51,0.5,97.99,341.0,596.0,0.39,1499.45,2416.38,0.0,13,26,0,0.0,0,928.0,928.0,13.0,0.0,1,0,0,none,decay,352.29,567.71
2026-01-28 13:56:41.136579,2.67,0.53,96.8,549.0,830.0,0.36,1511.63,2404.2,0.0,13,26,0,0.0,0,928.0,928.0,13.0,0.0,1,0,0,none,decay,355.15,564.85
2026-01-28 13:56:42.163615,2.06,0.77,97.17,318.0,675.0,0.36,1517.16,2398.67,0.0,13,26,0,0.0,0,928.0,928.0,13.0,0.0,1,0,0,none,decay,356.45,563.55
2026-01-28 13:56:43.300899,0.95,0.24,98.82,279.0,326.0,0.36,1514.75,2401.07,0.0,13,27,0,0.0,0,824.0,824.0,13.0,0.0,2,0,0,none,decay,355.88,564.12
2026-01-28 13:56:44.554763,1.68,0.21,98.11,303.0,609.0,0.36,1517.02,2398.8,0.0,13,26,0,0.0,0,1032.0,1032.0,13.0,0.0,1,0,0,none,decay,356.42,563.58
2026-01-28 13:56:46.089097,0.17,0.33,99.5,240.0,400.0,0.33,1514.23,2401.59,0.0,13,26,0,0.0,0,0.0,0.0,13.0,0.0,1,0,0,none,decay,355.76,564.24
2026-01-28 13:56:47.240262,2.48,0.45,97.07,297.0,662.0,0.33,1510.53,2405.29,0.0,13,26,0,0.0,0,928.0,928.0,13.0,0.0,1,0,0,none,decay,354.89,565.11
2026-01-28 13:56:48.319174,4.19,0.74,95.07,353.0,804.0,0.33,1524.43,2391.4,0.0,13,26,0,0.0,0,1026.0,1026.0,13.0,0.0,1,0,0,none,decay,358.16,561.84
2026-01-28 13:56:49.385964,2.81,0.77,96.43,425.0,859.0,0.33,1516.31,2399.51,0.0,13,26,0,0.0,0,928.0,928.0,13.0,0.0,1,0,0,none,decay,356.25,563.75
2026-01-28 13:56:50.412668,3.54,0.51,95.95,301.0,750.0,0.3,1515.89,2399.93,0.0,13,26,0,0.0,0,928.0,928.0,13.0,0.0,1,0,0,none,decay,356.15,563.85
2026-01-28 13:56:51.447155,3.06,0.51,96.43,377.0,721.0,0.3,1523.22,2392.61,0.0,13,26,0,0.0,0,928.0,928.0,13.0,0.0,1,0,0,none,decay,357.87,562.13
2026-01-28 13:56:52.477972,0.0,0.5,99.5,180.0,377.0,0.3,1523.23,2392.59,0.0,13,26,0,0.0,0,0.0,0.0,13.0,0.0,1,0,0,none,decay,357.87,562.13
2026-01-28 13:56:53.523059,1.77,0.25,97.97,255.0,568.0,0.3,1522.97,2392.86,0.0,13,26,0,0.0,0,970.0,970.0,13.0,0.0,1,0,0,none,decay,357.81,562.19
2026-01-28 13:56:54.555225,3.67,1.05,95.28,567.0,1079.0,0.3,1509.03,2406.79,0.0,13,26,0,0.0,0,928.0,928.0,13.0,0.0,1,0,0,none,decay,354.54,565.46
2026-01-28 13:56:55.600529,0.51,0.77,98.72,355.0,803.0,0.36,1506.95,2408.88,0.0,13,26,0,0.0,0,928.0,928.0,13.0,0.0,1,0,0,none,decay,354.05,565.95
2026-01-28 13:56:56.630039,3.02,0.5,96.47,267.0,620.0,0.36,1511.69,2404.14,0.0,13,26,0,0.0,0,928.0,928.0,13.0,0.0,1,0,0,none,decay,355.16,564.84
2026-01-28 13:56:57.656545,1.54,0.51,97.94,281.0,943.0,0.36,1514.64,2401.18,0.0,13,26,0,0.0,0,98.0,98.0,13.0,0.0,1,0,0,none,decay,355.86,564.14
2026-01-28 13:56:58.680909,3.32,1.02,95.65,351.0,829.0,0.36,1515.94,2399.88,0.0,13,26,0,0.0,0,928.0,928.0,13.0,0.0,1,0,0,none,decay,356.16,563.84
2026-01-28 13:56:59.707053,3.4,0.52,96.07,396.0,764.0,0.36,1510.12,2405.7,0.0,13,26,0,0.0,0,928.0,928.0,13.0,0.0,1,0,0,none,decay,354.79,565.21
2026-01-28 13:57:00.743626,1.03,0.78,98.19,335.0,591.0,0.33,1507.9,2407.92,0.0,13,26,0,0.0,0,928.0,928.0,13.0,0.0,1,0,0,none,decay,354.27,565.73
2026-01-28 13:57:01.768244,2.08,0.78,97.14,312.0,900.0,0.33,1517.32,2398.51,0.0,13,26,0,0.0,0,928.0,928.0,13.0,0.0,1,0,0,none,decay,356.48,563.52
2026-01-28 13:57:02.807798,0.49,0.0,99.51,109.0,265.0,0.33,1517.32,2398.51,0.0,13,26,0,0.0,0,42.0,42.0,13.0,0.0,1,0,0,none,decay,356.48,563.52
2026-01-28 13:57:03.857941,1.52,0.51,97.98,289.0,588.0,0.33,1510.78,2405.04,0.0,13,26,0,0.0,0,928.0,928.0,13.0,0.0,1,0,0,none,decay,354.95,565.05
2026-01-28 13:57:04.896850,0.77,0.26,98.98,260.0,486.0,0.33,1510.75,2405.07,0.0,13,26,0,0.0,0,0.0,0.0,13.0,0.0,1,0,0,none,decay,354.94,565.06
2026-01-28 13:57:05.929160,1.29,0.26,98.46,221.0,557.0,0.3,1510.74,2405.09,0.0,13,26,0,0.0,0,928.0,928.0,13.0,0.0,1,0,0,none,decay,354.94,565.06
2026-01-28 13:57:06.957984,0.25,0.74,99.01,142.0,253.0,0.3,1510.74,2405.09,0.0,13,26,0,0.0,0,0.0,0.0,13.0,0.0,1,0,0,none,decay,354.94,565.06
2026-01-28 13:57:07.985279,0.78,0.0,99.22,224.0,332.0,0.3,1508.74,2407.09,0.0,13,26,0,0.0,0,928.0,928.0,13.0,0.0,1,0,0,none,decay,354.47,565.53
2026-01-28 13:57:09.015216,0.77,0.26,98.97,206.0,270.0,0.3,1507.2,2408.62,0.0,13,24,0,0.0,0,928.0,928.0,13.0,0.0,1,0,0,none,decay,354.11,565.89
2026-01-28 13:57:10.046741,6.35,1.59,92.06,672.0,1303.0,0.3,1520.0,2395.83,0.0,13,26,0,0.0,0,1026.0,1026.0,13.0,0.0,1,0,0,none,decay,357.11,562.89
2026-01-28 13:57:11.100568,0.75,0.25,99.0,215.0,316.0,0.36,1519.99,2395.84,0.0,13,24,0,0.0,0,928.0,928.0,13.0,0.0,1,0,0,none,decay,357.11,562.89
2026-01-28 13:57:12.120742,2.3,0.77,96.93,297.0,530.0,0.36,1516.0,2399.83,0.0,13,26,0,0.0,0,0.0,0.0,13.0,0.0,1,0,0,none,decay,356.17,563.83
2026-01-28 13:57:13.158494,0.26,0.0,99.74,237.0,318.0,0.36,1520.0,2395.83,0.0,13,26,0,0.0,0,928.0,928.0,13.0,0.0,1,0,0,none,decay,357.11,562.89
2026-01-28 13:57:14.192816,0.25,0.25,99.5,118.0,181.0,0.36,1520.0,2395.83,0.0,13,26,0,0.0,0,0.0,0.0,13.0,0.0,1,0,0,none,decay,357.11,562.89
2026-01-28 13:57:15.226385,1.03,0.26,98.71,244.0,377.0,0.36,1520.72,2395.11,0.0,13,26,0,0.0,0,928.0,928.0,13.0,0.0,1,0,0,none,decay,357.28,562.72
2026-01-28 13:57:16.243756,0.77,0.51,98.72,216.0,393.0,0.33,1524.58,2391.24,0.0,13,26,0,0.0,0,0.0,0.0,13.0,0.0,1,0,0,none,decay,358.19,561.81
2026-01-28 13:57:17.298731,1.26,0.51,98.23,284.0,490.0,0.33,1520.57,2395.25,0.0,13,26,0,0.0,0,928.0,928.0,13.0,0.0,1,0,0,none,decay,357.25,562.75
2026-01-28 13:57:18.319904,0.0,0.0,100.0,66.0,78.0,0.33,1520.57,2395.25,0.0,13,26,0,0.0,0,0.0,0.0,13.0,0.0,1,0,0,none,decay,357.25,562.75
2026-01-28 13:57:19.338704,0.25,0.25,99.5,131.0,177.0,0.33,1520.57,2395.25,0.0,13,24,0,0.0,0,0.0,0.0,13.0,0.0,1,0,0,none,decay,357.25,562.75
2026-01-28 13:57:20.357563,1.34,0.53,98.13,370.0,518.0,0.3,1512.07,2403.76,0.0,13,26,0,0.0,0,1026.0,1026.0,13.0,0.0,1,0,0,none,decay,355.25,564.75
2026-01-28 13:57:21.390145,0.25,0.25,99.49,195.0,326.0,0.3,1512.31,2403.51,0.0,13,26,0,0.0,0,0.0,0.0,13.0,0.0,1,0,0,none,decay,355.31,564.69
2026-01-28 13:57:22.411274,0.0,0.0,100.0,183.0,208.0,0.3,1512.3,2403.52,0.0,13,26,0,0.0,0,0.0,0.0,13.0,0.0,1,0,0,none,decay,355.31,564.69
2026-01-28 13:57:23.443952,1.8,0.77,97.43,310.0,668.0,0.3,1510.28,2405.54,0.0,13,26,0,0.0,0,928.0,928.0,13.0,0.0,1,0,0,none,decay,354.83,565.17
2026-01-28 13:57:24.466419,3.29,0.25,96.46,296.0,641.0,0.3,1514.63,2401.2,0.0,13,26,0,0.0,0,928.0,928.0,13.0,0.0,1,0,0,none,decay,355.85,564.15
2026-01-28 13:57:25.494193,2.06,0.26,97.68,320.0,542.0,0.44,1510.46,2405.36,0.0,13,26,0,0.0,0,928.0,928.0,13.0,0.0,1,0,0,none,decay,354.87,565.13
2026-01-28 13:57:26.523418,1.76,0.5,97.73,294.0,524.0,0.44,1518.63,2397.19,0.0,13,26,0,0.0,0,0.0,0.0,13.0,0.0,1,0,0,none,decay,356.79,563.21
2026-01-28 13:57:27.559399,2.03,0.51,97.46,315.0,629.0,0.44,1509.17,2406.66,0.0,13,26,0,0.0,0,928.0,928.0,13.0,0.0,1,0,0,none,decay,354.57,565.43
2026-01-28 13:57:28.587036,0.78,0.26,98.96,213.0,280.0,0.44,1512.35,2403.48,0.0,13,26,0,0.0,0,928.0,928.0,13.0,0.0,1,0,0,none,decay,355.32,564.68
2026-01-28 13:57:29.615075,1.77,0.25,97.97,230.0,626.0,0.44,1519.66,2396.17,0.0,13,26,0,0.0,0,0.0,0.0,13.0,0.0,1,0,0,none,decay,357.03,562.97
2026-01-28 13:57:30.639210,2.55,0.51,96.94,275.0,601.0,0.4,1511.44,2404.38,0.0,13,26,0,0.0,0,1026.0,1026.0,13.0,0.0,1,0,0,none,decay,355.1,564.9
2026-01-28 13:57:31.671853,4.39,1.29,94.32,411.0,786.0,0.4,1499.61,2416.22,0.0,13,26,0,0.0,0,928.0,928.0,13.0,0.0,1,0,0,none,decay,352.32,567.68
2026-01-28 13:57:32.702398,0.26,0.78,98.96,332.0,848.0,0.4,1507.88,2407.95,0.0,13,26,0,0.0,0,928.0,928.0,13.0,0.0,1,0,0,none,decay,354.27,565.73
2026-01-28 13:57:33.729556,0.75,0.25,99.0,152.0,388.0,0.4,1508.29,2407.53,0.0,13,26,0,0.0,0,0.0,0.0,13.0,0.0,1,0,0,none,decay,354.36,565.64
2026-01-28 13:57:34.764000,2.26,0.75,96.99,283.0,548.0,0.4,1507.88,2407.95,0.0,13,26,0,0.0,0,928.0,928.0,13.0,0.0,1,0,0,none,decay,354.27,565.73
2026-01-28 13:57:35.793890,1.03,0.0,98.97,214.0,296.0,0.37,1511.07,2404.75,0.0,13,26,0,0.0,0,970.0,970.0,13.0,0.0,1,0,0,none,decay,355.02,564.98
2026-01-28 13:57:36.817288,1.29,0.52,98.2,333.0,616.0,0.37,1509.77,2406.05,0.0,13,26,0,0.0,0,0.0,0.0,13.0,0.0,1,0,0,none,decay,354.71,565.29
2026-01-28 13:57:37.847432,3.78,0.76,95.47,406.0,775.0,0.37,1507.87,2407.96,0.0,13,26,0,0.0,0,928.0,928.0,13.0,0.0,1,0,0,none,decay,354.26,565.74
2026-01-28 13:57:38.877653,0.25,0.0,99.75,177.0,90.0,0.37,1507.87,2407.96,0.0,13,26,0,0.0,0,0.0,0.0,13.0,0.0,1,0,0,none,decay,354.26,565.74
2026-01-28 13:57:39.906989,4.01,0.5,95.49,249.0,813.0,0.37,1511.56,2404.27,0.0,13,26,0,0.0,0,928.0,928.0,13.0,0.0,1,0,0,none,decay,355.13,564.87
2026-01-28 13:57:40.947009,3.1,1.03,95.87,450.0,913.0,0.42,1527.19,2388.64,0.0,13,26,0,0.0,0,1026.0,1026.0,13.0,0.0,1,0,0,none,decay,358.8,561.2
2026-01-28 13:57:41.978980,4.79,1.86,93.35,606.0,1022.0,0.42,1515.26,2400.57,0.0,13,26,0,0.0,0,928.0,928.0,13.0,0.0,1,0,0,none,decay,356.0,564.0
2026-01-28 13:57:43.008915,1.25,0.25,98.5,166.0,354.0,0.42,1515.2,2400.63,0.0,13,26,0,0.0,0,0.0,0.0,13.0,0.0,1,0,0,none,decay,355.99,564.01
2026-01-28 13:57:44.115958,1.63,0.47,97.91,225.0,442.0,0.42,1516.67,2399.15,0.0,13,24,0,0.0,0,928.0,928.0,13.0,0.0,1,0,0,none,decay,356.33,563.67
2026-01-28 13:57:45.357719,1.07,0.43,98.5,344.0,651.0,0.47,1514.15,2401.68,0.0,13,26,0,0.0,0,928.0,928.0,13.0,0.0,1,0,0,none,decay,355.74,564.26
2026-01-28 13:57:46.657823,2.65,0.2,97.14,352.0,719.0,0.47,1510.66,2405.16,0.0,13,22,0,0.0,0,1856.0,1856.0,13.0,0.0,1,0,0,none,decay,354.92,565.08
2026-01-28 13:57:47.720853,0.98,0.73,98.29,306.0,480.0,0.47,1516.11,2399.71,0.0,13,26,0,0.0,0,0.0,0.0,13.0,0.0,1,0,0,none,decay,356.2,563.8
2026-01-28 14:15:42.215090,0.19,0.0,99.81,220.0,451.0,0.18,1424.48,2491.34,0.0,9,18,0,0.0,0,0.0,0.0,9.0,0.0,0,0,0,none,decay,334.67,585.33
2026-01-28 14:15:44.349474,0.48,0.24,99.28,339.0,704.0,0.18,1425.19,2490.64,0.0,9,18,0,0.0,0,0.0,0.0,9.0,0.0,0,0,0,none,decay,334.84,585.16
2026-01-28 14:15:45.444993,1.9,0.71,97.39,269.0,720.0,0.18,1427.16,2488.67,0.0,9,18,0,0.0,0,98.0,98.0,9.0,0.0,0,0,0,none,decay,335.3,584.7
2026-01-28 14:15:46.489605,0.0,0.25,99.75,133.0,320.0,0.17,1427.16,2488.67,0.0,9,18,0,0.0,0,0.0,0.0,9.0,0.0,0,0,0,none,decay,335.3,584.7
2026-01-28 14:15:47.570509,0.24,0.0,99.76,136.0,324.0,0.17,1427.16,2488.67,0.0,9,18,0,0.0,0,0.0,0.0,9.0,0.0,0,0,0,none,decay,335.3,584.7
2026-01-28 14:15:48.756703,0.0,0.0,100.0,163.0,281.0,0.17,1427.16,2488.67,0.0,9,18,0,0.0,0,0.0,0.0,9.0,0.0,0,0,0,none,decay,335.3,584.7
2026-01-28 14:15:49.860242,1.89,0.47,97.64,328.0,631.0,0.17,1427.16,2488.67,0.0,9,18,0,0.0,0,0.0,0.0,9.0,0.0,0,0,0,none,decay,335.3,584.7
2026-01-28 14:15:51.021983,0.0,0.0,100.0,114.0,268.0,0.15,1427.15,2488.68,0.0,9,18,0,0.0,0,0.0,0.0,9.0,0.0,0,0,0,none,decay,335.3,584.7
2026-01-28 14:15:52.080901,0.24,0.24,99.52,136.0,216.0,0.15,1427.15,2488.68,0.0,9,18,0,0.0,0,0.0,0.0,9.0,0.0,0,0,0,none,decay,335.3,584.7
2026-01-28 14:15:53.538641,0.0,0.18,99.82,141.0,297.0,0.15,1427.15,2488.68,0.0,9,18,0,0.0,0,0.0,0.0,9.0,0.0,0,0,0,none,decay,335.3,584.7
2026-01-28 14:15:54.732360,0.22,0.22,99.56,303.0,529.0,0.15,1427.14,2488.68,0.0,9,18,0,0.0,0,0.0,0.0,9.0,0.0,0,0,0,none,decay,335.3,584.7
2026-01-28 14:15:55.994672,0.41,0.0,99.59,272.0,531.0,0.14,1427.14,2488.68,0.0,8,16,0,0.0,0,98.0,98.0,8.0,0.0,0,0,0,none,decay,335.3,584.7
2026-01-28 14:15:57.017170,1.27,0.51,98.22,262.0,619.0,0.14,1424.62,2491.2,0.0,9,18,0,0.0,0,0.0,0.0,9.0,0.0,0,0,0,none,decay,334.71,585.29
2026-01-28 14:15:58.040727,0.25,0.25,99.5,190.0,264.0,0.14,1424.62,2491.2,0.0,9,18,0,0.0,0,0.0,0.0,9.0,0.0,0,0,0,none,decay,334.71,585.29
2026-01-28 14:15:59.217319,0.22,0.0,99.78,218.0,393.0,0.14,1422.49,2493.33,0.0,9,18,0,0.0,0,0.0,0.0,9.0,0.0,0,0,0,none,decay,334.21,585.79
2026-01-28 14:16:00.307582,1.18,0.47,98.35,312.0,503.0,0.14,1422.58,2493.25,0.0,9,18,0,0.0,0,42.0,42.0,9.0,0.0,0,0,0,none,decay,334.23,585.77
2026-01-28 14:16:01.481978,0.22,0.0,99.78,139.0,347.0,0.13,1422.58,2493.25,0.0,9,18,0,0.0,0,0.0,0.0,9.0,0.0,0,0,0,none,decay,334.23,585.77
2026-01-28 14:16:03.361192,0.27,0.41,99.32,279.0,621.0,0.13,1422.58,2493.25,0.0,9,18,0,0.0,0,0.0,0.0,9.0,0.0,0,0,0,none,decay,334.23,585.77
2026-01-28 14:16:04.375375,0.51,0.26,99.23,255.0,358.0,0.13,1426.58,2489.25,0.0,9,18,0,0.0,0,0.0,0.0,9.0,0.0,0,0,0,none,decay,335.17,584.83
2026-01-28 14:16:05.682813,2.18,0.79,97.03,377.0,816.0,0.12,1423.16,2492.66,0.0,9,18,0,0.0,0,98.0,98.0,9.0,0.0,0,0,0,none,decay,334.36,585.64
2026-01-28 14:16:06.712645,0.25,0.25,99.5,194.0,364.0,0.12,1423.27,2492.56,0.0,9,18,0,0.0,0,0.0,0.0,9.0,0.0,0,0,0,none,decay,334.39,585.61
2026-01-28 14:16:07.752136,0.0,0.0,100.0,77.0,284.0,0.12,1423.27,2492.56,0.0,9,18,0,0.0,0,0.0,0.0,9.0,0.0,0,0,0,none,decay,334.39,585.61
2026-01-28 14:16:08.815209,0.48,0.24,99.28,123.0,329.0,0.12,1423.27,2492.56,0.0,9,18,0,0.0,0,0.0,0.0,9.0,0.0,0,0,0,none,decay,334.39,585.61
2026-01-28 14:16:09.840872,1.28,0.51,98.21,265.0,686.0,0.12,1428.15,2487.68,0.0,9,18,0,0.0,0,0.0,0.0,9.0,0.0,0,0,0,none,decay,335.53,584.47
2026-01-28 14:16:11.088455,0.41,0.21,99.38,217.0,372.0,0.11,1428.25,2487.58,0.0,9,18,0,0.0,0,42.0,42.0,9.0,0.0,0,0,0,none,decay,335.56,584.44
2026-01-28 14:16:12.522337,0.18,0.0,99.82,219.0,429.0,0.11,1428.25,2487.58,0.0,9,18,0,0.0,0,0.0,0.0,9.0,0.0,0,0,0,none,decay,335.56,584.44
2026-01-28 14:16:13.977196,0.35,0.35,99.3,234.0,467.0,0.11,1428.25,2487.58,0.0,9,18,0,0.0,0,0.0,0.0,9.0,0.0,0,0,0,none,decay,335.56,584.44
2026-01-28 14:16:15.168208,0.22,0.0,99.78,255.0,318.0,0.11,1428.25,2487.58,0.0,9,18,0,0.0,0,0.0,0.0,9.0,0.0,0,0,0,none,decay,335.56,584.44
2026-01-28 14:16:16.346493,2.25,0.9,96.85,416.0,837.0,0.1,1428.25,2487.58,0.0,9,18,0,0.0,0,98.0,98.0,9.0,0.0,0,0,0,none,decay,335.56,584.44
2026-01-28 14:16:17.395137,0.24,0.0,99.76,158.0,288.0,0.1,1428.25,2487.58,0.0,9,18,0,0.0,0,0.0,0.0,9.0,0.0,0,0,0,none,decay,335.56,584.44
2026-01-28 14:16:19.017651,0.0,0.16,99.84,213.0,374.0,0.1,1428.25,2487.58,0.0,9,18,0,0.0,0,0.0,0.0,9.0,0.0,0,0,0,none,decay,335.56,584.44
2026-01-28 14:16:20.043946,0.25,0.0,99.75,144.0,319.0,0.1,1428.25,2487.58,0.0,9,18,0,0.0,0,0.0,0.0,9.0,0.0,0,0,0,none,decay,335.56,584.44
2026-01-28 14:16:21.062818,1.04,1.04,97.92,360.0,761.0,0.09,1428.25,2487.58,0.0,9,18,0,0.0,0,0.0,0.0,9.0,0.0,0,0,0,none,decay,335.56,584.44
2026-01-28 14:16:22.235890,0.22,0.0,99.78,161.0,461.0,0.09,1428.23,2487.59,0.0,9,18,0,0.0,0,0.0,0.0,9.0,0.0,0,0,0,none,decay,335.55,584.45
2026-01-28 14:16:23.388608,0.0,0.0,100.0,143.0,384.0,0.09,1428.23,2487.59,0.0,9,18,0,0.0,0,0.0,0.0,9.0,0.0,0,0,0,none,decay,335.55,584.45
2026-01-28 14:16:24.707256,0.19,0.0,99.81,174.0,447.0,0.09,1428.23,2487.59,0.0,9,18,0,0.0,0,0.0,0.0,9.0,0.0,0,0,0,none,decay,335.55,584.45
2026-01-28 14:16:25.754751,0.76,0.25,98.98,331.0,585.0,0.25,1424.47,2491.35,0.0,9,18,0,0.0,0,0.0,0.0,9.0,0.0,0,0,0,none,decay,334.67,585.33
2026-01-28 14:16:27.541584,1.46,0.58,97.95,432.0,1040.0,0.25,1425.0,2490.83,0.0,9,18,0,0.0,0,98.0,98.0,9.0,0.0,0,0,0,none,decay,334.79,585.21
2026-01-28 14:16:29.704648,0.0,0.12,99.88,353.0,585.0,0.25,1425.0,2490.82,0.0,9,18,0,0.0,0,0.0,0.0,9.0,0.0,0,0,0,none,decay,334.8,585.2
2026-01-28 14:16:30.737597,0.5,0.25,99.25,170.0,366.0,0.23,1426.88,2488.94,0.0,9,18,0,0.0,0,0.0,0.0,9.0,0.0,0,0,0,none,decay,335.24,584.76
2026-01-28 14:16:31.761506,1.27,0.25,98.48,269.0,569.0,0.23,1420.45,2495.38,0.0,9,18,0,0.0,0,42.0,42.0,9.0,0.0,0,0,0,none,decay,333.73,586.27
2026-01-28 14:16:33.856278,0.12,0.12,99.76,298.0,554.0,0.23,1420.45,2495.38,0.0,9,18,0,0.0,0,0.0,0.0,9.0,0.0,0,0,0,none,decay,333.73,586.27
2026-01-28 14:16:36.474885,0.39,0.0,99.61,444.0,862.0,0.21,1416.45,2499.38,0.0,9,18,0,0.0,0,0.0,0.0,9.0,0.0,0,0,0,none,decay,332.79,587.21
2026-01-28 14:16:37.602123,1.83,0.46,97.71,343.0,753.0,0.21,1416.44,2499.39,0.0,9,18,0,0.0,0,98.0,98.0,9.0,0.0,0,0,0,none,decay,332.78,587.22
2026-01-28 14:16:38.813606,0.0,0.0,100.0,165.0,357.0,0.21,1416.44,2499.39,0.0,9,18,0,0.0,0,0.0,0.0,9.0,0.0,0,0,0,none,decay,332.78,587.22
2026-01-28 14:16:39.854615,0.25,0.0,99.75,142.0,295.0,0.21,1416.44,2499.39,0.0,9,18,0,0.0,0,0.0,0.0,9.0,0.0,0,0,0,none,decay,332.78,587.22
2026-01-28 14:16:40.902711,0.49,0.25,99.26,251.0,899.0,0.19,1416.44,2499.39,0.0,9,18,0,0.0,0,0.0,0.0,9.0,0.0,0,0,0,none,decay,332.78,587.22
2026-01-28 14:16:42.045797,2.51,0.46,97.03,379.0,937.0,0.19,1420.68,2495.14,0.0,9,18,0,0.0,0,0.0,0.0,9.0,0.0,0,0,0,none,decay,333.78,586.22
2026-01-28 14:16:43.118566,0.24,0.0,99.76,230.0,419.0,0.19,1420.68,2495.14,0.0,9,18,0,0.0,0,0.0,0.0,9.0,0.0,0,0,0,none,decay,333.78,586.22
2026-01-28 14:16:44.146010,0.0,0.0,100.0,104.0,347.0,0.19,1420.68,2495.14,0.0,9,18,0,0.0,0,0.0,0.0,9.0,0.0,0,0,0,none,decay,333.78,586.22
2026-01-28 14:16:45.172087,0.25,0.25,99.5,206.0,413.0,0.19,1420.68,2495.14,0.0,9,18,0,0.0,0,0.0,0.0,9.0,0.0,0,0,0,none,decay,333.78,586.22
2026-01-28 14:16:46.209885,0.0,0.0,100.0,117.0,343.0,0.17,1420.68,2495.14,0.0,9,18,0,0.0,0,0.0,0.0,9.0,0.0,0,0,0,none,decay,333.78,586.22
2026-01-28 14:16:47.545838,0.8,0.6,98.6,453.0,845.0,0.17,1420.68,2495.14,0.0,9,18,0,0.0,0,98.0,98.0,9.0,0.0,0,0,0,none,decay,333.78,586.22
2026-01-28 14:16:48.706196,0.22,0.0,99.78,180.0,373.0,0.17,1420.68,2495.14,0.0,9,18,0,0.0,0,0.0,0.0,9.0,0.0,0,0,0,none,decay,333.78,586.22
2026-01-28 14:16:50.466099,0.0,0.15,99.85,251.0,441.0,0.17,1420.68,2495.14,0.0,9,18,0,0.0,0,0.0,0.0,9.0,0.0,0,0,0,none,decay,333.78,586.22
2026-01-28 14:16:52.581045,0.61,0.12,99.26,465.0,720.0,0.16,1417.93,2497.89,0.0,9,18,0,0.0,0,0.0,0.0,9.0,0.0,0,0,0,none,decay,333.13,586.87
2026-01-28 14:16:53.725896,0.22,0.0,99.78,139.0,276.0,0.16,1417.93,2497.89,0.0,9,18,0,0.0,0,0.0,0.0,9.0,0.0,0,0,0,none,decay,333.13,586.87
2026-01-28 14:16:55.091176,0.0,0.0,100.0,196.0,321.0,0.16,1417.93,2497.89,0.0,9,18,0,0.0,0,0.0,0.0,9.0,0.0,0,0,0,none,decay,333.13,586.87
2026-01-28 14:16:56.317364,0.42,0.21,99.38,177.0,376.0,0.15,1417.93,2497.89,0.0,9,18,0,0.0,0,0.0,0.0,9.0,0.0,0,0,0,none,decay,333.13,586.87
2026-01-28 14:16:57.335057,2.65,0.8,96.55,418.0,908.0,0.15,1426.45,2489.38,0.0,9,18,0,0.0,0,98.0,98.0,9.0,0.0,0,0,0,none,decay,335.14,584.86
2026-01-28 14:16:58.518924,1.77,0.44,97.79,387.0,886.0,0.15,1430.69,2485.14,0.0,9,18,0,0.0,0,0.0,0.0,9.0,0.0,0,0,0,none,decay,336.13,583.87
2026-01-28 14:16:59.568278,0.0,0.0,100.0,144.0,439.0,0.15,1430.69,2485.14,0.0,9,18,0,0.0,0,0.0,0.0,9.0,0.0,0,0,0,none,decay,336.13,583.87
2026-01-28 14:17:00.627433,0.24,0.24,99.51,251.0,497.0,0.14,1430.69,2485.14,0.0,9,18,0,0.0,0,0.0,0.0,9.0,0.0,0,0,0,none,decay,336.13,583.87
2026-01-28 14:17:01.650797,0.25,0.0,99.75,130.0,301.0,0.14,1430.69,2485.14,0.0,9,18,0,0.0,0,0.0,0.0,9.0,0.0,0,0,0,none,decay,336.13,583.87
2026-01-28 14:17:02.680478,0.0,0.25,99.75,149.0,384.0,0.14,1430.69,2485.14,0.0,9,18,0,0.0,0,84.0,84.0,9.0,0.0,0,0,0,none,decay,336.13,583.87
2026-01-28 14:17:03.708044,1.79,0.51,97.7,322.0,705.0,0.14,1422.93,2492.89,0.0,9,18,0,0.0,0,0.0,0.0,9.0,0.0,0,0,0,none,decay,334.31,585.69
2026-01-28 14:17:05.187184,0.17,0.0,99.83,158.0,315.0,0.14,1422.93,2492.89,0.0,9,18,0,0.0,0,0.0,0.0,9.0,0.0,0,0,0,none,decay,334.31,585.69
2026-01-28 14:17:06.458154,0.0,0.0,100.0,169.0,299.0,0.12,1422.93,2492.89,0.0,9,18,0,0.0,0,0.0,0.0,9.0,0.0,0,0,0,none,decay,334.31,585.69
2026-01-28 14:17:07.480665,0.78,0.26,98.96,291.0,617.0,0.12,1422.93,2492.89,0.0,9,18,0,0.0,0,98.0,98.0,9.0,0.0,0,0,0,none,decay,334.31,585.69
2026-01-28 14:17:08.968651,0.7,0.17,99.13,236.0,642.0,0.12,1419.17,2496.66,0.0,9,18,0,0.0,0,0.0,0.0,9.0,0.0,0,0,0,none,decay,333.43,586.57
2026-01-28 14:17:09.989399,0.25,0.25,99.5,196.0,346.0,0.12,1419.17,2496.66,0.0,9,18,0,0.0,0,0.0,0.0,9.0,0.0,0,0,0,none,decay,333.43,586.57
2026-01-28 14:17:11.011323,0.25,0.0,99.75,199.0,343.0,0.11,1419.17,2496.66,0.0,9,18,0,0.0,0,0.0,0.0,9.0,0.0,0,0,0,none,decay,333.43,586.57
2026-01-28 14:17:12.034713,0.5,0.25,99.26,131.0,258.0,0.11,1419.17,2496.66,0.0,9,18,0,0.0,0,0.0,0.0,9.0,0.0,0,0,0,none,decay,333.43,586.57
2026-01-28 14:17:13.065861,0.0,0.0,100.0,160.0,212.0,0.11,1419.17,2496.66,0.0,9,18,0,0.0,0,0.0,0.0,9.0,0.0,0,0,0,none,decay,333.43,586.57
2026-01-28 14:17:14.087909,0.78,0.0,99.22,345.0,515.0,0.11,1423.17,2492.66,0.0,9,18,0,0.0,0,0.0,0.0,9.0,0.0,0,0,0,none,decay,334.36,585.64
2026-01-28 14:17:15.118890,0.0,0.0,100.0,154.0,298.0,0.11,1423.17,2492.66,0.0,9,18,0,0.0,0,0.0,0.0,9.0,0.0,0,0,0,none,decay,334.36,585.64
2026-01-28 14:17:16.143839,0.25,0.25,99.5,181.0,277.0,0.1,1423.17,2492.66,0.0,9,18,0,0.0,0,0.0,0.0,9.0,0.0,0,0,0,none,decay,334.36,585.64
2026-01-28 14:17:17.171262,0.0,0.0,100.0,86.0,163.0,0.1,1423.17,2492.66,0.0,9,18,0,0.0,0,0.0,0.0,9.0,0.0,0,0,0,none,decay,334.36,585.64
2026-01-28 14:17:18.198204,0.26,0.0,99.74,275.0,421.0,0.1,1423.17,2492.66,0.0,9,18,0,0.0,0,98.0,98.0,9.0,0.0,0,0,0,none,decay,334.36,585.64
2026-01-28 14:17:19.221368,0.0,0.0,100.0,104.0,227.0,0.1,1423.17,2492.66,0.0,9,18,0,0.0,0,0.0,0.0,9.0,0.0,0,0,0,none,decay,334.36,585.64
2026-01-28 14:17:20.246560,1.03,0.26,98.71,325.0,499.0,0.1,1423.41,2492.42,0.0,9,18,0,0.0,0,0.0,0.0,9.0,0.0,0,0,0,none,decay,334.42,585.58
2026-01-28 14:17:21.269980,0.25,0.0,99.75,155.0,258.0,0.1,1423.41,2492.42,0.0,9,18,0,0.0,0,0.0,0.0,9.0,0.0,0,0,0,none,decay,334.42,585.58
2026-01-28 14:17:22.289633,0.25,0.0,99.75,105.0,273.0,0.1,1423.41,2492.42,0.0,9,18,0,0.0,0,0.0,0.0,9.0,0.0,0,0,0,none,decay,334.42,585.58
2026-01-28 14:17:23.316083,0.0,0.0,100.0,111.0,225.0,0.1,1423.4,2492.43,0.0,9,18,0,0.0,0,0.0,0.0,9.0,0.0,0,0,0,none,decay,334.42,585.58
2026-01-28 14:17:24.348886,0.25,0.25,99.5,151.0,295.0,0.1,1423.4,2492.43,0.0,9,18,0,0.0,0,0.0,0.0,9.0,0.0,0,0,0,none,decay,334.42,585.58
2026-01-28 14:17:25.371679,1.52,0.51,97.98,245.0,491.0,0.1,1426.47,2489.36,0.0,9,18,0,0.0,0,0.0,0.0,9.0,0.0,0,0,0,none,decay,335.14,584.86
2026-01-28 14:17:26.411901,0.25,0.0,99.75,171.0,348.0,0.09,1426.57,2489.25,0.0,9,18,0,0.0,0,0.0,0.0,9.0,0.0,0,0,0,none,decay,335.16,584.84
2026-01-28 14:17:27.442671,0.78,0.26,98.97,322.0,543.0,0.09,1428.33,2487.49,0.0,9,18,0,0.0,0,0.0,0.0,9.0,0.0,0,0,0,none,decay,335.58,584.42
2026-01-28 14:17:28.468361,1.52,0.51,97.97,279.0,583.0,0.09,1428.33,2487.49,0.0,9,18,0,0.0,0,98.0,98.0,9.0,0.0,0,0,0,none,decay,335.58,584.42
2026-01-28 14:17:29.497044,0.0,0.0,100.0,155.0,250.0,0.09,1428.33,2487.49,0.0,9,18,0,0.0,0,0.0,0.0,9.0,0.0,0,0,0,none,decay,335.58,584.42
2026-01-28 14:17:30.522645,0.0,0.0,100.0,110.0,222.0,0.09,1428.33,2487.49,0.0,9,18,0,0.0,0,0.0,0.0,9.0,0.0,0,0,0,none,decay,335.58,584.42
2026-01-28 14:17:31.545048,1.8,0.26,97.94,285.0,626.0,0.08,1424.32,2491.5,0.0,9,18,0,0.0,0,0.0,0.0,9.0,0.0,0,0,0,none,decay,334.64,585.36
2026-01-28 14:17:32.572293,0.0,0.25,99.75,189.0,315.0,0.08,1424.32,2491.5,0.0,9,18,0,0.0,0,0.0,0.0,9.0,0.0,0,0,0,none,decay,334.64,585.36
2026-01-28 14:17:33.601184,0.0,0.0,100.0,133.0,213.0,0.08,1424.32,2491.5,0.0,9,18,0,0.0,0,42.0,42.0,9.0,0.0,0,0,0,none,decay,334.64,585.36
2026-01-28 14:17:34.677539,0.0,0.0,100.0,164.0,292.0,0.08,1424.32,2491.5,0.0,9,18,0,0.0,0,0.0,0.0,9.0,0.0,0,0,0,none,decay,334.64,585.36
2026-01-28 14:17:35.700285,1.98,2.27,95.75,2604.0,1378.0,0.07,1424.77,2491.05,0.0,9,18,0,0.0,0,0.0,0.0,9.0,0.0,0,0,0,none,decay,334.74,585.26
2026-01-28 14:17:36.714155,0.25,0.51,99.24,295.0,490.0,0.07,1424.93,2490.89,0.0,9,18,0,0.0,0,0.0,0.0,9.0,0.0,0,0,0,none,decay,334.78,585.22
2026-01-28 14:17:37.725543,0.0,0.0,100.0,102.0,249.0,0.07,1425.03,2490.79,0.0,9,18,0,0.0,0,0.0,0.0,9.0,0.0,0,0,0,none,decay,334.8,585.2
2026-01-28 14:17:38.736697,0.25,0.0,99.75,213.0,311.0,0.07,1425.28,2490.55,0.0,9,18,0,0.0,0,98.0,98.0,9.0,0.0,0,0,0,none,decay,334.86,585.14
2026-01-28 14:17:39.749428,0.0,0.0,100.0,153.0,299.0,0.07,1425.28,2490.55,0.0,9,18,0,0.0,0,0.0,0.0,9.0,0.0,0,0,0,none,decay,334.86,585.14
2026-01-28 14:17:40.760925,0.78,0.78,98.43,773.0,567.0,0.07,1425.28,2490.55,0.0,9,18,0,0.0,0,0.0,0.0,9.0,0.0,0,0,0,none,decay,334.86,585.14
2026-01-28 14:17:41.789787,2.31,1.03,96.67,705.0,862.0,0.07,1425.28,2490.55,0.0,9,18,0,0.0,0,0.0,0.0,9.0,0.0,0,0,0,none,decay,334.86,585.14
2026-01-28 14:17:42.818776,0.26,1.02,98.72,542.0,512.0,0.07,1425.28,2490.55,0.0,9,18,0,0.0,0,0.0,0.0,9.0,0.0,0,0,0,none,decay,334.86,585.14
2026-01-28 14:17:43.847002,0.0,0.0,100.0,145.0,265.0,0.07,1425.27,2490.55,0.0,9,18,0,0.0,0,0.0,0.0,9.0,0.0,0,0,0,none,decay,334.86,585.14
2026-01-28 14:17:44.865302,0.25,0.25,99.5,325.0,311.0,0.07,1425.27,2490.55,0.0,9,18,0,0.0,0,0.0,0.0,9.0,0.0,0,0,0,none,decay,334.86,585.14
2026-01-28 14:17:45.894263,0.25,0.25,99.5,277.0,361.0,0.06,1425.27,2490.55,0.0,9,18,0,0.0,0,0.0,0.0,9.0,0.0,0,0,0,none,decay,334.86,585.14
2026-01-28 14:17:46.924073,1.81,1.04,97.15,736.0,909.0,0.06,1427.01,2488.82,0.0,9,18,0,0.0,0,0.0,0.0,9.0,0.0,0,0,0,none,decay,335.27,584.73
2026-01-28 14:17:47.938154,0.25,0.51,99.24,424.0,452.0,0.06,1427.24,2488.58,0.0,9,18,0,0.0,0,0.0,0.0,9.0,0.0,0,0,0,none,decay,335.32,584.68
2026-01-28 14:17:48.971831,2.34,1.3,96.35,1028.0,961.0,0.06,1427.24,2488.58,0.0,9,18,0,0.0,0,98.0,98.0,9.0,0.0,0,0,0,none,decay,335.32,584.68
2026-01-28 14:17:50.006299,0.25,0.76,98.98,684.0,606.0,0.06,1427.24,2488.58,0.0,9,18,0,0.0,0,0.0,0.0,9.0,0.0,0,0,0,none,decay,335.32,584.68
2026-01-28 14:17:51.019983,20.43,11.15,68.42,7471.0,4149.0,0.22,1448.35,2467.47,0.0,9,18,0,0.0,0,0.0,0.0,9.0,0.0,0,0,0,none,decay,340.28,579.72
2026-01-28 14:17:52.034469,25.98,16.01,58.01,7078.0,5121.0,0.22,1445.76,2470.06,0.0,9,18,0,0.0,0,0.0,0.0,9.0,0.0,0,0,0,none,decay,339.67,580.33
2026-01-28 14:17:53.068555,4.43,4.95,90.62,2457.0,2416.0,0.22,1445.79,2470.04,0.0,9,18,0,0.0,0,0.0,0.0,9.0,0.0,0,0,0,none,decay,339.68,580.32
2026-01-28 14:17:54.243349,0.44,0.44,99.13,237.0,359.0,0.22,1446.62,2469.2,0.0,9,18,0,0.0,0,42.0,42.0,9.0,0.0,0,0,0,none,decay,339.88,580.12
2026-01-28 14:17:55.679861,0.54,0.36,99.09,527.0,584.0,0.2,1446.63,2469.2,0.0,9,18,0,0.0,0,0.0,0.0,9.0,0.0,0,0,0,none,decay,339.88,580.12
2026-01-28 14:17:56.705542,0.25,0.25,99.49,267.0,397.0,0.2,1452.5,2463.33,0.0,8,16,0,0.0,0,0.0,0.0,8.0,0.0,0,0,0,none,decay,341.26,578.74
2026-01-28 14:17:57.755310,1.78,1.02,97.21,472.0,809.0,0.2,1452.82,2463.0,0.0,9,18,0,0.0,0,0.0,0.0,9.0,0.0,0,0,0,none,decay,341.33,578.67
2026-01-28 14:17:59.333175,0.33,0.33,99.34,310.0,583.0,0.2,1458.31,2457.52,0.0,9,18,0,0.0,0,98.0,98.0,9.0,0.0,0,0,0,none,decay,342.62,577.38
2026-01-28 14:18:00.356276,0.25,0.25,99.5,333.0,388.0,0.2,1458.55,2457.27,0.0,9,18,0,0.0,0,0.0,0.0,9.0,0.0,0,0,0,none,decay,342.68,577.32
2026-01-28 14:18:01.956472,0.48,0.8,98.71,551.0,669.0,0.18,1457.07,2458.76,0.0,9,18,0,0.0,0,0.0,0.0,9.0,0.0,0,0,0,none,decay,342.33,577.67
2026-01-28 14:18:02.980120,1.56,1.3,97.14,497.0,774.0,0.18,1450.69,2465.14,0.0,9,18,0,0.0,0,0.0,0.0,9.0,0.0,0,0,0,none,decay,340.83,579.17
2026-01-28 14:18:04.008567,0.25,0.0,99.75,175.0,337.0,0.18,1450.72,2465.11,0.0,9,18,0,0.0,0,0.0,0.0,9.0,0.0,0,0,0,none,decay,340.84,579.16
2026-01-28 14:18:05.060974,0.24,0.24,99.51,279.0,369.0,0.18,1450.72,2465.11,0.0,9,18,0,0.0,0,42.0,42.0,9.0,0.0,0,0,0,none,decay,340.84,579.16
2026-01-28 14:18:06.089966,0.0,0.5,99.5,256.0,388.0,0.17,1450.72,2465.11,0.0,9,18,0,0.0,0,0.0,0.0,9.0,0.0,0,0,0,none,decay,340.84,579.16
2026-01-28 14:18:07.154778,0.24,0.0,99.76,229.0,420.0,0.17,1450.72,2465.11,0.0,9,18,0,0.0,0,0.0,0.0,9.0,0.0,0,0,0,none,decay,340.84,579.16
2026-01-28 14:18:08.177966,1.8,0.77,97.43,406.0,621.0,0.17,1449.76,2466.07,0.0,9,18,0,0.0,0,0.0,0.0,9.0,0.0,0,0,0,none,decay,340.61,579.39
2026-01-28 14:18:09.535061,0.19,0.19,99.62,223.0,332.0,0.17,1449.81,2466.01,0.0,9,18,0,0.0,0,0.0,0.0,9.0,0.0,0,0,0,none,decay,340.62,579.38
2026-01-28 14:18:10.691761,0.68,0.23,99.09,331.0,556.0,0.15,1450.65,2465.18,0.0,9,18,0,0.0,0,98.0,98.0,9.0,0.0,0,0,0,none,decay,340.82,579.18
2026-01-28 14:18:11.730163,0.25,0.0,99.75,168.0,330.0,0.15,1450.65,2465.18,0.0,9,18,0,0.0,0,0.0,0.0,9.0,0.0,0,0,0,none,decay,340.82,579.18
2026-01-28 14:18:12.761447,2.04,1.02,96.95,382.0,867.0,0.15,1450.5,2465.32,0.0,9,18,0,0.0,0,0.0,0.0,9.0,0.0,0,0,0,none,decay,340.79,579.21
2026-01-28 14:18:13.824108,0.0,0.0,100.0,158.0,243.0,0.15,1450.5,2465.32,0.0,9,18,0,0.0,0,0.0,0.0,9.0,0.0,0,0,0,none,decay,340.79,579.21
2026-01-28 14:18:14.854425,0.25,0.5,99.25,213.0,401.0,0.15,1450.64,2465.18,0.0,9,18,0,0.0,0,0.0,0.0,9.0,0.0,0,0,0,none,decay,340.82,579.18
2026-01-28 14:18:15.913711,0.24,0.24,99.51,305.0,364.0,0.14,1450.64,2465.18,0.0,9,18,0,0.0,0,0.0,0.0,9.0,0.0,0,0,0,none,decay,340.82,579.18
2026-01-28 14:18:17.380089,0.0,0.0,100.0,148.0,355.0,0.14,1450.64,2465.18,0.0,9,18,0,0.0,0,0.0,0.0,9.0,0.0,0,0,0,none,decay,340.82,579.18
2026-01-28 14:18:18.913914,1.34,0.84,97.82,316.0,779.0,0.14,1448.86,2466.96,0.0,9,18,0,0.0,0,0.0,0.0,9.0,0.0,0,0,0,none,decay,340.4,579.6
2026-01-28 14:18:20.102584,0.0,0.0,100.0,93.0,232.0,0.14,1448.82,2467.0,0.0,9,18,0,0.0,0,0.0,0.0,9.0,0.0,0,0,0,none,decay,340.39,579.61
2026-01-28 14:18:21.176360,0.74,0.49,98.77,342.0,643.0,0.29,1446.14,2469.69,0.0,9,18,0,0.0,0,98.0,98.0,9.0,0.0,0,0,0,none,decay,339.76,580.24
2026-01-28 14:18:22.590288,0.18,0.36,99.46,186.0,536.0,0.29,1446.21,2469.62,0.0,9,18,0,0.0,0,0.0,0.0,9.0,0.0,0,0,0,none,decay,339.78,580.22
2026-01-28 14:18:23.612646,2.56,0.51,96.93,355.0,817.0,0.29,1445.44,2470.38,0.0,9,18,0,0.0,0,0.0,0.0,9.0,0.0,0,0,0,none,decay,339.6,580.4
2026-01-28 14:18:24.747606,0.0,0.22,99.78,115.0,312.0,0.29,1445.44,2470.38,0.0,9,18,0,0.0,0,0.0,0.0,9.0,0.0,0,0,0,none,decay,339.6,580.4
2026-01-28 14:18:25.893344,0.23,0.0,99.77,286.0,380.0,0.27,1445.44,2470.38,0.0,9,18,0,0.0,0,0.0,0.0,9.0,0.0,0,0,0,none,decay,339.6,580.4
2026-01-28 14:18:27.328450,0.0,0.18,99.82,234.0,282.0,0.27,1445.44,2470.38,0.0,8,16,0,0.0,0,0.0,0.0,8.0,0.0,0,0,0,none,decay,339.6,580.4
2026-01-28 14:18:28.574240,2.55,0.43,97.02,442.0,819.0,0.27,1446.2,2469.62,0.0,9,18,0,0.0,0,0.0,0.0,9.0,0.0,0,0,0,none,decay,339.78,580.22
2026-01-28 14:18:31.575122,0.17,0.08,99.75,318.0,446.0,0.33,1446.2,2469.63,0.0,9,18,0,0.0,0,0.0,0.0,9.0,0.0,0,0,0,none,decay,339.78,580.22
2026-01-28 14:18:33.410589,0.29,0.29,99.43,411.0,836.0,0.33,1446.18,2469.64,0.0,9,18,0,0.0,0,98.0,98.0,9.0,0.0,0,0,0,none,decay,339.77,580.23
2026-01-28 14:18:34.702838,0.0,0.0,100.0,183.0,442.0,0.33,1446.19,2469.63,0.0,9,18,0,0.0,0,0.0,0.0,9.0,0.0,0,0,0,none,decay,339.77,580.23
2026-01-28 14:18:35.724443,0.25,0.25,99.49,197.0,401.0,0.3,1446.19,2469.63,0.0,9,18,0,0.0,0,0.0,0.0,9.0,0.0,0,0,0,none,decay,339.77,580.23
2026-01-28 14:18:36.799525,0.0,0.0,100.0,93.0,253.0,0.3,1446.19,2469.63,0.0,9,18,0,0.0,0,0.0,0.0,9.0,0.0,0,0,0,none,decay,339.77,580.23
2026-01-28 14:18:37.825663,0.0,0.0,100.0,113.0,289.0,0.3,1446.19,2469.63,0.0,9,18,0,0.0,0,42.0,42.0,9.0,0.0,0,0,0,none,decay,339.77,580.23
2026-01-28 14:18:38.848315,1.54,0.26,98.2,281.0,527.0,0.3,1441.27,2474.56,0.0,9,18,0,0.0,0,0.0,0.0,9.0,0.0,0,0,0,none,decay,338.62,581.38
2026-01-28 14:18:39.873317,0.0,0.0,100.0,85.0,214.0,0.3,1441.27,2474.56,0.0,9,18,0,0.0,0,0.0,0.0,9.0,0.0,0,0,0,none,decay,338.62,581.38
2026-01-28 14:18:40.905843,0.25,0.25,99.5,246.0,467.0,0.28,1441.26,2474.57,0.0,9,18,0,0.0,0,0.0,0.0,9.0,0.0,0,0,0,none,decay,338.62,581.38
2026-01-28 14:18:41.937768,1.02,0.51,98.47,262.0,528.0,0.28,1441.26,2474.57,0.0,9,18,0,0.0,0,98.0,98.0,9.0,0.0,0,0,0,none,decay,338.62,581.38
2026-01-28 14:18:42.981879,0.24,0.0,99.76,106.0,238.0,0.28,1441.25,2474.57,0.0,9,18,0,0.0,0,0.0,0.0,9.0,0.0,0,0,0,none,decay,338.61,581.39
2026-01-28 14:18:44.012310,0.24,0.0,99.76,54.0,64.0,0.28,1441.25,2474.57,0.0,9,18,0,0.0,0,0.0,0.0,9.0,0.0,0,0,0,none,decay,338.61,581.39
2026-01-28 14:18:45.081146,0.0,0.0,100.0,113.0,165.0,0.28,1441.24,2474.58,0.0,9,18,0,0.0,0,0.0,0.0,9.0,0.0,0,0,0,none,decay,338.61,581.39
2026-01-28 14:18:46.108666,0.0,0.0,100.0,112.0,243.0,0.25,1441.32,2474.51,0.0,9,18,0,0.0,0,0.0,0.0,9.0,0.0,0,0,0,none,decay,338.63,581.37
2026-01-28 14:18:47.139546,2.26,0.75,96.99,253.0,736.0,0.25,1441.52,2474.31,0.0,9,18,0,0.0,0,0.0,0.0,9.0,0.0,0,0,0,none,decay,338.68,581.32
2026-01-28 14:18:48.165672,0.25,0.0,99.75,137.0,316.0,0.25,1441.52,2474.31,0.0,9,18,0,0.0,0,42.0,42.0,9.0,0.0,0,0,0,none,decay,338.68,581.32
2026-01-28 14:18:49.186609,0.0,0.0,100.0,71.0,169.0,0.25,1441.45,2474.38,0.0,9,18,0,0.0,0,0.0,0.0,9.0,0.0,0,0,0,none,decay,338.66,581.34
2026-01-28 14:18:50.216161,0.25,0.0,99.75,97.0,155.0,0.25,1441.45,2474.38,0.0,9,18,0,0.0,0,0.0,0.0,9.0,0.0,0,0,0,none,decay,338.66,581.34
2026-01-28 14:18:51.289789,0.48,0.24,99.28,216.0,397.0,0.23,1441.45,2474.38,0.0,9,18,0,0.0,0,0.0,0.0,9.0,0.0,0,0,0,none,decay,338.66,581.34
2026-01-28 14:18:52.321469,0.0,0.25,99.75,73.0,158.0,0.23,1441.45,2474.38,0.0,9,18,0,0.0,0,0.0,0.0,9.0,0.0,0,0,0,none,decay,338.66,581.34
2026-01-28 14:18:53.342773,0.25,0.25,99.5,101.0,220.0,0.23,1440.26,2475.57,0.0,9,18,0,0.0,0,0.0,0.0,9.0,0.0,0,0,0,none,decay,338.38,581.62
2026-01-28 14:18:54.368728,3.33,1.28,95.38,351.0,809.0,0.23,1444.26,2471.57,0.0,9,18,0,0.0,0,98.0,98.0,9.0,0.0,0,0,0,none,decay,339.32,580.68
2026-01-28 14:18:55.409538,0.24,0.0,99.76,102.0,268.0,0.23,1444.26,2471.57,0.0,9,18,0,0.0,0,0.0,0.0,9.0,0.0,0,0,0,none,decay,339.32,580.68
2026-01-28 14:18:56.431902,0.0,0.0,100.0,187.0,289.0,0.21,1444.29,2471.54,0.0,9,18,0,0.0,0,0.0,0.0,9.0,0.0,0,0,0,none,decay,339.33,580.67
2026-01-28 14:18:57.459042,0.0,0.5,99.5,104.0,234.0,0.21,1444.29,2471.54,0.0,9,18,0,0.0,0,0.0,0.0,9.0,0.0,0,0,0,none,decay,339.33,580.67
2026-01-28 14:18:58.501292,2.47,0.49,97.04,228.0,600.0,0.21,1444.36,2471.46,0.0,8,16,0,0.0,0,0.0,0.0,8.0,0.0,0,0,0,none,decay,339.34,580.66
2026-01-28 14:18:59.543806,2.0,0.75,97.25,297.0,723.0,0.21,1444.52,2471.3,0.0,9,18,0,0.0,0,0.0,0.0,9.0,0.0,0,0,0,none,decay,339.38,580.62
2026-01-28 14:19:00.567100,0.0,0.0,100.0,95.0,202.0,0.21,1444.52,2471.3,0.0,9,18,0,0.0,0,0.0,0.0,9.0,0.0,0,0,0,none,decay,339.38,580.62
2026-01-28 14:19:01.602509,0.25,0.0,99.75,264.0,321.0,0.36,1444.52,2471.3,0.0,9,18,0,0.0,0,0.0,0.0,9.0,0.0,0,0,0,none,decay,339.38,580.62
2026-01-28 14:19:02.633890,0.25,0.5,99.26,132.0,295.0,0.36,1444.52,2471.3,0.0,9,18,0,0.0,0,0.0,0.0,9.0,0.0,0,0,0,none,decay,339.38,580.62
2026-01-28 14:19:03.664012,0.25,0.25,99.5,109.0,265.0,0.36,1444.52,2471.3,0.0,9,18,0,0.0,0,0.0,0.0,9.0,0.0,0,0,0,none,decay,339.38,580.62
2026-01-28 14:19:04.694363,4.31,0.76,94.92,351.0,913.0,0.36,1448.52,2467.3,0.0,9,18,0,0.0,0,98.0,98.0,9.0,0.0,0,0,0,none,decay,340.32,579.68
2026-01-28 14:19:05.719729,0.0,0.25,99.75,148.0,337.0,0.33,1448.51,2467.31,0.0,9,18,0,0.0,0,0.0,0.0,9.0,0.0,0,0,0,none,decay,340.32,579.68
2026-01-28 14:19:06.748609,0.49,0.25,99.26,113.0,225.0,0.33,1448.51,2467.31,0.0,9,18,0,0.0,0,0.0,0.0,9.0,0.0,0,0,0,none,decay,340.32,579.68
2026-01-28 14:19:07.786279,0.0,0.0,100.0,98.0,240.0,0.33,1448.51,2467.31,0.0,9,18,0,0.0,0,0.0,0.0,9.0,0.0,0,0,0,none,decay,340.32,579.68
2026-01-28 14:19:08.843153,0.0,0.0,100.0,82.0,160.0,0.33,1448.51,2467.31,0.0,9,18,0,0.0,0,0.0,0.0,9.0,0.0,0,0,0,none,decay,340.32,579.68
2026-01-28 14:19:09.867738,1.26,0.51,98.23,222.0,436.0,0.33,1448.51,2467.31,0.0,9,18,0,0.0,0,42.0,42.0,9.0,0.0,0,0,0,none,decay,340.32,579.68
2026-01-28 14:19:10.886705,0.25,0.25,99.5,177.0,354.0,0.3,1448.07,2467.76,0.0,9,18,0,0.0,0,0.0,0.0,9.0,0.0,0,0,0,none,decay,340.22,579.78
2026-01-28 14:19:11.910448,0.25,0.25,99.5,135.0,271.0,0.3,1448.02,2467.81,0.0,9,18,0,0.0,0,0.0,0.0,9.0,0.0,0,0,0,none,decay,340.2,579.8
2026-01-28 14:19:12.934034,0.25,0.25,99.5,139.0,341.0,0.3,1448.02,2467.81,0.0,9,18,0,0.0,0,0.0,0.0,9.0,0.0,0,0,0,none,decay,340.2,579.8
2026-01-28 14:19:13.957581,0.0,0.0,100.0,100.0,254.0,0.3,1448.02,2467.81,0.0,9,18,0,0.0,0,0.0,0.0,9.0,0.0,0,0,0,none,decay,340.2,579.8
2026-01-28 14:19:14.980640,0.26,0.26,99.48,278.0,438.0,0.3,1449.19,2466.63,0.0,9,16,0,0.0,0,98.0,98.0,9.0,0.0,0,0,0,none,decay,340.48,579.52
2026-01-28 14:19:16.095947,0.47,0.23,99.3,259.0,390.0,0.28,1448.04,2467.79,0.0,9,18,0,0.0,0,0.0,0.0,9.0,0.0,0,0,0,none,decay,340.21,579.79
2026-01-28 14:19:17.481957,0.0,0.0,100.0,190.0,317.0,0.28,1447.97,2467.86,0.0,9,18,0,0.0,0,0.0,0.0,9.0,0.0,0,0,0,none,decay,340.19,579.81
2026-01-28 14:19:18.515423,0.25,0.25,99.51,134.0,244.0,0.28,1447.97,2467.86,0.0,9,18,0,0.0,0,0.0,0.0,9.0,0.0,0,0,0,none,decay,340.19,579.81
2026-01-28 14:19:19.764737,0.0,0.0,100.0,156.0,208.0,0.28,1447.97,2467.86,0.0,9,18,0,0.0,0,0.0,0.0,9.0,0.0,0,0,0,none,decay,340.19,579.81
2026-01-28 14:19:20.792524,0.25,0.25,99.49,247.0,343.0,0.25,1447.6,2468.23,0.0,9,18,0,0.0,0,0.0,0.0,9.0,0.0,0,0,0,none,decay,340.1,579.9
2026-01-28 14:19:22.683081,0.95,0.14,98.92,506.0,708.0,0.25,1446.36,2469.47,0.0,9,18,0,0.0,0,0.0,0.0,9.0,0.0,0,0,0,none,decay,339.81,580.19
2026-01-28 14:19:24.510249,0.28,0.28,99.44,213.0,402.0,0.25,1446.36,2469.47,0.0,9,18,0,0.0,0,0.0,0.0,9.0,0.0,0,0,0,none,decay,339.81,580.19
2026-01-28 14:19:25.537642,0.0,0.0,100.0,101.0,218.0,0.25,1446.36,2469.47,0.0,9,18,0,0.0,0,0.0,0.0,9.0,0.0,0,0,0,none,decay,339.81,580.19
2026-01-28 14:19:26.563863,2.6,1.56,95.84,534.0,950.0,0.31,1451.09,2464.74,0.0,9,18,0,0.0,0,98.0,98.0,9.0,0.0,0,0,0,none,decay,340.92,579.08
2026-01-28 14:19:28.001003,0.18,0.0,99.82,103.0,254.0,0.31,1451.16,2464.67,0.0,8,16,0,0.0,0,0.0,0.0,8.0,0.0,0,0,0,none,decay,340.94,579.06
2026-01-28 14:19:29.354907,0.77,0.39,98.84,256.0,500.0,0.31,1447.16,2468.67,0.0,9,18,0,0.0,0,0.0,0.0,9.0,0.0,0,0,0,none,decay,340.0,580.0
2026-01-28 14:19:31.112928,0.87,0.43,98.7,253.0,578.0,0.29,1446.79,2469.04,0.0,9,16,0,0.0,0,0.0,0.0,9.0,0.0,0,0,0,none,decay,339.91,580.09
2026-01-28 14:19:32.187819,0.48,0.24,99.27,311.0,444.0,0.29,1450.43,2465.39,0.0,9,18,0,0.0,0,0.0,0.0,9.0,0.0,0,0,0,none,decay,340.77,579.23
2026-01-28 14:19:33.249440,0.0,0.0,100.0,93.0,294.0,0.29,1450.43,2465.39,0.0,9,18,0,0.0,0,0.0,0.0,9.0,0.0,0,0,0,none,decay,340.77,579.23
2026-01-28 14:19:34.680523,0.18,0.36,99.46,211.0,489.0,0.29,1450.43,2465.39,0.0,9,18,0,0.0,0,0.0,0.0,9.0,0.0,0,0,0,none,decay,340.77,579.23
2026-01-28 14:19:35.733111,0.25,0.0,99.75,177.0,374.0,0.27,1450.43,2465.39,0.0,8,16,0,0.0,0,0.0,0.0,8.0,0.0,0,0,0,none,decay,340.77,579.23
2026-01-28 14:19:37.056422,2.4,1.0,96.59,527.0,1117.0,0.27,1449.38,2466.45,0.0,9,18,0,0.0,0,98.0,98.0,9.0,0.0,0,0,0,none,decay,340.52,579.48
2026-01-28 14:19:38.151802,0.0,0.23,99.77,160.0,294.0,0.27,1449.38,2466.45,0.0,9,18,0,0.0,0,0.0,0.0,9.0,0.0,0,0,0,none,decay,340.52,579.48
2026-01-28 14:19:39.317930,0.22,0.0,99.78,116.0,223.0,0.27,1449.38,2466.45,0.0,9,18,0,0.0,0,0.0,0.0,9.0,0.0,0,0,0,none,decay,340.52,579.48
2026-01-28 14:19:41.611251,0.0,0.23,99.77,286.0,412.0,0.24,1449.09,2466.73,0.0,9,18,0,0.0,0,84.0,84.0,9.0,0.0,0,0,0,none,decay,340.46,579.54
2026-01-28 14:29:33.039003,3.74,0.75,95.51,281.0,858.0,0.19,1520.32,2395.51,0.0,13,26,0,0.0,0,928.0,928.0,13.0,0.0,1,0,1,none,decay,357.19,562.81
2026-01-28 14:29:34.073472,0.78,0.0,99.22,322.0,505.0,0.19,1520.17,2395.65,0.0,13,26,0,0.0,0,928.0,928.0,13.0,0.0,1,0,1,none,decay,357.16,562.84
2026-01-28 14:29:35.101113,5.97,1.3,92.73,537.0,1213.0,0.19,1517.7,2398.13,0.0,13,26,0,0.0,0,928.0,928.0,13.0,0.0,1,0,1,none,decay,356.57,563.43
2026-01-28 14:29:36.129467,3.57,0.77,95.66,339.0,683.0,0.18,1516.43,2399.39,0.0,13,26,0,0.0,0,928.0,928.0,13.0,0.0,1,0,1,none,decay,356.28,563.72
2026-01-28 14:29:37.206234,1.67,0.72,97.61,300.0,587.0,0.18,1517.27,2398.55,0.0,13,24,0,0.0,0,0.0,0.0,13.0,0.0,1,0,1,none,decay,356.47,563.53
2026-01-28 14:29:38.246280,4.6,1.02,94.37,498.0,944.0,0.18,1511.51,2404.31,0.0,13,26,0,0.0,0,1026.0,1026.0,13.0,0.0,1,0,1,none,decay,355.12,564.88
2026-01-28 14:29:39.278709,0.26,0.26,99.48,250.0,434.0,0.18,1507.92,2407.9,0.0,13,26,0,0.0,0,928.0,928.0,13.0,0.0,1,0,1,none,decay,354.28,565.72
2026-01-28 14:29:40.309967,1.6,0.8,97.61,492.0,571.0,0.18,1516.11,2399.72,0.0,13,26,0,0.0,0,928.0,928.0,13.0,0.0,1,0,1,none,decay,356.2,563.8
2026-01-28 14:29:41.346496,1.79,0.26,97.95,398.0,775.0,0.16,1513.29,2402.53,0.0,13,26,0,0.0,0,928.0,928.0,13.0,0.0,1,0,1,none,decay,355.54,564.46
2026-01-28 14:29:42.377393,2.31,0.51,97.17,281.0,739.0,0.16,1510.81,2405.02,0.0,13,26,0,0.0,0,928.0,928.0,13.0,0.0,1,0,1,none,decay,354.96,565.04
2026-01-28 14:29:43.397379,0.5,0.0,99.5,149.0,443.0,0.16,1510.81,2405.02,0.0,13,26,0,0.0,0,42.0,42.0,13.0,0.0,1,0,1,none,decay,354.96,565.04
2026-01-28 14:29:44.426711,1.04,0.26,98.7,297.0,509.0,0.16,1510.77,2405.05,0.0,13,26,0,0.0,0,928.0,928.0,13.0,0.0,1,0,1,none,decay,354.95,565.05
2026-01-28 14:29:45.461789,3.39,1.04,95.56,442.0,1021.0,0.16,1512.6,2403.22,0.0,13,26,0,0.0,0,928.0,928.0,13.0,0.0,1,0,1,none,decay,355.38,564.62
2026-01-28 14:29:46.488376,0.78,0.52,98.71,281.0,478.0,0.15,1516.85,2398.98,0.0,13,26,0,0.0,0,928.0,928.0,13.0,0.0,1,0,1,none,decay,356.37,563.63
2026-01-28 14:29:47.515599,0.0,0.0,100.0,93.0,200.0,0.15,1516.85,2398.98,0.0,13,26,0,0.0,0,0.0,0.0,13.0,0.0,1,0,1,none,decay,356.37,563.63
2026-01-28 14:29:48.542043,2.37,0.26,97.36,387.0,632.0,0.15,1514.62,2401.21,0.0,13,26,0,0.0,0,1026.0,1026.0,13.0,0.0,1,0,1,none,decay,355.85,564.15
2026-01-28 14:29:49.571632,2.05,0.26,97.69,299.0,537.0,0.15,1518.97,2396.85,0.0,13,26,0,0.0,0,928.0,928.0,13.0,0.0,1,0,1,none,decay,356.87,563.13
2026-01-28 14:29:50.603356,3.62,0.78,95.61,387.0,833.0,0.15,1509.93,2405.9,0.0,13,26,0,0.0,0,928.0,928.0,13.0,0.0,1,0,1,none,decay,354.75,565.25
2026-01-28 14:29:51.638675,2.06,0.51,97.43,393.0,723.0,0.14,1516.46,2399.37,0.0,13,26,0,0.0,0,928.0,928.0,13.0,0.0,1,0,1,none,decay,356.28,563.72
2026-01-28 14:29:52.667085,0.25,0.0,99.75,190.0,355.0,0.14,1516.46,2399.37,0.0,13,26,0,0.0,0,0.0,0.0,13.0,0.0,1,0,1,none,decay,356.28,563.72
2026-01-28 14:29:53.699348,1.28,0.26,98.46,271.0,561.0,0.14,1516.62,2399.21,0.0,13,26,0,0.0,0,928.0,928.0,13.0,0.0,1,0,1,none,decay,356.32,563.68
2026-01-28 14:29:54.732419,2.8,0.51,96.69,394.0,592.0,0.14,1509.17,2406.66,0.0,13,26,0,0.0,0,928.0,928.0,13.0,0.0,1,0,1,none,decay,354.57,565.43
2026-01-28 14:29:55.769091,2.09,0.52,97.38,403.0,588.0,0.13,1502.75,2413.07,0.0,13,26,0,0.0,0,928.0,928.0,13.0,0.0,1,0,1,none,decay,353.06,566.94
2026-01-28 14:29:56.797317,0.25,0.0,99.75,238.0,378.0,0.13,1506.75,2409.07,0.0,13,26,0,0.0,0,0.0,0.0,13.0,0.0,1,0,1,none,decay,354.0,566.0
2026-01-28 14:29:58.214307,1.53,0.38,98.08,432.0,551.0,0.13,1504.15,2411.67,0.0,12,24,0,0.0,0,1954.0,1954.0,12.0,0.0,1,0,1,none,decay,353.39,566.61
2026-01-28 14:29:59.234730,1.26,0.25,98.49,183.0,443.0,0.13,1504.15,2411.67,0.0,13,26,0,0.0,0,0.0,0.0,13.0,0.0,1,0,1,none,decay,353.39,566.61
2026-01-28 14:30:00.294367,1.97,0.25,97.78,301.0,489.0,0.13,1508.4,2407.43,0.0,13,26,0,0.0,0,928.0,928.0,13.0,0.0,1,0,1,none,decay,354.39,565.61
2026-01-28 14:30:01.383996,2.48,0.99,96.53,499.0,791.0,0.12,1501.62,2414.2,0.0,13,26,0,0.0,0,928.0,928.0,13.0,0.0,1,0,1,none,decay,352.8,567.2
2026-01-28 14:30:02.442138,3.45,0.74,95.81,373.0,742.0,0.12,1505.86,2409.96,0.0,13,26,0,0.0,0,928.0,928.0,13.0,0.0,1,0,1,none,decay,353.79,566.21
2026-01-28 14:30:03.474280,3.09,0.77,96.13,527.0,1086.0,0.12,1506.29,2409.54,0.0,13,26,0,0.0,0,928.0,928.0,13.0,0.0,1,0,1,none,decay,353.89,566.11
2026-01-28 14:30:04.570745,1.22,0.73,98.05,297.0,694.0,0.12,1510.63,2405.2,0.0,13,26,0,0.0,0,970.0,970.0,13.0,0.0,1,0,1,none,decay,354.91,565.09
2026-01-28 14:30:05.600843,1.6,0.8,97.61,362.0,792.0,0.12,1506.97,2408.86,0.0,13,26,0,0.0,0,928.0,928.0,13.0,0.0,1,0,1,none,decay,354.05,565.95
2026-01-28 14:30:06.669615,5.72,1.0,93.28,525.0,1223.0,0.11,1503.18,2412.65,0.0,13,26,0,0.0,0,928.0,928.0,13.0,0.0,1,0,1,none,decay,353.16,566.84
2026-01-28 14:30:07.717784,1.5,0.5,98.0,205.0,535.0,0.11,1503.32,2412.5,0.0,13,26,0,0.0,0,354.0,354.0,13.0,0.0,2,0,1,none,decay,353.2,566.8
2026-01-28 14:30:08.962677,2.39,0.65,96.96,405.0,1014.0,0.11,1517.22,2398.6,0.0,13,26,0,0.0,0,1600.0,1600.0,13.0,0.0,1,0,1,none,decay,356.46,563.54
2026-01-28 14:30:09.983992,0.0,0.0,100.0,154.0,446.0,0.11,1517.32,2398.5,0.0,13,24,0,0.0,0,0.0,0.0,13.0,0.0,1,0,1,none,decay,356.49,563.51
2026-01-28 14:30:11.157082,3.43,0.92,95.65,495.0,1088.0,0.18,1518.06,2397.76,0.0,13,26,0,0.0,0,928.0,928.0,13.0,0.0,1,0,1,none,decay,356.66,563.34
2026-01-28 14:30:12.267660,3.05,0.7,96.24,358.0,891.0,0.18,1518.05,2397.77,0.0,13,26,0,0.0,0,928.0,928.0,13.0,0.0,1,0,1,none,decay,356.66,563.34
2026-01-28 14:30:13.379488,1.42,0.24,98.34,318.0,545.0,0.18,1510.79,2405.03,0.0,13,26,0,0.0,0,928.0,928.0,13.0,0.0,1,0,1,none,decay,354.95,565.05
2026-01-28 14:30:14.647129,1.45,0.41,98.13,383.0,573.0,0.18,1514.15,2401.68,0.0,13,26,0,0.0,0,970.0,970.0,13.0,0.0,1,0,1,none,decay,355.74,564.26
2026-01-28 14:30:16.794217,0.12,0.12,99.76,332.0,286.0,0.24,1514.15,2401.68,0.0,13,26,0,0.0,0,0.0,0.0,13.0,0.0,1,0,1,none,decay,355.74,564.26
2026-01-28 14:30:17.827743,6.03,1.01,92.96,431.0,944.0,0.24,1514.08,2401.74,0.0,13,26,0,0.0,0,928.0,928.0,13.0,0.0,1,0,1,none,decay,355.72,564.28
2026-01-28 14:30:18.857677,1.62,0.54,97.84,1836.0,2291.0,0.24,1520.51,2395.31,0.0,13,24,0,0.0,0,1026.0,1026.0,13.0,0.0,1,0,1,none,decay,357.24,562.76
2026-01-28 14:30:19.892757,0.75,0.25,99.0,120.0,231.0,0.24,1522.23,2393.59,0.0,13,26,0,0.0,0,0.0,0.0,13.0,0.0,1,0,1,none,decay,357.64,562.36
2026-01-28 14:30:20.925231,2.29,0.25,97.46,259.0,604.0,0.22,1523.43,2392.4,0.0,13,26,0,0.0,0,928.0,928.0,13.0,0.0,1,0,1,none,decay,357.92,562.08
2026-01-28 14:30:21.955741,3.07,0.26,96.68,319.0,758.0,0.22,1517.16,2398.66,0.0,13,26,0,0.0,0,928.0,928.0,13.0,0.0,1,0,1,none,decay,356.45,563.55
2026-01-28 14:30:22.984821,1.53,0.77,97.7,272.0,527.0,0.22,1513.56,2402.26,0.0,13,26,0,0.0,0,0.0,0.0,13.0,0.0,1,0,1,none,decay,355.6,564.4
2026-01-28 14:30:24.045519,0.25,0.0,99.75,198.0,378.0,0.22,1517.46,2398.36,0.0,13,26,0,0.0,0,928.0,928.0,13.0,0.0,1,0,1,none,decay,356.52,563.48
2026-01-28 14:30:25.074824,3.05,1.02,95.93,361.0,686.0,0.22,1519.68,2396.15,0.0,13,26,0,0.0,0,928.0,928.0,13.0,0.0,1,0,1,none,decay,357.04,562.96
2026-01-28 14:30:26.110917,1.25,0.25,98.5,183.0,405.0,0.21,1523.23,2392.59,0.0,13,26,0,0.0,0,0.0,0.0,13.0,0.0,1,0,1,none,decay,357.87,562.13
2026-01-28 14:30:27.160855,0.74,0.25,99.01,173.0,368.0,0.21,1518.31,2397.52,0.0,13,26,0,0.0,0,928.0,928.0,13.0,0.0,1,0,1,none,decay,356.72,563.28
2026-01-28 14:30:28.204359,1.57,0.79,97.64,492.0,852.0,0.21,1515.45,2400.38,0.0,13,26,0,0.0,0,928.0,928.0,13.0,0.0,1,0,1,none,decay,356.05,563.95
2026-01-28 14:30:29.235094,3.12,0.52,96.36,369.0,794.0,0.21,1518.15,2397.68,0.0,13,26,0,0.0,0,928.0,1026.0,13.0,0.0,1,0,1,none,decay,356.68,563.32
2026-01-28 14:30:30.260914,4.33,0.51,95.17,315.0,1020.0,0.21,1513.84,2401.98,0.0,13,26,0,0.0,0,1026.0,928.0,13.0,0.0,1,0,1,none,decay,355.67,564.33
2026-01-28 14:30:31.288769,2.04,0.51,97.46,234.0,535.0,0.19,1517.45,2398.38,0.0,13,26,0,0.0,0,928.0,928.0,13.0,0.0,1,0,1,none,decay,356.52,563.48
2026-01-28 14:30:32.309932,1.52,0.25,98.23,203.0,472.0,0.19,1517.55,2398.27,0.0,13,26,0,0.0,0,0.0,0.0,13.0,0.0,1,0,1,none,decay,356.54,563.46
2026-01-28 14:30:33.339894,1.07,0.27,98.66,339.0,738.0,0.19,1517.7,2398.12,0.0,13,26,0,0.0,0,928.0,928.0,13.0,0.0,1,0,1,none,decay,356.58,563.42
2026-01-28 14:30:34.369874,2.8,0.76,96.44,313.0,713.0,0.19,1517.7,2398.12,0.0,13,26,0,0.0,0,928.0,928.0,13.0,0.0,1,0,1,none,decay,356.58,563.42
2026-01-28 14:30:35.408592,1.03,0.26,98.71,291.0,772.0,0.19,1511.46,2404.36,0.0,13,26,0,0.0,0,928.0,928.0,13.0,0.0,1,0,1,none,decay,355.11,564.89
2026-01-28 14:30:36.443544,9.73,4.32,85.95,3512.0,2211.0,0.17,1508.85,2406.98,0.0,13,26,0,0.0,0,928.0,928.0,13.0,0.0,1,0,1,none,decay,354.49,565.51
2026-01-28 14:30:37.469856,4.97,1.57,93.46,497.0,1066.0,0.17,1497.33,2418.49,0.0,13,26,0,0.0,0,928.0,928.0,13.0,0.0,1,0,1,none,decay,351.79,568.21
2026-01-28 14:30:38.500998,3.17,1.32,95.51,603.0,1058.0,0.17,1494.57,2421.25,0.0,13,26,0,0.0,0,928.0,928.0,13.0,0.0,1,0,1,none,decay,351.14,568.86
2026-01-28 14:30:39.523416,2.79,0.51,96.7,326.0,831.0,0.17,1498.86,2416.96,0.0,13,26,0,0.0,0,98.0,98.0,13.0,0.0,1,0,1,none,decay,352.15,567.85
2026-01-28 14:30:40.553954,2.53,1.01,96.46,257.0,563.0,0.17,1492.6,2423.22,0.0,13,26,0,0.0,0,928.0,928.0,13.0,0.0,1,0,1,none,decay,350.68,569.32
2026-01-28 14:30:41.582445,1.06,0.53,98.41,684.0,883.0,0.24,1493.42,2422.4,0.0,13,26,0,0.0,0,928.0,928.0,13.0,0.0,1,0,1,none,decay,350.87,569.13
2026-01-28 14:30:42.612603,3.77,0.5,95.73,365.0,795.0,0.24,1487.48,2428.34,0.0,13,26,0,0.0,0,928.0,928.0,13.0,0.0,1,0,1,none,decay,349.48,570.52
2026-01-28 14:30:43.641292,2.55,0.77,96.68,408.0,903.0,0.24,1486.91,2428.92,0.0,13,26,0,0.0,0,0.0,0.0,13.0,0.0,1,0,1,none,decay,349.34,570.66
2026-01-28 14:30:44.672634,2.55,0.51,96.94,331.0,670.0,0.24,1485.6,2430.22,0.0,13,26,0,0.0,0,1012.0,1012.0,13.0,0.0,1,0,1,none,decay,349.03,570.97
2026-01-28 14:30:45.707642,0.0,0.0,100.0,98.0,281.0,0.24,1485.6,2430.22,0.0,13,26,0,0.0,0,0.0,0.0,13.0,0.0,1,0,1,none,decay,349.03,570.97
2026-01-28 14:30:46.742335,3.8,0.76,95.44,404.0,825.0,0.22,1489.6,2426.22,0.0,13,26,0,0.0,0,928.0,928.0,13.0,0.0,1,0,1,none,decay,349.97,570.03
2026-01-28 14:30:47.771313,2.56,0.77,96.68,322.0,747.0,0.22,1490.48,2425.34,0.0,13,26,0,0.0,0,928.0,928.0,13.0,0.0,1,0,1,none,decay,350.18,569.82
2026-01-28 14:30:48.797270,0.0,0.25,99.75,129.0,192.0,0.22,1490.59,2425.24,0.0,13,26,0,0.0,0,0.0,0.0,13.0,0.0,1,0,1,none,decay,350.2,569.8
2026-01-28 14:30:49.827895,5.84,1.33,92.84,564.0,1129.0,0.22,1472.8,2443.03,0.0,13,26,0,0.0,0,1026.0,1026.0,13.0,0.0,1,0,1,none,decay,346.03,573.97
2026-01-28 14:30:50.858914,2.08,0.52,97.4,394.0,685.0,0.2,1476.89,2438.93,0.0,13,26,0,0.0,0,928.0,928.0,13.0,0.0,1,0,1,none,decay,346.99,573.01
2026-01-28 14:30:51.893629,2.54,0.51,96.95,347.0,793.0,0.2,1481.03,2434.8,0.0,13,26,0,0.0,0,928.0,928.0,13.0,0.0,1,0,1,none,decay,347.96,572.04
2026-01-28 14:30:52.921091,2.83,0.51,96.66,316.0,719.0,0.2,1488.47,2427.35,0.0,13,26,0,0.0,0,928.0,928.0,13.0,0.0,1,0,1,none,decay,349.71,570.29
2026-01-28 14:30:53.963024,0.26,0.26,99.48,274.0,358.0,0.2,1495.99,2419.83,0.0,13,26,0,0.0,0,928.0,928.0,13.0,0.0,1,0,1,none,decay,351.47,568.53
2026-01-28 14:30:54.984749,1.28,0.51,98.21,375.0,633.0,0.2,1493.32,2422.51,0.0,13,26,0,0.0,0,0.0,0.0,13.0,0.0,1,0,1,none,decay,350.85,569.15
2026-01-28 14:30:56.017544,1.29,0.26,98.45,342.0,465.0,0.19,1492.16,2423.66,0.0,13,26,0,0.0,0,928.0,928.0,13.0,0.0,1,0,1,none,decay,350.57,569.43
2026-01-28 14:30:57.060276,3.02,0.75,96.23,333.0,727.0,0.19,1489.26,2426.57,0.0,13,26,0,0.0,0,928.0,928.0,13.0,0.0,1,0,1,none,decay,349.89,570.11
2026-01-28 14:30:58.093931,3.54,0.25,96.21,320.0,743.0,0.19,1476.02,2439.81,0.0,13,26,0,0.0,0,928.0,928.0,13.0,0.0,1,0,1,none,decay,346.78,573.22
2026-01-28 14:30:59.132870,0.25,0.25,99.5,161.0,365.0,0.19,1476.09,2439.73,0.0,13,26,0,0.0,0,0.0,0.0,13.0,0.0,1,0,1,none,decay,346.8,573.2
2026-01-28 14:31:00.166615,6.4,1.6,92.0,753.0,1449.0,0.19,1478.46,2437.37,0.0,13,26,0,0.0,0,1026.0,1026.0,13.0,0.0,1,0,1,none,decay,347.36,572.64
2026-01-28 14:31:01.200623,0.25,0.0,99.75,120.0,259.0,0.17,1478.46,2437.37,0.0,13,26,0,0.0,0,0.0,0.0,13.0,0.0,1,0,1,none,decay,347.36,572.64
2026-01-28 14:31:02.224627,3.19,1.6,95.21,1254.0,1356.0,0.17,1481.04,2434.79,0.0,13,26,0,0.0,0,928.0,928.0,13.0,0.0,1,0,1,none,decay,347.96,572.04
2026-01-28 14:31:03.397242,4.08,2.3,93.62,2366.0,1350.0,0.17,1477.29,2438.54,0.0,13,26,0,0.0,0,928.0,928.0,13.0,0.0,1,0,1,none,decay,347.08,572.92
2026-01-28 14:31:04.813809,2.66,0.95,96.39,971.0,890.0,0.17,1477.5,2438.33,0.0,13,26,0,0.0,0,928.0,928.0,13.0,0.0,1,0,1,none,decay,347.13,572.87
2026-01-28 14:31:05.890746,3.05,1.27,95.69,783.0,1252.0,0.16,1497.54,2418.29,0.0,13,26,0,0.0,0,928.0,928.0,13.0,0.0,1,0,1,none,decay,351.84,568.16
2026-01-28 14:31:06.925358,6.53,1.83,91.64,966.0,1416.0,0.16,1497.46,2418.36,0.0,13,26,0,0.0,0,928.0,928.0,13.0,0.0,1,0,1,none,decay,351.82,568.18
2026-01-28 14:31:07.952646,2.55,0.51,96.94,412.0,776.0,0.16,1497.46,2418.36,0.0,13,26,0,0.0,0,928.0,928.0,13.0,0.0,1,0,1,none,decay,351.82,568.18
2026-01-28 14:31:08.970181,1.03,0.77,98.2,603.0,761.0,0.16,1497.46,2418.36,0.0,13,26,0,0.0,0,0.0,0.0,13.0,0.0,1,0,1,none,decay,351.82,568.18
2026-01-28 14:31:09.996379,5.68,1.81,92.51,897.0,1219.0,0.16,1492.22,2423.6,0.0,13,26,0,0.0,0,1026.0,1026.0,13.0,0.0,1,0,1,none,decay,350.59,569.41
2026-01-28 14:31:11.043983,3.4,1.57,95.03,1047.0,1311.0,0.14,1481.48,2434.34,0.0,13,26,0,0.0,0,928.0,928.0,13.0,0.0,1,0,1,none,decay,348.07,571.93
2026-01-28 14:31:12.099767,3.59,1.54,94.87,964.0,1135.0,0.14,1485.49,2430.34,0.0,13,26,0,0.0,0,928.0,928.0,13.0,0.0,1,0,1,none,decay,349.01,570.99
2026-01-28 14:31:13.189239,4.19,1.48,94.33,1208.0,1253.0,0.14,1477.24,2438.59,0.0,13,26,0,0.0,0,928.0,928.0,13.0,0.0,1,0,1,none,decay,347.07,572.93
2026-01-28 14:31:14.225855,30.88,20.96,48.16,10257.0,5011.0,0.14,1520.34,2395.48,0.0,13,26,0,0.0,0,928.0,928.0,13.0,0.0,1,0,1,none,decay,357.2,562.8
2026-01-28 14:31:15.248865,13.06,11.15,75.8,6317.0,4197.0,0.14,1517.13,2398.69,0.0,12,24,0,0.0,0,928.0,928.0,12.0,0.0,1,0,1,none,decay,356.44,563.56
2026-01-28 14:31:16.364184,1.73,0.49,97.78,554.0,794.0,0.13,1521.51,2394.32,0.0,13,26,0,0.0,0,928.0,928.0,13.0,0.0,1,0,1,none,decay,357.47,562.53
2026-01-28 14:31:17.394185,0.25,0.0,99.75,130.0,213.0,0.13,1521.57,2394.25,0.0,12,24,0,0.0,0,0.0,0.0,12.0,0.0,1,0,1,none,decay,357.48,562.52
2026-01-28 14:31:18.905997,2.65,0.53,96.81,529.0,960.0,0.13,1527.05,2388.78,0.0,13,26,0,0.0,0,1856.0,1856.0,13.0,0.0,1,0,1,none,decay,358.77,561.23
2026-01-28 14:31:19.947356,0.5,0.25,99.25,235.0,365.0,0.13,1525.61,2390.22,0.0,13,26,0,0.0,0,0.0,0.0,13.0,0.0,1,0,1,none,decay,358.43,561.57
2026-01-28 14:31:20.976135,4.38,2.19,93.42,681.0,1059.0,0.12,1523.27,2392.55,0.0,13,26,0,0.0,0,1026.0,1026.0,13.0,0.0,1,0,1,none,decay,357.88,562.12
2026-01-28 14:31:22.005260,1.79,0.51,97.69,361.0,629.0,0.12,1529.05,2386.77,0.0,13,26,0,0.0,0,928.0,928.0,13.0,0.0,1,0,1,none,decay,359.24,560.76
2026-01-28 14:31:23.034628,0.25,0.25,99.5,259.0,340.0,0.12,1529.43,2386.39,0.0,13,26,0,0.0,0,0.0,0.0,13.0,0.0,1,0,1,none,decay,359.33,560.67
2026-01-28 14:31:24.057608,1.82,1.04,97.14,591.0,836.0,0.12,1519.01,2396.82,0.0,13,26,0,0.0,0,928.0,928.0,13.0,0.0,1,0,1,none,decay,356.88,563.12
2026-01-28 14:31:25.081532,1.04,0.26,98.7,374.0,562.0,0.12,1516.7,2399.13,0.0,13,26,0,0.0,0,928.0,928.0,13.0,0.0,1,0,1,none,decay,356.34,563.66
2026-01-28 14:31:26.125945,4.39,1.03,94.57,558.0,903.0,0.19,1518.68,2397.14,0.0,13,26,0,0.0,0,970.0,970.0,13.0,0.0,1,0,1,none,decay,356.81,563.19
2026-01-28 14:31:27.152722,0.26,0.26,99.48,369.0,675.0,0.19,1520.95,2394.88,0.0,12,24,0,0.0,0,928.0,928.0,12.0,0.0,1,0,1,none,decay,357.34,562.66
2026-01-28 14:31:28.172542,0.25,0.25,99.49,175.0,377.0,0.19,1521.32,2394.51,0.0,13,26,0,0.0,0,0.0,0.0,13.0,0.0,1,0,1,none,decay,357.42,562.58
2026-01-28 14:31:29.205017,3.05,0.76,96.19,338.0,677.0,0.19,1517.01,2398.82,0.0,13,26,0,0.0,0,928.0,928.0,13.0,0.0,1,0,1,none,decay,356.41,563.59
2026-01-28 14:31:30.256095,0.78,0.78,98.45,360.0,732.0,0.19,1518.77,2397.06,0.0,13,26,0,0.0,0,928.0,1026.0,13.0,0.0,1,0,1,none,decay,356.83,563.17
2026-01-28 14:31:31.283662,5.97,1.82,92.21,534.0,1295.0,0.34,1519.03,2396.8,0.0,13,26,0,0.0,0,1026.0,928.0,13.0,0.0,1,0,1,none,decay,356.89,563.11
2026-01-28 14:31:32.311366,2.31,0.77,96.92,334.0,659.0,0.34,1523.77,2392.06,0.0,13,26,0,0.0,0,928.0,928.0,13.0,0.0,1,0,1,none,decay,358.0,562.0
2026-01-28 14:31:33.332696,3.05,0.51,96.45,365.0,739.0,0.34,1523.9,2391.93,0.0,13,24,0,0.0,0,928.0,928.0,13.0,0.0,1,0,1,none,decay,358.03,561.97
2026-01-28 14:31:34.355732,1.52,0.51,97.97,369.0,646.0,0.34,1517.9,2397.93,0.0,13,26,0,0.0,0,0.0,0.0,13.0,0.0,1,0,1,none,decay,356.62,563.38
2026-01-28 14:31:35.391706,0.77,0.26,98.97,221.0,523.0,0.34,1520.68,2395.15,0.0,13,26,0,0.0,0,928.0,928.0,13.0,0.0,1,0,1,none,decay,357.27,562.73
2026-01-28 14:31:36.424062,6.89,1.28,91.84,502.0,1235.0,0.31,1518.83,2396.99,0.0,13,26,0,0.0,0,970.0,970.0,13.0,0.0,1,0,1,none,decay,356.84,563.16
2026-01-28 14:31:37.454177,4.44,1.57,93.99,384.0,1070.0,0.31,1510.3,2405.53,0.0,13,26,0,0.0,0,928.0,928.0,13.0,0.0,1,0,1,none,decay,354.84,565.16
2026-01-28 14:31:38.489020,0.25,0.0,99.75,115.0,248.0,0.31,1510.3,2405.53,0.0,13,26,0,0.0,0,0.0,0.0,13.0,0.0,1,0,1,none,decay,354.84,565.16
2026-01-28 14:31:39.521736,0.52,0.26,99.23,235.0,300.0,0.31,1505.9,2409.92,0.0,13,26,0,0.0,0,928.0,928.0,13.0,0.0,1,0,1,none,decay,353.8,566.2
2026-01-28 14:31:40.551185,4.96,1.57,93.47,819.0,1372.0,0.31,1503.44,2412.39,0.0,13,26,0,0.0,0,1026.0,1026.0,13.0,0.0,1,0,1,none,decay,353.22,566.78
2026-01-28 14:31:41.575008,4.19,0.79,95.03,449.0,992.0,0.29,1507.63,2408.2,0.0,13,26,0,0.0,0,928.0,928.0,13.0,0.0,1,0,1,none,decay,354.21,565.79
2026-01-28 14:31:42.601994,1.76,0.75,97.49,173.0,510.0,0.29,1514.16,2401.66,0.0,13,26,0,0.0,0,0.0,0.0,13.0,0.0,1,0,1,none,decay,355.74,564.26
2026-01-28 14:31:43.627574,1.52,0.25,98.22,259.0,559.0,0.29,1507.85,2407.97,0.0,13,26,0,0.0,0,928.0,928.0,13.0,0.0,1,0,1,none,decay,354.26,565.74
2026-01-28 14:31:44.671769,0.77,0.51,98.71,471.0,649.0,0.29,1506.8,2409.02,0.0,13,26,0,0.0,0,928.0,928.0,13.0,0.0,1,0,1,none,decay,354.01,565.99
2026-01-28 14:31:45.693275,3.34,0.26,96.4,359.0,726.0,0.29,1515.29,2400.53,0.0,13,26,0,0.0,0,928.0,928.0,13.0,0.0,1,0,1,none,decay,356.01,563.99
2026-01-28 14:31:46.724016,2.11,0.79,97.11,302.0,636.0,0.26,1517.47,2398.36,0.0,13,26,0,0.0,0,928.0,928.0,13.0,0.0,1,0,1,none,decay,356.52,563.48
2026-01-28 14:31:47.747553,0.0,0.0,100.0,113.0,278.0,0.26,1517.65,2398.17,0.0,13,26,0,0.0,0,0.0,0.0,13.0,0.0,1,0,1,none,decay,356.56,563.44
2026-01-28 14:31:48.775988,1.04,0.26,98.7,330.0,518.0,0.26,1513.65,2402.17,0.0,13,26,0,0.0,0,928.0,928.0,13.0,0.0,1,0,1,none,decay,355.62,564.38
2026-01-28 14:31:49.806345,2.3,0.51,97.19,305.0,540.0,0.26,1510.04,2405.79,0.0,13,26,0,0.0,0,928.0,928.0,13.0,0.0,1,0,1,none,decay,354.77,565.23
2026-01-28 14:31:51.247871,0.73,0.18,99.09,348.0,485.0,0.24,1514.28,2401.55,0.0,12,24,0,0.0,0,928.0,928.0,12.0,0.0,1,0,1,none,decay,355.77,564.23
2026-01-28 14:31:52.310174,6.8,1.26,91.94,556.0,1306.0,0.24,1511.24,2404.59,0.0,13,26,0,0.0,0,1026.0,1026.0,13.0,0.0,1,0,1,none,decay,355.06,564.94
2026-01-28 14:31:53.358107,0.25,0.0,99.75,154.0,311.0,0.24,1511.25,2404.57,0.0,13,24,0,0.0,0,928.0,928.0,13.0,0.0,1,0,1,none,decay,355.06,564.94
2026-01-28 14:31:54.402984,0.5,0.25,99.25,309.0,554.0,0.24,1511.5,2404.32,0.0,13,24,0,0.0,0,0.0,0.0,13.0,0.0,1,0,1,none,decay,355.12,564.88
2026-01-28 14:31:55.537027,1.39,0.23,98.38,220.0,559.0,0.24,1515.5,2400.32,0.0,13,26,0,0.0,0,928.0,928.0,13.0,0.0,1,0,1,none,decay,356.06,563.94
2026-01-28 14:31:56.890195,2.36,0.59,97.05,452.0,1133.0,0.38,1511.64,2404.18,0.0,13,26,0,0.0,0,970.0,970.0,13.0,0.0,1,0,1,none,decay,355.15,564.85
2026-01-28 14:31:57.949276,3.23,1.0,95.77,466.0,1076.0,0.38,1511.22,2404.6,0.0,13,26,0,0.0,0,928.0,928.0,13.0,0.0,1,0,1,none,decay,355.05,564.95
2026-01-28 14:31:59.652269,1.57,0.47,97.96,548.0,1238.0,0.38,1513.19,2402.63,0.0,13,26,0,0.0,0,1856.0,1856.0,13.0,0.0,1,0,1,none,decay,355.52,564.48
2026-01-28 14:32:00.678789,0.53,0.26,99.21,389.0,542.0,0.38,1518.67,2397.16,0.0,13,26,0,0.0,0,928.0,928.0,13.0,0.0,1,0,1,none,decay,356.8,563.2
2026-01-28 14:32:01.718731,2.3,0.77,96.93,285.0,687.0,0.43,1518.27,2397.56,0.0,13,24,0,0.0,0,1026.0,1026.0,13.0,0.0,1,0,1,none,decay,356.71,563.29
2026-01-28 14:32:02.746253,3.05,0.51,96.44,401.0,953.0,0.43,1506.42,2409.41,0.0,13,26,0,0.0,0,0.0,0.0,13.0,0.0,1,0,1,none,decay,353.92,566.08
2026-01-28 14:32:03.777336,1.28,0.51,98.21,281.0,496.0,0.43,1514.46,2401.37,0.0,13,26,0,0.0,0,928.0,928.0,13.0,0.0,1,0,1,none,decay,355.81,564.19
2026-01-28 14:32:04.805355,0.79,0.26,98.95,279.0,509.0,0.43,1520.62,2395.2,0.0,13,26,0,0.0,0,928.0,928.0,13.0,0.0,1,0,1,none,decay,357.26,562.74
2026-01-28 14:32:05.837699,0.78,0.26,98.96,262.0,368.0,0.4,1528.06,2387.76,0.0,13,26,0,0.0,0,928.0,928.0,13.0,0.0,1,0,1,none,decay,359.01,560.99
2026-01-28 14:32:06.877698,0.0,0.0,100.0,73.0,126.0,0.4,1528.06,2387.76,0.0,13,26,0,0.0,0,0.0,0.0,13.0,0.0,1,0,1,none,decay,359.01,560.99
2026-01-28 14:32:07.908237,4.59,0.81,94.59,471.0,844.0,0.4,1514.2,2401.63,0.0,13,26,0,0.0,0,928.0,928.0,13.0,0.0,1,0,1,none,decay,355.75,564.25
2026-01-28 14:32:08.947025,0.52,0.26,99.23,228.0,554.0,0.4,1519.08,2396.75,0.0,13,26,0,0.0,0,928.0,928.0,13.0,0.0,1,0,1,none,decay,356.9,563.1
2026-01-28 14:32:09.980372,0.5,0.25,99.26,185.0,322.0,0.4,1519.08,2396.75,0.0,13,26,0,0.0,0,0.0,0.0,13.0,0.0,1,0,1,none,decay,356.9,563.1
2026-01-28 14:32:11.014056,1.04,0.26,98.7,332.0,573.0,0.36,1531.75,2384.07,0.0,13,26,0,0.0,0,928.0,928.0,13.0,0.0,1,0,1,none,decay,359.88,560.12
2026-01-28 14:32:12.056721,0.79,0.26,98.95,347.0,822.0,0.36,1527.68,2388.15,0.0,13,26,0,0.0,0,1026.0,1026.0,13.0,0.0,1,0,1,none,decay,358.92,561.08
2026-01-28 14:32:13.081681,5.7,0.78,93.52,455.0,1072.0,0.36,1531.67,2384.16,0.0,13,26,0,0.0,0,928.0,928.0,13.0,0.0,1,0,1,none,decay,359.86,560.14
2026-01-28 14:32:14.109876,3.3,0.76,95.94,364.0,705.0,0.36,1527.02,2388.8,0.0,13,26,0,0.0,0,928.0,928.0,13.0,0.0,1,0,1,none,decay,358.76,561.24
2026-01-28 14:32:15.281520,0.45,0.22,99.33,216.0,317.0,0.36,1526.47,2389.36,0.0,13,26,0,0.0,0,928.0,928.0,13.0,0.0,1,0,1,none,decay,358.63,561.37
2026-01-28 14:32:16.401301,0.23,0.0,99.77,208.0,408.0,0.34,1523.44,2392.38,0.0,13,24,0,0.0,0,0.0,0.0,13.0,0.0,1,0,1,none,decay,357.92,562.08
2026-01-28 14:32:17.702397,2.21,0.6,97.18,412.0,897.0,0.34,1523.44,2392.38,0.0,13,26,0,0.0,0,928.0,928.0,13.0,0.0,1,0,1,none,decay,357.92,562.08
2026-01-28 14:32:18.812717,2.2,0.73,97.07,485.0,1181.0,0.34,1513.81,2402.01,0.0,13,26,0,0.0,0,928.0,928.0,13.0,0.0,1,0,1,none,decay,355.66,564.34
2026-01-28 14:32:20.574443,2.04,0.44,97.52,388.0,856.0,0.34,1513.97,2401.86,0.0,13,24,0,0.0,0,928.0,928.0,13.0,0.0,1,0,1,none,decay,355.7,564.3
2026-01-28 14:32:22.629741,1.56,0.65,97.79,695.0,1287.0,0.31,1519.25,2396.57,0.0,13,26,0,0.0,0,1954.0,1954.0,13.0,0.0,1,0,1,none,decay,356.94,563.06
2026-01-28 14:32:24.351495,0.77,0.31,98.92,382.0,1178.0,0.31,1519.32,2396.5,0.0,13,26,0,0.0,0,928.0,928.0,13.0,0.0,1,0,1,none,decay,356.96,563.04
2026-01-28 14:32:25.374925,0.99,0.5,98.51,214.0,354.0,0.31,1519.32,2396.5,0.0,13,26,0,0.0,0,0.0,0.0,13.0,0.0,1,0,1,none,decay,356.96,563.04
2026-01-28 14:32:26.403374,1.28,0.51,98.21,236.0,518.0,0.28,1523.03,2392.79,0.0,13,26,0,0.0,0,928.0,928.0,13.0,0.0,1,0,1,none,decay,357.83,562.17
2026-01-28 14:32:27.432383,3.32,0.51,96.16,372.0,739.0,0.28,1527.52,2388.3,0.0,13,26,0,0.0,0,928.0,928.0,13.0,0.0,1,0,1,none,decay,358.88,561.12
2026-01-28 14:32:28.459787,1.05,0.79,98.16,252.0,750.0,0.28,1524.95,2390.88,0.0,13,26,0,0.0,0,1012.0,1012.0,13.0,0.0,1,0,1,none,decay,358.28,561.72
2026-01-28 14:32:29.480989,2.52,0.76,96.73,328.0,618.0,0.28,1524.93,2390.89,0.0,13,26,0,0.0,0,0.0,0.0,13.0,0.0,1,0,1,none,decay,358.27,561.73
2026-01-28 14:32:30.509795,1.04,0.52,98.44,392.0,707.0,0.28,1516.86,2398.96,0.0,13,26,0,0.0,0,928.0,928.0,13.0,0.0,1,0,1,none,decay,356.38,563.62
2026-01-28 14:32:31.544050,1.27,0.25,98.47,219.0,438.0,0.26,1521.0,2394.82,0.0,13,26,0,0.0,0,928.0,928.0,13.0,0.0,1,0,1,none,decay,357.35,562.65
2026-01-28 14:32:32.587018,0.25,0.5,99.25,166.0,203.0,0.26,1521.11,2394.72,0.0,13,25,0,0.0,0,824.0,824.0,13.0,0.0,2,0,1,none,decay,357.38,562.62
2026-01-28 14:32:33.695561,0.97,0.24,98.79,340.0,426.0,0.26,1513.64,2402.18,0.0,13,26,0,0.0,0,202.0,202.0,13.0,0.0,1,0,1,none,decay,355.62,564.38
2026-01-28 14:32:35.136323,1.99,0.54,97.47,396.0,807.0,0.26,1523.56,2392.27,0.0,13,26,0,0.0,0,928.0,928.0,13.0,0.0,1,0,1,none,decay,357.95,562.05
2026-01-28 14:32:36.755631,1.76,0.48,97.76,403.0,841.0,0.32,1512.38,2403.45,0.0,13,26,0,0.0,0,928.0,928.0,13.0,0.0,1,0,1,none,decay,355.32,564.68
2026-01-28 14:32:37.871949,4.02,0.71,95.27,378.0,819.0,0.32,1511.11,2404.71,0.0,13,26,0,0.0,0,928.0,928.0,13.0,0.0,1,0,1,none,decay,355.03,564.97
2026-01-28 14:32:38.892616,2.7,1.35,95.95,557.0,962.0,0.32,1506.05,2409.78,0.0,13,26,0,0.0,0,928.0,928.0,13.0,0.0,1,0,1,none,decay,353.84,566.16
2026-01-28 14:32:40.236870,0.38,0.0,99.62,149.0,405.0,0.32,1506.11,2409.72,0.0,12,24,0,0.0,0,0.0,0.0,12.0,0.0,1,0,1,none,decay,353.85,566.15
2026-01-28 14:32:42.229498,1.42,0.26,98.32,439.0,658.0,0.29,1515.37,2400.45,0.0,12,24,0,0.0,0,1035.0,928.0,12.0,0.0,1,0,1,none,decay,356.03,563.97
2026-01-28 14:32:43.321271,2.84,0.24,96.92,254.0,543.0,0.29,1517.09,2398.73,0.0,13,26,0,0.0,0,928.0,928.0,13.0,0.0,1,0,1,none,decay,356.43,563.57
2026-01-28 14:32:44.468392,3.61,0.72,95.66,614.0,1090.0,0.29,1511.09,2404.73,0.0,13,26,0,0.0,0,1026.0,1026.0,13.0,0.0,1,0,1,none,decay,355.02,564.98
2026-01-28 14:32:45.720493,0.43,0.21,99.36,313.0,437.0,0.29,1511.23,2404.6,0.0,13,26,0,0.0,0,928.0,928.0,13.0,0.0,1,0,1,none,decay,355.05,564.95
2026-01-28 14:32:46.966663,0.42,0.42,99.15,354.0,570.0,0.27,1518.37,2397.46,0.0,13,26,0,0.0,0,928.0,928.0,13.0,0.0,1,0,1,none,decay,356.73,563.27
2026-01-28 14:32:48.019747,1.77,0.25,97.98,334.0,622.0,0.27,1525.68,2390.14,0.0,13,26,0,0.0,0,928.0,928.0,13.0,0.0,1,0,1,none,decay,358.45,561.55
2026-01-28 14:32:49.097388,0.99,0.74,98.27,345.0,487.0,0.27,1521.17,2394.65,0.0,13,26,0,0.0,0,928.0,928.0,13.0,0.0,1,0,1,none,decay,357.39,562.61
2026-01-28 14:32:50.195741,3.41,0.73,95.85,424.0,1088.0,0.27,1513.51,2402.31,0.0,13,26,0,0.0,0,928.0,928.0,13.0,0.0,1,0,1,none,decay,355.59,564.41
2026-01-28 14:32:51.235218,1.29,0.26,98.46,248.0,727.0,0.25,1515.23,2400.59,0.0,13,26,0,0.0,0,928.0,928.0,13.0,0.0,1,0,1,none,decay,355.99,564.01
2026-01-28 14:32:52.316915,0.48,0.24,99.28,206.0,311.0,0.25,1515.23,2400.59,0.0,13,26,0,0.0,0,0.0,0.0,13.0,0.0,1,0,1,none,decay,355.99,564.01
2026-01-28 14:32:53.520791,0.44,0.22,99.35,294.0,493.0,0.25,1515.48,2400.34,0.0,13,26,0,0.0,0,928.0,928.0,13.0,0.0,1,0,1,none,decay,356.05,563.95
2026-01-28 14:32:54.548450,1.6,0.8,97.61,319.0,615.0,0.25,1515.61,2400.21,0.0,13,26,0,0.0,0,1026.0,1026.0,13.0,0.0,1,0,1,none,decay,356.08,563.92
2026-01-28 14:32:55.667392,0.23,0.47,99.3,184.0,388.0,0.25,1520.45,2395.37,0.0,13,26,0,0.0,0,0.0,0.0,13.0,0.0,1,0,1,none,decay,357.22,562.78
2026-01-28 14:32:56.919538,1.26,0.21,98.53,286.0,574.0,0.31,1505.32,2410.51,0.0,12,24,0,0.0,0,928.0,928.0,12.0,0.0,1,0,1,none,decay,353.67,566.33
2026-01-28 14:32:58.091978,2.01,0.67,97.32,320.0,624.0,0.31,1507.76,2408.06,0.0,13,24,0,0.0,0,928.0,928.0,13.0,0.0,1,0,1,none,decay,354.24,565.76
2026-01-28 14:32:59.806672,1.11,0.64,98.25,525.0,987.0,0.31,1524.99,2390.84,0.0,13,26,0,0.0,0,1898.0,1898.0,13.0,0.0,1,0,1,none,decay,358.29,561.71
2026-01-28 14:33:01.153265,0.58,0.97,98.44,544.0,871.0,0.36,1525.17,2390.66,0.0,13,26,0,0.0,0,928.0,928.0,13.0,0.0,1,0,1,none,decay,358.33,561.67
2026-01-28 14:33:02.176842,0.5,0.25,99.25,205.0,357.0,0.36,1524.39,2391.43,0.0,13,26,0,0.0,0,0.0,0.0,13.0,0.0,1,0,1,none,decay,358.15,561.85
2026-01-28 14:33:03.245151,0.75,0.0,99.25,211.0,442.0,0.36,1518.91,2396.91,0.0,13,26,0,0.0,0,928.0,928.0,13.0,0.0,1,0,1,none,decay,356.86,563.14
2026-01-28 14:33:04.278065,0.26,0.26,99.48,362.0,835.0,0.36,1526.11,2389.71,0.0,13,26,0,0.0,0,928.0,928.0,13.0,0.0,1,0,1,none,decay,358.55,561.45
2026-01-28 14:33:05.326726,0.24,0.0,99.76,174.0,225.0,0.36,1526.11,2389.71,0.0,13,26,0,0.0,0,0.0,0.0,13.0,0.0,1,0,1,none,decay,358.55,561.45
2026-01-28 14:33:06.352376,5.77,1.57,92.65,478.0,916.0,0.58,1515.53,2400.3,0.0,13,26,0,0.0,0,1026.0,1026.0,13.0,0.0,1,0,1,none,decay,356.06,563.94
2026-01-28 14:33:07.384871,3.52,0.75,95.73,315.0,756.0,0.58,1519.96,2395.86,0.0,13,26,0,0.0,0,928.0,928.0,13.0,0.0,1,0,1,none,decay,357.11,562.89
2026-01-28 14:33:08.412858,1.02,0.26,98.72,232.0,270.0,0.58,1526.95,2388.88,0.0,13,26,0,0.0,0,928.0,928.0,13.0,0.0,1,0,1,none,decay,358.75,561.25
2026-01-28 14:33:09.432810,1.01,0.25,98.74,199.0,275.0,0.58,1522.41,2393.41,0.0,13,26,0,0.0,0,0.0,0.0,13.0,0.0,1,0,1,none,decay,357.68,562.32
2026-01-28 14:33:10.494467,1.77,1.01,97.22,395.0,568.0,0.58,1528.14,2387.69,0.0,13,26,0,0.0,0,928.0,928.0,13.0,0.0,1,0,1,none,decay,359.03,560.97
2026-01-28 14:33:11.949381,2.79,0.74,96.46,604.0,1035.0,0.61,1525.66,2390.16,0.0,13,24,0,0.0,0,1856.0,1856.0,13.0,0.0,1,0,1,none,decay,358.45,561.55
2026-01-28 14:33:12.970706,0.0,0.0,100.0,162.0,496.0,0.61,1525.66,2390.16,0.0,13,26,0,0.0,0,0.0,0.0,13.0,0.0,1,0,1,none,decay,358.45,561.55
2026-01-28 15:01:37.238342,1.74,0.43,97.83,308.0,762.0,0.44,1512.19,2403.64,0.0,12,27,0,0.0,0,100.0,100.0,12.0,0.0,0,0,0,none,decay,355.28,564.72
2026-01-28 15:01:38.289017,2.26,0.5,97.24,285.0,787.0,0.44,1509.55,2406.28,0.0,12,27,0,0.0,0,98.0,98.0,12.0,0.0,0,0,0,none,decay,354.66,565.34
2026-01-28 15:01:39.313572,3.61,0.52,95.88,345.0,723.0,0.44,1503.85,2411.98,0.0,12,27,0,0.0,0,100.0,100.0,12.0,0.0,0,0,0,none,decay,353.32,566.68
2026-01-28 15:01:40.337632,2.34,0.52,97.14,349.0,663.0,0.44,1511.54,2404.29,0.0,12,27,0,0.0,0,100.0,100.0,12.0,0.0,0,0,0,none,decay,355.13,564.87
2026-01-28 15:01:41.558767,2.18,0.44,97.38,343.0,721.0,0.49,1504.84,2410.99,0.0,12,27,0,0.0,0,100.0,100.0,12.0,0.0,0,0,0,none,decay,353.55,566.45
2026-01-28 15:01:42.872864,2.87,0.62,96.51,454.0,946.0,0.49,1514.68,2401.14,0.0,12,27,0,0.0,0,142.0,142.0,12.0,0.0,0,0,0,none,decay,355.87,564.13
2026-01-28 15:01:43.921953,0.49,0.49,99.01,198.0,217.0,0.49,1514.68,2401.14,0.0,12,27,0,0.0,0,0.0,0.0,12.0,0.0,0,0,0,none,decay,355.87,564.13
2026-01-28 15:01:44.940340,0.76,0.25,98.98,183.0,317.0,0.49,1519.56,2396.26,0.0,12,27,0,0.0,0,0.0,0.0,12.0,0.0,0,0,0,none,decay,357.01,562.99
2026-01-28 15:01:46.248458,1.42,0.41,98.17,333.0,630.0,0.45,1519.11,2396.71,0.0,12,27,0,0.0,0,100.0,100.0,12.0,0.0,0,0,0,none,decay,356.91,563.09
2026-01-28 15:01:47.273776,3.16,0.79,96.05,344.0,752.0,0.45,1519.36,2396.47,0.0,11,25,0,0.0,0,100.0,100.0,11.0,0.0,0,0,0,none,decay,356.96,563.04
2026-01-28 15:01:48.329726,3.89,1.04,95.08,434.0,1010.0,0.45,1506.1,2409.72,0.0,12,27,0,0.0,0,198.0,198.0,12.0,0.0,0,0,0,none,decay,353.85,566.15
2026-01-28 15:01:49.368955,1.3,0.0,98.7,262.0,705.0,0.45,1510.23,2405.59,0.0,12,27,0,0.0,0,100.0,100.0,12.0,0.0,0,0,0,none,decay,354.82,565.18
2026-01-28 15:01:50.426919,0.49,0.25,99.26,158.0,261.0,0.45,1510.23,2405.59,0.0,12,27,0,0.0,0,0.0,0.0,12.0,0.0,0,0,0,none,decay,354.82,565.18
2026-01-28 15:01:51.886596,1.65,0.18,98.17,361.0,669.0,0.41,1508.2,2407.62,0.0,12,27,0,0.0,0,200.0,200.0,12.0,0.0,0,0,0,none,decay,354.34,565.66
2026-01-28 15:01:53.142275,1.7,1.06,97.23,487.0,793.0,0.41,1512.55,2403.27,0.0,12,27,0,0.0,0,0.0,0.0,12.0,0.0,0,0,0,none,decay,355.37,564.63
2026-01-28 15:01:54.171460,3.63,0.52,95.85,339.0,749.0,0.41,1508.54,2407.28,0.0,12,27,0,0.0,0,100.0,100.0,12.0,0.0,0,0,0,none,decay,354.42,565.58
2026-01-28 15:01:55.209105,1.04,0.26,98.7,219.0,405.0,0.41,1512.79,2403.04,0.0,12,27,0,0.0,0,100.0,100.0,12.0,0.0,0,0,0,none,decay,355.42,564.58
2026-01-28 15:01:56.237099,0.25,0.25,99.49,178.0,264.0,0.38,1512.79,2403.04,0.0,12,25,0,0.0,0,0.0,0.0,12.0,0.0,0,0,0,none,decay,355.42,564.58
2026-01-28 15:01:57.265521,2.08,0.52,97.4,293.0,549.0,0.38,1516.79,2399.04,0.0,12,27,0,0.0,0,100.0,100.0,12.0,0.0,0,0,0,none,decay,356.36,563.64
2026-01-28 15:01:58.291688,6.42,1.6,91.98,583.0,1273.0,0.38,1514.17,2401.65,0.0,12,27,0,0.0,0,198.0,198.0,12.0,0.0,0,0,0,none,decay,355.75,564.25
2026-01-28 15:01:59.805294,0.53,0.18,99.3,246.0,489.0,0.38,1514.42,2401.41,0.0,12,27,0,0.0,0,100.0,100.0,12.0,0.0,0,0,0,none,decay,355.8,564.2
2026-01-28 15:02:00.925988,2.21,0.98,96.81,575.0,852.0,0.38,1513.07,2402.75,0.0,12,27,0,0.0,0,100.0,100.0,12.0,0.0,0,0,0,none,decay,355.49,564.51
2026-01-28 15:02:02.613640,2.63,0.15,97.22,302.0,1020.0,0.35,1508.64,2407.19,0.0,12,27,0,0.0,0,100.0,100.0,12.0,0.0,0,0,0,none,decay,354.45,565.55
2026-01-28 15:02:04.265187,3.49,0.67,95.84,505.0,1841.0,0.35,1509.14,2406.68,0.0,12,27,0,0.0,0,200.0,200.0,12.0,0.0,0,0,0,none,decay,354.56,565.44
2026-01-28 15:02:05.310980,0.5,0.25,99.25,174.0,523.0,0.35,1509.07,2406.76,0.0,12,27,0,0.0,0,0.0,0.0,12.0,0.0,0,0,0,none,decay,354.55,565.45
2026-01-28 15:02:06.333528,1.06,0.0,98.94,371.0,541.0,0.32,1514.76,2401.07,0.0,12,27,0,0.0,0,100.0,100.0,12.0,0.0,0,0,0,none,decay,355.88,564.12
2026-01-28 15:02:07.361780,2.83,0.26,96.92,260.0,576.0,0.32,1508.01,2407.81,0.0,12,27,0,0.0,0,100.0,100.0,12.0,0.0,0,0,0,none,decay,354.3,565.7
2026-01-28 15:02:08.393050,2.7,0.27,97.03,385.0,720.0,0.32,1512.0,2403.82,0.0,12,27,0,0.0,0,198.0,198.0,12.0,0.0,0,0,0,none,decay,355.24,564.76
2026-01-28 15:02:09.422506,3.71,1.33,94.96,449.0,993.0,0.32,1512.24,2403.58,0.0,12,27,0,0.0,0,100.0,100.0,12.0,0.0,0,0,0,none,decay,355.29,564.71
2026-01-28 15:02:10.457506,3.58,0.51,95.91,300.0,711.0,0.32,1508.24,2407.58,0.0,12,27,0,0.0,0,100.0,100.0,12.0,0.0,0,0,0,none,decay,354.35,565.65
2026-01-28 15:02:11.488458,1.01,0.51,98.48,295.0,456.0,0.29,1508.24,2407.58,0.0,12,27,0,0.0,0,0.0,0.0,12.0,0.0,0,0,0,none,decay,354.35,565.65
2026-01-28 15:02:12.521048,0.79,0.26,98.95,298.0,559.0,0.29,1507.96,2407.86,0.0,12,27,0,0.0,0,100.0,100.0,12.0,0.0,0,0,0,none,decay,354.29,565.71
2026-01-28 15:02:13.550890,1.04,0.52,98.44,226.0,477.0,0.29,1511.96,2403.86,0.0,12,27,0,0.0,0,100.0,100.0,12.0,0.0,0,0,0,none,decay,355.23,564.77
2026-01-28 15:02:14.580078,6.54,0.79,92.67,546.0,1254.0,0.29,1511.96,2403.86,0.0,12,27,0,0.0,0,100.0,100.0,12.0,0.0,0,0,0,none,decay,355.23,564.77
2026-01-28 15:02:15.609307,1.57,0.78,97.65,367.0,607.0,0.29,1510.42,2405.4,0.0,12,27,0,0.0,0,100.0,100.0,12.0,0.0,0,0,0,none,decay,354.86,565.14
2026-01-28 15:02:16.639904,2.78,0.25,96.97,207.0,653.0,0.27,1512.01,2403.81,0.0,12,27,0,0.0,0,0.0,0.0,12.0,0.0,0,0,0,none,decay,355.24,564.76
2026-01-28 15:02:17.665722,2.3,0.51,97.19,343.0,788.0,0.27,1517.61,2398.21,0.0,12,27,0,0.0,0,100.0,100.0,12.0,0.0,0,0,0,none,decay,356.55,563.45
2026-01-28 15:02:18.693083,3.42,0.53,96.05,336.0,883.0,0.27,1516.56,2399.27,0.0,12,27,0,0.0,0,198.0,198.0,12.0,0.0,0,0,0,none,decay,356.31,563.69
2026-01-28 15:02:19.721378,3.41,1.57,95.01,448.0,974.0,0.27,1501.66,2414.16,0.0,12,27,0,0.0,0,100.0,100.0,12.0,0.0,0,0,0,none,decay,352.81,567.19
2026-01-28 15:02:20.753773,0.75,0.0,99.25,187.0,284.0,0.27,1501.66,2414.16,0.0,12,27,0,0.0,0,0.0,0.0,12.0,0.0,0,0,0,none,decay,352.81,567.19
2026-01-28 15:02:21.785605,2.08,0.52,97.4,349.0,551.0,0.33,1507.11,2408.71,0.0,12,27,0,0.0,0,100.0,100.0,12.0,0.0,0,0,0,none,decay,354.09,565.91
2026-01-28 15:02:22.814968,4.12,0.77,95.1,362.0,866.0,0.33,1515.79,2400.04,0.0,12,27,0,0.0,0,100.0,100.0,12.0,0.0,0,0,0,none,decay,356.13,563.87
2026-01-28 15:02:23.851142,1.56,0.78,97.66,303.0,581.0,0.33,1519.78,2396.04,0.0,12,27,0,0.0,0,142.0,142.0,12.0,0.0,0,0,0,none,decay,357.06,562.94
2026-01-28 15:02:24.877173,4.12,0.77,95.1,402.0,1035.0,0.33,1523.35,2392.48,0.0,12,27,0,0.0,0,0.0,0.0,12.0,0.0,0,0,0,none,decay,357.9,562.1
2026-01-28 15:02:25.940946,3.2,0.25,96.55,339.0,614.0,0.33,1523.25,2392.58,0.0,12,27,0,0.0,0,100.0,100.0,12.0,0.0,0,0,0,none,decay,357.88,562.12
2026-01-28 15:02:27.175869,0.44,0.44,99.12,362.0,767.0,0.38,1519.59,2396.23,0.0,12,27,0,0.0,0,100.0,100.0,12.0,0.0,0,0,0,none,decay,357.02,562.98
2026-01-28 15:02:28.730007,2.76,0.52,96.72,411.0,995.0,0.38,1519.59,2396.23,0.0,12,25,0,0.0,0,200.0,200.0,12.0,0.0,0,0,0,none,decay,357.02,562.98
2026-01-28 15:02:29.755482,7.67,1.85,90.48,620.0,1540.0,0.38,1512.71,2403.11,0.0,12,27,0,0.0,0,198.0,198.0,12.0,0.0,0,0,0,none,decay,355.4,564.6
2026-01-28 15:02:30.775137,2.35,0.52,97.13,319.0,613.0,0.38,1516.71,2399.11,0.0,12,27,0,0.0,0,0.0,0.0,12.0,0.0,0,0,0,none,decay,356.34,563.66
2026-01-28 15:02:32.186948,3.07,0.38,96.55,446.0,975.0,0.35,1515.72,2400.1,0.0,12,27,0,0.0,0,200.0,200.0,12.0,0.0,0,0,0,none,decay,356.11,563.89
2026-01-28 15:02:33.264610,1.71,0.49,97.8,301.0,758.0,0.35,1515.72,2400.1,0.0,12,27,0,0.0,0,0.0,0.0,12.0,0.0,0,0,0,none,decay,356.11,563.89
2026-01-28 15:02:34.543768,5.49,1.05,93.46,580.0,1397.0,0.35,1511.64,2404.18,0.0,12,27,0,0.0,0,242.0,242.0,12.0,0.0,0,0,0,none,decay,355.15,564.85
2026-01-28 15:02:35.578579,0.51,0.0,99.49,165.0,509.0,0.35,1515.64,2400.18,0.0,12,25,0,0.0,0,0.0,0.0,12.0,0.0,0,0,0,none,decay,356.09,563.91
2026-01-28 15:02:36.645649,3.24,0.75,96.01,343.0,763.0,0.32,1517.61,2398.21,0.0,12,27,0,0.0,0,100.0,100.0,12.0,0.0,0,0,0,none,decay,356.55,563.45
2026-01-28 15:02:38.023759,0.78,0.39,98.83,349.0,577.0,0.32,1510.5,2405.32,0.0,12,27,0,0.0,0,100.0,100.0,12.0,0.0,0,0,0,none,decay,354.88,565.12
2026-01-28 15:02:39.053634,2.63,1.05,96.32,339.0,693.0,0.32,1517.74,2398.08,0.0,12,27,0,0.0,0,100.0,198.0,12.0,0.0,0,0,0,none,decay,356.58,563.42
2026-01-28 15:02:40.085577,7.73,1.29,90.98,486.0,1398.0,0.32,1511.95,2403.87,0.0,12,27,0,0.0,0,198.0,100.0,12.0,0.0,0,0,0,none,decay,355.22,564.78
2026-01-28 15:02:41.145230,3.97,0.74,95.29,322.0,849.0,0.3,1515.94,2399.88,0.0,12,27,0,0.0,0,100.0,100.0,12.0,0.0,0,0,0,none,decay,356.16,563.84
2026-01-28 15:02:42.251144,2.89,0.24,96.87,335.0,922.0,0.3,1523.94,2391.88,0.0,12,27,0,0.0,0,100.0,100.0,12.0,0.0,0,0,0,none,decay,358.04,561.96
2026-01-28 15:02:43.277205,4.11,0.77,95.12,332.0,782.0,0.3,1520.19,2395.64,0.0,12,27,0,0.0,0,100.0,100.0,12.0,0.0,0,0,0,none,decay,357.16,562.84
2026-01-28 15:02:44.293867,1.29,0.77,97.94,257.0,666.0,0.3,1520.19,2395.64,0.0,12,27,0,0.0,0,0.0,0.0,12.0,0.0,0,0,0,none,decay,357.16,562.84
2026-01-28 15:02:45.362026,4.52,0.75,94.72,405.0,1071.0,0.3,1509.75,2406.08,0.0,12,27,0,0.0,0,100.0,100.0,12.0,0.0,0,0,0,none,decay,354.71,565.29
2026-01-28 15:02:46.384028,3.89,0.78,95.34,416.0,845.0,0.27,1511.96,2403.86,0.0,12,27,0,0.0,0,100.0,100.0,12.0,0.0,0,0,0,none,decay,355.23,564.77
2026-01-28 15:02:47.417214,1.05,0.79,98.17,335.0,594.0,0.27,1511.96,2403.86,0.0,12,27,0,0.0,0,100.0,100.0,12.0,0.0,0,0,0,none,decay,355.23,564.77
2026-01-28 15:02:48.535013,1.19,0.48,98.33,226.0,487.0,0.27,1517.68,2398.15,0.0,12,27,0,0.0,0,100.0,100.0,12.0,0.0,0,0,0,none,decay,356.57,563.43
2026-01-28 15:02:49.560084,2.17,0.82,97.01,251.0,1277.0,0.27,1517.82,2398.01,0.0,12,27,0,0.0,0,198.0,198.0,12.0,0.0,0,0,0,none,decay,356.6,563.4
2026-01-28 15:02:50.642315,4.25,1.5,94.25,472.0,1141.0,0.27,1513.27,2402.55,0.0,12,27,0,0.0,0,100.0,100.0,12.0,0.0,0,0,0,none,decay,355.53,564.47
2026-01-28 15:02:51.669549,1.59,0.27,98.14,360.0,666.0,0.25,1516.87,2398.95,0.0,12,27,0,0.0,0,100.0,100.0,12.0,0.0,0,0,0,none,decay,356.38,563.62
2026-01-28 15:02:52.821007,0.23,0.0,99.77,183.0,256.0,0.25,1516.87,2398.95,0.0,12,27,0,0.0,0,0.0,0.0,12.0,0.0,0,0,0,none,decay,356.38,563.62
2026-01-28 15:02:54.096829,0.84,0.63,98.53,329.0,613.0,0.25,1523.71,2392.11,0.0,11,25,0,0.0,0,100.0,100.0,11.0,0.0,0,0,0,none,decay,357.99,562.01
2026-01-28 15:02:55.139640,4.18,0.78,95.04,474.0,961.0,0.25,1512.21,2403.61,0.0,12,27,0,0.0,0,100.0,100.0,12.0,0.0,0,0,0,none,decay,355.29,564.71
2026-01-28 15:02:56.194743,3.75,0.25,96.0,303.0,790.0,0.23,1514.29,2401.54,0.0,12,27,0,0.0,0,100.0,100.0,12.0,0.0,0,0,0,none,decay,355.77,564.23
2026-01-28 15:02:57.265523,1.01,0.51,98.48,312.0,717.0,0.23,1518.29,2397.54,0.0,12,27,0,0.0,0,100.0,100.0,12.0,0.0,0,0,0,none,decay,356.71,563.29
2026-01-28 15:02:58.384548,3.54,0.71,95.75,375.0,878.0,0.23,1518.56,2397.27,0.0,12,27,0,0.0,0,100.0,100.0,12.0,0.0,0,0,0,none,decay,356.78,563.22
2026-01-28 15:02:59.423782,2.09,0.78,97.13,272.0,743.0,0.23,1516.89,2398.93,0.0,12,27,0,0.0,0,100.0,198.0,12.0,0.0,0,0,0,none,decay,356.38,563.62
2026-01-28 15:03:00.535418,5.64,1.72,92.65,715.0,1369.0,0.23,1513.8,2402.03,0.0,12,27,0,0.0,0,198.0,100.0,12.0,0.0,0,0,0,none,decay,355.66,564.34
2026-01-28 15:03:01.567418,5.77,1.31,92.91,560.0,1162.0,0.21,1520.96,2394.86,0.0,12,27,0,0.0,0,100.0,100.0,12.0,0.0,0,0,0,none,decay,357.34,562.66
2026-01-28 15:03:02.609609,1.01,0.0,98.99,180.0,627.0,0.21,1521.02,2394.81,0.0,12,27,0,0.0,0,0.0,0.0,12.0,0.0,0,0,0,none,decay,357.35,562.65
2026-01-28 15:03:03.666349,3.99,0.75,95.26,352.0,764.0,0.21,1522.37,2393.45,0.0,12,27,0,0.0,0,100.0,100.0,12.0,0.0,0,0,0,none,decay,357.67,562.33
2026-01-28 15:03:04.856930,2.46,0.67,96.87,397.0,828.0,0.21,1525.4,2390.43,0.0,12,27,0,0.0,0,142.0,142.0,12.0,0.0,0,0,0,none,decay,358.38,561.62
2026-01-28 15:03:06.073538,3.12,0.67,96.21,430.0,947.0,0.21,1525.75,2390.07,0.0,12,27,0,0.0,0,100.0,100.0,12.0,0.0,0,0,0,none,decay,358.47,561.53
2026-01-28 15:03:08.643739,0.93,0.1,98.96,543.0,891.0,0.2,1520.17,2395.65,0.0,12,27,0,0.0,0,200.0,200.0,12.0,0.0,0,0,0,none,decay,357.16,562.84
2026-01-28 15:03:09.674696,4.18,1.04,94.78,399.0,922.0,0.2,1509.75,2406.07,0.0,12,27,0,0.0,0,198.0,198.0,12.0,0.0,0,0,0,none,decay,354.71,565.29
2026-01-28 15:03:10.700284,7.05,0.78,92.17,481.0,1142.0,0.2,1514.15,2401.67,0.0,12,27,0,0.0,0,100.0,100.0,12.0,0.0,0,0,0,none,decay,355.74,564.26
2026-01-28 15:03:11.733607,0.76,0.25,98.99,158.0,334.0,0.18,1514.15,2401.67,0.0,12,25,0,0.0,0,0.0,0.0,12.0,0.0,0,0,0,none,decay,355.74,564.26
2026-01-28 15:03:12.760347,3.35,0.26,96.39,287.0,638.0,0.18,1518.43,2397.39,0.0,12,27,0,0.0,0,100.0,100.0,12.0,0.0,0,0,0,none,decay,356.75,563.25
2026-01-28 15:03:13.786897,3.12,0.52,96.36,330.0,827.0,0.18,1514.93,2400.89,0.0,12,27,0,0.0,0,100.0,100.0,12.0,0.0,0,0,0,none,decay,355.92,564.08
2026-01-28 15:03:14.814168,3.12,0.52,96.36,276.0,741.0,0.18,1505.64,2410.18,0.0,12,27,0,0.0,0,100.0,100.0,12.0,0.0,0,0,0,none,decay,353.74,566.26
2026-01-28 15:03:15.846750,2.16,0.81,97.04,358.0,803.0,0.18,1512.82,2403.01,0.0,12,27,0,0.0,0,100.0,100.0,12.0,0.0,0,0,0,none,decay,355.43,564.57
2026-01-28 15:03:16.874154,2.31,0.0,97.69,203.0,551.0,0.17,1520.02,2395.81,0.0,12,27,0,0.0,0,100.0,100.0,12.0,0.0,0,0,0,none,decay,357.12,562.88
2026-01-28 15:03:17.900618,2.04,0.26,97.7,259.0,647.0,0.17,1521.12,2394.71,0.0,12,27,0,0.0,0,0.0,0.0,12.0,0.0,0,0,0,none,decay,357.38,562.62
2026-01-28 15:03:18.947419,3.8,0.51,95.7,304.0,761.0,0.17,1520.48,2395.34,0.0,12,27,0,0.0,0,100.0,100.0,12.0,0.0,0,0,0,none,decay,357.23,562.77
2026-01-28 15:03:19.974009,5.44,1.04,93.52,395.0,1099.0,0.17,1523.68,2392.15,0.0,12,27,0,0.0,0,198.0,198.0,12.0,0.0,0,0,0,none,decay,357.98,562.02
2026-01-28 15:03:21.165030,3.64,0.68,95.68,445.0,1053.0,0.15,1519.86,2395.96,0.0,12,27,0,0.0,0,100.0,100.0,12.0,0.0,0,0,0,none,decay,357.08,562.92
2026-01-28 15:03:22.202716,2.85,0.52,96.63,306.0,792.0,0.15,1521.48,2394.34,0.0,12,27,0,0.0,0,100.0,100.0,12.0,0.0,0,0,0,none,decay,357.46,562.54
2026-01-28 15:03:23.439766,1.91,0.43,97.66,277.0,818.0,0.15,1518.05,2397.77,0.0,12,27,0,0.0,0,100.0,100.0,12.0,0.0,0,0,0,none,decay,356.66,563.34
2026-01-28 15:03:24.459381,2.6,0.26,97.14,294.0,819.0,0.15,1518.75,2397.07,0.0,12,27,0,0.0,0,100.0,100.0,12.0,0.0,0,0,0,none,decay,356.82,563.18
2026-01-28 15:03:25.491107,2.58,0.52,96.9,261.0,641.0,0.15,1515.67,2400.16,0.0,12,27,0,0.0,0,142.0,142.0,12.0,0.0,0,0,0,none,decay,356.1,563.9
2026-01-28 15:03:26.513315,2.89,0.79,96.32,375.0,1064.0,0.14,1513.82,2402.0,0.0,12,27,0,0.0,0,0.0,0.0,12.0,0.0,0,0,0,none,decay,355.66,564.34
2026-01-28 15:03:27.551721,3.11,0.52,96.37,408.0,987.0,0.14,1519.66,2396.17,0.0,12,27,0,0.0,0,100.0,100.0,12.0,0.0,0,0,0,none,decay,357.03,562.97
2026-01-28 15:03:28.595819,3.29,1.01,95.7,357.0,987.0,0.14,1519.79,2396.04,0.0,12,27,0,0.0,0,100.0,100.0,12.0,0.0,0,0,0,none,decay,357.07,562.93
2026-01-28 15:03:29.624873,2.1,0.52,97.38,295.0,723.0,0.14,1514.53,2401.3,0.0,12,27,0,0.0,0,100.0,100.0,12.0,0.0,0,0,0,none,decay,355.83,564.17
2026-01-28 15:03:30.653651,5.97,0.78,93.25,405.0,1277.0,0.14,1513.85,2401.97,0.0,12,27,0,0.0,0,198.0,198.0,12.0,0.0,0,0,0,none,decay,355.67,564.33
2026-01-28 15:03:31.856346,7.08,1.37,91.55,696.0,1611.0,0.29,1520.09,2395.74,0.0,12,27,0,0.0,0,100.0,100.0,12.0,0.0,0,0,0,none,decay,357.14,562.86
2026-01-28 15:03:32.970675,0.47,0.24,99.29,183.0,330.0,0.29,1520.09,2395.74,0.0,12,27,0,0.0,0,0.0,0.0,12.0,0.0,0,0,0,none,decay,357.14,562.86
2026-01-28 15:03:34.032793,1.77,0.76,97.47,251.0,558.0,0.29,1508.64,2407.18,0.0,12,27,0,0.0,0,100.0,100.0,12.0,0.0,0,0,0,none,decay,354.45,565.55
2026-01-28 15:03:36.010802,0.81,0.4,98.79,446.0,1075.0,0.29,1511.1,2404.72,0.0,12,27,0,0.0,0,200.0,200.0,12.0,0.0,0,0,0,none,decay,355.02,564.98
2026-01-28 15:03:37.059238,1.27,0.51,98.22,299.0,659.0,0.27,1516.82,2399.0,0.0,12,27,0,0.0,0,0.0,0.0,12.0,0.0,0,0,0,none,decay,356.37,563.63
2026-01-28 15:03:38.358356,0.61,0.61,98.77,281.0,505.0,0.27,1514.82,2401.01,0.0,11,25,0,0.0,0,100.0,100.0,11.0,0.0,0,0,0,none,decay,355.9,564.1
2026-01-28 15:03:39.927492,0.67,0.34,98.99,294.0,483.0,0.27,1517.52,2398.3,0.0,12,27,0,0.0,0,100.0,100.0,12.0,0.0,0,0,0,none,decay,356.53,563.47
2026-01-28 15:03:41.024184,2.99,0.75,96.26,323.0,826.0,0.27,1518.7,2397.13,0.0,12,27,0,0.0,0,198.0,198.0,12.0,0.0,0,0,0,none,decay,356.81,563.19
2026-01-28 15:03:42.145445,4.76,1.43,93.81,508.0,1192.0,0.24,1512.99,2402.84,0.0,12,27,0,0.0,0,100.0,100.0,12.0,0.0,0,0,0,none,decay,355.47,564.53
2026-01-28 15:03:43.199965,1.52,0.51,97.98,212.0,592.0,0.24,1513.13,2402.69,0.0,12,27,0,0.0,0,100.0,100.0,12.0,0.0,0,0,0,none,decay,355.5,564.5
2026-01-28 15:03:44.300940,0.48,0.48,99.03,162.0,395.0,0.24,1520.68,2395.14,0.0,12,27,0,0.0,0,100.0,100.0,12.0,0.0,0,0,0,none,decay,357.28,562.72
2026-01-28 15:03:45.342624,1.01,0.51,98.48,245.0,589.0,0.24,1511.51,2404.32,0.0,11,25,0,0.0,0,0.0,0.0,11.0,0.0,0,0,0,none,decay,355.12,564.88
2026-01-28 15:03:46.654826,1.88,0.42,97.7,338.0,834.0,0.22,1511.58,2404.25,0.0,12,25,0,0.0,0,242.0,242.0,12.0,0.0,0,0,0,none,decay,355.14,564.86
2026-01-28 15:03:47.777337,2.78,0.69,96.53,280.0,757.0,0.22,1511.82,2404.0,0.0,12,27,0,0.0,0,0.0,0.0,12.0,0.0,0,0,0,none,decay,355.19,564.81
2026-01-28 15:03:49.155895,2.47,0.38,97.15,355.0,840.0,0.22,1509.61,2406.21,0.0,12,27,0,0.0,0,100.0,100.0,12.0,0.0,0,0,0,none,decay,354.67,565.33
2026-01-28 15:03:50.580940,1.52,0.38,98.1,380.0,743.0,0.22,1511.38,2404.44,0.0,12,27,0,0.0,0,198.0,198.0,12.0,0.0,0,0,0,none,decay,355.09,564.91
2026-01-28 15:03:51.597577,3.89,1.04,95.08,361.0,750.0,0.29,1514.78,2401.04,0.0,12,27,0,0.0,0,100.0,100.0,12.0,0.0,0,0,0,none,decay,355.89,564.11
2026-01-28 15:03:52.686376,4.21,0.74,95.05,416.0,926.0,0.29,1519.02,2396.81,0.0,12,27,0,0.0,0,100.0,100.0,12.0,0.0,0,0,0,none,decay,356.88,563.12
2026-01-28 15:03:53.783146,1.47,0.49,98.04,313.0,793.0,0.29,1519.02,2396.81,0.0,12,27,0,0.0,0,100.0,100.0,12.0,0.0,0,0,0,none,decay,356.88,563.12
2026-01-28 15:03:54.809813,3.62,1.03,95.35,333.0,872.0,0.29,1524.49,2391.33,0.0,12,27,0,0.0,0,100.0,100.0,12.0,0.0,0,0,0,none,decay,358.17,561.83
2026-01-28 15:03:55.843698,1.26,0.5,98.24,199.0,435.0,0.29,1523.05,2392.78,0.0,12,27,0,0.0,0,0.0,0.0,12.0,0.0,0,0,0,none,decay,357.83,562.17
2026-01-28 15:03:56.860959,2.06,0.0,97.94,200.0,518.0,0.26,1520.6,2395.22,0.0,12,27,0,0.0,0,100.0,100.0,12.0,0.0,0,0,0,none,decay,357.26,562.74
2026-01-28 15:03:58.074611,5.04,0.66,94.3,491.0,1066.0,0.26,1517.71,2398.12,0.0,12,27,0,0.0,0,100.0,100.0,12.0,0.0,0,0,0,none,decay,356.58,563.42
2026-01-28 15:03:59.169780,3.15,0.97,95.88,391.0,847.0,0.26,1521.71,2394.12,0.0,12,27,0,0.0,0,100.0,100.0,12.0,0.0,0,0,0,none,decay,357.52,562.48
2026-01-28 15:04:00.194393,3.37,1.04,95.6,397.0,778.0,0.26,1511.71,2404.12,0.0,12,27,0,0.0,0,100.0,100.0,12.0,0.0,0,0,0,none,decay,355.17,564.83
2026-01-28 15:04:01.216834,4.44,0.78,94.78,427.0,979.0,0.24,1514.09,2401.73,0.0,12,27,0,0.0,0,198.0,198.0,12.0,0.0,0,0,0,none,decay,355.73,564.27
2026-01-28 15:04:02.246379,1.09,0.54,98.37,409.0,654.0,0.24,1516.55,2399.27,0.0,12,27,0,0.0,0,100.0,100.0,12.0,0.0,0,0,0,none,decay,356.3,563.7
2026-01-28 15:04:03.274854,1.85,0.53,97.62,339.0,593.0,0.24,1522.14,2393.68,0.0,12,27,0,0.0,0,0.0,0.0,12.0,0.0,0,0,0,none,decay,357.62,562.38
2026-01-28 15:04:04.480993,2.63,0.44,96.93,290.0,764.0,0.24,1523.71,2392.11,0.0,12,27,0,0.0,0,200.0,200.0,12.0,0.0,0,0,0,none,decay,357.99,562.01
2026-01-28 15:04:05.560838,0.24,0.24,99.51,207.0,466.0,0.24,1517.71,2398.11,0.0,12,27,0,0.0,0,0.0,0.0,12.0,0.0,0,0,0,none,decay,356.58,563.42
2026-01-28 15:04:06.584315,3.33,0.26,96.41,281.0,632.0,0.22,1524.17,2391.66,0.0,12,27,0,0.0,0,100.0,100.0,12.0,0.0,0,0,0,none,decay,358.09,561.91
2026-01-28 15:04:07.677828,0.98,0.25,98.77,311.0,536.0,0.22,1524.41,2391.41,0.0,12,25,0,0.0,0,100.0,100.0,12.0,0.0,0,0,0,none,decay,358.15,561.85
2026-01-28 15:04:08.699816,4.01,0.8,95.19,452.0,1018.0,0.22,1523.85,2391.97,0.0,12,27,0,0.0,0,100.0,100.0,12.0,0.0,0,0,0,none,decay,358.02,561.98
2026-01-28 15:04:09.728047,3.09,0.77,96.13,329.0,639.0,0.22,1516.76,2399.06,0.0,12,27,0,0.0,0,100.0,100.0,12.0,0.0,0,0,0,none,decay,356.35,563.65
2026-01-28 15:04:10.751240,1.32,0.26,98.42,643.0,785.0,0.22,1520.76,2395.06,0.0,12,27,0,0.0,0,100.0,100.0,12.0,0.0,0,0,0,none,decay,357.29,562.71
2026-01-28 15:04:11.782176,2.58,0.77,96.65,321.0,768.0,0.2,1520.76,2395.06,0.0,12,27,0,0.0,0,98.0,98.0,12.0,0.0,0,0,0,none,decay,357.29,562.71
2026-01-28 15:04:12.834662,1.52,0.25,98.23,244.0,567.0,0.2,1520.76,2395.06,0.0,12,27,0,0.0,0,100.0,100.0,12.0,0.0,0,0,0,none,decay,357.29,562.71
2026-01-28 15:04:13.856014,2.68,0.54,96.78,404.0,834.0,0.2,1514.55,2401.27,0.0,12,27,0,0.0,0,100.0,100.0,12.0,0.0,0,0,0,none,decay,355.84,564.16
2026-01-28 15:04:14.880640,4.35,0.77,94.88,372.0,818.0,0.2,1511.2,2404.62,0.0,12,27,0,0.0,0,100.0,100.0,12.0,0.0,0,0,0,none,decay,355.05,564.95
2026-01-28 15:04:15.908227,3.12,0.52,96.35,384.0,855.0,0.2,1507.31,2408.51,0.0,12,27,0,0.0,0,100.0,100.0,12.0,0.0,0,0,0,none,decay,354.13,565.87
2026-01-28 15:04:16.932751,3.08,0.51,96.41,241.0,648.0,0.19,1516.58,2399.25,0.0,12,27,0,0.0,0,142.0,142.0,12.0,0.0,0,0,0,none,decay,356.31,563.69
2026-01-28 15:04:17.949601,0.78,0.26,98.97,246.0,516.0,0.19,1521.45,2394.38,0.0,12,27,0,0.0,0,0.0,0.0,12.0,0.0,0,0,0,none,decay,357.46,562.54
2026-01-28 15:04:18.969232,5.26,1.05,93.68,460.0,1016.0,0.19,1509.16,2406.67,0.0,12,27,0,0.0,0,100.0,100.0,12.0,0.0,0,0,0,none,decay,354.57,565.43
2026-01-28 15:04:19.998606,3.57,0.26,96.17,293.0,792.0,0.19,1510.57,2405.25,0.0,12,27,0,0.0,0,100.0,100.0,12.0,0.0,0,0,0,none,decay,354.9,565.1
2026-01-28 15:04:21.064004,3.77,1.01,95.23,376.0,857.0,0.19,1510.6,2405.23,0.0,12,26,0,0.0,0,198.0,198.0,12.0,0.0,0,0,0,none,decay,354.91,565.09
2026-01-28 15:04:22.092891,2.89,0.52,96.59,333.0,726.0,0.17,1511.75,2404.07,0.0,12,27,0,0.0,0,100.0,100.0,12.0,0.0,0,0,0,none,decay,355.18,564.82
2026-01-28 15:04:23.244153,2.29,0.46,97.25,298.0,715.0,0.17,1516.03,2399.8,0.0,12,27,0,0.0,0,100.0,100.0,12.0,0.0,0,0,0,none,decay,356.18,563.82
2026-01-28 15:04:24.274409,3.94,1.05,95.01,502.0,989.0,0.17,1516.12,2399.7,0.0,12,27,0,0.0,0,100.0,100.0,12.0,0.0,0,0,0,none,decay,356.2,563.8
2026-01-28 15:04:25.303314,0.51,0.25,99.24,201.0,319.0,0.17,1516.12,2399.7,0.0,12,27,0,0.0,0,0.0,0.0,12.0,0.0,0,0,0,none,decay,356.2,563.8
2026-01-28 15:04:26.331000,0.25,0.0,99.75,129.0,218.0,0.16,1516.12,2399.7,0.0,12,27,0,0.0,0,0.0,0.0,12.0,0.0,0,0,0,none,decay,356.2,563.8
2026-01-28 15:04:27.359047,2.08,0.78,97.14,318.0,713.0,0.16,1516.27,2399.55,0.0,12,27,0,0.0,0,142.0,142.0,12.0,0.0,0,0,0,none,decay,356.24,563.76
2026-01-28 15:04:28.389059,0.0,0.0,100.0,112.0,147.0,0.16,1516.27,2399.55,0.0,12,27,0,0.0,0,0.0,0.0,12.0,0.0,0,0,0,none,decay,356.24,563.76
2026-01-28 15:04:29.415563,4.47,1.05,94.47,459.0,760.0,0.16,1509.32,2406.5,0.0,12,27,0,0.0,0,100.0,100.0,12.0,0.0,0,0,0,none,decay,354.61,565.39
2026-01-28 15:04:30.445127,1.31,0.79,97.91,250.0,560.0,0.16,1518.06,2397.77,0.0,12,27,0,0.0,0,100.0,100.0,12.0,0.0,0,0,0,none,decay,356.66,563.34
2026-01-28 15:04:31.472360,4.43,0.52,95.05,339.0,823.0,0.23,1513.79,2402.03,0.0,12,27,0,0.0,0,198.0,198.0,12.0,0.0,0,0,0,none,decay,355.66,564.34
2026-01-28 15:04:32.505744,1.04,0.26,98.7,299.0,423.0,0.23,1518.04,2397.79,0.0,12,27,0,0.0,0,0.0,0.0,12.0,0.0,0,0,0,none,decay,356.65,563.35
2026-01-28 15:04:33.530871,2.61,0.52,96.87,281.0,604.0,0.23,1512.04,2403.79,0.0,12,27,0,0.0,0,100.0,100.0,12.0,0.0,0,0,0,none,decay,355.24,564.76
2026-01-28 15:04:34.555007,3.94,0.79,95.28,453.0,967.0,0.23,1516.88,2398.94,0.0,12,27,0,0.0,0,100.0,100.0,12.0,0.0,0,0,0,none,decay,356.38,563.62
2026-01-28 15:04:35.576938,2.31,0.77,96.92,339.0,708.0,0.23,1511.37,2404.45,0.0,12,27,0,0.0,0,0.0,0.0,12.0,0.0,0,0,0,none,decay,355.09,564.91
2026-01-28 15:04:36.609364,3.6,0.51,95.89,384.0,953.0,0.21,1511.83,2404.0,0.0,12,27,0,0.0,0,100.0,100.0,12.0,0.0,0,0,0,none,decay,355.2,564.8
2026-01-28 15:04:37.638331,3.33,0.51,96.15,315.0,808.0,0.21,1511.89,2403.93,0.0,12,27,0,0.0,0,100.0,100.0,12.0,0.0,0,0,0,none,decay,355.21,564.79
2026-01-28 15:04:38.666140,3.38,1.04,95.58,448.0,827.0,0.21,1508.78,2407.05,0.0,12,27,0,0.0,0,100.0,100.0,12.0,0.0,0,0,0,none,decay,354.48,565.52
2026-01-28 15:04:39.695059,3.73,1.07,95.2,509.0,921.0,0.21,1512.21,2403.61,0.0,12,27,0,0.0,0,100.0,100.0,12.0,0.0,0,0,0,none,decay,355.29,564.71
2026-01-28 15:04:40.721426,3.85,0.51,95.64,402.0,826.0,0.21,1512.46,2403.36,0.0,12,27,0,0.0,0,100.0,100.0,12.0,0.0,0,0,0,none,decay,355.34,564.66
2026-01-28 15:04:41.748216,2.81,1.02,96.16,321.0,854.0,0.19,1514.41,2401.41,0.0,12,27,0,0.0,0,98.0,98.0,12.0,0.0,0,0,0,none,decay,355.8,564.2
2026-01-28 15:04:42.769913,3.09,0.26,96.65,289.0,662.0,0.19,1514.43,2401.39,0.0,12,27,0,0.0,0,100.0,100.0,12.0,0.0,0,0,0,none,decay,355.81,564.19
2026-01-28 15:04:43.875724,3.8,0.48,95.72,409.0,964.0,0.19,1510.0,2405.82,0.0,12,27,0,0.0,0,100.0,100.0,12.0,0.0,0,0,0,none,decay,354.77,565.23
2026-01-28 15:04:44.923525,2.63,1.05,96.32,463.0,863.0,0.19,1512.99,2402.83,0.0,12,27,0,0.0,0,100.0,100.0,12.0,0.0,0,0,0,none,decay,355.47,564.53
2026-01-28 15:04:45.972311,4.01,1.0,94.99,317.0,894.0,0.19,1511.26,2404.56,0.0,12,27,0,0.0,0,100.0,100.0,12.0,0.0,0,0,0,none,decay,355.06,564.94
2026-01-28 15:04:47.033712,4.18,0.49,95.33,295.0,821.0,0.17,1515.51,2400.32,0.0,12,27,0,0.0,0,100.0,100.0,12.0,0.0,0,0,0,none,decay,356.06,563.94
2026-01-28 15:19:29.988809,8.22,1.59,90.19,618.0,1401.0,0.17,1590.73,2325.09,0.0,16,35,0,0.0,0,1954.0,1954.0,16.0,0.0,1,0,1,none,decay,373.73,546.27
2026-01-28 15:19:31.039887,3.43,1.58,94.99,457.0,782.0,0.17,1596.56,2319.26,0.0,16,35,0,0.0,0,1856.0,1856.0,16.0,0.0,1,0,1,none,decay,375.1,544.9
2026-01-28 15:19:32.086913,4.24,1.33,94.43,515.0,900.0,0.24,1598.39,2317.44,0.0,16,35,0,0.0,0,1856.0,1856.0,16.0,0.0,1,0,1,none,decay,375.53,544.47
2026-01-28 15:19:33.208717,2.68,0.73,96.59,438.0,878.0,0.24,1591.21,2324.61,0.0,16,35,0,0.0,0,928.0,928.0,16.0,0.0,1,0,1,none,decay,373.85,546.15
2026-01-28 15:19:34.438655,3.2,0.43,96.38,356.0,681.0,0.24,1589.01,2326.81,0.0,15,31,0,0.0,0,928.0,928.0,15.0,0.0,1,0,1,none,decay,373.33,546.67
2026-01-28 15:19:35.467763,6.35,1.06,92.59,459.0,976.0,0.24,1586.35,2329.47,0.0,16,35,0,0.0,0,1856.0,1856.0,16.0,0.0,1,0,1,none,decay,372.7,547.3
2026-01-28 15:19:36.752498,4.82,1.05,94.13,573.0,1065.0,0.3,1589.88,2325.94,0.0,16,35,0,0.0,0,1856.0,1856.0,16.0,0.0,1,0,1,none,decay,373.53,546.47
2026-01-28 15:19:37.997878,5.74,1.1,93.16,621.0,1263.0,0.3,1585.81,2330.01,0.0,16,35,0,0.0,0,1856.0,1856.0,16.0,0.0,1,0,1,none,decay,372.58,547.42
2026-01-28 15:19:39.167851,4.52,1.67,93.81,623.0,1143.0,0.3,1574.96,2340.86,0.0,16,35,0,0.0,0,1856.0,1856.0,16.0,0.0,1,0,1,none,decay,370.03,549.97
2026-01-28 15:19:40.388959,7.54,1.55,90.91,865.0,1575.0,0.3,1582.46,2333.36,0.0,16,35,0,0.0,0,1954.0,1954.0,16.0,0.0,1,0,1,none,decay,371.79,548.21
2026-01-28 15:19:41.451203,7.07,1.26,91.67,504.0,1108.0,0.36,1588.17,2327.65,0.0,16,35,0,0.0,0,1856.0,1856.0,16.0,0.0,1,0,1,none,decay,373.13,546.87
2026-01-28 15:19:42.646994,8.95,1.34,89.71,709.0,1742.0,0.36,1585.55,2330.27,0.0,16,35,0,0.0,0,1856.0,1856.0,16.0,0.0,1,0,1,none,decay,372.52,547.48
2026-01-28 15:19:43.753947,2.26,0.5,97.24,353.0,653.0,0.36,1585.96,2329.86,0.0,16,35,0,0.0,0,1856.0,1856.0,16.0,0.0,1,0,1,none,decay,372.61,547.39
2026-01-28 15:19:44.852222,1.54,0.77,97.69,387.0,694.0,0.36,1583.42,2332.4,0.0,16,35,0,0.0,0,1898.0,1898.0,16.0,0.0,1,0,1,none,decay,372.02,547.98
2026-01-28 15:19:45.895904,2.95,0.54,96.51,348.0,615.0,0.36,1580.17,2335.66,0.0,16,35,0,0.0,0,1856.0,1856.0,16.0,0.0,1,0,1,none,decay,371.25,548.75
2026-01-28 15:19:47.052696,3.33,0.95,95.72,406.0,907.0,0.33,1589.5,2326.32,0.0,16,35,0,0.0,0,1856.0,1856.0,16.0,0.0,1,0,1,none,decay,373.44,546.56
2026-01-28 15:19:48.078505,3.87,1.55,94.59,473.0,1050.0,0.33,1589.76,2326.07,0.0,16,35,0,0.0,0,0.0,0.0,16.0,0.0,1,0,1,none,decay,373.5,546.5
2026-01-28 15:19:49.112761,3.21,0.8,95.99,347.0,801.0,0.33,1589.62,2326.2,0.0,16,35,0,0.0,0,1856.0,1856.0,16.0,0.0,1,0,1,none,decay,373.47,546.53
2026-01-28 15:19:50.148412,3.33,0.83,95.83,516.0,1162.0,0.33,1582.39,2333.43,0.0,16,35,0,0.0,0,1954.0,1954.0,16.0,0.0,1,0,1,none,decay,371.77,548.23
2026-01-28 15:19:51.192225,5.54,1.06,93.4,406.0,1127.0,0.33,1578.3,2337.52,0.0,16,35,0,0.0,0,1856.0,1856.0,16.0,0.0,1,0,1,none,decay,370.81,549.19
2026-01-28 15:19:52.228940,6.05,1.32,92.63,510.0,1121.0,0.3,1579.26,2336.57,0.0,16,35,0,0.0,0,1856.0,1856.0,16.0,0.0,1,0,1,none,decay,371.04,548.96
2026-01-28 15:19:53.298725,4.28,1.34,94.39,572.0,1239.0,0.3,1575.64,2340.18,0.0,16,35,0,0.0,0,1856.0,1856.0,16.0,0.0,1,0,1,none,decay,370.19,549.81
2026-01-28 15:19:54.332948,4.56,0.54,94.91,402.0,850.0,0.3,1583.97,2331.86,0.0,16,35,0,0.0,0,1856.0,1856.0,16.0,0.0,1,0,1,none,decay,372.14,547.86
2026-01-28 15:19:55.358160,4.11,1.03,94.86,356.0,913.0,0.3,1575.6,2340.23,0.0,16,35,0,0.0,0,970.0,970.0,16.0,0.0,1,0,1,none,decay,370.18,549.82
2026-01-28 15:19:56.479546,3.82,0.48,95.7,375.0,831.0,0.28,1585.43,2330.4,0.0,16,35,0,0.0,0,928.0,928.0,16.0,0.0,1,0,1,none,decay,372.49,547.51
2026-01-28 15:19:57.553528,4.29,1.01,94.7,481.0,1033.0,0.28,1589.08,2326.74,0.0,16,35,0,0.0,0,1856.0,1856.0,16.0,0.0,1,0,1,none,decay,373.35,546.65
2026-01-28 15:19:58.587027,13.19,2.37,84.43,653.0,1609.0,0.28,1590.52,2325.31,0.0,16,35,0,0.0,0,1856.0,1856.0,16.0,0.0,1,0,1,none,decay,373.68,546.32
2026-01-28 15:19:59.809708,7.96,1.55,90.49,621.0,1547.0,0.28,1593.31,2322.52,0.0,16,33,0,0.0,0,1954.0,1954.0,16.0,0.0,1,0,1,none,decay,374.34,545.66
2026-01-28 15:20:00.847719,4.89,0.82,94.29,568.0,1230.0,0.28,1588.71,2327.12,0.0,16,35,0,0.0,0,1856.0,1856.0,16.0,0.0,1,0,1,none,decay,373.26,546.74
2026-01-28 15:20:01.882752,4.59,1.89,93.51,798.0,1246.0,0.34,1589.45,2326.37,0.0,16,35,0,0.0,0,1856.0,1856.0,16.0,0.0,1,0,1,none,decay,373.43,546.57
2026-01-28 15:20:02.977637,5.59,2.79,91.62,614.0,959.0,0.34,1583.91,2331.92,0.0,16,35,0,0.0,0,1856.0,1856.0,16.0,0.0,1,0,1,none,decay,372.13,547.87
2026-01-28 15:20:04.014086,2.79,1.02,96.19,436.0,896.0,0.34,1583.71,2332.12,0.0,16,35,0,0.0,0,0.0,0.0,16.0,0.0,1,0,1,none,decay,372.08,547.92
2026-01-28 15:20:05.057636,4.69,0.78,94.53,428.0,903.0,0.34,1583.54,2332.29,0.0,16,35,0,0.0,0,1856.0,1856.0,16.0,0.0,1,0,1,none,decay,372.04,547.96
2026-01-28 15:20:06.090310,2.47,1.37,96.15,407.0,831.0,0.34,1592.21,2323.61,0.0,16,35,0,0.0,0,1908.0,1908.0,16.0,0.0,1,0,1,none,decay,374.08,545.92
2026-01-28 15:20:07.152469,1.85,0.79,97.35,357.0,735.0,0.31,1597.72,2318.11,0.0,16,35,0,0.0,0,1856.0,1856.0,16.0,0.0,1,0,1,none,decay,375.37,544.63
2026-01-28 15:20:08.182560,8.89,2.96,88.14,813.0,1634.0,0.31,1597.97,2317.85,0.0,16,35,0,0.0,0,1856.0,1856.0,16.0,0.0,1,0,1,none,decay,375.43,544.57
2026-01-28 15:20:09.204618,8.03,1.66,90.3,652.0,1418.0,0.31,1594.54,2321.29,0.0,16,35,0,0.0,0,1856.0,1856.0,16.0,0.0,1,0,1,none,decay,374.63,545.37
2026-01-28 15:20:10.227202,6.56,1.05,92.39,502.0,1061.0,0.31,1587.41,2328.41,0.0,16,35,0,0.0,0,1026.0,1026.0,16.0,0.0,1,0,1,none,decay,372.95,547.05
2026-01-28 15:20:11.248777,2.15,0.54,97.31,365.0,826.0,0.31,1589.74,2326.09,0.0,16,35,0,0.0,0,928.0,928.0,16.0,0.0,1,0,1,none,decay,373.5,546.5
2026-01-28 15:20:12.276078,5.28,0.79,93.93,483.0,1017.0,0.36,1595.05,2320.77,0.0,16,35,0,0.0,0,1856.0,1856.0,16.0,0.0,1,0,1,none,decay,374.75,545.25
2026-01-28 15:20:13.301815,7.37,1.05,91.58,508.0,1253.0,0.36,1589.91,2325.91,0.0,16,35,0,0.0,0,1856.0,1856.0,16.0,0.0,1,0,1,none,decay,373.54,546.46
2026-01-28 15:20:14.353334,10.85,2.33,86.82,700.0,1736.0,0.36,1582.21,2333.61,0.0,16,35,0,0.0,0,1856.0,1856.0,16.0,0.0,1,0,1,none,decay,371.73,548.27
2026-01-28 15:20:15.408640,3.98,1.06,94.96,438.0,941.0,0.36,1587.15,2328.68,0.0,16,35,0,0.0,0,1856.0,1856.0,16.0,0.0,1,0,1,none,decay,372.89,547.11
2026-01-28 15:20:16.481167,3.36,0.78,95.87,351.0,834.0,0.42,1587.67,2328.16,0.0,16,35,0,0.0,0,1856.0,1856.0,16.0,0.0,1,0,1,none,decay,373.01,546.99
2026-01-28 15:20:17.513625,4.66,0.78,94.56,377.0,789.0,0.42,1582.98,2332.84,0.0,16,35,0,0.0,0,928.0,928.0,16.0,0.0,1,0,1,none,decay,371.91,548.09
2026-01-28 15:20:18.592672,2.21,0.49,97.3,326.0,654.0,0.42,1576.38,2339.44,0.0,16,35,0,0.0,0,928.0,928.0,16.0,0.0,1,0,1,none,decay,370.36,549.64
2026-01-28 15:20:19.676285,8.06,1.26,90.68,521.0,1132.0,0.42,1578.24,2337.59,0.0,16,35,0,0.0,0,1856.0,1856.0,16.0,0.0,1,0,1,none,decay,370.8,549.2
2026-01-28 15:20:20.726669,8.4,1.57,90.03,586.0,1322.0,0.42,1582.54,2333.29,0.0,16,35,0,0.0,0,1954.0,1954.0,16.0,0.0,1,0,1,none,decay,371.81,548.19
2026-01-28 15:20:21.825047,8.07,1.22,90.71,515.0,1229.0,0.38,1580.25,2335.57,0.0,16,35,0,0.0,0,1856.0,1856.0,16.0,0.0,1,0,1,none,decay,371.27,548.73
2026-01-28 15:20:22.855598,7.57,1.04,91.38,499.0,1103.0,0.38,1579.02,2336.8,0.0,16,35,0,0.0,0,1856.0,1856.0,16.0,0.0,1,0,1,none,decay,370.98,549.02
2026-01-28 15:20:23.884938,9.31,1.6,89.1,590.0,1442.0,0.38,1581.12,2334.7,0.0,16,35,0,0.0,0,1856.0,1856.0,16.0,0.0,1,0,1,none,decay,371.48,548.52
2026-01-28 15:20:24.911466,6.52,0.54,92.93,539.0,1137.0,0.38,1582.45,2333.38,0.0,16,35,0,0.0,0,1856.0,1856.0,16.0,0.0,1,0,1,none,decay,371.79,548.21
2026-01-28 15:20:25.933641,0.26,0.26,99.49,179.0,466.0,0.38,1583.22,2332.61,0.0,16,35,0,0.0,0,0.0,0.0,16.0,0.0,1,0,1,none,decay,371.97,548.03
2026-01-28 15:20:27.339775,3.67,0.41,95.93,633.0,1115.0,0.35,1597.05,2318.77,0.0,16,33,0,0.0,0,3712.0,3712.0,16.0,0.0,1,0,1,none,decay,375.22,544.78
2026-01-28 15:20:29.500127,1.28,0.26,98.46,679.0,1060.0,0.35,1594.28,2321.54,0.0,16,35,0,0.0,0,1856.0,1856.0,16.0,0.0,1,0,1,none,decay,374.57,545.43
2026-01-28 15:20:30.534733,8.71,1.06,90.24,608.0,1341.0,0.35,1592.68,2323.15,0.0,16,33,0,0.0,0,1954.0,1954.0,16.0,0.0,1,0,1,none,decay,374.19,545.81
2026-01-28 15:20:31.714123,1.67,0.48,97.85,323.0,720.0,0.32,1595.98,2319.84,0.0,16,35,0,0.0,0,1856.0,1856.0,16.0,0.0,1,0,1,none,decay,374.97,545.03
2026-01-28 15:20:32.750336,2.75,0.82,96.43,510.0,1279.0,0.32,1592.53,2323.29,0.0,16,35,0,0.0,0,1856.0,1856.0,16.0,0.0,1,0,1,none,decay,374.16,545.84
2026-01-28 15:20:33.817816,3.6,0.51,95.89,400.0,740.0,0.32,1590.04,2325.79,0.0,16,35,0,0.0,0,1856.0,1856.0,16.0,0.0,1,0,1,none,decay,373.57,546.43
2026-01-28 15:20:35.143534,1.82,0.4,97.77,498.0,1004.0,0.32,1598.14,2317.68,0.0,16,33,0,0.0,0,0.0,0.0,16.0,0.0,1,0,1,none,decay,375.47,544.53
2026-01-28 15:20:36.174705,4.04,0.54,95.42,479.0,1009.0,0.32,1593.83,2321.99,0.0,16,35,0,0.0,0,1898.0,1898.0,16.0,0.0,1,0,1,none,decay,374.46,545.54
2026-01-28 15:20:37.217438,4.79,0.8,94.41,514.0,1024.0,0.3,1590.98,2324.85,0.0,16,35,0,0.0,0,1856.0,1856.0,16.0,0.0,1,0,1,none,decay,373.79,546.21
2026-01-28 15:20:38.262239,6.32,1.05,92.63,577.0,1412.0,0.3,1586.47,2329.35,0.0,16,35,0,0.0,0,1856.0,1856.0,16.0,0.0,1,0,1,none,decay,372.73,547.27
2026-01-28 15:20:39.296703,8.44,1.58,89.97,620.0,1345.0,0.3,1594.46,2321.36,0.0,16,35,0,0.0,0,928.0,928.0,16.0,0.0,1,0,1,none,decay,374.61,545.39
2026-01-28 15:20:40.323140,7.59,1.08,91.33,675.0,1467.0,0.3,1597.7,2318.12,0.0,16,35,0,0.0,0,1856.0,1856.0,16.0,0.0,1,0,1,none,decay,375.37,544.63
2026-01-28 15:20:41.353818,5.5,1.05,93.46,444.0,1157.0,0.35,1596.96,2318.87,0.0,16,35,0,0.0,0,1026.0,1026.0,16.0,0.0,1,0,1,none,decay,375.2,544.8
2026-01-28 15:20:42.390361,6.35,0.53,93.12,584.0,1214.0,0.35,1598.75,2317.07,0.0,16,35,0,0.0,0,1856.0,1856.0,16.0,0.0,1,0,1,none,decay,375.62,544.38
2026-01-28 15:20:43.630415,5.87,0.87,93.26,601.0,1398.0,0.35,1591.79,2324.03,0.0,16,35,0,0.0,0,1856.0,1856.0,16.0,0.0,1,0,1,none,decay,373.98,546.02
2026-01-28 15:20:44.785020,6.41,0.71,92.87,611.0,1442.0,0.35,1591.84,2323.99,0.0,16,35,0,0.0,0,1856.0,1856.0,16.0,0.0,1,0,1,none,decay,373.99,546.01
2026-01-28 15:20:45.823560,4.86,0.81,94.32,532.0,1097.0,0.35,1591.52,2324.3,0.0,16,35,0,0.0,0,1856.0,1856.0,16.0,0.0,1,0,1,none,decay,373.92,546.08
2026-01-28 15:20:46.874432,5.0,0.79,94.21,534.0,1093.0,0.41,1601.41,2314.42,0.0,16,35,0,0.0,0,1856.0,1856.0,16.0,0.0,1,0,1,none,decay,376.24,543.76
2026-01-28 15:20:47.916824,5.74,1.04,93.21,542.0,1049.0,0.41,1599.85,2315.97,0.0,16,35,0,0.0,0,1856.0,1856.0,16.0,0.0,1,0,1,none,decay,375.88,544.12
2026-01-28 15:20:48.985830,4.04,0.25,95.71,401.0,1090.0,0.41,1592.7,2323.13,0.0,16,33,0,0.0,0,928.0,928.0,16.0,0.0,1,0,1,none,decay,374.19,545.81
2026-01-28 15:20:50.019972,8.24,1.86,89.89,584.0,1431.0,0.41,1589.27,2326.56,0.0,16,35,0,0.0,0,1856.0,1856.0,16.0,0.0,1,0,1,none,decay,373.39,546.61
2026-01-28 15:20:51.046792,5.84,0.8,93.37,570.0,1178.0,0.41,1584.02,2331.8,0.0,16,33,0,0.0,0,1026.0,1026.0,16.0,0.0,1,0,1,none,decay,372.16,547.84
2026-01-28 15:20:52.254403,3.85,0.68,95.48,474.0,1120.0,0.37,1577.91,2337.91,0.0,16,35,0,0.0,0,1856.0,1856.0,16.0,0.0,1,0,1,none,decay,370.72,549.28
2026-01-28 15:20:53.519958,6.14,0.85,93.01,648.0,1231.0,0.37,1583.04,2332.79,0.0,16,35,0,0.0,0,1856.0,1856.0,16.0,0.0,1,0,1,none,decay,371.93,548.07
2026-01-28 15:20:54.554114,2.73,0.82,96.45,426.0,885.0,0.37,1578.75,2337.07,0.0,16,35,0,0.0,0,1856.0,1856.0,16.0,0.0,1,0,1,none,decay,370.92,549.08
2026-01-28 15:20:55.602067,8.16,1.84,90.0,620.0,1356.0,0.37,1589.71,2326.12,0.0,16,35,0,0.0,0,1856.0,1856.0,16.0,0.0,1,0,1,none,decay,373.49,546.51
2026-01-28 15:20:56.661177,6.65,0.77,92.58,504.0,1292.0,0.42,1593.57,2322.25,0.0,16,35,0,0.0,0,1898.0,1898.0,16.0,0.0,1,0,1,none,decay,374.4,545.6
2026-01-28 15:20:57.696479,6.33,1.58,92.08,536.0,1182.0,0.42,1593.86,2321.96,0.0,16,35,0,0.0,0,1856.0,1856.0,16.0,0.0,1,0,1,none,decay,374.47,545.53
2026-01-28 15:20:58.722524,1.05,0.52,98.43,201.0,504.0,0.42,1593.32,2322.5,0.0,16,33,0,0.0,0,928.0,928.0,16.0,0.0,1,0,1,none,decay,374.34,545.66
2026-01-28 15:20:59.754665,3.66,0.52,95.82,390.0,929.0,0.42,1588.45,2327.37,0.0,16,35,0,0.0,0,928.0,928.0,16.0,0.0,1,0,1,none,decay,373.2,546.8
2026-01-28 15:21:00.785031,10.46,1.61,87.94,868.0,1911.0,0.42,1595.72,2320.1,0.0,16,35,0,0.0,0,1856.0,1856.0,16.0,0.0,1,0,1,none,decay,374.91,545.09
2026-01-28 15:21:01.820765,8.36,1.35,90.3,605.0,1434.0,0.39,1595.01,2320.82,0.0,16,35,0,0.0,0,1954.0,1954.0,16.0,0.0,1,0,1,none,decay,374.74,545.26
2026-01-28 15:21:02.856126,8.07,0.78,91.15,498.0,1356.0,0.39,1592.11,2323.72,0.0,16,35,0,0.0,0,1856.0,1856.0,16.0,0.0,1,0,1,none,decay,374.06,545.94
2026-01-28 15:21:03.889436,7.92,1.06,91.03,488.0,1280.0,0.39,1598.21,2317.62,0.0,16,35,0,0.0,0,1856.0,1856.0,16.0,0.0,1,0,1,none,decay,375.49,544.51
2026-01-28 15:21:04.923856,7.85,1.57,90.58,441.0,1288.0,0.39,1585.33,2330.49,0.0,16,35,0,0.0,0,1856.0,1856.0,16.0,0.0,1,0,1,none,decay,372.46,547.54
2026-01-28 15:21:05.951614,4.42,0.78,94.81,446.0,1165.0,0.39,1586.26,2329.57,0.0,16,35,0,0.0,0,0.0,0.0,16.0,0.0,1,0,1,none,decay,372.68,547.32
2026-01-28 15:21:06.989112,5.94,1.29,92.76,455.0,1039.0,0.36,1586.96,2328.86,0.0,16,35,0,0.0,0,1856.0,1856.0,16.0,0.0,1,0,1,none,decay,372.85,547.15
2026-01-28 15:21:08.033479,6.63,1.06,92.31,580.0,1503.0,0.36,1587.35,2328.48,0.0,16,35,0,0.0,0,1856.0,1856.0,16.0,0.0,1,0,1,none,decay,372.94,547.06
2026-01-28 15:21:09.086870,4.08,0.82,95.11,455.0,865.0,0.36,1584.22,2331.61,0.0,16,35,0,0.0,0,1856.0,1856.0,16.0,0.0,1,0,1,none,decay,372.2,547.8
2026-01-28 15:21:10.121191,9.3,1.29,89.41,547.0,1349.0,0.36,1595.01,2320.82,0.0,16,35,0,0.0,0,1856.0,1856.0,16.0,0.0,1,0,1,none,decay,374.74,545.26
2026-01-28 15:21:11.142864,4.95,1.56,93.49,515.0,1317.0,0.36,1593.68,2322.15,0.0,16,35,0,0.0,0,0.0,0.0,16.0,0.0,1,0,1,none,decay,374.43,545.57
2026-01-28 15:21:12.171145,7.69,1.33,90.98,480.0,1311.0,0.41,1581.8,2334.03,0.0,16,35,0,0.0,0,1954.0,1954.0,16.0,0.0,1,0,1,none,decay,371.63,548.37
2026-01-28 15:21:13.202252,6.37,1.06,92.57,488.0,1140.0,0.41,1575.32,2340.51,0.0,16,35,0,0.0,0,1856.0,1856.0,16.0,0.0,1,0,1,none,decay,370.11,549.89
2026-01-28 15:21:14.236790,8.36,1.57,90.08,554.0,1351.0,0.41,1582.87,2332.95,0.0,16,35,0,0.0,0,2050.0,1856.0,16.0,0.0,1,0,1,none,decay,371.89,548.11
2026-01-28 15:21:15.268680,7.53,1.04,91.43,447.0,1229.0,0.41,1586.32,2329.51,0.0,16,35,0,0.0,0,1856.0,1856.0,16.0,0.0,1,0,1,none,decay,372.7,547.3
2026-01-28 15:21:16.308646,3.86,0.55,95.59,583.0,1010.0,0.41,1590.86,2324.96,0.0,16,35,0,0.0,0,1856.0,1856.0,16.0,0.0,1,0,1,none,decay,373.76,546.24
2026-01-28 15:21:17.329996,1.04,0.52,98.45,269.0,646.0,0.38,1591.41,2324.42,0.0,16,34,0,0.0,0,0.0,0.0,16.0,0.0,1,0,1,none,decay,373.89,546.11
2026-01-28 15:21:18.842920,4.83,0.93,94.24,659.0,1188.0,0.38,1588.25,2327.57,0.0,16,35,0,0.0,0,3712.0,3712.0,16.0,0.0,1,0,1,none,decay,373.15,546.85
2026-01-28 15:21:20.261259,0.38,0.19,99.44,300.0,552.0,0.38,1590.68,2325.14,0.0,16,35,0,0.0,0,928.0,928.0,16.0,0.0,1,0,1,none,decay,373.72,546.28
2026-01-28 15:21:21.287420,3.23,0.81,95.97,456.0,977.0,0.38,1589.07,2326.76,0.0,16,35,0,0.0,0,928.0,928.0,16.0,0.0,1,0,1,none,decay,373.34,546.66
2026-01-28 15:21:22.325456,6.93,1.07,92.0,635.0,1189.0,0.43,1582.17,2333.66,0.0,16,35,0,0.0,0,1954.0,1954.0,16.0,0.0,1,0,1,none,decay,371.72,548.28
2026-01-28 15:21:23.359473,8.07,1.3,90.62,550.0,1183.0,0.43,1589.62,2326.21,0.0,16,35,0,0.0,0,1856.0,1856.0,16.0,0.0,1,0,1,none,decay,373.47,546.53
2026-01-28 15:21:24.407122,4.99,0.79,94.23,503.0,1125.0,0.43,1591.43,2324.4,0.0,16,35,0,0.0,0,1856.0,1856.0,16.0,0.0,1,0,1,none,decay,373.9,546.1
2026-01-28 15:21:25.437288,7.12,0.79,92.08,506.0,1074.0,0.43,1595.62,2320.2,0.0,16,35,0,0.0,0,1856.0,1856.0,16.0,0.0,1,0,1,none,decay,374.88,545.12
2026-01-28 15:21:26.499088,2.97,0.81,96.22,443.0,921.0,0.39,1599.21,2316.62,0.0,16,35,0,0.0,0,1856.0,1856.0,16.0,0.0,1,0,1,none,decay,375.72,544.28
2026-01-28 15:21:27.526851,2.56,0.51,96.92,258.0,623.0,0.39,1585.37,2330.45,0.0,16,35,0,0.0,0,42.0,42.0,16.0,0.0,1,0,1,none,decay,372.47,547.53
2026-01-28 15:21:28.551008,2.45,0.54,97.01,455.0,636.0,0.39,1583.24,2332.58,0.0,16,35,0,0.0,0,1856.0,1856.0,16.0,0.0,1,0,1,none,decay,371.97,548.03
2026-01-28 15:21:29.584797,2.72,0.54,96.74,420.0,610.0,0.39,1594.28,2321.55,0.0,16,35,0,0.0,0,1856.0,1856.0,16.0,0.0,1,0,1,none,decay,374.57,545.43
2026-01-28 15:21:30.615368,2.96,0.81,96.24,359.0,752.0,0.39,1595.23,2320.6,0.0,16,35,0,0.0,0,1856.0,1856.0,16.0,0.0,1,0,1,none,decay,374.79,545.21
2026-01-28 15:21:31.649263,10.16,1.6,88.24,591.0,1208.0,0.44,1598.0,2317.82,0.0,16,35,0,0.0,0,1856.0,1954.0,16.0,0.0,1,0,1,none,decay,375.44,544.56
2026-01-28 15:21:32.675633,3.55,1.37,95.08,480.0,928.0,0.44,1598.83,2316.99,0.0,16,35,0,0.0,0,1954.0,1856.0,16.0,0.0,1,0,1,none,decay,375.64,544.36
2026-01-28 15:21:33.727225,2.09,0.26,97.64,354.0,555.0,0.44,1596.86,2318.96,0.0,16,35,0,0.0,0,928.0,928.0,16.0,0.0,1,0,1,none,decay,375.17,544.83
2026-01-28 15:21:34.750701,1.04,0.78,98.18,339.0,639.0,0.44,1591.51,2324.31,0.0,16,35,0,0.0,0,928.0,928.0,16.0,0.0,1,0,1,none,decay,373.92,546.08
2026-01-28 15:21:35.786418,7.75,0.78,91.47,472.0,1295.0,0.44,1602.73,2313.09,0.0,16,35,0,0.0,0,1856.0,1856.0,16.0,0.0,1,0,1,none,decay,376.55,543.45
2026-01-28 15:21:36.818802,8.24,1.33,90.43,601.0,1443.0,0.41,1601.82,2314.0,0.0,16,35,0,0.0,0,1856.0,1856.0,16.0,0.0,1,0,1,none,decay,376.34,543.66
2026-01-28 15:21:37.851405,6.79,1.04,92.17,544.0,1177.0,0.41,1587.35,2328.48,0.0,16,35,0,0.0,0,1856.0,1856.0,16.0,0.0,1,0,1,none,decay,372.94,547.06
2026-01-28 15:21:38.883365,5.77,1.31,92.91,451.0,929.0,0.41,1599.09,2316.73,0.0,16,35,0,0.0,0,1856.0,1856.0,16.0,0.0,1,0,1,none,decay,375.7,544.3
2026-01-28 15:21:39.906994,2.34,0.52,97.14,309.0,651.0,0.41,1590.66,2325.16,0.0,16,35,0,0.0,0,0.0,0.0,16.0,0.0,1,0,1,none,decay,373.72,546.28
2026-01-28 15:21:40.938209,4.02,0.8,95.17,452.0,918.0,0.41,1593.66,2322.16,0.0,16,35,0,0.0,0,1856.0,1856.0,16.0,0.0,1,0,1,none,decay,374.42,545.58
2026-01-28 15:21:41.981009,7.44,1.93,90.63,699.0,1378.0,0.53,1593.91,2321.91,0.0,16,35,0,0.0,0,1954.0,1954.0,16.0,0.0,1,0,1,none,decay,374.48,545.52
2026-01-28 15:21:43.017061,2.97,0.54,96.49,389.0,940.0,0.53,1592.58,2323.25,0.0,16,35,0,0.0,0,1856.0,1856.0,16.0,0.0,1,0,1,none,decay,374.17,545.83
2026-01-28 15:21:44.052515,4.28,0.8,94.92,460.0,893.0,0.53,1595.25,2320.57,0.0,16,35,0,0.0,0,1856.0,1856.0,16.0,0.0,1,0,1,none,decay,374.8,545.2
2026-01-28 15:21:45.085140,4.02,1.34,94.64,442.0,822.0,0.53,1586.01,2329.81,0.0,16,35,0,0.0,0,1856.0,1856.0,16.0,0.0,1,0,1,none,decay,372.62,547.38
2026-01-28 15:21:46.155902,0.5,0.0,99.5,182.0,454.0,0.53,1590.41,2325.42,0.0,16,33,0,0.0,0,928.0,928.0,16.0,0.0,1,0,1,none,decay,373.66,546.34
2026-01-28 15:21:47.230847,2.5,1.0,96.5,419.0,575.0,0.57,1589.46,2326.36,0.0,16,35,0,0.0,0,928.0,928.0,16.0,0.0,1,0,1,none,decay,373.43,546.57
2026-01-28 15:21:48.289263,9.46,1.28,89.26,611.0,1239.0,0.57,1597.52,2318.3,0.0,16,35,0,0.0,0,1856.0,1856.0,16.0,0.0,1,0,1,none,decay,375.33,544.67
2026-01-28 15:21:49.379052,4.27,1.01,94.72,450.0,951.0,0.57,1588.16,2327.66,0.0,16,35,0,0.0,0,1856.0,1856.0,16.0,0.0,1,0,1,none,decay,373.13,546.87
2026-01-28 15:21:50.426878,6.43,1.54,92.03,484.0,985.0,0.57,1584.99,2330.83,0.0,16,35,0,0.0,0,1856.0,1856.0,16.0,0.0,1,0,1,none,decay,372.38,547.62
2026-01-28 15:21:51.464581,5.5,0.79,93.72,410.0,814.0,0.53,1590.83,2325.0,0.0,16,35,0,0.0,0,1856.0,1856.0,16.0,0.0,1,0,1,none,decay,373.76,546.24
2026-01-28 15:21:52.504126,8.99,1.59,89.42,620.0,1432.0,0.53,1584.8,2331.02,0.0,16,35,0,0.0,0,1954.0,1954.0,16.0,0.0,1,0,1,none,decay,372.34,547.66
2026-01-28 15:21:53.585882,1.52,0.76,97.73,400.0,668.0,0.53,1586.46,2329.36,0.0,16,33,0,0.0,0,928.0,928.0,16.0,0.0,1,0,1,none,decay,372.73,547.27
2026-01-28 15:21:54.671146,1.5,0.5,98.0,302.0,651.0,0.53,1584.94,2330.88,0.0,16,33,0,0.0,0,928.0,928.0,16.0,0.0,1,0,1,none,decay,372.37,547.63
2026-01-28 15:21:55.824634,1.95,0.73,97.32,481.0,876.0,0.53,1590.97,2324.85,0.0,16,35,0,0.0,0,1856.0,1856.0,16.0,0.0,1,0,1,none,decay,373.79,546.21
2026-01-28 15:21:57.301519,2.93,0.37,96.71,458.0,884.0,0.48,1590.49,2325.34,0.0,16,35,0,0.0,0,1898.0,1898.0,16.0,0.0,1,0,1,none,decay,373.68,546.32
2026-01-28 15:21:58.689561,5.17,0.99,93.84,603.0,1286.0,0.48,1591.82,2324.01,0.0,15,33,0,0.0,0,1856.0,1856.0,15.0,0.0,1,0,1,none,decay,373.99,546.01
2026-01-28 15:21:59.728845,2.16,0.81,97.03,318.0,736.0,0.48,1592.36,2323.47,0.0,16,35,0,0.0,0,1856.0,1856.0,16.0,0.0,1,0,1,none,decay,374.12,545.88
2026-01-28 15:22:00.865633,3.63,0.73,95.64,533.0,856.0,0.48,1592.13,2323.7,0.0,16,35,0,0.0,0,1856.0,1856.0,16.0,0.0,1,0,1,none,decay,374.06,545.94
2026-01-28 15:22:01.898202,5.84,1.06,93.1,460.0,932.0,0.6,1588.93,2326.89,0.0,16,35,0,0.0,0,1856.0,1856.0,16.0,0.0,1,0,1,none,decay,373.31,546.69
2026-01-28 15:22:02.934701,10.65,1.82,87.53,619.0,1408.0,0.6,1586.92,2328.91,0.0,16,35,0,0.0,0,1954.0,1954.0,16.0,0.0,1,0,1,none,decay,372.84,547.16
2026-01-28 15:22:03.967222,5.69,1.36,92.95,541.0,1136.0,0.6,1585.62,2330.21,0.0,16,35,0,0.0,0,1856.0,1856.0,16.0,0.0,1,0,1,none,decay,372.53,547.47
2026-01-28 15:22:04.994114,1.28,0.26,98.47,186.0,435.0,0.6,1587.61,2328.21,0.0,16,35,0,0.0,0,0.0,0.0,16.0,0.0,1,0,1,none,decay,373.0,547.0
2026-01-28 15:22:06.030847,5.0,1.05,93.95,420.0,917.0,0.6,1583.67,2332.15,0.0,16,35,0,0.0,0,1856.0,1856.0,16.0,0.0,1,0,1,none,decay,372.07,547.93
2026-01-28 15:22:07.059743,7.55,1.04,91.41,502.0,1217.0,0.72,1585.66,2330.16,0.0,16,35,0,0.0,0,1856.0,1856.0,16.0,0.0,1,0,1,none,decay,372.54,547.46
2026-01-28 15:22:08.184778,6.07,0.97,92.96,556.0,1288.0,0.72,1586.44,2329.38,0.0,16,33,0,0.0,0,1856.0,1856.0,16.0,0.0,1,0,1,none,decay,372.73,547.27
2026-01-28 15:22:09.216804,9.14,2.15,88.71,669.0,1460.0,0.72,1578.47,2337.36,0.0,16,35,0,0.0,0,1856.0,1856.0,16.0,0.0,1,0,1,none,decay,370.85,549.15
2026-01-28 15:22:10.283907,8.27,1.03,90.7,607.0,1316.0,0.72,1589.45,2326.38,0.0,16,35,0,0.0,0,1856.0,1856.0,16.0,0.0,1,0,1,none,decay,373.43,546.57
2026-01-28 15:22:11.343076,6.15,1.03,92.82,504.0,930.0,0.72,1591.48,2324.34,0.0,16,35,0,0.0,0,1856.0,1856.0,16.0,0.0,1,0,1,none,decay,373.91,546.09
2026-01-28 15:22:12.374751,1.81,0.26,97.93,307.0,505.0,0.74,1587.58,2328.24,0.0,16,35,0,0.0,0,0.0,0.0,16.0,0.0,1,0,1,none,decay,372.99,547.01
2026-01-28 15:22:13.405339,3.3,1.1,95.6,501.0,985.0,0.74,1589.68,2326.14,0.0,16,33,0,0.0,0,1954.0,1954.0,16.0,0.0,1,0,1,none,decay,373.49,546.51
2026-01-28 15:22:14.434336,8.47,1.06,90.48,633.0,1199.0,0.74,1587.23,2328.6,0.0,16,35,0,0.0,0,1856.0,1856.0,16.0,0.0,1,0,1,none,decay,372.91,547.09
2026-01-28 15:22:15.476762,5.47,0.78,93.75,405.0,885.0,0.74,1592.18,2323.64,0.0,16,35,0,0.0,0,1856.0,1856.0,16.0,0.0,1,0,1,none,decay,374.07,545.93
2026-01-28 15:22:16.511138,6.37,0.8,92.84,496.0,1078.0,0.68,1586.73,2329.09,0.0,16,35,0,0.0,0,1856.0,1856.0,16.0,0.0,1,0,1,none,decay,372.79,547.21
2026-01-28 15:22:17.545620,7.07,1.31,91.62,438.0,1085.0,0.68,1587.46,2328.36,0.0,16,35,0,0.0,0,1856.0,1856.0,16.0,0.0,1,0,1,none,decay,372.96,547.04
2026-01-28 15:22:18.586157,3.54,1.09,95.37,491.0,909.0,0.68,1587.56,2328.26,0.0,16,35,0,0.0,0,1898.0,1898.0,16.0,0.0,1,0,1,none,decay,372.99,547.01
2026-01-28 15:22:19.613609,4.95,0.52,94.53,351.0,1002.0,0.68,1583.05,2332.78,0.0,16,35,0,0.0,0,0.0,0.0,16.0,0.0,1,0,1,none,decay,371.93,548.07
2026-01-28 15:22:20.877680,1.55,0.67,97.78,446.0,815.0,0.68,1603.01,2312.82,0.0,16,35,0,0.0,0,2784.0,2784.0,16.0,0.0,1,0,1,none,decay,376.62,543.38
2026-01-28 15:22:21.902544,4.44,1.04,94.52,404.0,1073.0,0.62,1603.09,2312.73,0.0,16,33,0,0.0,0,928.0,928.0,16.0,0.0,1,0,1,none,decay,376.64,543.36
2026-01-28 15:22:22.944253,8.49,1.33,90.19,718.0,1573.0,0.62,1596.73,2319.09,0.0,16,35,0,0.0,0,1954.0,1954.0,16.0,0.0,1,0,1,none,decay,375.14,544.86
2026-01-28 15:22:23.997647,10.57,2.06,87.37,731.0,1693.0,0.62,1587.48,2328.34,0.0,16,35,0,0.0,0,1856.0,1856.0,16.0,0.0,1,0,1,none,decay,372.97,547.03
2026-01-28 15:22:25.037709,7.07,1.05,91.88,572.0,1305.0,0.62,1589.86,2325.97,0.0,16,35,0,0.0,0,1856.0,1856.0,16.0,0.0,1,0,1,none,decay,373.53,546.47
2026-01-28 15:22:26.069023,5.57,0.8,93.63,433.0,1020.0,0.62,1595.18,2320.64,0.0,16,35,0,0.0,0,1856.0,1856.0,16.0,0.0,1,0,1,none,decay,374.78,545.22
2026-01-28 15:22:27.105416,2.9,1.06,96.04,389.0,846.0,0.66,1587.88,2327.94,0.0,16,35,0,0.0,0,928.0,928.0,16.0,0.0,1,0,1,none,decay,373.06,546.94
2026-01-28 15:22:28.152047,1.79,0.26,97.96,290.0,751.0,0.66,1589.26,2326.56,0.0,16,35,0,0.0,0,928.0,928.0,16.0,0.0,1,0,1,none,decay,373.39,546.61
2026-01-28 15:22:29.194612,10.42,1.56,88.02,697.0,1563.0,0.66,1584.34,2331.48,0.0,16,35,0,0.0,0,1856.0,1856.0,16.0,0.0,1,0,1,none,decay,372.23,547.77
2026-01-28 15:22:30.225876,8.4,1.31,90.29,533.0,1346.0,0.66,1590.55,2325.27,0.0,16,35,0,0.0,0,1856.0,1856.0,16.0,0.0,1,0,1,none,decay,373.69,546.31
2026-01-28 15:22:31.278135,6.41,0.77,92.82,416.0,1042.0,0.66,1599.14,2316.69,0.0,16,35,0,0.0,0,1856.0,1856.0,16.0,0.0,1,0,1,none,decay,375.71,544.29
2026-01-28 15:22:32.371631,5.06,1.01,93.92,601.0,1329.0,0.6,1588.19,2327.64,0.0,16,35,0,0.0,0,1856.0,1856.0,16.0,0.0,1,0,1,none,decay,373.14,546.86
2026-01-28 15:22:33.402894,7.05,1.63,91.33,680.0,1370.0,0.6,1593.64,2322.18,0.0,16,35,0,0.0,0,1954.0,1954.0,16.0,0.0,1,0,1,none,decay,374.42,545.58
2026-01-28 15:22:34.451880,5.84,1.33,92.84,488.0,1227.0,0.6,1594.4,2321.43,0.0,16,35,0,0.0,0,1856.0,1856.0,16.0,0.0,1,0,1,none,decay,374.59,545.41
2026-01-28 15:22:35.537074,1.26,0.5,98.24,312.0,754.0,0.6,1602.38,2313.45,0.0,16,34,0,0.0,0,824.0,824.0,16.0,0.0,2,0,1,none,decay,376.47,543.53
2026-01-28 15:22:36.562622,1.35,0.81,97.84,389.0,649.0,0.55,1596.38,2319.45,0.0,16,35,0,0.0,0,1032.0,1032.0,16.0,0.0,1,0,1,none,decay,375.06,544.94
2026-01-28 15:22:37.602679,4.0,0.53,95.47,423.0,842.0,0.55,1592.57,2323.25,0.0,16,35,0,0.0,0,1856.0,1856.0,16.0,0.0,1,0,1,none,decay,374.17,545.83
2026-01-28 15:22:38.641593,7.79,1.04,91.17,563.0,1167.0,0.55,1600.78,2315.05,0.0,16,35,0,0.0,0,1856.0,1856.0,16.0,0.0,1,0,1,none,decay,376.09,543.91
2026-01-28 15:22:39.677793,4.29,2.0,93.71,607.0,1075.0,0.55,1589.04,2326.79,0.0,16,35,0,0.0,0,1856.0,1856.0,16.0,0.0,1,0,1,none,decay,373.34,546.66
2026-01-28 18:56:50.798783,12.84,2.69,84.48,671.0,1277.0,0.69,1631.57,2284.25,0.5,27,60,0,0.0,0,200.0,200.0,27.0,0.0,0,0,1,none,decay,383.33,536.67
2026-01-28 18:56:52.122793,6.15,1.42,92.43,434.0,1150.0,0.64,1633.22,2282.61,0.5,27,60,0,0.0,0,200.0,200.0,27.0,0.0,0,0,1,none,decay,383.71,536.29
2026-01-28 18:56:53.554617,7.6,2.3,90.09,661.0,1320.0,0.64,1634.95,2280.87,0.5,27,60,0,0.0,0,200.0,200.0,27.0,0.0,0,0,1,none,decay,384.12,535.88
2026-01-28 18:56:54.650289,12.05,4.23,83.71,701.0,1336.0,0.64,1634.14,2281.68,0.5,27,58,0,0.0,0,100.0,100.0,27.0,0.0,0,0,1,none,decay,383.93,536.07
2026-01-28 18:56:55.759791,16.72,3.93,79.34,745.0,1551.0,0.64,1643.64,2272.18,0.5,27,58,0,0.0,0,198.0,198.0,27.0,0.0,0,0,1,none,decay,386.16,533.84
2026-01-28 18:56:56.875090,12.9,1.47,85.63,551.0,1323.0,0.83,1645.79,2270.04,0.5,27,60,1,13.0,524,200.0,200.0,27.0,0.0,0,0,1,none,decay,386.67,533.33
2026-01-28 18:56:57.931541,17.07,3.59,79.34,643.0,1625.0,0.83,1644.11,2271.71,0.5,27,60,2,11.2,525,200.0,200.0,27.0,0.0,0,0,1,none,decay,386.27,533.73
2026-01-28 18:56:59.016543,10.2,3.5,86.3,561.0,1513.0,0.83,1647.66,2268.16,0.5,27,60,1,11.0,527,98.0,98.0,27.0,0.0,0,0,1,none,decay,387.11,532.89
2026-01-28 18:57:00.100612,22.18,6.18,71.64,958.0,1681.0,0.83,1647.37,2268.46,0.5,27,60,1,10.8,150,200.0,200.0,27.0,0.0,0,0,1,none,decay,387.04,532.96
2026-01-28 18:57:01.243778,12.22,2.22,85.56,528.0,1438.0,0.83,1647.44,2268.38,0.5,27,60,0,0.0,0,242.0,242.0,27.0,0.0,0,0,1,none,decay,387.06,532.94
2026-01-28 18:57:02.378302,11.02,3.39,85.59,564.0,1317.0,1.0,1648.18,2267.64,0.5,27,60,1,12.6,153,200.0,200.0,27.0,0.0,0,0,1,none,decay,387.23,532.77
2026-01-28 18:57:03.520822,10.74,2.48,86.78,657.0,1583.0,1.0,1649.75,2266.07,0.5,27,60,1,11.4,154,0.0,0.0,27.0,0.0,0,0,1,none,decay,387.6,532.4
2026-01-28 18:57:04.651872,14.25,2.19,83.56,519.0,1404.0,1.0,1643.29,2272.54,0.5,27,60,1,12.3,155,200.0,200.0,27.0,0.0,0,0,1,none,decay,386.08,533.92
2026-01-28 18:57:05.786138,23.85,5.2,70.95,962.0,2106.0,1.0,1644.7,2271.12,0.5,27,60,0,0.0,0,200.0,298.0,27.0,0.0,0,0,1,none,decay,386.41,533.59
2026-01-28 18:57:06.908524,9.28,2.03,88.7,516.0,1105.0,0.92,1640.84,2274.99,0.5,27,60,0,0.0,0,298.0,200.0,27.0,0.0,0,0,1,none,decay,385.51,534.49
2026-01-28 18:57:08.090773,4.27,1.01,94.72,401.0,785.0,0.92,1646.38,2269.45,0.5,27,60,2,11.5,536,0.0,0.0,27.0,0.0,0,0,1,none,decay,386.81,533.19
2026-01-28 18:57:09.227169,17.17,2.77,80.06,667.0,1580.0,0.92,1649.69,2266.14,0.5,27,60,1,10.2,537,298.0,298.0,27.0,0.0,0,0,1,none,decay,387.58,532.42
2026-01-28 18:57:10.302166,15.18,3.27,81.55,664.0,1450.0,0.92,1638.75,2277.07,0.5,27,58,0,0.0,0,200.0,200.0,27.0,0.0,0,0,1,none,decay,385.02,534.98
2026-01-28 18:57:11.399177,24.75,6.69,68.56,920.0,2010.0,1.09,1642.98,2272.84,0.5,27,58,2,10.1,539,200.0,200.0,27.0,0.0,0,0,1,none,decay,386.01,533.99
2026-01-28 18:57:12.475498,2.39,0.27,97.34,257.0,665.0,1.09,1642.98,2272.84,0.5,27,58,0,0.0,0,0.0,0.0,27.0,0.0,0,0,1,none,decay,386.01,533.99
2026-01-28 18:57:13.580451,17.95,3.85,78.21,782.0,1700.0,1.09,1642.77,2273.05,0.5,27,60,1,11.8,541,200.0,200.0,27.0,0.0,0,0,1,none,decay,385.96,534.04
2026-01-28 18:57:14.686540,18.1,4.31,77.59,571.0,1442.0,1.09,1647.37,2268.46,0.5,27,60,1,11.3,542,200.0,200.0,27.0,0.0,0,0,1,none,decay,387.04,532.96
2026-01-28 18:57:15.720198,8.51,1.6,89.89,516.0,1252.0,1.09,1640.77,2275.05,0.5,27,60,0,0.0,0,200.0,200.0,27.0,0.0,0,0,1,none,decay,385.49,534.51
2026-01-28 18:57:16.757200,8.36,2.79,88.86,1361.0,1951.0,1.0,1643.61,2272.21,0.5,27,60,0,0.0,0,98.0,98.0,27.0,0.0,0,0,1,none,decay,386.16,533.84
2026-01-28 18:57:17.790635,6.15,1.68,92.18,1073.0,1307.0,1.0,1643.71,2272.11,0.5,27,60,0,0.0,0,200.0,200.0,27.0,0.0,0,0,1,none,decay,386.18,533.82
2026-01-28 18:57:18.870033,5.85,1.33,92.82,527.0,1275.0,1.0,1636.38,2279.45,0.5,27,60,0,0.0,0,200.0,200.0,27.0,0.0,0,0,1,none,decay,384.46,535.54
2026-01-28 18:57:19.950834,7.61,3.53,88.86,1454.0,1851.0,1.0,1642.41,2273.41,0.5,27,60,0,0.0,0,298.0,298.0,27.0,0.0,0,0,1,none,decay,385.88,534.12
2026-01-28 18:57:20.990708,7.87,2.33,89.8,1152.0,1675.0,1.0,1649.49,2266.34,0.5,27,58,0,0.0,0,200.0,200.0,27.0,0.0,0,0,1,none,decay,387.54,532.46
2026-01-28 18:57:22.053519,5.72,1.09,93.19,603.0,1078.0,0.92,1646.83,2268.99,0.5,27,60,0,0.0,0,242.0,242.0,27.0,0.0,0,0,1,none,decay,386.91,533.09
2026-01-28 18:57:23.097993,22.51,3.54,73.95,1361.0,1995.0,0.92,1673.5,2242.32,0.5,30,69,0,0.0,0,200.0,200.0,30.0,0.0,0,0,1,none,decay,393.18,526.82
2026-01-28 18:57:24.136267,31.05,2.56,66.38,854.0,2483.0,0.92,1698.66,2217.17,0.5,30,69,1,99.3,1,200.0,200.0,30.0,0.0,0,0,1,none,decay,399.09,520.91
2026-01-28 18:57:25.177081,10.72,1.07,88.2,529.0,1449.0,0.92,1703.56,2212.27,0.5,30,69,1,26.1,2,242.0,242.0,30.0,0.0,0,0,1,none,decay,400.24,519.76
2026-01-28 18:57:26.207006,11.26,2.75,85.99,923.0,1989.0,0.92,1708.17,2207.66,0.5,30,65,0,0.0,0,0.0,0.0,30.0,0.0,0,0,1,none,decay,401.32,518.68
2026-01-28 18:57:27.247263,7.97,1.92,90.11,709.0,1330.0,1.49,1708.48,2207.34,0.5,30,69,0,0.0,0,298.0,298.0,30.0,0.0,0,0,1,none,decay,401.4,518.6
2026-01-28 18:57:28.295546,4.17,0.83,95.0,417.0,839.0,1.49,1708.78,2207.05,0.5,30,69,0,0.0,0,200.0,200.0,30.0,0.0,0,0,1,none,decay,401.47,518.53
2026-01-28 18:57:29.342551,7.84,1.68,90.48,750.0,1454.0,1.49,1707.24,2208.59,0.5,30,69,0,0.0,0,298.0,298.0,30.0,0.0,0,0,1,none,decay,401.11,518.89
2026-01-28 18:57:30.382968,6.48,1.41,92.11,666.0,1273.0,1.49,1707.22,2208.6,0.5,30,69,0,0.0,0,200.0,200.0,30.0,0.0,0,0,1,none,decay,401.1,518.9
2026-01-28 18:57:31.420171,10.53,1.94,87.53,792.0,1563.0,1.53,1703.05,2212.77,0.5,30,69,0,0.0,0,200.0,200.0,30.0,0.0,0,0,1,none,decay,400.12,519.88
2026-01-28 18:57:32.551719,3.81,1.02,95.18,409.0,1014.0,1.53,1699.05,2216.77,0.5,30,69,0,0.0,0,200.0,200.0,30.0,0.0,0,0,1,none,decay,399.18,520.82
2026-01-28 18:57:33.591165,7.24,1.07,91.69,484.0,1272.0,1.53,1701.8,2214.02,0.5,30,69,0,0.0,0,100.0,100.0,30.0,0.0,0,0,1,none,decay,399.83,520.17
2026-01-28 18:57:34.682913,3.08,0.77,96.15,435.0,897.0,1.53,1713.68,2202.14,0.5,30,69,0,0.0,0,200.0,200.0,30.0,0.0,0,0,1,none,decay,402.62,517.38
2026-01-28 18:57:35.719782,5.36,0.54,94.1,409.0,952.0,1.53,1705.65,2210.17,0.5,30,69,0,0.0,0,100.0,100.0,30.0,0.0,0,0,1,none,decay,400.73,519.27
2026-01-28 18:57:36.761047,13.54,2.49,83.98,954.0,2135.0,1.49,1711.29,2204.53,0.5,30,69,0,0.0,0,298.0,298.0,30.0,0.0,0,0,1,none,decay,402.06,517.94
2026-01-28 18:57:37.802429,7.57,1.08,91.35,622.0,1216.0,1.49,1719.95,2195.88,0.5,30,69,0,0.0,0,200.0,200.0,30.0,0.0,0,0,1,none,decay,404.09,515.91
2026-01-28 18:57:38.840866,6.89,0.83,92.29,553.0,1261.0,1.49,1718.97,2196.86,0.5,30,69,0,0.0,0,200.0,200.0,30.0,0.0,0,0,1,none,decay,403.86,516.14
2026-01-28 18:57:39.884255,8.36,1.62,90.03,582.0,1314.0,1.49,1704.05,2211.78,0.5,30,69,0,0.0,0,298.0,298.0,30.0,0.0,0,0,1,none,decay,400.36,519.64
2026-01-28 18:57:40.980695,8.68,1.24,90.07,589.0,1244.0,1.49,1699.35,2216.48,0.5,30,69,0,0.0,0,200.0,200.0,30.0,0.0,0,0,1,none,decay,399.25,520.75
2026-01-28 18:57:42.022515,6.63,1.38,91.99,614.0,1475.0,1.37,1704.75,2211.07,0.5,30,69,0,0.0,0,100.0,100.0,30.0,0.0,0,0,1,none,decay,400.52,519.48
2026-01-28 18:57:43.057033,6.1,1.06,92.84,546.0,1163.0,1.37,1702.83,2212.99,0.5,30,69,0,0.0,0,100.0,100.0,30.0,0.0,0,0,1,none,decay,400.07,519.93
2026-01-28 18:57:44.097024,8.31,1.07,90.62,727.0,1521.0,1.37,1713.72,2202.11,0.5,30,69,0,0.0,0,200.0,200.0,30.0,0.0,0,0,1,none,decay,402.63,517.37
2026-01-28 18:57:45.140802,8.92,1.05,90.03,562.0,1401.0,1.37,1709.4,2206.42,0.5,30,69,0,0.0,0,200.0,200.0,30.0,0.0,0,0,1,none,decay,401.61,518.39
2026-01-28 18:57:46.218071,8.23,1.03,90.75,510.0,1280.0,1.37,1711.0,2204.83,0.5,30,69,0,0.0,0,200.0,200.0,30.0,0.0,0,0,1,none,decay,401.99,518.01
2026-01-28 18:57:47.266252,9.54,2.31,88.15,933.0,1699.0,1.26,1711.01,2204.82,0.5,30,69,0,0.0,0,298.0,298.0,30.0,0.0,0,0,1,none,decay,401.99,518.01
2026-01-28 18:57:48.306635,8.61,2.5,88.89,1276.0,1821.0,1.26,1713.95,2201.88,0.5,30,69,0,0.0,0,200.0,200.0,30.0,0.0,0,0,1,none,decay,402.68,517.32
2026-01-28 18:57:49.361503,8.52,2.84,88.64,1465.0,1856.0,1.26,1709.28,2206.55,0.5,30,69,0,0.0,0,200.0,200.0,30.0,0.0,0,0,1,none,decay,401.58,518.42
2026-01-28 18:57:50.415471,8.49,1.64,89.86,719.0,1387.0,1.26,1711.33,2204.5,0.5,29,67,0,0.0,0,298.0,298.0,29.0,0.0,0,0,1,none,decay,402.07,517.93
2026-01-28 18:57:51.453923,4.7,0.52,94.78,399.0,926.0,1.16,1717.05,2198.77,0.5,30,67,0,0.0,0,0.0,0.0,30.0,0.0,0,0,1,none,decay,403.41,516.59
2026-01-28 18:57:52.492421,7.89,1.69,90.42,736.0,1363.0,1.16,1713.42,2202.41,0.5,30,69,0,0.0,0,242.0,242.0,30.0,0.0,0,0,1,none,decay,402.56,517.44
2026-01-28 18:57:53.544391,3.91,0.56,95.53,522.0,866.0,1.16,1711.42,2204.41,0.5,30,69,0,0.0,0,200.0,200.0,30.0,0.0,0,0,1,none,decay,402.09,517.91
2026-01-28 18:57:54.587560,4.96,1.1,93.94,540.0,904.0,1.16,1705.49,2210.34,0.5,30,69,0,0.0,0,200.0,200.0,30.0,0.0,0,0,1,none,decay,400.69,519.31
2026-01-28 18:57:55.630472,7.71,1.38,90.91,657.0,1363.0,1.16,1709.45,2206.37,0.5,30,69,0,0.0,0,242.0,242.0,30.0,0.0,0,0,1,none,decay,401.63,518.37
2026-01-28 18:57:56.704991,7.79,1.04,91.17,627.0,1266.0,1.14,1709.83,2205.99,0.5,29,67,0,0.0,0,200.0,200.0,29.0,0.0,0,0,1,none,decay,401.71,518.29
2026-01-28 18:57:57.752421,13.69,2.51,83.8,871.0,2105.0,1.14,1698.75,2217.08,0.5,30,69,0,0.0,0,298.0,298.0,30.0,0.0,0,0,1,none,decay,399.11,520.89
2026-01-28 18:57:58.800169,6.47,1.08,92.45,554.0,1215.0,1.14,1703.71,2212.11,0.5,30,69,0,0.0,0,200.0,200.0,30.0,0.0,0,0,1,none,decay,400.28,519.72
2026-01-28 18:57:59.888773,8.82,2.41,88.77,715.0,1542.0,1.14,1702.06,2213.77,0.5,30,69,0,0.0,0,198.0,198.0,30.0,0.0,0,0,1,none,decay,399.89,520.11
2026-01-28 18:58:00.930605,5.79,1.32,92.89,633.0,1138.0,1.14,1702.18,2213.64,0.5,30,67,0,0.0,0,100.0,100.0,30.0,0.0,0,0,1,none,decay,399.92,520.08
2026-01-28 18:58:01.981933,9.14,1.31,89.56,517.0,1488.0,1.05,1708.06,2207.77,0.5,30,69,0,0.0,0,200.0,200.0,30.0,0.0,0,0,1,none,decay,401.3,518.7
2026-01-28 18:58:03.030589,9.78,2.23,87.99,714.0,1531.0,1.05,1697.33,2218.5,0.5,30,69,0,0.0,0,200.0,200.0,30.0,0.0,0,0,1,none,decay,398.78,521.22
2026-01-28 18:58:04.076298,10.37,2.13,87.5,702.0,1679.0,1.05,1705.46,2210.36,0.5,30,69,0,0.0,0,200.0,200.0,30.0,0.0,0,0,1,none,decay,400.69,519.31
2026-01-28 18:58:05.114665,7.28,0.81,91.91,533.0,1184.0,1.05,1711.49,2204.33,0.5,30,69,0,0.0,0,200.0,200.0,30.0,0.0,0,0,1,none,decay,402.1,517.9
2026-01-28 18:58:06.163181,4.86,0.81,94.32,421.0,892.0,1.05,1709.65,2206.17,0.5,30,69,0,0.0,0,200.0,200.0,30.0,0.0,0,0,1,none,decay,401.67,518.33
2026-01-28 18:58:07.210583,4.47,0.84,94.69,455.0,882.0,0.97,1696.15,2219.68,0.5,30,69,0,0.0,0,298.0,298.0,30.0,0.0,0,0,1,none,decay,398.5,521.5
2026-01-28 18:58:08.251045,10.22,1.61,88.17,711.0,1592.0,0.97,1698.68,2217.15,0.5,30,69,0,0.0,0,100.0,100.0,30.0,0.0,0,0,1,none,decay,399.09,520.91
2026-01-28 18:58:09.290971,8.86,2.22,88.92,1034.0,1690.0,0.97,1704.46,2211.37,0.5,30,69,0,0.0,0,100.0,100.0,30.0,0.0,0,0,1,none,decay,400.45,519.55
2026-01-28 18:58:10.344446,9.79,1.85,88.36,605.0,1453.0,0.97,1706.28,2209.55,0.5,30,69,0,0.0,0,298.0,298.0,30.0,0.0,0,0,1,none,decay,400.88,519.12
2026-01-28 18:58:11.439714,5.15,0.77,94.07,407.0,1036.0,0.89,1704.84,2210.98,0.5,30,69,0,0.0,0,200.0,200.0,30.0,0.0,0,0,1,none,decay,400.54,519.46
2026-01-28 18:58:12.490201,4.92,0.55,94.54,490.0,1038.0,0.89,1704.84,2210.98,0.5,29,65,0,0.0,0,200.0,200.0,29.0,0.0,0,0,1,none,decay,400.54,519.46
2026-01-28 18:58:13.534037,10.58,2.79,86.63,803.0,1803.0,0.89,1709.91,2205.91,0.5,30,69,0,0.0,0,200.0,200.0,30.0,0.0,0,0,1,none,decay,401.73,518.27
2026-01-28 18:58:14.589748,4.38,0.82,94.79,435.0,815.0,0.89,1696.16,2219.67,0.5,30,69,0,0.0,0,200.0,200.0,30.0,0.0,0,0,1,none,decay,398.5,521.5
2026-01-28 18:58:15.638181,6.93,1.07,92.0,513.0,1128.0,0.89,1689.75,2226.07,0.5,30,69,0,0.0,0,200.0,200.0,30.0,0.0,0,0,1,none,decay,397.0,523.0
2026-01-28 18:58:16.682315,4.88,0.81,94.31,412.0,1152.0,0.9,1697.6,2218.22,0.5,30,67,0,0.0,0,200.0,200.0,30.0,0.0,0,0,1,none,decay,398.84,521.16
2026-01-28 18:58:17.720957,9.84,1.91,88.25,616.0,1726.0,0.9,1700.98,2214.84,0.5,30,63,0,0.0,0,198.0,198.0,30.0,0.0,0,0,1,none,decay,399.64,520.36
2026-01-28 18:58:18.780063,5.93,0.81,93.26,518.0,1133.0,0.9,1714.82,2201.0,0.5,30,69,0,0.0,0,100.0,100.0,30.0,0.0,0,0,1,none,decay,402.89,517.11
2026-01-28 18:58:20.203517,2.64,0.81,96.55,577.0,927.0,0.9,1710.7,2205.12,0.5,29,67,0,0.0,0,300.0,300.0,29.0,0.0,0,0,1,none,decay,401.92,518.08
2026-01-28 18:58:21.966146,2.71,0.64,96.66,629.0,1240.0,0.83,1706.95,2208.88,0.5,30,69,0,0.0,0,298.0,298.0,30.0,0.0,0,0,1,none,decay,401.04,518.96
2026-01-28 18:58:23.082041,6.12,1.33,92.55,715.0,1186.0,0.83,1699.52,2216.3,0.5,30,69,0,0.0,0,242.0,242.0,30.0,0.0,0,0,1,none,decay,399.29,520.71
2026-01-28 18:58:24.125674,2.97,1.08,95.95,417.0,760.0,0.83,1703.54,2212.29,0.5,30,69,0,0.0,0,100.0,100.0,30.0,0.0,0,0,1,none,decay,400.24,519.76
2026-01-28 18:58:25.169588,6.15,0.8,93.05,527.0,1048.0,0.83,1701.75,2214.07,0.5,30,69,0,0.0,0,200.0,200.0,30.0,0.0,0,0,1,none,decay,399.82,520.18
2026-01-28 18:58:26.299229,8.25,1.5,90.25,706.0,1420.0,0.83,1708.47,2207.36,0.5,30,69,0,0.0,0,200.0,200.0,30.0,0.0,0,0,1,none,decay,401.39,518.61
2026-01-28 18:58:27.334143,8.7,1.09,90.22,657.0,1473.0,0.84,1708.1,2207.72,0.5,30,69,0,0.0,0,298.0,298.0,30.0,0.0,0,0,1,none,decay,401.31,518.69
2026-01-28 18:58:28.374471,9.7,1.66,88.64,654.0,1365.0,0.84,1703.1,2212.72,0.5,30,69,0,0.0,0,200.0,200.0,30.0,0.0,0,0,1,none,decay,400.13,519.87
2026-01-28 18:58:29.419216,6.32,1.37,92.31,601.0,1116.0,0.84,1710.05,2205.78,0.5,30,69,0,0.0,0,200.0,200.0,30.0,0.0,0,0,1,none,decay,401.77,518.23
2026-01-28 18:58:30.460346,8.03,1.39,90.58,622.0,1199.0,0.84,1701.52,2214.3,0.5,30,67,0,0.0,0,298.0,298.0,30.0,0.0,0,0,1,none,decay,399.76,520.24
2026-01-28 14:54:07.531453,8.0,3.08,88.92,1908.0,3294.0,0.57,1495.81,2420.02,0.0,12,27,0,0.0,0,2651.9,4166.14,190.5,0.0,242,1,0,portscan,onset,351.43,568.57
2026-01-28 14:54:08.790280,8.0,3.97,88.03,1794.0,2850.0,0.57,1496.04,2419.79,0.0,12,27,0,0.0,0,3519.73,2868.47,79.5,0.0,145,1,0,portscan,onset,351.49,568.51
2026-01-28 14:54:10.023102,8.0,3.0,89.0,1251.0,2092.5,0.57,1503.48,2412.34,0.0,12,27,0,0.0,0,5977.78,4575.76,163.5,0.0,255,1,0,portscan,onset,353.23,566.77
2026-01-28 14:54:11.156275,8.0,3.0,89.0,1665.0,4012.5,0.53,1511.11,2404.71,0.0,12,27,0,0.0,0,3246.82,3380.74,84.0,0.0,269,1,0,portscan,onset,355.03,564.97
2026-01-28 14:54:12.232170,8.99,3.8,87.21,1243.5,3675.0,0.53,1503.11,2412.71,0.0,12,27,0,0.0,0,5962.32,2893.95,105.0,0.0,229,1,0,portscan,onset,353.15,566.85
2026-01-28 14:54:13.261783,12.51,3.99,83.5,1644.0,4756.5,0.53,1503.36,2412.47,0.0,12,27,0,0.0,0,2348.13,2398.04,105.0,0.0,238,1,0,portscan,onset,353.21,566.79
2026-01-28 14:54:14.293481,9.0,4.04,86.96,1923.0,3229.5,0.53,1515.53,2400.29,0.0,12,27,0,0.0,0,3059.88,5455.07,103.5,0.0,123,1,0,portscan,onset,356.07,563.93
2026-01-28 14:54:15.323429,9.02,3.15,87.83,2035.5,3369.0,0.53,1515.4,2400.43,0.0,12,27,0,0.0,0,2911.96,5967.76,142.5,0.0,195,1,0,portscan,onset,356.03,563.97
2026-01-28 14:54:16.351899,8.84,4.4,86.76,1576.5,3636.0,0.48,1520.95,2394.88,0.0,12,27,0,0.0,0,4067.08,4300.62,82.5,0.0,119,1,0,portscan,onset,357.34,562.66
2026-01-28 14:54:17.443230,8.0,3.0,89.0,921.0,3936.0,0.48,1520.97,2394.85,0.0,12,27,0,0.0,0,2102.3,3189.71,163.5,0.0,279,1,0,portscan,onset,357.34,562.66
2026-01-28 14:54:18.527908,13.65,3.68,82.67,2011.5,3571.5,0.48,1514.62,2401.21,0.0,12,27,0,0.0,0,3996.12,4124.11,184.5,0.0,265,1,0,portscan,onset,355.85,564.15
2026-01-28 14:54:19.588263,8.0,3.0,89.0,1212.0,3306.0,0.48,1518.32,2397.51,0.0,12,27,0,0.0,0,4116.34,2062.84,96.0,0.0,279,1,0,portscan,onset,356.72,563.28
2026-01-28 14:54:20.620693,8.0,3.0,89.0,1519.5,3133.5,0.48,1520.04,2395.79,0.0,12,27,0,0.0,0,4935.98,5342.96,88.5,0.0,273,1,0,portscan,onset,357.12,562.88
2026-01-28 14:54:21.649363,10.13,3.0,86.87,1671.0,4078.5,0.45,1517.82,2398.0,0.0,12,27,0,0.0,0,4008.53,3537.73,151.5,0.0,180,1,0,portscan,onset,356.6,563.4
2026-01-28 14:54:22.696920,8.67,3.41,87.92,1353.0,4089.0,0.45,1520.55,2395.27,0.0,12,27,0,0.0,0,4136.17,3355.1,195.0,0.0,197,1,0,portscan,onset,357.24,562.76
2026-01-28 14:54:23.724710,12.78,3.0,84.22,1192.5,3640.5,0.45,1518.99,2396.84,0.0,12,27,0,0.0,0,2320.61,5282.37,147.0,0.0,130,1,0,portscan,onset,356.88,563.12
2026-01-28 14:54:24.753044,8.0,3.0,89.0,1522.5,2757.0,0.45,1523.39,2392.43,0.0,12,27,0,0.0,0,2279.25,4162.26,147.0,0.0,220,1,0,portscan,onset,357.91,562.09
2026-01-28 14:54:25.771212,8.23,3.61,88.16,1311.0,3685.5,0.45,1522.64,2393.19,0.0,12,27,0,0.0,0,5717.1,4373.68,180.0,0.0,224,1,0,portscan,onset,357.73,562.27
2026-01-28 14:54:26.815408,14.44,3.77,81.79,1323.0,4722.0,0.49,1515.86,2399.96,0.0,12,27,0,0.0,0,5188.0,5148.91,139.5,0.0,156,1,0,portscan,onset,356.14,563.86
2026-01-28 14:54:27.844195,8.0,3.0,89.0,1174.5,2911.5,0.49,1517.4,2398.43,0.0,12,27,0,0.0,0,3307.07,5365.95,118.5,0.0,186,1,0,portscan,onset,356.5,563.5
2026-01-28 14:54:28.868061,14.34,4.11,81.55,1627.5,5083.5,0.49,1520.07,2395.76,0.0,12,27,0,0.0,0,4213.41,4625.69,120.0,0.0,179,1,0,portscan,onset,357.13,562.87
2026-01-28 14:54:29.894081,9.02,3.06,87.92,1566.0,4501.5,0.49,1524.2,2391.63,0.0,12,27,0,0.0,0,5878.27,4654.04,153.0,0.0,159,1,0,portscan,onset,358.1,561.9
2026-01-28 14:54:30.920552,8.0,3.0,89.0,1269.0,2719.5,0.49,1518.05,2397.77,0.0,12,27,0,0.0,0,4101.7,3294.18,192.0,0.0,130,1,0,portscan,onset,356.66,563.34
2026-01-28 14:54:31.952408,8.0,3.0,89.0,1479.0,2389.5,0.45,1522.05,2393.78,0.0,12,27,0,0.0,0,3268.6,4499.99,99.0,0.0,165,1,0,portscan,onset,357.6,562.4
2026-01-28 14:54:32.975179,8.0,3.42,88.58,1062.0,3313.5,0.45,1516.98,2398.84,0.0,12,27,0,0.0,0,3944.85,3148.83,159.0,0.0,198,1,0,portscan,onset,356.41,563.59
2026-01-28 14:54:34.003902,8.0,3.0,89.0,1746.0,3748.5,0.45,1506.64,2409.19,0.0,12,27,0,0.0,0,3656.83,2397.62,162.0,0.0,275,1,0,portscan,onset,353.98,566.02
2026-01-28 14:54:35.034088,9.67,3.0,87.33,1533.0,3049.5,0.45,1511.31,2404.52,0.0,12,27,0,0.0,0,3053.37,4122.65,154.5,0.0,228,1,0,portscan,onset,355.07,564.93
2026-01-28 14:54:36.062278,8.0,3.17,88.83,930.0,3573.0,0.5,1512.74,2403.09,0.0,12,27,0,0.0,0,3002.82,5728.31,93.0,0.0,214,1,0,portscan,onset,355.41,564.59
2026-01-28 14:54:37.087295,8.25,3.2,88.55,1441.5,3517.5,0.5,1516.63,2399.19,0.0,12,27,0,0.0,0,3082.17,4765.84,108.0,0.0,261,1,0,portscan,onset,356.32,563.68
2026-01-28 14:54:38.110366,8.0,3.0,89.0,1189.5,2770.5,0.5,1506.63,2409.19,0.0,12,27,0,0.0,0,3737.17,4157.09,148.5,0.0,141,1,0,portscan,onset,353.97,566.03
2026-01-28 14:54:39.135553,12.72,4.76,82.52,1503.0,4311.0,0.5,1515.07,2400.76,0.0,12,27,0,0.0,0,4996.15,4705.67,151.5,0.0,140,1,0,portscan,onset,355.96,564.04
2026-01-28 14:54:40.168638,8.57,3.0,88.43,1195.5,3504.0,0.5,1518.36,2397.46,0.0,12,27,0,0.0,0,4514.89,5340.0,162.0,0.0,217,1,0,portscan,onset,356.73,563.27
2026-01-28 14:54:41.197244,8.0,3.81,88.19,1008.0,2197.5,0.46,1518.36,2397.47,0.0,12,27,0,0.0,0,3856.1,3122.54,103.5,0.0,221,1,0,portscan,onset,356.73,563.27
2026-01-28 14:54:42.224185,8.0,3.0,89.0,1383.0,2611.5,0.46,1518.5,2397.32,0.0,12,27,0,0.0,0,4653.83,2019.69,181.5,0.0,295,1,0,portscan,onset,356.76,563.24
2026-01-28 14:54:43.258183,8.24,3.0,88.76,1588.5,3423.0,0.46,1518.5,2397.32,0.0,12,27,0,0.0,0,4491.63,3515.06,132.0,0.0,252,1,0,portscan,onset,356.76,563.24
2026-01-28 14:54:44.303774,8.0,3.9,88.1,1609.5,3687.0,0.46,1512.76,2403.06,0.0,12,27,0,0.0,0,4584.38,4313.55,136.5,0.0,230,1,0,portscan,onset,355.41,564.59
2026-01-28 14:54:45.335760,8.71,3.71,87.58,1788.0,3511.5,0.46,1519.95,2395.87,0.0,12,27,0,0.0,0,3975.6,4409.33,96.0,0.0,283,1,0,portscan,onset,357.1,562.9
2026-01-28 14:54:46.364322,8.0,3.0,89.0,1540.5,2847.0,0.5,1515.95,2399.87,0.0,12,27,0,0.0,0,4622.64,5046.01,127.5,0.0,176,1,0,portscan,onset,356.16,563.84
2026-01-28 14:54:47.392524,8.0,3.0,89.0,1386.0,3489.0,0.5,1518.92,2396.91,0.0,12,27,0,0.0,0,2898.93,2388.62,132.0,0.0,251,1,0,portscan,onset,356.86,563.14
2026-01-28 14:54:48.417478,8.0,3.14,88.86,819.0,2604.0,0.5,1518.95,2396.88,0.0,12,27,0,0.0,0,2338.88,4458.45,87.0,0.0,230,1,0,portscan,onset,356.87,563.13
2026-01-28 14:54:49.445507,8.0,3.0,89.0,873.0,2059.5,0.5,1518.95,2396.88,0.0,12,27,0,0.0,0,4424.72,5463.44,81.0,0.0,271,1,0,portscan,onset,356.87,563.13
2026-01-28 14:54:50.472724,8.83,3.96,87.21,1146.0,3663.0,0.5,1508.36,2407.46,0.0,12,27,0,0.0,0,3738.79,2616.57,121.5,0.0,235,1,0,portscan,onset,354.38,565.62
2026-01-28 14:54:51.501254,8.0,3.0,89.0,1387.5,3576.0,0.46,1509.67,2406.15,0.0,12,27,0,0.0,0,4483.27,4396.04,123.0,0.0,195,1,0,portscan,onset,354.69,565.31
2026-01-28 14:54:52.533153,8.0,3.0,89.0,1212.0,3591.0,0.46,1509.92,2405.91,0.0,12,27,0,0.0,0,2083.52,5419.43,106.5,0.0,197,1,0,portscan,onset,354.75,565.25
2026-01-28 14:54:53.573124,8.0,3.0,89.0,909.0,2469.0,0.46,1509.92,2405.91,0.0,12,27,0,0.0,0,3568.63,4047.41,166.5,0.0,105,1,0,portscan,onset,354.75,565.25
2026-01-28 14:54:54.601398,9.6,3.26,87.14,1795.5,3660.0,0.46,1510.79,2405.03,0.0,12,27,0,0.0,0,2252.81,4774.28,196.5,0.0,224,1,0,portscan,onset,354.95,565.05
2026-01-28 14:54:55.641831,8.0,3.24,88.76,1207.5,2500.5,0.46,1518.65,2397.17,0.0,12,27,0,0.0,0,3968.64,5013.46,169.5,0.0,202,1,0,portscan,onset,356.8,563.2
2026-01-28 14:54:56.669581,8.0,3.44,88.56,1462.5,3693.0,0.42,1514.68,2401.14,0.0,12,27,0,0.0,0,3134.3,5072.15,114.0,0.0,229,1,0,portscan,onset,355.87,564.13
2026-01-28 14:54:57.780941,8.0,3.37,88.63,1384.5,3387.0,0.42,1513.82,2402.0,0.0,12,27,0,0.0,0,5280.5,4320.76,132.0,0.0,194,1,0,portscan,onset,355.66,564.34
2026-01-28 14:54:58.923030,8.0,3.0,89.0,1522.5,2887.5,0.42,1515.66,2400.16,0.0,12,27,0,0.0,0,2211.59,4565.62,144.0,0.0,178,1,0,portscan,onset,356.1,563.9
2026-01-28 14:54:59.951893,9.13,3.97,86.9,2169.0,3022.5,0.42,1511.16,2404.66,0.0,12,27,0,0.0,0,2954.31,4031.88,96.0,0.0,116,1,0,portscan,onset,355.04,564.96
2026-01-28 14:55:00.973702,8.0,3.0,89.0,1332.0,3237.0,0.42,1518.86,2396.97,0.0,12,27,0,0.0,0,2657.29,4745.3,121.5,0.0,111,1,0,portscan,onset,356.85,563.15
2026-01-28 14:55:01.996861,8.0,3.0,89.0,1285.5,3034.5,0.39,1518.86,2396.97,0.0,12,27,0,0.0,0,4386.45,5565.57,118.5,0.0,102,1,0,portscan,onset,356.85,563.15
2026-01-28 14:55:03.021510,8.0,3.49,88.51,1435.5,3277.5,0.39,1520.14,2395.68,0.0,12,27,0,0.0,0,2768.17,5124.16,91.5,0.0,212,1,0,portscan,onset,357.15,562.85
2026-01-28 14:55:04.049518,8.0,3.0,89.0,1798.5,2887.5,0.39,1520.16,2395.67,0.0,12,27,0,0.0,0,5605.71,4939.03,172.5,0.0,219,1,0,portscan,onset,357.15,562.85
2026-01-28 14:55:05.189416,8.0,3.0,89.0,1291.5,3249.0,0.39,1515.23,2400.59,0.0,12,27,0,0.0,0,3977.84,5634.68,186.0,0.0,242,1,0,portscan,onset,355.99,564.01
2026-01-28 14:55:06.760583,8.0,3.42,88.58,1582.5,3742.5,0.36,1518.73,2397.09,0.0,12,27,0,0.0,0,4028.52,4036.33,130.5,0.0,253,1,0,portscan,onset,356.82,563.18
2026-01-28 14:55:07.831924,8.0,3.0,89.0,1444.5,3076.5,0.36,1522.73,2393.09,0.0,12,27,0,0.0,0,3330.11,2064.47,145.5,0.0,144,1,0,portscan,onset,357.76,562.24
2026-01-28 14:55:08.917248,8.0,3.68,88.32,1081.5,2542.5,0.36,1516.98,2398.85,0.0,12,27,0,0.0,0,5246.63,5448.79,163.5,0.0,294,1,0,portscan,onset,356.41,563.59
2026-01-28 14:55:09.950012,9.66,3.0,87.34,1636.5,2785.5,0.36,1517.22,2398.61,0.0,12,27,0,0.0,0,5046.1,2392.57,139.5,0.0,126,1,0,portscan,onset,356.46,563.54
2026-01-28 14:55:10.980216,10.82,3.5,85.68,1827.0,2758.5,0.36,1518.17,2397.65,0.0,12,27,0,0.0,0,4854.79,2399.68,84.0,0.0,232,1,0,portscan,onset,356.69,563.31
2026-01-28 14:55:12.011015,8.0,4.14,87.86,1528.5,3714.0,0.33,1514.07,2401.75,0.0,12,27,0,0.0,0,2700.45,5669.16,189.0,0.0,130,1,0,portscan,onset,355.72,564.28
2026-01-28 14:55:13.027487,8.0,3.0,89.0,1497.0,2638.5,0.33,1514.07,2401.75,0.0,12,27,0,0.0,0,3274.25,4604.4,187.5,0.0,181,1,0,portscan,onset,355.72,564.28
2026-01-28 14:55:14.045914,8.0,3.0,89.0,966.0,2754.0,0.33,1510.07,2405.75,0.0,12,27,0,0.0,0,5158.22,5136.79,84.0,0.0,215,1,0,portscan,onset,354.78,565.22
2026-01-28 14:55:15.075506,8.0,3.81,88.19,1759.5,3646.5,0.33,1518.32,2397.51,0.0,12,27,0,0.0,0,3007.99,2902.57,112.5,0.0,241,1,0,portscan,onset,356.72,563.28
2026-01-28 14:55:16.101160,8.85,3.0,88.15,1099.5,3642.0,0.3,1509.1,2406.73,0.0,12,27,0,0.0,0,2181.91,3840.02,171.0,0.0,261,1,0,portscan,onset,354.55,565.45
2026-01-28 14:55:17.130811,8.76,3.24,88.0,1035.0,3846.0,0.3,1513.24,2402.58,0.0,12,27,0,0.0,0,4557.66,3462.86,150.0,0.0,123,1,0,portscan,onset,355.53,564.47
2026-01-28 14:55:18.158103,8.75,3.44,87.81,1518.0,3648.0,0.3,1513.36,2402.46,0.0,12,27,0,0.0,0,4269.17,3921.77,165.0,0.0,259,1,0,portscan,onset,355.56,564.44
2026-01-28 14:55:19.186231,8.0,3.0,89.0,1537.5,3598.5,0.3,1506.28,2409.55,0.0,12,27,0,0.0,0,3643.31,5452.57,108.0,0.0,298,1,0,portscan,onset,353.89,566.11
2026-01-28 14:55:20.216416,8.0,3.0,89.0,1791.0,2500.5,0.3,1513.83,2401.99,0.0,12,27,0,0.0,0,4344.93,3029.38,186.0,0.0,265,1,0,portscan,onset,355.67,564.33
2026-01-28 14:55:21.459233,9.42,4.71,85.87,1585.5,2754.0,0.28,1504.0,2411.82,0.0,12,27,0,0.0,0,5423.99,2576.86,175.5,0.0,175,1,0,portscan,onset,353.36,566.64
2026-01-28 14:55:22.486182,8.0,3.0,89.0,978.0,2542.5,0.28,1510.95,2404.87,0.0,12,27,0,0.0,0,5817.12,5872.71,85.5,0.0,177,1,0,portscan,onset,354.99,565.01
2026-01-28 14:55:23.505910,8.17,3.0,88.83,1330.5,3631.5,0.28,1510.95,2404.88,0.0,12,27,0,0.0,0,2462.6,2558.29,120.0,0.0,142,1,0,portscan,onset,354.99,565.01
2026-01-28 14:55:24.534579,8.0,3.0,89.0,891.0,3415.5,0.28,1518.39,2397.43,0.0,11,25,0,0.0,0,4479.34,4393.64,135.0,0.0,274,1,0,portscan,onset,356.74,563.26
2026-01-28 14:55:25.558843,8.0,3.0,89.0,906.0,3205.5,0.28,1518.39,2397.43,0.0,12,27,0,0.0,0,5091.46,4565.75,171.0,0.0,152,1,0,portscan,onset,356.74,563.26
2026-01-28 14:55:26.597375,10.57,4.09,85.34,1419.0,4134.0,0.33,1514.42,2401.41,0.0,12,27,0,0.0,0,5723.52,4588.31,196.5,0.0,225,1,0,portscan,onset,355.8,564.2
2026-01-28 14:55:27.628976,9.36,3.0,87.64,1149.0,4602.0,0.33,1514.56,2401.26,0.0,12,27,0,0.0,0,4713.15,2240.63,156.0,0.0,148,1,0,portscan,onset,355.84,564.16
2026-01-28 14:55:28.659705,8.0,3.0,89.0,1590.0,3484.5,0.33,1506.7,2409.12,0.0,12,27,0,0.0,0,2991.99,2147.9,78.0,0.0,111,1,0,portscan,onset,353.99,566.01
2026-01-28 14:55:29.686574,9.79,3.62,86.59,1831.5,3180.0,0.33,1508.3,2407.52,0.0,12,27,0,0.0,0,5206.98,3329.65,111.0,0.0,244,1,0,portscan,onset,354.37,565.63
2026-01-28 14:55:30.722036,8.0,3.0,89.0,1051.5,3064.5,0.33,1509.09,2406.74,0.0,12,27,0,0.0,0,5239.83,3127.91,145.5,0.0,228,1,0,portscan,onset,354.55,565.45
2026-01-28 14:55:31.751717,10.25,4.18,85.57,1714.5,3871.5,0.31,1508.81,2407.02,0.0,12,27,0,0.0,0,5303.54,2255.85,144.0,0.0,268,1,0,portscan,onset,354.49,565.51
2026-01-28 14:55:32.780490,9.57,3.2,87.23,1669.5,3000.0,0.31,1509.8,2406.02,0.0,12,27,0,0.0,0,5653.94,4624.86,165.0,0.0,255,1,0,portscan,onset,354.72,565.28
2026-01-28 14:55:33.813715,8.0,3.0,89.0,1005.0,3429.0,0.31,1504.68,2411.14,0.0,12,27,0,0.0,0,5582.37,4246.76,106.5,0.0,156,1,0,portscan,onset,353.52,566.48
2026-01-28 14:55:34.836813,8.0,3.0,89.0,1398.0,3672.0,0.31,1503.12,2412.7,0.0,12,27,0,0.0,0,2280.66,4412.09,178.5,0.0,130,1,0,portscan,onset,353.15,566.85
2026-01-28 14:55:35.861304,8.0,3.0,89.0,1309.5,2343.0,0.31,1503.62,2412.21,0.0,12,25,0,0.0,0,2953.08,4217.14,192.0,0.0,142,1,0,portscan,onset,353.27,566.73
2026-01-28 14:55:36.881146,9.09,3.0,87.91,1108.5,2632.5,0.28,1507.61,2408.21,0.0,12,27,0,0.0,0,5909.64,5105.66,195.0,0.0,195,1,0,portscan,onset,354.2,565.8
2026-01-28 14:55:37.906936,9.97,3.0,87.03,1161.0,2643.0,0.28,1514.07,2401.75,0.0,12,27,0,0.0,0,3378.82,5897.28,168.0,0.0,284,1,0,portscan,onset,355.72,564.28
2026-01-28 14:55:38.934760,8.0,3.0,89.0,1140.0,2289.0,0.28,1507.26,2408.57,0.0,12,27,0,0.0,0,4148.52,2082.26,102.0,0.0,178,1,0,portscan,onset,354.12,565.88
2026-01-28 14:55:39.968128,8.51,3.0,88.49,1146.0,3661.5,0.28,1509.05,2406.78,0.0,12,27,0,0.0,0,3640.3,5637.82,154.5,0.0,112,1,0,portscan,onset,354.54,565.46
2026-01-28 14:55:41.004892,12.08,5.14,82.78,1824.0,3507.0,0.28,1502.31,2413.52,0.0,12,27,0,0.0,0,2209.37,5418.83,115.5,0.0,283,1,0,portscan,onset,352.96,567.04
2026-01-28 14:55:42.033092,10.56,3.04,86.4,1974.0,2773.5,0.26,1507.1,2408.72,0.0,12,27,0,0.0,0,5353.04,5557.1,103.5,0.0,241,1,0,portscan,onset,354.08,565.92
2026-01-28 14:55:43.062191,8.0,3.0,89.0,732.0,2326.5,0.26,1507.1,2408.72,0.0,12,27,0,0.0,0,2369.95,5564.62,195.0,0.0,233,1,0,portscan,onset,354.08,565.92
2026-01-28 14:55:44.086637,8.65,4.15,87.2,1611.0,2697.0,0.26,1507.35,2408.48,0.0,12,27,0,0.0,0,3811.09,4716.66,84.0,0.0,125,1,0,portscan,onset,354.14,565.86
2026-01-28 14:55:45.112997,8.0,3.0,89.0,1098.0,3471.0,0.26,1506.77,2409.05,0.0,12,27,0,0.0,0,3966.87,2550.59,91.5,0.0,288,1,0,portscan,onset,354.01,565.99
2026-01-28 14:55:46.140135,8.0,3.68,88.32,1149.0,3033.0,0.24,1501.54,2414.29,0.0,12,27,0,0.0,0,5894.78,5093.58,99.0,0.0,283,1,0,portscan,onset,352.78,567.22
2026-01-28 14:55:47.167873,9.59,3.52,86.89,1281.0,2599.5,0.24,1507.26,2408.56,0.0,12,27,0,0.0,0,2379.12,4432.71,97.5,0.0,237,1,0,portscan,onset,354.12,565.88
2026-01-28 14:55:48.196872,8.0,3.0,89.0,1359.0,3351.0,0.24,1503.25,2412.58,0.0,12,27,0,0.0,0,5869.88,4414.96,189.0,0.0,130,1,0,portscan,onset,353.18,566.82
2026-01-28 14:55:49.221544,8.0,3.0,89.0,738.0,2890.5,0.24,1503.25,2412.58,0.0,12,27,0,0.0,0,4854.14,5846.77,84.0,0.0,214,1,0,portscan,onset,353.18,566.82
2026-01-28 14:55:50.250018,8.0,3.0,89.0,994.5,3199.5,0.24,1503.25,2412.58,0.0,12,27,0,0.0,0,5448.23,4785.18,88.5,0.0,225,1,0,portscan,onset,353.18,566.82
2026-01-28 14:55:51.281057,9.83,3.91,86.26,1699.5,4072.5,0.3,1505.46,2410.36,0.0,12,27,0,0.0,0,4845.6,3392.85,121.5,0.0,134,1,0,portscan,onset,353.7,566.3
2026-01-28 14:55:52.311002,8.0,3.37,88.63,1543.5,2611.5,0.3,1509.45,2406.37,0.0,12,27,0,0.0,0,2213.21,2646.58,121.5,0.0,160,1,0,portscan,onset,354.64,565.36
2026-01-28 14:55:53.342405,8.99,3.0,88.01,1306.5,2082.0,0.3,1509.45,2406.37,0.0,12,27,0,0.0,0,2762.95,2405.39,174.0,0.0,182,1,0,portscan,onset,354.64,565.36
2026-01-28 14:55:54.364901,8.0,3.01,88.99,1125.0,2389.5,0.3,1509.45,2406.37,0.0,12,27,0,0.0,0,3370.44,4770.85,88.5,0.0,184,1,0,portscan,onset,354.64,565.36
2026-01-28 14:55:55.436398,8.0,3.41,88.59,1444.5,2781.0,0.3,1509.45,2406.37,0.0,12,27,0,0.0,0,2447.66,2864.68,133.5,0.0,219,1,0,portscan,onset,354.64,565.36
2026-01-28 14:55:56.482815,8.0,3.0,89.0,1162.5,3709.5,0.28,1513.45,2402.37,0.0,12,27,0,0.0,0,4652.15,3734.95,147.0,0.0,206,1,0,portscan,onset,355.58,564.42
2026-01-28 14:55:57.506365,8.0,3.6,88.4,1987.5,3939.0,0.28,1513.65,2402.17,0.0,12,27,0,0.0,0,3977.6,3092.32,145.5,0.0,252,1,0,portscan,onset,355.62,564.38
2026-01-28 14:55:58.536523,10.99,3.0,86.01,1356.0,2883.0,0.28,1507.54,2408.29,0.0,12,27,0,0.0,0,2891.41,3590.37,123.0,0.0,243,1,0,portscan,onset,354.19,565.81
2026-01-28 14:55:59.561106,10.56,3.02,86.42,931.5,2691.0,0.28,1505.85,2409.98,0.0,12,27,0,0.0,0,3315.64,3469.19,78.0,0.0,234,1,0,portscan,onset,353.79,566.21
2026-01-28 14:56:00.589576,10.15,3.0,86.85,1485.0,2895.0,0.28,1507.57,2408.25,0.0,12,27,0,0.0,0,4091.75,5634.6,195.0,0.0,180,1,0,portscan,onset,354.2,565.8
2026-01-28 14:56:01.612257,10.46,3.53,86.01,1845.0,2800.5,0.25,1506.18,2409.64,0.0,12,27,0,0.0,0,4945.45,4909.09,82.5,0.0,268,1,0,portscan,onset,353.87,566.13
2026-01-28 14:56:02.639314,10.48,3.2,86.32,1513.5,3861.0,0.25,1509.17,2406.65,0.0,12,27,0,0.0,0,5885.64,2353.19,85.5,0.0,264,1,0,portscan,onset,354.57,565.43
2026-01-28 14:56:03.671036,8.0,3.83,88.17,1705.5,3279.0,0.25,1522.09,2393.73,0.0,12,27,0,0.0,0,2150.62,2963.09,159.0,0.0,234,1,0,portscan,onset,357.61,562.39
2026-01-28 14:56:04.702809,8.0,3.35,88.65,1767.0,3540.0,0.25,1522.09,2393.73,0.0,12,27,0,0.0,0,4636.75,3762.98,132.0,0.0,270,1,0,portscan,onset,357.61,562.39
2026-01-28 14:56:05.726455,9.18,3.31,87.51,1638.0,3036.0,0.25,1514.66,2401.17,0.0,12,27,0,0.0,0,5547.43,2457.7,148.5,0.0,264,1,0,portscan,onset,355.86,564.14
2026-01-28 14:56:06.755646,9.31,3.0,87.69,1585.5,2281.5,0.23,1506.46,2409.36,0.0,12,27,0,0.0,0,5129.21,2457.24,171.0,0.0,265,1,0,portscan,onset,353.93,566.07
2026-01-28 14:56:07.778412,11.34,3.0,85.66,1498.5,3634.5,0.23,1516.55,2399.27,0.0,12,27,0,0.0,0,2235.53,5938.28,124.5,0.0,241,1,0,portscan,onset,356.3,563.7
2026-01-28 14:56:08.810707,9.12,3.32,87.56,1104.0,3922.5,0.23,1503.63,2412.19,0.0,12,27,0,0.0,0,2550.65,4524.84,103.5,0.0,292,1,0,portscan,onset,353.27,566.73
2026-01-28 14:56:09.841891,8.0,3.09,88.91,1608.0,2406.0,0.23,1517.29,2398.53,0.0,12,27,0,0.0,0,5349.1,5655.06,126.0,0.0,299,1,0,portscan,onset,356.48,563.52
2026-01-28 14:56:10.872704,8.45,3.0,88.55,1728.0,3585.0,0.23,1517.29,2398.53,0.0,12,27,0,0.0,0,2606.99,2293.81,189.0,0.0,175,1,0,portscan,onset,356.48,563.52
2026-01-28 14:56:11.903711,12.23,3.9,83.87,1135.5,3964.5,0.21,1520.2,2395.63,0.0,12,27,0,0.0,0,5713.49,4791.32,114.0,0.0,277,1,0,portscan,onset,357.16,562.84
2026-01-28 14:56:12.937338,8.0,3.0,89.0,1086.0,2344.5,0.21,1507.16,2408.66,0.0,12,27,0,0.0,0,2646.12,4993.88,121.5,0.0,249,1,0,portscan,onset,354.1,565.9
2026-01-28 14:56:13.964688,8.0,3.0,89.0,1422.0,3829.5,0.21,1511.36,2404.46,0.0,12,27,0,0.0,0,3388.47,3320.83,93.0,0.0,182,1,0,portscan,onset,355.09,564.91
2026-01-28 14:56:14.983822,8.13,3.0,88.87,1093.5,4237.5,0.21,1515.74,2400.09,0.0,12,27,0,0.0,0,3867.87,2986.8,132.0,0.0,230,1,0,portscan,onset,356.11,563.89
2026-01-28 14:56:16.012064,8.0,3.0,89.0,1422.0,3798.0,0.21,1509.74,2406.09,0.0,12,27,0,0.0,0,4098.34,3390.56,87.0,0.0,206,1,0,portscan,onset,354.7,565.3
2026-01-28 14:56:17.043444,8.0,3.0,89.0,1456.5,2752.5,0.2,1509.74,2406.09,0.0,12,27,0,0.0,0,2771.05,5980.28,190.5,0.0,264,1,0,portscan,onset,354.7,565.3
2026-01-28 14:56:18.072882,9.2,3.86,86.94,1338.0,4284.0,0.2,1502.62,2413.2,0.0,12,27,0,0.0,0,4432.97,2169.49,79.5,0.0,126,1,0,portscan,onset,353.03,566.97
2026-01-28 14:56:19.100318,9.34,3.0,87.66,1114.5,2830.5,0.2,1506.62,2409.2,0.0,12,27,0,0.0,0,3356.8,5007.31,81.0,0.0,187,1,0,portscan,onset,353.97,566.03
2026-01-28 14:56:20.126530,8.47,3.0,88.53,1006.5,3901.5,0.2,1506.96,2408.86,0.0,12,27,0,0.0,0,4361.38,2695.42,135.0,0.0,220,1,0,portscan,onset,354.05,565.95
2026-01-28 14:56:21.147932,8.0,3.0,89.0,1428.0,3231.0,0.18,1506.96,2408.86,0.0,12,27,0,0.0,0,2917.29,2902.89,153.0,0.0,216,1,0,portscan,onset,354.05,565.95
2026-01-28 14:56:22.174685,10.6,3.59,85.81,1491.0,4537.5,0.18,1516.44,2399.39,0.0,12,27,0,0.0,0,2097.47,3695.42,78.0,0.0,209,1,0,portscan,onset,356.28,563.72
2026-01-28 14:56:23.200717,12.08,3.48,84.44,1921.5,3754.5,0.18,1508.83,2406.99,0.0,12,27,0,0.0,0,4280.14,5413.67,156.0,0.0,173,1,0,portscan,onset,354.49,565.51
2026-01-28 14:56:24.241618,8.93,3.0,88.07,1212.0,2599.5,0.18,1512.96,2402.87,0.0,12,27,0,0.0,0,2807.7,2693.67,106.5,0.0,105,1,0,portscan,onset,355.46,564.54
2026-01-28 14:56:25.277292,10.81,3.27,85.92,1450.5,4171.5,0.18,1507.82,2408.0,0.0,12,27,0,0.0,0,4348.25,5214.17,171.0,0.0,223,1,0,portscan,onset,354.25,565.75
2026-01-28 14:56:26.309950,8.0,3.0,89.0,928.5,3313.5,0.25,1507.82,2408.0,0.0,12,27,0,0.0,0,2942.38,3819.28,145.5,0.0,256,1,0,portscan,onset,354.25,565.75
2026-01-28 14:56:27.537725,8.0,3.0,89.0,1444.5,2820.0,0.25,1507.82,2408.0,0.0,12,27,0,0.0,0,2488.8,5033.24,183.0,0.0,184,1,0,portscan,onset,354.25,565.75
2026-01-28 14:56:28.569235,13.13,4.37,82.5,1953.0,4207.5,0.25,1506.27,2409.55,0.0,12,27,0,0.0,0,2548.67,3995.48,100.5,0.0,192,1,0,portscan,onset,353.89,566.11
2026-01-28 14:56:29.612975,8.29,4.09,87.62,1755.0,2554.5,0.25,1508.09,2407.73,0.0,12,27,0,0.0,0,5224.15,2268.58,160.5,0.0,192,1,0,portscan,onset,354.32,565.68
2026-01-28 14:56:30.787712,8.55,3.03,88.42,1042.5,4335.0,0.25,1505.07,2410.75,0.0,12,27,0,0.0,0,5369.61,3981.66,189.0,0.0,109,1,0,portscan,onset,353.61,566.39
2026-01-28 14:56:31.812050,9.13,3.2,87.67,1561.5,3912.0,0.23,1509.8,2406.03,0.0,12,27,0,0.0,0,5613.73,5960.38,112.5,0.0,270,1,0,portscan,onset,354.72,565.28
2026-01-28 14:56:32.838321,9.89,3.34,86.77,1539.0,3189.0,0.23,1515.84,2399.98,0.0,12,27,0,0.0,0,5656.1,5364.71,102.0,0.0,152,1,0,portscan,onset,356.14,563.86
2026-01-28 14:56:33.869743,8.7,3.57,87.73,1680.0,3135.0,0.23,1509.98,2405.84,0.0,12,27,0,0.0,0,4986.68,2922.01,99.0,0.0,146,1,0,portscan,onset,354.76,565.24
2026-01-28 14:56:34.904351,8.0,3.0,89.0,1024.5,4096.5,0.23,1512.54,2403.28,0.0,12,25,0,0.0,0,2754.52,5578.08,198.0,0.0,285,1,0,portscan,onset,355.36,564.64
2026-01-28 14:56:35.922333,8.0,3.92,88.08,1056.0,2916.0,0.23,1512.54,2403.28,0.0,12,27,0,0.0,0,5294.34,4960.49,181.5,0.0,198,1,0,portscan,onset,355.36,564.64
2026-01-28 14:56:36.956650,8.0,3.63,88.37,1510.0,5422.5,0.29,1506.16,2409.67,0.0,12,27,0,0.0,0,3667.69,4449.63,317.5,0.0,773,1,0,portscan,sustained,353.86,566.14
2026-01-28 14:56:37.982759,8.0,3.08,88.92,2727.5,3582.5,0.29,1514.89,2400.93,0.0,12,27,0,0.0,0,3674.35,4864.25,192.5,0.0,753,1,0,portscan,sustained,355.91,564.09
2026-01-28 14:56:39.013273,9.85,3.0,87.15,2695.0,5450.0,0.29,1512.61,2403.21,0.0,12,27,0,0.0,0,5152.35,3718.07,252.5,0.0,527,1,0,portscan,sustained,355.38,564.62
2026-01-28 14:56:40.040834,8.4,3.0,88.6,2555.0,6842.5,0.29,1513.86,2401.96,0.0,12,27,0,0.0,0,4974.32,5642.65,145.0,0.0,765,1,0,portscan,sustained,355.67,564.33
2026-01-28 14:56:41.068495,9.31,3.42,87.27,3020.0,5132.5,0.26,1515.73,2400.1,0.0,12,27,0,0.0,0,5682.86,3428.79,270.0,0.0,855,1,0,portscan,sustained,356.11,563.89
2026-01-28 14:56:42.093933,10.53,3.56,85.91,1985.0,5777.5,0.26,1515.21,2400.61,0.0,12,27,0,0.0,0,3163.24,4425.23,242.5,0.0,338,1,0,portscan,sustained,355.99,564.01
2026-01-28 14:56:43.112493,8.0,3.0,89.0,2190.0,3742.5,0.26,1509.32,2406.5,0.0,12,27,0,0.0,0,2304.0,2951.49,267.5,0.0,540,1,0,portscan,sustained,354.61,565.39
2026-01-28 14:56:44.142200,12.65,3.0,84.35,3365.0,7730.0,0.26,1521.41,2394.42,0.0,12,27,0,0.0,0,3085.27,2106.21,187.5,0.0,548,1,0,portscan,sustained,357.45,562.55
2026-01-28 14:56:45.178584,9.48,3.0,87.52,1745.0,6185.0,0.26,1513.7,2402.12,0.0,12,27,0,0.0,0,5356.36,4836.09,330.0,0.0,574,1,0,portscan,sustained,355.64,564.36
2026-01-28 14:56:46.209932,8.0,3.63,88.37,2562.5,4455.0,0.32,1517.67,2398.16,0.0,12,27,0,0.0,0,2569.32,5571.64,245.0,0.0,483,1,0,portscan,sustained,356.57,563.43
2026-01-28 14:56:47.236430,9.45,3.0,87.55,1672.5,6407.5,0.32,1515.11,2400.71,0.0,12,27,0,0.0,0,2741.79,4831.09,300.0,0.0,582,1,0,portscan,sustained,355.97,564.03
2026-01-28 14:56:48.263867,9.66,4.1,86.24,1912.5,6612.5,0.32,1517.11,2398.71,0.0,12,27,0,0.0,0,5696.22,4217.6,240.0,0.0,373,1,0,portscan,sustained,356.44,563.56
2026-01-28 14:56:49.293141,8.44,4.56,87.0,2300.0,5537.5,0.32,1517.51,2398.31,0.0,12,27,0,0.0,0,4257.94,2875.19,180.0,0.0,303,1,0,portscan,sustained,356.53,563.47
2026-01-28 14:56:50.312269,8.57,3.0,88.43,2290.0,4560.0,0.32,1521.51,2394.32,0.0,12,27,0,0.0,0,2934.74,3919.9,192.5,0.0,434,1,0,portscan,sustained,357.47,562.53
2026-01-28 14:56:51.339684,8.0,3.83,88.17,2177.5,5757.5,0.3,1517.75,2398.07,0.0,12,27,0,0.0,0,2443.71,2313.83,192.5,0.0,309,1,0,portscan,sustained,356.59,563.41
2026-01-28 14:56:52.369106,11.89,4.29,83.82,2085.0,6985.0,0.3,1509.04,2406.79,0.0,12,27,0,0.0,0,5423.92,3125.55,205.0,0.0,631,1,0,portscan,sustained,354.54,565.46
2026-01-28 14:56:53.393686,8.0,3.55,88.45,1345.0,4585.0,0.3,1505.07,2410.76,0.0,12,27,0,0.0,0,2741.3,2954.26,292.5,0.0,715,1,0,portscan,sustained,353.61,566.39
2026-01-28 14:56:54.413792,8.7,3.06,88.24,3070.0,6387.5,0.3,1509.06,2406.77,0.0,12,27,0,0.0,0,5325.09,3331.42,145.0,0.0,863,1,0,portscan,sustained,354.54,565.46
2026-01-28 14:56:55.444600,8.99,3.0,88.01,1762.5,4280.0,0.3,1509.06,2406.77,0.0,12,27,0,0.0,0,2489.39,5783.36,292.5,0.0,642,1,0,portscan,sustained,354.54,565.46
2026-01-28 14:56:56.472271,8.36,3.0,88.64,1770.0,6472.5,0.35,1508.52,2407.3,0.0,12,27,0,0.0,0,4459.54,3639.43,215.0,0.0,654,1,0,portscan,sustained,354.42,565.58
2026-01-28 14:56:57.498539,8.3,3.0,88.7,3192.5,4177.5,0.35,1518.18,2397.64,0.0,12,27,0,0.0,0,4861.53,2066.71,192.5,0.0,796,1,0,portscan,sustained,356.69,563.31
2026-01-28 14:56:58.526706,8.0,3.0,89.0,2237.5,4170.0,0.35,1515.64,2400.18,0.0,12,25,0,0.0,0,3374.1,3881.26,237.5,0.0,497,1,0,portscan,sustained,356.09,563.91
2026-01-28 14:56:59.556179,8.0,3.67,88.33,2175.0,4445.0,0.35,1516.24,2399.59,0.0,12,27,0,0.0,0,5802.3,5378.11,170.0,0.0,387,1,0,portscan,sustained,356.23,563.77
2026-01-28 14:57:00.579856,8.0,4.12,87.88,3215.0,4442.5,0.35,1514.97,2400.86,0.0,12,27,0,0.0,0,3381.21,3589.45,197.5,0.0,769,1,0,portscan,sustained,355.93,564.07
2026-01-28 14:57:01.606610,8.0,3.0,89.0,2775.0,5937.5,0.33,1512.57,2403.25,0.0,12,27,0,0.0,0,4170.39,2614.12,315.0,0.0,666,1,0,portscan,sustained,355.37,564.63
2026-01-28 14:57:02.623104,8.0,3.0,89.0,2877.5,7105.0,0.33,1507.88,2407.95,0.0,12,27,0,0.0,0,3078.0,2464.92,217.5,0.0,505,1,0,portscan,sustained,354.27,565.73
2026-01-28 14:57:03.640293,8.0,3.81,88.19,2482.5,5890.0,0.33,1506.11,2409.71,0.0,12,27,0,0.0,0,4492.5,5812.65,155.0,0.0,623,1,0,portscan,sustained,353.85,566.15
2026-01-28 14:57:04.659943,8.31,4.22,87.47,3392.5,6150.0,0.33,1507.54,2408.29,0.0,12,27,0,0.0,0,4132.63,3297.73,240.0,0.0,691,1,0,portscan,sustained,354.19,565.81
2026-01-28 14:57:05.690573,8.65,3.1,88.25,2015.0,3785.0,0.33,1514.84,2400.98,0.0,12,27,0,0.0,0,5906.35,3375.49,285.0,0.0,850,1,0,portscan,sustained,355.9,564.1
2026-01-28 14:57:06.712888,8.0,3.0,89.0,3075.0,5087.5,0.3,1508.52,2407.31,0.0,12,27,0,0.0,0,2656.64,5364.98,270.0,0.0,571,1,0,portscan,sustained,354.42,565.58
2026-01-28 14:57:07.740917,8.0,3.0,89.0,2567.5,5492.5,0.3,1506.91,2408.92,0.0,12,27,0,0.0,0,2746.53,5732.14,217.5,0.0,836,1,0,portscan,sustained,354.04,565.96
2026-01-28 14:57:08.768774,8.0,3.21,88.79,2647.5,3690.0,0.3,1510.6,2405.23,0.0,12,27,0,0.0,0,2994.69,4961.42,137.5,0.0,466,1,0,portscan,sustained,354.91,565.09
2026-01-28 14:57:09.797771,9.54,3.85,86.61,2310.0,6145.0,0.3,1518.25,2397.58,0.0,12,27,0,0.0,0,4717.67,5618.77,322.5,0.0,663,1,0,portscan,sustained,356.7,563.3
2026-01-28 14:57:10.857695,8.0,3.0,89.0,2590.0,5332.5,0.3,1518.34,2397.49,0.0,12,27,0,0.0,0,3202.13,5554.15,250.0,0.0,529,1,0,portscan,sustained,356.72,563.28
2026-01-28 14:57:11.920827,8.0,3.0,89.0,1485.0,4635.0,0.35,1511.79,2404.03,0.0,12,27,0,0.0,0,2453.17,4920.25,165.0,0.0,313,1,0,portscan,sustained,355.19,564.81
2026-01-28 14:57:13.190288,8.0,3.34,88.66,2687.5,5545.0,0.35,1501.09,2414.73,0.0,12,27,0,0.0,0,3343.47,4563.67,267.5,0.0,835,1,0,portscan,sustained,352.67,567.33
2026-01-28 14:57:14.423824,8.0,3.49,88.51,2587.5,3667.5,0.35,1501.83,2414.0,0.0,12,27,0,0.0,0,2388.54,3488.97,282.5,0.0,336,1,0,portscan,sustained,352.85,567.15
2026-01-28 14:57:15.493193,8.0,3.0,89.0,2555.0,5245.0,0.35,1499.8,2416.03,0.0,12,25,0,0.0,0,5333.11,2762.39,167.5,0.0,836,1,0,portscan,sustained,352.37,567.63
2026-01-28 14:57:16.521768,8.0,3.0,89.0,2722.5,5192.5,0.33,1504.04,2411.78,0.0,12,27,0,0.0,0,4275.25,3789.84,230.0,0.0,705,1,0,portscan,sustained,353.37,566.63
2026-01-28 14:57:17.628689,10.07,3.0,86.93,1815.0,6555.0,0.33,1508.04,2407.79,0.0,12,27,0,0.0,0,5258.12,5659.08,190.0,0.0,492,1,0,portscan,sustained,354.3,565.7
2026-01-28 14:57:18.878188,9.86,3.0,87.14,2310.0,5797.5,0.33,1508.47,2407.36,0.0,12,27,0,0.0,0,3413.12,4586.64,257.5,0.0,754,1,0,portscan,sustained,354.41,565.59
2026-01-28 14:57:20.117739,9.51,3.0,87.49,3277.5,6000.0,0.33,1508.47,2407.36,0.0,12,27,0,0.0,0,3292.58,4175.66,215.0,0.0,669,1,0,portscan,sustained,354.41,565.59
2026-01-28 14:57:21.281754,8.0,3.96,88.04,2672.5,6405.0,0.3,1514.7,2401.13,0.0,12,27,0,0.0,0,3935.83,3164.48,215.0,0.0,354,1,0,portscan,sustained,355.87,564.13
2026-01-28 14:57:22.317866,8.93,3.62,87.45,2147.5,7000.0,0.3,1516.42,2399.41,0.0,12,27,0,0.0,0,5325.82,2898.07,200.0,0.0,632,1,0,portscan,sustained,356.27,563.73
2026-01-28 14:57:23.394653,8.18,3.0,88.82,2422.5,5917.5,0.3,1513.55,2402.28,0.0,12,27,0,0.0,0,5964.79,5773.08,285.0,0.0,840,1,0,portscan,sustained,355.6,564.4
2026-01-28 14:57:24.487811,8.7,3.0,88.3,2480.0,3915.0,0.3,1513.41,2402.42,0.0,12,27,0,0.0,0,3630.09,2735.12,222.5,0.0,625,1,0,portscan,sustained,355.57,564.43
2026-01-28 14:57:25.512279,8.0,4.34,87.66,2170.0,6147.5,0.3,1513.09,2402.73,0.0,12,27,0,0.0,0,3449.35,5213.88,292.5,0.0,679,1,0,portscan,sustained,355.49,564.51
2026-01-28 14:57:26.535814,9.02,3.0,87.98,2600.0,5190.0,0.28,1504.1,2411.73,0.0,12,27,0,0.0,0,4170.15,5275.62,315.0,0.0,893,1,0,portscan,sustained,353.38,566.62
2026-01-28 14:57:27.562130,8.0,3.43,88.57,2895.0,3647.5,0.28,1506.07,2409.76,0.0,12,27,0,0.0,0,5448.89,5240.69,322.5,0.0,863,1,0,portscan,sustained,353.84,566.16
2026-01-28 14:57:28.591216,8.67,3.58,87.75,2242.5,6445.0,0.28,1507.99,2407.83,0.0,12,27,0,0.0,0,5412.23,2087.47,192.5,0.0,507,1,0,portscan,sustained,354.29,565.71
2026-01-28 14:57:29.620236,8.0,3.46,88.54,2677.5,3550.0,0.28,1511.88,2403.95,0.0,12,27,0,0.0,0,5742.43,5605.3,177.5,0.0,773,1,0,portscan,sustained,355.21,564.79
2026-01-28 14:57:30.645309,8.0,3.0,89.0,1212.5,2875.0,0.28,1511.88,2403.95,0.0,12,27,0,0.0,0,4367.84,4903.93,232.5,0.0,417,1,0,portscan,sustained,355.21,564.79
2026-01-28 14:57:31.670738,9.84,3.54,86.62,2335.0,6420.0,0.25,1511.86,2403.96,0.0,12,27,0,0.0,0,4524.51,2959.27,180.0,0.0,700,1,0,portscan,sustained,355.2,564.8
2026-01-28 14:57:32.698767,8.0,3.23,88.77,2107.5,4117.5,0.25,1514.46,2401.36,0.0,12,27,0,0.0,0,5919.68,3808.42,210.0,0.0,665,1,0,portscan,sustained,355.81,564.19
2026-01-28 14:57:33.728766,8.0,3.0,89.0,2952.5,5960.0,0.25,1514.66,2401.16,0.0,12,27,0,0.0,0,5553.17,2305.72,327.5,0.0,397,1,0,portscan,sustained,355.86,564.14
2026-01-28 14:57:34.757111,8.0,3.39,88.61,2147.5,5562.5,0.25,1511.05,2404.77,0.0,12,27,0,0.0,0,4002.69,2301.7,142.5,0.0,324,1,0,portscan,sustained,355.01,564.99
2026-01-28 14:57:35.785445,8.0,3.34,88.66,2067.5,5342.5,0.25,1517.63,2398.2,0.0,12,27,0,0.0,0,2616.41,3891.51,177.5,0.0,890,1,0,portscan,sustained,356.56,563.44
2026-01-28 14:57:36.815477,8.04,3.28,88.68,1860.0,5342.5,0.23,1514.42,2401.4,0.0,12,27,0,0.0,0,3722.51,4637.95,232.5,0.0,362,1,0,portscan,sustained,355.8,564.2
2026-01-28 14:57:37.834274,8.0,3.2,88.8,2532.5,5645.0,0.23,1514.43,2401.4,0.0,12,27,0,0.0,0,3845.79,2176.2,212.5,0.0,499,1,0,portscan,sustained,355.81,564.19
2026-01-28 14:57:38.860467,8.16,3.0,88.84,2280.0,6450.0,0.23,1515.1,2400.72,0.0,12,27,0,0.0,0,2823.7,2289.57,242.5,0.0,439,1,0,portscan,sustained,355.96,564.04
2026-01-28 14:57:39.893305,8.0,3.0,89.0,2227.5,3805.0,0.23,1519.1,2396.72,0.0,12,27,0,0.0,0,4647.24,2913.54,227.5,0.0,826,1,0,portscan,sustained,356.9,563.1
2026-01-28 14:57:40.920808,8.0,3.63,88.37,2667.5,4035.0,0.23,1514.86,2400.96,0.0,12,27,0,0.0,0,4069.84,3067.43,135.0,0.0,366,1,0,portscan,sustained,355.91,564.09
2026-01-28 14:57:41.956955,8.0,3.28,88.72,3017.5,5582.5,0.21,1506.89,2408.93,0.0,12,27,0,0.0,0,4094.85,3027.84,290.0,0.0,477,1,0,portscan,sustained,354.04,565.96
2026-01-28 14:57:42.981696,8.0,3.0,89.0,2707.5,5192.5,0.21,1500.92,2414.9,0.0,12,27,1,10.8,250,4934.73,4002.12,142.5,0.0,383,1,0,portscan,sustained,352.63,567.37
2026-01-28 14:57:44.003561,8.0,3.0,89.0,1575.0,5735.0,0.21,1506.84,2408.99,0.0,12,27,0,0.0,0,2965.87,3233.6,190.0,0.0,738,1,0,portscan,sustained,354.02,565.98
2026-01-28 14:57:45.033640,9.11,4.12,86.77,2730.0,5865.0,0.21,1519.27,2396.56,0.0,12,27,0,0.0,0,3193.51,2435.5,290.0,0.0,440,1,0,portscan,sustained,356.94,563.06
2026-01-28 14:57:46.061867,8.0,3.0,89.0,2397.5,3857.5,0.21,1509.15,2406.67,0.0,12,27,0,0.0,0,4639.63,5324.38,207.5,0.0,411,1,0,portscan,sustained,354.57,565.43
2026-01-28 14:57:47.088456,9.27,3.0,87.73,2020.0,7600.0,0.28,1515.9,2399.93,0.0,12,27,0,0.0,0,3712.78,2135.66,132.5,0.0,521,1,0,portscan,sustained,356.15,563.85
2026-01-28 14:57:48.116807,8.0,3.0,89.0,1410.0,2860.0,0.28,1515.9,2399.93,0.0,12,27,0,0.0,0,3532.45,5719.85,237.5,0.0,535,1,0,portscan,sustained,356.15,563.85
2026-01-28 14:57:49.146661,8.0,4.06,87.94,2910.0,6275.0,0.28,1511.04,2404.78,0.0,12,27,0,0.0,0,4887.62,3174.72,210.0,0.0,693,1,0,portscan,sustained,355.01,564.99
2026-01-28 14:57:50.172125,9.55,3.0,87.45,2300.0,5307.5,0.28,1510.89,2404.93,0.0,12,27,0,0.0,0,4468.35,5498.48,245.0,0.0,462,1,0,portscan,sustained,354.98,565.02
2026-01-28 14:57:51.201814,9.33,3.01,87.66,3042.5,4457.5,0.33,1517.38,2398.45,0.0,12,27,0,0.0,0,2072.6,2092.14,260.0,0.0,889,1,0,portscan,sustained,356.5,563.5
2026-01-28 14:57:52.226956,9.87,3.01,87.12,2395.0,4272.5,0.33,1506.6,2409.22,0.0,12,27,0,0.0,0,5018.48,2571.43,317.5,0.0,552,1,0,portscan,sustained,353.97,566.03
2026-01-28 14:57:53.251758,8.0,3.49,88.51,2217.5,3917.5,0.33,1510.66,2405.16,0.0,12,27,0,0.0,0,5242.36,2807.6,192.5,0.0,608,1,0,portscan,sustained,354.92,565.08
2026-01-28 14:57:54.281743,8.0,3.0,89.0,2742.5,5172.5,0.33,1508.45,2407.38,0.0,12,27,0,0.0,0,5832.52,3963.5,287.5,0.0,717,1,0,portscan,sustained,354.4,565.6
2026-01-28 14:57:55.311618,8.0,3.0,89.0,2260.0,4575.0,0.33,1508.44,2407.38,0.0,12,27,0,0.0,0,2388.71,4470.51,215.0,0.0,719,1,0,portscan,sustained,354.4,565.6
2026-01-28 14:57:56.340043,8.9,3.95,87.15,1712.5,4400.0,0.31,1508.44,2407.38,0.0,12,27,0,0.0,0,4157.23,3137.5,320.0,0.0,773,1,0,portscan,sustained,354.4,565.6
2026-01-28 14:57:57.378766,10.91,3.0,86.09,2282.5,7442.5,0.31,1502.96,2412.86,0.0,12,27,0,0.0,0,4208.03,3038.94,217.5,0.0,687,1,0,portscan,sustained,353.11,566.89
2026-01-28 14:57:58.406511,8.57,3.0,88.43,2950.0,6605.0,0.31,1502.96,2412.86,0.0,12,27,0,0.0,0,2266.92,4702.07,270.0,0.0,849,1,0,portscan,sustained,353.11,566.89
2026-01-28 14:57:59.425449,8.38,3.45,88.17,3312.5,7070.0,0.31,1500.07,2415.75,0.0,12,27,0,0.0,0,4367.41,4047.83,182.5,0.0,745,1,0,portscan,sustained,352.43,567.57
2026-01-28 14:58:00.452267,8.0,3.0,89.0,1402.5,5005.0,0.31,1500.02,2415.8,0.0,12,25,0,0.0,0,4520.52,2832.35,180.0,0.0,726,1,0,portscan,sustained,352.42,567.58
2026-01-28 14:58:01.482490,8.0,3.63,88.37,2785.0,5080.0,0.28,1506.23,2409.59,0.0,12,27,0,0.0,0,3179.72,3458.5,207.5,0.0,327,1,0,portscan,sustained,353.88,566.12
2026-01-28 14:58:02.510093,9.5,4.33,86.17,2155.0,5592.5,0.28,1503.65,2412.17,0.0,12,27,0,0.0,0,2832.27,2223.55,287.5,0.0,772,1,0,portscan,sustained,353.27,566.73
2026-01-28 14:58:03.537371,13.75,4.72,81.53,3392.5,6830.0,0.28,1500.17,2415.66,0.0,12,27,0,0.0,0,5919.93,2290.68,185.0,0.0,593,1,0,portscan,sustained,352.46,567.54
2026-01-28 14:58:04.558025,8.96,3.43,87.61,2810.0,5952.5,0.28,1509.16,2406.66,0.0,12,27,0,0.0,0,2664.92,5924.27,240.0,0.0,762,1,0,portscan,sustained,354.57,565.43
2026-01-28 14:58:05.586055,8.0,3.31,88.69,2795.0,5310.0,0.28,1514.78,2401.04,0.0,12,27,0,0.0,0,4559.01,5037.46,185.0,0.0,836,1,0,portscan,sustained,355.89,564.11
2026-01-28 14:58:06.619548,8.68,3.0,88.32,2660.0,4032.5,0.26,1514.91,2400.91,0.0,12,27,0,0.0,0,4142.82,5616.29,217.5,0.0,477,1,0,portscan,sustained,355.92,564.08
2026-01-28 14:58:07.640955,8.0,3.0,89.0,1842.5,3872.5,0.26,1510.75,2405.08,0.0,12,27,0,0.0,0,2111.08,2465.4,320.0,0.0,443,1,0,portscan,sustained,354.94,565.06
2026-01-28 14:58:08.675933,12.02,3.66,84.32,2787.5,7160.0,0.26,1519.64,2396.18,0.0,12,27,0,0.0,0,2699.83,2549.7,175.0,0.0,465,1,0,portscan,sustained,357.03,562.97
2026-01-28 14:58:09.703795,8.0,3.0,89.0,2057.5,6317.5,0.26,1515.12,2400.7,0.0,12,27,0,0.0,0,5685.03,4426.64,177.5,0.0,474,1,0,portscan,sustained,355.97,564.03
2026-01-28 14:58:10.778424,8.0,3.32,88.68,1275.0,4822.5,0.26,1515.12,2400.7,0.0,12,27,0,0.0,0,4759.93,3736.09,287.5,0.0,734,1,0,portscan,sustained,355.97,564.03
2026-01-28 14:58:12.013086,8.0,3.0,89.0,2850.0,5485.0,0.24,1519.12,2396.7,0.0,12,25,0,0.0,0,2978.55,5335.17,182.5,0.0,681,1,0,portscan,sustained,356.91,563.09
2026-01-28 14:58:13.215779,8.0,3.0,89.0,2217.5,4772.5,0.24,1515.12,2400.7,0.0,12,27,0,0.0,0,5969.77,2004.99,270.0,0.0,758,1,0,portscan,sustained,355.97,564.03
2026-01-28 14:58:14.283764,12.06,3.91,84.03,3452.5,7450.0,0.24,1507.38,2408.45,0.0,12,27,0,0.0,0,2623.98,3544.74,210.0,0.0,770,1,0,portscan,sustained,354.15,565.85
2026-01-28 14:58:15.583073,8.0,3.0,89.0,2675.0,4937.5,0.24,1512.89,2402.93,0.0,12,27,0,0.0,0,5256.62,4034.07,245.0,0.0,831,1,0,portscan,sustained,355.45,564.55
2026-01-28 14:58:16.709893,8.0,3.0,89.0,1567.5,4080.0,0.22,1516.89,2398.93,0.0,12,27,0,0.0,0,5091.11,5745.97,170.0,0.0,322,1,0,portscan,sustained,356.38,563.62
2026-01-28 14:58:17.737481,8.94,3.0,88.06,1830.0,5997.5,0.22,1506.15,2409.68,0.0,12,27,0,0.0,0,5717.18,4351.19,242.5,0.0,893,1,0,portscan,sustained,353.86,566.14
2026-01-28 14:58:18.758700,8.0,3.0,89.0,1730.0,5242.5,0.22,1506.15,2409.68,0.0,12,27,0,0.0,0,5776.37,5191.5,162.5,0.0,888,1,0,portscan,sustained,353.86,566.14
2026-01-28 14:58:19.787589,8.33,4.67,87.0,2877.5,5800.0,0.22,1510.88,2404.95,0.0,12,27,0,0.0,0,2967.92,2633.55,145.0,0.0,327,1,0,portscan,sustained,354.97,565.03
2026-01-28 14:58:20.817398,8.59,3.0,88.41,2422.5,6632.5,0.22,1507.51,2408.32,0.0,12,27,0,0.0,0,2490.79,5355.84,182.5,0.0,845,1,0,portscan,sustained,354.18,565.82
2026-01-28 14:58:21.858716,8.0,3.37,88.63,1715.0,4080.0,0.2,1506.71,2409.12,0.0,12,27,0,0.0,0,4379.89,3118.63,162.5,0.0,634,1,0,portscan,sustained,353.99,566.01
2026-01-28 14:58:22.943587,8.0,3.0,89.0,2317.5,4125.0,0.2,1508.53,2407.3,0.0,12,27,0,0.0,0,5309.26,2037.98,172.5,0.0,398,1,0,portscan,sustained,354.42,565.58
2026-01-28 14:58:23.960228,8.0,3.0,89.0,1752.5,5337.5,0.2,1508.65,2407.18,0.0,12,27,0,0.0,0,5684.77,3420.68,265.0,0.0,479,1,0,portscan,sustained,354.45,565.55
2026-01-28 14:58:24.986841,10.06,3.0,86.94,2185.0,6362.5,0.2,1504.64,2411.18,0.0,12,27,0,0.0,0,2350.57,5892.36,140.0,0.0,749,1,0,portscan,sustained,353.51,566.49
2026-01-28 14:58:26.030687,8.32,3.19,88.49,1717.5,4935.0,0.2,1506.82,2409.0,0.0,12,27,0,0.0,0,5615.11,4627.36,215.0,0.0,678,1,0,portscan,sustained,354.02,565.98
2026-01-28 14:58:27.063821,8.0,3.0,89.0,1752.5,4595.0,0.19,1511.27,2404.55,0.0,12,27,0,0.0,0,3074.65,3090.42,142.5,0.0,727,1,0,portscan,sustained,355.06,564.94
2026-01-28 14:58:28.087599,10.97,3.0,86.03,2855.0,5655.0,0.19,1511.27,2404.55,0.0,12,27,0,0.0,0,4311.41,2969.61,165.0,0.0,409,1,0,portscan,sustained,355.06,564.94
2026-01-28 14:58:29.177097,9.0,4.16,86.84,2037.5,5172.5,0.19,1515.7,2400.12,0.0,12,27,0,0.0,0,2570.18,3382.64,185.0,0.0,661,1,0,portscan,sustained,356.11,563.89
2026-01-28 14:58:30.201393,8.0,3.41,88.59,2120.0,4440.0,0.19,1514.14,2401.69,0.0,12,27,0,0.0,0,5844.35,5806.45,135.0,0.0,321,1,0,portscan,sustained,355.74,564.26
2026-01-28 14:58:31.239835,8.33,3.1,88.57,1637.5,5270.0,0.17,1508.14,2407.69,0.0,12,27,0,0.0,0,3506.89,2458.33,287.5,0.0,615,1,0,portscan,sustained,354.33,565.67
2026-01-28 14:58:32.308944,8.0,3.0,89.0,2982.5,4482.5,0.17,1508.01,2407.81,0.0,12,27,0,0.0,0,4153.53,5316.05,202.5,0.0,739,1,0,portscan,sustained,354.3,565.7
2026-01-28 14:58:33.382721,8.0,3.0,89.0,1415.0,5562.5,0.17,1506.01,2409.81,0.0,12,27,0,0.0,0,2685.81,2293.23,282.5,0.0,528,1,0,portscan,sustained,353.83,566.17
2026-01-28 14:58:34.406982,8.98,3.0,88.02,3152.5,6862.5,0.17,1495.59,2420.24,0.0,12,27,0,0.0,0,3150.23,5287.27,250.0,0.0,664,1,0,portscan,sustained,351.38,568.62
2026-01-28 14:58:35.445301,8.0,3.0,89.0,2202.5,4190.0,0.17,1503.83,2412.0,0.0,12,27,0,0.0,0,5704.96,4097.64,322.5,0.0,503,1,0,portscan,sustained,353.32,566.68
2026-01-28 14:58:36.463106,8.0,3.13,88.87,2130.0,7000.0,0.16,1503.83,2412.0,0.0,12,27,0,0.0,0,5218.18,5289.33,282.5,0.0,354,1,0,portscan,sustained,353.32,566.68
2026-01-28 14:58:37.488585,8.0,3.0,89.0,1580.0,4842.5,0.16,1503.97,2411.85,0.0,12,27,0,0.0,0,2989.5,3628.15,285.0,0.0,335,1,0,portscan,sustained,353.35,566.65
2026-01-28 14:58:38.531873,8.0,3.0,89.0,1862.5,5540.0,0.16,1498.4,2417.43,0.0,12,27,0,0.0,0,2136.61,2262.01,285.0,0.0,592,1,0,portscan,sustained,352.04,567.96
2026-01-28 14:58:39.569902,8.0,3.09,88.91,1580.0,3555.0,0.16,1502.64,2413.18,0.0,12,27,0,0.0,0,4460.22,3018.55,130.0,0.0,651,1,0,portscan,sustained,353.04,566.96
2026-01-28 14:58:40.615618,8.68,3.29,88.03,2742.5,6482.5,0.16,1494.64,2421.18,0.0,12,27,0,0.0,0,3751.38,5887.32,142.5,0.0,592,1,0,portscan,sustained,351.16,568.84
2026-01-28 14:58:41.641362,8.86,3.1,88.04,2115.0,5177.5,0.14,1502.09,2413.73,0.0,12,27,0,0.0,0,3310.11,3086.16,277.5,0.0,694,1,0,portscan,sustained,352.91,567.09
2026-01-28 14:58:42.697143,10.42,3.03,86.55,2692.5,5805.0,0.14,1498.6,2417.22,0.0,12,27,0,0.0,0,4951.91,3697.12,230.0,0.0,502,1,0,portscan,sustained,352.09,567.91
2026-01-28 14:58:43.719211,8.0,3.0,89.0,2070.0,5475.0,0.14,1502.03,2413.8,0.0,12,27,0,0.0,0,3440.01,5356.59,320.0,0.0,882,1,0,portscan,sustained,352.89,567.11
2026-01-28 14:58:44.735723,9.04,3.0,87.96,2250.0,6022.5,0.14,1504.8,2411.03,0.0,12,27,0,0.0,0,2912.03,4465.85,210.0,0.0,381,1,0,portscan,sustained,353.54,566.46
2026-01-28 14:58:45.762560,8.53,3.0,88.47,2097.5,5535.0,0.14,1514.2,2401.62,0.0,12,27,0,0.0,0,3505.4,2257.86,190.0,0.0,505,1,0,portscan,sustained,355.75,564.25
2026-01-28 14:58:46.814744,9.48,3.0,87.52,2705.0,5550.0,0.29,1515.27,2400.55,0.0,12,27,0,0.0,0,5916.96,2121.34,297.5,0.0,576,1,0,portscan,sustained,356.0,564.0
2026-01-28 14:58:47.870875,8.88,3.87,87.25,1782.5,5217.5,0.29,1518.82,2397.01,0.0,12,27,0,0.0,0,3512.96,4658.75,197.5,0.0,460,1,0,portscan,sustained,356.84,563.16
2026-01-28 14:58:48.958376,9.26,3.0,87.74,2727.5,6162.5,0.29,1511.98,2403.84,0.0,12,27,0,0.0,0,3432.99,2429.32,135.0,0.0,859,1,0,portscan,sustained,355.23,564.77
2026-01-28 14:58:49.986209,11.28,3.38,85.34,2007.5,7005.0,0.29,1512.59,2403.23,0.0,12,27,0,0.0,0,5412.95,5979.42,252.5,0.0,489,1,0,portscan,sustained,355.37,564.63
2026-01-28 14:58:51.005578,8.0,3.0,89.0,1587.5,4230.0,0.29,1512.69,2403.13,0.0,12,27,0,0.0,0,3159.48,5395.93,205.0,0.0,781,1,0,portscan,sustained,355.4,564.6
2026-01-28 14:58:52.029422,8.0,3.5,88.5,2650.0,5462.5,0.35,1512.69,2403.14,0.0,12,27,0,0.0,0,5021.5,4376.55,260.0,0.0,845,1,0,portscan,sustained,355.4,564.6
2026-01-28 14:58:53.059399,9.14,3.0,87.86,2785.0,5030.0,0.35,1512.69,2403.14,0.0,12,27,0,0.0,0,2287.26,2460.52,132.5,0.0,333,1,0,portscan,sustained,355.4,564.6
2026-01-28 14:58:54.093954,8.0,3.85,88.15,2912.5,4047.5,0.35,1506.5,2409.32,0.0,12,27,0,0.0,0,2138.57,4456.13,207.5,0.0,317,1,0,portscan,sustained,353.94,566.06
2026-01-28 14:58:55.121999,13.91,3.76,82.33,2487.5,7287.5,0.35,1512.39,2403.43,0.0,12,27,0,0.0,0,2753.15,2279.17,307.5,0.0,684,1,0,portscan,sustained,355.33,564.67
2026-01-28 14:58:56.145377,8.0,3.31,88.69,1780.0,5185.0,0.4,1509.71,2406.11,0.0,12,27,0,0.0,0,5036.38,4754.3,317.5,0.0,661,1,0,portscan,sustained,354.7,565.3
2026-01-28 14:58:57.191351,8.0,3.0,89.0,2385.0,4687.5,0.4,1509.71,2406.11,0.0,12,27,0,0.0,0,3442.55,2133.59,315.0,0.0,639,1,0,portscan,sustained,354.7,565.3
2026-01-28 14:58:58.218361,8.0,3.0,89.0,2910.0,5835.0,0.4,1509.0,2406.83,0.0,12,27,0,0.0,0,2895.13,5458.41,292.5,0.0,303,1,0,portscan,sustained,354.53,565.47
2026-01-28 14:58:59.250505,10.01,3.0,86.99,3107.5,6565.0,0.4,1502.81,2413.02,0.0,12,27,0,0.0,0,5730.17,4867.71,145.0,0.0,327,1,0,portscan,sustained,353.08,566.92
2026-01-28 14:59:00.279850,10.71,3.85,85.44,2677.5,4702.5,0.4,1493.49,2422.33,0.0,12,27,0,0.0,0,2149.61,3593.58,272.5,0.0,764,1,0,portscan,sustained,350.89,569.11
2026-01-28 14:59:01.298559,8.0,3.1,88.9,2655.0,4102.5,0.37,1499.46,2416.36,0.0,12,27,0,0.0,0,4296.63,3155.04,325.0,0.0,382,1,0,portscan,sustained,352.29,567.71
2026-01-28 14:59:02.339010,8.0,3.0,89.0,2400.0,4530.0,0.37,1497.29,2418.54,0.0,12,27,0,0.0,0,5812.18,3988.89,170.0,0.0,618,1,0,portscan,sustained,351.78,568.22
2026-01-28 14:59:03.365534,8.0,3.1,88.9,2157.5,5720.0,0.37,1502.73,2413.1,0.0,12,27,0,0.0,0,5287.19,3297.8,227.5,0.0,352,1,0,portscan,sustained,353.06,566.94
2026-01-28 14:59:04.395388,8.0,3.0,89.0,1822.5,6652.5,0.37,1504.39,2411.43,0.0,12,27,0,0.0,0,3167.32,2780.17,300.0,0.0,473,1,0,portscan,sustained,353.45,566.55
2026-01-28 14:59:05.414778,10.64,3.0,86.36,3295.0,7565.0,0.37,1510.91,2404.91,0.0,12,27,0,0.0,0,4843.62,3023.02,247.5,0.0,855,1,0,portscan,sustained,354.98,565.02
2026-01-28 14:59:06.434506,16.62,7.3,76.08,8855.0,10455.0,0.42,1503.98,2411.84,0.0,12,27,0,0.0,0,3138.99,4567.86,220.0,0.0,562,1,0,portscan,sustained,353.35,566.65
2026-01-28 14:59:07.629149,8.44,3.55,88.01,2230.0,5435.0,0.42,1496.8,2419.02,0.0,12,27,0,0.0,0,3503.09,5622.87,247.5,0.0,617,1,0,portscan,sustained,351.66,568.34
2026-01-28 14:59:08.659039,8.0,3.0,89.0,1610.0,4397.5,0.42,1501.14,2414.68,0.0,12,27,0,0.0,0,3251.9,3205.15,232.5,0.0,603,1,0,portscan,sustained,352.68,567.32
2026-01-28 14:59:09.880859,8.0,3.0,89.0,2482.5,4065.0,0.42,1497.14,2418.68,0.0,12,27,0,0.0,0,2707.39,2448.98,327.5,0.0,739,1,0,portscan,sustained,351.74,568.26
2026-01-28 14:59:10.961786,8.0,3.71,88.29,2285.0,6545.0,0.42,1495.03,2420.79,0.0,12,27,0,0.0,0,5903.24,2956.07,152.5,0.0,545,1,0,portscan,sustained,351.25,568.75
2026-01-28 14:59:12.041983,8.97,3.0,88.03,2252.5,4542.5,0.47,1493.03,2422.79,0.0,12,27,0,0.0,0,4259.98,5744.54,182.5,0.0,792,1,0,portscan,sustained,350.78,569.22
2026-01-28 14:59:13.117455,8.2,3.0,88.8,2477.5,5800.0,0.47,1489.13,2426.69,0.0,12,27,0,0.0,0,3488.89,2419.34,192.5,0.0,871,1,0,portscan,sustained,349.86,570.14
2026-01-28 14:59:14.300049,8.0,3.0,89.0,1917.5,3772.5,0.47,1489.13,2426.69,0.0,12,27,1,10.1,342,3956.78,4515.6,187.5,0.0,608,1,0,portscan,sustained,349.86,570.14
2026-01-28 14:59:15.967222,8.0,3.38,88.62,3312.5,7557.5,0.47,1489.46,2426.36,0.0,12,27,0,0.0,0,2186.78,5944.45,185.0,0.0,363,1,0,portscan,sustained,349.94,570.06
2026-01-28 14:59:17.035648,8.29,3.0,88.71,1892.5,4595.0,0.67,1482.36,2433.47,0.0,12,27,0,0.0,0,2561.68,4042.77,317.5,0.0,370,1,0,portscan,sustained,348.27,571.73
2026-01-28 14:59:18.100685,8.0,3.15,88.85,1877.5,4065.0,0.67,1482.38,2433.44,0.0,12,27,0,0.0,0,4712.64,2325.07,327.5,0.0,884,1,0,portscan,sustained,348.28,571.72
2026-01-28 14:59:19.135807,8.0,3.0,89.0,1712.5,5625.0,0.67,1475.86,2439.97,0.0,12,27,0,0.0,0,2238.42,4283.79,302.5,0.0,573,1,0,portscan,sustained,346.74,573.26
2026-01-28 14:59:20.161548,8.0,3.71,88.29,2277.5,5467.5,0.67,1475.99,2439.84,0.0,12,27,0,0.0,0,3415.14,3395.48,292.5,0.0,435,1,0,portscan,sustained,346.77,573.23
2026-01-28 14:59:21.186930,8.0,3.0,89.0,1977.5,3535.0,0.62,1479.99,2435.84,0.0,12,27,0,0.0,0,4063.93,4834.62,265.0,0.0,838,1,0,portscan,sustained,347.71,572.29
2026-01-28 14:59:22.220741,9.34,3.49,87.17,2920.0,6832.5,0.62,1479.98,2435.84,0.0,12,27,0,0.0,0,2433.74,2811.47,260.0,0.0,357,1,0,portscan,sustained,347.71,572.29
2026-01-28 14:59:23.251831,8.0,3.0,89.0,2325.0,6092.5,0.62,1488.96,2426.86,0.0,12,27,0,0.0,0,5330.11,5133.34,220.0,0.0,845,1,0,portscan,sustained,349.82,570.18
2026-01-28 14:59:24.279365,10.16,3.0,86.84,2245.0,4487.5,0.62,1479.87,2435.95,0.0,12,27,0,0.0,0,3504.7,3788.19,287.5,0.0,608,1,0,portscan,sustained,347.69,572.31
2026-01-28 14:59:25.306170,11.94,3.57,84.49,2472.5,6965.0,0.62,1472.14,2443.68,0.0,12,27,0,0.0,0,5203.86,2270.2,142.5,0.0,778,1,0,portscan,sustained,345.87,574.13
2026-01-28 14:59:26.333184,10.14,3.0,86.86,2622.5,6675.0,0.65,1477.62,2438.21,0.0,12,27,0,0.0,0,5715.22,5425.18,197.5,0.0,698,1,0,portscan,sustained,347.16,572.84
2026-01-28 14:59:27.368118,9.1,3.0,87.9,1802.5,6537.5,0.65,1479.19,2436.63,0.0,12,27,0,0.0,0,3288.03,5333.16,150.0,0.0,538,1,0,portscan,sustained,347.53,572.47
2026-01-28 14:59:28.392124,8.0,3.0,89.0,1730.0,5550.0,0.65,1479.54,2436.29,0.0,12,27,0,0.0,0,3831.23,5502.94,142.5,0.0,753,1,0,portscan,sustained,347.61,572.39
2026-01-28 14:59:29.424107,9.23,3.73,87.04,3327.5,6237.5,0.65,1486.46,2429.36,0.0,12,27,0,0.0,0,4100.4,2124.73,237.5,0.0,397,1,0,portscan,sustained,349.24,570.76
2026-01-28 14:59:30.459960,8.05,3.0,88.95,3185.0,4077.5,0.65,1493.41,2422.41,0.0,12,27,0,0.0,0,2083.22,5201.22,235.0,0.0,649,1,0,portscan,sustained,350.87,569.13
2026-01-28 14:59:31.489819,8.64,3.0,88.36,2582.5,4405.0,0.6,1488.88,2426.95,0.0,12,27,0,0.0,0,4863.51,2347.85,190.0,0.0,878,1,0,portscan,sustained,349.8,570.2
2026-01-28 14:59:32.516502,12.85,3.0,84.15,2880.0,6877.5,0.6,1482.32,2433.51,0.0,12,27,0,0.0,0,2145.56,2960.51,235.0,0.0,454,1,0,portscan,sustained,348.26,571.74
2026-01-28 14:59:33.543568,8.0,3.0,89.0,2975.0,6390.0,0.6,1485.61,2430.21,0.0,12,25,0,0.0,0,5994.61,3686.97,292.5,0.0,882,1,0,portscan,sustained,349.04,570.96
2026-01-28 14:59:34.564590,8.0,3.0,89.0,2817.5,3785.0,0.6,1487.59,2428.23,0.0,12,27,0,0.0,0,4368.27,3940.7,277.5,0.0,764,1,0,portscan,sustained,349.5,570.5
2026-01-28 14:59:35.629339,8.12,4.34,87.54,2850.0,5617.5,0.6,1495.11,2420.71,0.0,12,27,0,0.0,0,3194.99,5317.52,135.0,0.0,327,1,0,portscan,sustained,351.27,568.73
2026-01-28 14:59:36.765380,8.0,3.0,89.0,1982.5,4840.0,0.55,1503.11,2412.71,0.0,12,27,0,0.0,0,4122.14,3416.57,252.5,0.0,425,1,0,portscan,sustained,353.15,566.85
2026-01-28 14:59:38.065821,9.34,3.0,87.66,3235.0,7365.0,0.55,1484.03,2431.79,0.0,12,27,0,0.0,0,3560.01,5432.62,205.0,0.0,573,1,0,portscan,sustained,348.66,571.34
2026-01-28 14:59:39.203146,8.0,3.21,88.79,2725.0,6272.5,0.55,1484.38,2431.45,0.0,12,27,0,0.0,0,2304.58,4048.01,237.5,0.0,603,1,0,portscan,sustained,348.75,571.25
2026-01-28 14:59:40.293158,8.0,3.0,89.0,2942.5,6037.5,0.55,1488.38,2427.45,0.0,12,27,0,0.0,0,5489.19,3887.13,250.0,0.0,597,1,0,portscan,sustained,349.69,570.31
2026-01-28 14:59:41.315802,8.38,3.0,88.62,2070.0,4517.5,0.5,1486.37,2429.45,0.0,12,27,0,0.0,0,5789.7,3550.46,330.0,0.0,620,1,0,portscan,sustained,349.21,570.79
2026-01-28 14:59:42.350231,10.48,3.0,86.52,2702.5,7327.5,0.5,1482.61,2433.21,0.0,12,27,0,0.0,0,2896.95,2894.23,215.0,0.0,557,1,0,portscan,sustained,348.33,571.67
2026-01-28 14:59:43.377736,8.76,3.33,87.91,1670.0,4457.5,0.5,1486.86,2428.97,0.0,12,27,0,0.0,0,5257.3,5774.27,155.0,0.0,870,1,0,portscan,sustained,349.33,570.67
2026-01-28 14:59:44.617927,8.0,3.0,89.0,1490.0,3612.5,0.5,1486.85,2428.98,0.0,11,25,0,0.0,0,5156.33,5316.57,137.5,0.0,479,1,0,portscan,sustained,349.33,570.67
2026-01-28 14:59:45.649500,9.31,3.0,87.69,3172.5,6672.5,0.5,1479.56,2436.26,0.0,12,27,0,0.0,0,5817.56,2238.4,225.0,0.0,468,1,0,portscan,sustained,347.61,572.39
2026-01-28 14:59:46.757102,8.0,3.0,89.0,1595.0,4165.0,0.46,1479.14,2436.68,0.0,12,27,0,0.0,0,5622.16,5086.72,192.5,0.0,836,1,0,portscan,sustained,347.52,572.48
2026-01-28 14:59:47.901747,10.74,3.0,86.26,2242.5,4847.5,0.46,1480.59,2435.23,0.0,12,27,0,0.0,0,3011.32,3631.56,217.5,0.0,350,1,0,portscan,sustained,347.86,572.14
2026-01-28 14:59:49.275914,8.0,3.0,89.0,2375.0,6555.0,0.46,1478.78,2437.05,0.0,12,27,0,0.0,0,4240.76,2382.79,230.0,0.0,630,1,0,portscan,sustained,347.43,572.57
2026-01-28 14:59:50.323432,8.0,3.0,89.0,1705.0,5892.5,0.46,1479.36,2436.47,0.0,12,27,0,0.0,0,5572.82,3593.54,215.0,0.0,594,1,0,portscan,sustained,347.57,572.43
2026-01-28 14:59:51.356232,8.0,3.0,89.0,2102.5,4677.5,0.43,1479.76,2436.06,0.0,12,27,0,0.0,0,4890.27,4198.67,245.0,0.0,868,1,0,portscan,sustained,347.66,572.34
2026-01-28 14:59:52.381298,8.0,3.68,88.32,2137.5,4432.5,0.43,1480.64,2435.18,0.0,12,25,0,0.0,0,3883.15,3882.13,165.0,0.0,406,1,0,portscan,sustained,347.87,572.13
2026-01-28 14:59:53.645893,8.0,3.0,89.0,2665.0,5182.5,0.43,1479.79,2436.04,0.0,11,25,0,0.0,0,5164.32,2836.77,247.5,0.0,670,1,0,portscan,sustained,347.67,572.33
2026-01-28 14:59:54.673824,8.0,3.0,89.0,2402.5,5920.0,0.43,1480.65,2435.17,0.0,12,27,0,0.0,0,3428.13,4460.56,217.5,0.0,802,1,0,portscan,sustained,347.87,572.13
2026-01-28 14:59:55.703054,8.0,3.0,89.0,2262.5,6925.0,0.43,1487.69,2428.13,0.0,12,27,0,0.0,0,2924.6,3164.32,265.0,0.0,422,1,0,portscan,sustained,349.52,570.48
2026-01-28 14:59:56.740291,8.0,3.0,89.0,2367.5,5905.0,0.47,1491.69,2424.13,0.0,12,27,0,0.0,0,5825.42,3832.62,142.5,0.0,747,1,0,portscan,sustained,350.46,569.54
2026-01-28 14:59:57.770614,9.04,3.61,87.35,3395.0,6875.0,0.47,1487.17,2428.66,0.0,12,27,0,0.0,0,4169.92,5314.68,180.0,0.0,417,1,0,portscan,sustained,349.4,570.6
2026-01-28 14:59:58.805087,8.0,3.0,89.0,1965.0,3402.5,0.47,1487.16,2428.66,0.0,12,27,0,0.0,0,5020.98,2404.74,275.0,0.0,624,1,0,portscan,sustained,349.4,570.6
2026-01-28 14:59:59.820935,11.06,3.85,85.09,2775.0,5012.5,0.47,1491.31,2424.52,0.0,12,27,0,0.0,0,3375.04,3180.2,190.0,0.0,697,1,0,portscan,sustained,350.37,569.63
2026-01-28 15:00:00.848595,8.0,3.0,89.0,2780.0,4050.0,0.47,1495.23,2420.59,0.0,12,27,0,0.0,0,3929.74,3715.99,175.0,0.0,736,1,0,portscan,sustained,351.3,568.7
2026-01-28 15:00:01.967071,8.0,3.0,89.0,2627.5,5027.5,0.43,1485.96,2429.86,0.0,12,27,0,0.0,0,4884.99,3005.91,200.0,0.0,434,1,0,portscan,sustained,349.12,570.88
2026-01-28 15:00:02.985538,8.0,3.0,89.0,2207.5,5150.0,0.43,1485.96,2429.86,0.0,12,25,0,0.0,0,3194.8,3258.64,207.5,0.0,668,1,0,portscan,sustained,349.12,570.88
2026-01-28 15:00:04.010454,8.62,3.88,87.5,2077.5,6335.0,0.43,1472.57,2443.25,0.0,12,27,0,0.0,0,4331.0,2991.43,295.0,0.0,472,1,0,portscan,sustained,345.97,574.03
2026-01-28 15:00:05.037725,8.0,3.0,89.0,2517.5,4977.5,0.43,1485.12,2430.71,0.0,12,27,0,0.0,0,4218.34,4081.44,152.5,0.0,322,1,0,portscan,sustained,348.92,571.08
2026-01-28 15:00:06.062856,12.13,4.14,83.73,2802.5,7077.5,0.43,1482.68,2433.15,0.0,12,27,0,0.0,0,4464.45,4868.12,282.5,0.0,790,1,0,portscan,sustained,348.35,571.65
2026-01-28 15:00:07.187215,8.0,3.0,89.0,2540.0,4667.5,0.4,1482.81,2433.02,0.0,12,27,0,0.0,0,3346.82,3003.05,155.0,0.0,651,1,0,portscan,sustained,348.38,571.62
2026-01-28 15:00:08.214400,8.14,3.0,88.86,1955.0,5642.5,0.4,1492.77,2423.05,0.0,12,27,0,0.0,0,5060.3,4974.87,145.0,0.0,523,1,0,portscan,sustained,350.72,569.28
2026-01-28 15:00:09.258372,8.0,3.0,89.0,2335.0,6500.0,0.4,1496.0,2419.82,0.0,12,27,0,0.0,0,3526.29,4765.38,325.0,0.0,408,1,0,portscan,sustained,351.48,568.52
2026-01-28 15:00:10.288167,8.0,3.01,88.99,3232.5,4962.5,0.4,1488.3,2427.52,0.0,12,27,0,0.0,0,2233.14,5258.85,162.5,0.0,396,1,0,portscan,sustained,349.67,570.33
2026-01-28 15:00:11.315776,8.0,3.51,88.49,3065.0,4685.0,0.37,1484.99,2430.83,0.0,12,27,0,0.0,0,3485.77,5052.99,157.5,0.0,741,1,0,portscan,sustained,348.89,571.11
2026-01-28 15:00:12.435232,8.0,3.0,89.0,1902.5,5140.0,0.37,1492.44,2423.39,0.0,12,27,0,0.0,0,4185.36,3488.97,247.5,0.0,384,1,0,portscan,sustained,350.64,569.36
2026-01-28 15:00:13.453561,8.0,3.34,88.66,2745.0,6332.5,0.37,1488.68,2427.14,0.0,12,25,0,0.0,0,4245.43,4592.88,212.5,0.0,327,1,0,portscan,sustained,349.76,570.24
2026-01-28 15:00:14.633913,8.0,3.0,89.0,1920.0,4530.0,0.37,1489.9,2425.92,0.0,12,27,0,0.0,0,4956.58,3844.37,142.5,0.0,671,1,0,portscan,sustained,350.04,569.96
2026-01-28 15:00:15.659699,8.0,3.0,89.0,2677.5,5132.5,0.37,1491.3,2424.52,0.0,12,27,0,0.0,0,4849.73,4303.76,165.0,0.0,825,1,0,portscan,sustained,350.37,569.63
2026-01-28 15:00:16.694120,8.61,3.0,88.39,1965.0,4030.0,0.34,1491.25,2424.58,0.0,12,27,0,0.0,0,3099.16,5984.81,227.5,0.0,442,1,0,portscan,sustained,350.36,569.64
2026-01-28 15:00:17.831577,8.0,3.0,89.0,2472.5,6417.5,0.34,1495.25,2420.58,0.0,12,27,0,0.0,0,3644.07,4573.63,255.0,0.0,382,1,0,portscan,sustained,351.3,568.7
2026-01-28 15:00:18.848005,8.0,4.14,87.86,4240.0,6367.5,0.34,1485.05,2430.78,0.0,12,27,0,0.0,0,4993.01,3691.42,135.0,0.0,753,1,0,portscan,sustained,348.9,571.1
2026-01-28 15:00:19.913902,12.98,5.35,81.67,9810.0,6982.5,0.34,1494.32,2421.5,0.0,12,27,0,0.0,0,4605.08,2758.49,142.5,0.0,876,1,0,portscan,sustained,351.08,568.92
2026-01-28 15:00:20.966261,8.0,3.0,89.0,3657.5,7480.0,0.34,1489.04,2426.79,0.0,12,27,0,0.0,0,4614.93,3120.17,142.5,0.0,811,1,0,portscan,sustained,349.84,570.16
2026-01-28 15:00:22.017236,8.64,3.0,88.36,3000.0,4170.0,0.31,1502.59,2413.24,0.0,12,27,0,0.0,0,4214.6,2798.07,242.5,0.0,879,1,0,portscan,sustained,353.02,566.98
2026-01-28 15:00:23.049255,8.0,3.0,89.0,2987.5,4565.0,0.31,1502.73,2413.09,0.0,12,27,0,0.0,0,4390.38,2755.91,270.0,0.0,809,1,0,portscan,sustained,353.06,566.94
2026-01-28 15:00:24.071207,8.0,3.14,88.86,2877.5,6865.0,0.31,1494.6,2421.22,0.0,12,27,0,0.0,0,2489.49,2930.16,185.0,0.0,604,1,0,portscan,sustained,351.15,568.85
2026-01-28 15:00:25.111379,8.75,5.18,86.07,3017.5,7477.5,0.31,1495.34,2420.48,0.0,12,27,0,0.0,0,5792.02,3296.35,225.0,0.0,530,1,0,portscan,sustained,351.32,568.68
2026-01-28 15:00:26.127705,12.64,7.14,80.22,4995.0,7977.5,0.45,1495.73,2420.09,0.0,12,27,0,0.0,0,4017.96,2443.45,167.5,0.0,718,1,0,portscan,sustained,351.41,568.59
2026-01-28 15:00:27.156138,8.0,4.61,87.39,3620.0,5725.0,0.45,1489.54,2426.29,0.0,12,27,0,0.0,0,5062.09,4160.85,320.0,0.0,767,1,0,portscan,sustained,349.96,570.04
2026-01-28 15:00:28.186637,26.52,13.21,60.27,16117.5,12580.0,0.45,1511.41,2404.42,0.0,12,27,0,0.0,0,5925.14,3518.36,290.0,0.0,757,1,0,portscan,sustained,355.1,564.9
2026-01-28 15:00:29.205501,35.0,20.0,45.0,23732.5,16122.5,0.45,1516.19,2399.64,0.0,12,27,0,0.0,0,4384.35,5220.94,207.5,0.0,304,1,0,portscan,sustained,356.22,563.78
2026-01-28 15:00:30.342992,13.01,9.71,77.28,7625.0,9487.5,0.45,1500.54,2415.28,0.0,12,27,0,0.0,0,2674.8,3660.72,227.5,0.0,830,1,0,portscan,sustained,352.54,567.46
2026-01-28 15:00:31.387131,8.0,3.2,88.8,1772.5,4622.5,0.41,1508.23,2407.59,0.0,12,27,0,0.0,0,2183.53,2147.16,157.5,0.0,355,1,0,portscan,sustained,354.35,565.65
2026-01-28 15:00:32.417126,10.34,3.0,86.66,2750.0,6142.5,0.41,1515.92,2399.9,0.0,12,27,0,0.0,0,2148.81,3831.31,242.5,0.0,434,1,0,portscan,sustained,356.16,563.84
2026-01-28 15:00:33.456492,8.72,3.0,88.28,2130.0,6217.5,0.41,1513.65,2402.18,0.0,12,27,0,0.0,0,2649.45,4300.87,300.0,0.0,664,1,0,portscan,sustained,355.62,564.38
2026-01-28 15:00:34.480618,9.72,3.81,86.47,2267.5,7167.5,0.41,1521.22,2394.6,0.0,12,27,0,0.0,0,4325.7,3031.93,212.5,0.0,526,1,0,portscan,sustained,357.4,562.6
2026-01-28 15:00:35.511168,8.0,3.0,89.0,3165.0,4945.0,0.41,1514.97,2400.85,0.0,12,27,0,0.0,0,2483.06,4568.71,277.5,0.0,542,1,0,portscan,sustained,355.93,564.07
2026-01-28 15:00:36.540627,10.22,3.0,86.78,2510.0,5472.5,0.38,1515.71,2400.11,0.0,12,27,0,0.0,0,5157.12,2525.4,175.0,0.0,487,1,0,portscan,sustained,356.11,563.89
2026-01-28 15:00:37.572506,10.45,3.02,86.53,1865.0,5802.5,0.38,1515.71,2400.11,0.0,12,27,0,0.0,0,4035.98,3972.14,142.5,0.0,880,1,0,portscan,sustained,356.11,563.89
2026-01-28 15:00:39.088758,8.0,4.02,87.98,3202.5,7390.0,0.38,1512.57,2403.25,0.0,12,27,0,0.0,0,3283.25,4136.97,207.5,0.0,738,1,0,portscan,sustained,355.37,564.63
2026-01-28 15:00:40.113820,8.0,3.16,88.84,2780.0,6140.0,0.38,1504.5,2411.32,0.0,12,27,0,0.0,0,2485.34,4022.99,247.5,0.0,506,1,0,portscan,sustained,353.47,566.53
2026-01-28 15:00:41.179181,8.0,3.17,88.83,1970.0,7110.0,0.35,1505.67,2410.16,0.0,12,27,0,0.0,0,4827.26,2869.96,260.0,0.0,654,1,0,portscan,sustained,353.75,566.25
2026-01-28 15:00:42.221695,10.26,3.23,86.51,2742.5,5492.5,0.35,1513.03,2402.8,0.0,12,27,0,0.0,0,3800.77,5455.56,277.5,0.0,419,1,0,portscan,sustained,355.48,564.52
2026-01-28 15:00:43.287477,8.0,3.7,88.3,2700.0,4727.5,0.35,1508.89,2406.93,0.0,12,27,0,0.0,0,2477.19,4919.72,325.0,0.0,532,1,0,portscan,sustained,354.51,565.49
2026-01-28 15:00:44.459621,8.0,3.0,89.0,1332.5,2835.0,0.35,1508.89,2406.93,0.0,12,27,0,0.0,0,5975.07,4060.08,190.0,0.0,609,1,0,portscan,sustained,354.51,565.49
2026-01-28 15:00:45.622937,11.74,4.71,83.55,2145.0,5345.0,0.35,1501.7,2414.13,0.0,12,27,0,0.0,0,2826.78,5568.09,150.0,0.0,434,1,0,portscan,sustained,352.82,567.18
2026-01-28 15:00:46.647541,10.66,3.62,85.72,3330.0,5937.5,0.32,1505.14,2410.68,0.0,12,27,0,0.0,0,2893.94,4526.15,205.0,0.0,563,1,0,portscan,sustained,353.62,566.38
2026-01-28 15:00:48.030102,8.0,3.02,88.98,1642.5,4290.0,0.32,1509.99,2405.83,0.0,12,27,0,0.0,0,4196.91,3537.45,322.5,0.0,782,1,0,portscan,sustained,354.76,565.24
2026-01-28 15:00:49.061808,8.0,3.64,88.36,2040.0,6050.0,0.32,1523.44,2392.39,0.0,12,27,0,0.0,0,5398.4,3247.69,255.0,0.0,697,1,0,portscan,sustained,357.92,562.08
2026-01-28 15:00:50.090760,8.0,3.97,88.03,2507.5,5902.5,0.32,1523.54,2392.29,0.0,12,27,0,0.0,0,5467.59,5496.75,170.0,0.0,654,1,0,portscan,sustained,357.95,562.05
2026-01-28 15:00:51.121389,10.83,3.0,86.17,2077.5,5742.5,0.29,1521.5,2394.32,0.0,12,27,0,0.0,0,3122.06,5028.4,210.0,0.0,530,1,0,portscan,sustained,357.47,562.53
2026-01-28 15:00:52.270829,8.0,3.0,89.0,2592.5,5167.5,0.29,1512.69,2403.14,0.0,12,27,0,0.0,0,2396.87,5614.43,170.0,0.0,306,1,0,portscan,sustained,355.4,564.6
2026-01-28 15:00:53.331007,10.75,4.25,85.0,2165.0,6997.5,0.29,1512.04,2403.79,0.0,12,27,0,0.0,0,4846.75,4613.48,175.0,0.0,405,1,0,portscan,sustained,355.24,564.76
2026-01-28 15:00:54.355966,9.81,3.26,86.93,1870.0,4905.0,0.29,1512.04,2403.79,0.0,12,27,0,0.0,0,2171.02,3572.6,230.0,0.0,621,1,0,portscan,sustained,355.24,564.76
2026-01-28 15:00:55.384892,9.3,3.0,87.7,2625.0,4907.5,0.29,1513.67,2402.15,0.0,12,25,0,0.0,0,2559.29,2917.88,180.0,0.0,729,1,0,portscan,sustained,355.63,564.37
2026-01-28 15:00:56.406014,11.57,3.52,84.91,2847.5,6430.0,0.27,1509.06,2406.77,0.0,12,27,0,0.0,0,4937.82,4833.96,315.0,0.0,397,1,0,portscan,sustained,354.54,565.46
2026-01-28 15:00:57.614422,8.0,3.0,89.0,2720.0,4940.0,0.27,1509.27,2406.55,0.0,12,27,0,0.0,0,3876.74,4120.45,285.0,0.0,564,1,0,portscan,sustained,354.59,565.41
2026-01-28 15:00:58.648339,8.0,3.0,89.0,2112.5,4175.0,0.27,1510.97,2404.85,0.0,12,27,0,0.0,0,5087.61,4254.69,235.0,0.0,361,1,0,portscan,sustained,354.99,565.01
2026-01-28 15:00:59.676236,8.0,3.0,89.0,2512.5,3742.5,0.27,1510.04,2405.78,0.0,12,27,0,0.0,0,2618.34,3415.95,217.5,0.0,716,1,0,portscan,sustained,354.78,565.22
2026-01-28 15:01:00.707843,12.08,3.0,84.92,3807.5,5607.5,0.27,1507.02,2408.8,0.0,12,27,0,0.0,0,2510.63,3167.35,157.5,0.0,702,1,0,portscan,sustained,354.07,565.93
2026-01-28 15:01:01.735248,8.0,3.0,89.0,1812.5,5027.5,0.25,1508.3,2407.52,0.0,12,27,0,0.0,0,5700.64,4349.67,315.0,0.0,793,1,0,portscan,sustained,354.37,565.63
2026-01-28 15:01:02.762322,8.81,3.9,87.29,1885.0,6442.5,0.25,1508.3,2407.53,0.0,12,27,0,0.0,0,5050.74,2975.4,245.0,0.0,779,1,0,portscan,sustained,354.37,565.63
2026-01-28 15:01:03.780989,8.0,3.0,89.0,2162.5,6445.0,0.25,1508.3,2407.53,0.0,12,27,0,0.0,0,4934.93,5534.25,232.5,0.0,877,1,0,portscan,sustained,354.37,565.63
2026-01-28 15:01:04.810352,8.0,3.36,88.64,2405.0,6702.5,0.25,1514.02,2401.8,0.0,12,27,0,0.0,0,2135.65,5847.08,177.5,0.0,785,1,0,portscan,sustained,355.71,564.29
2026-01-28 15:01:05.838754,10.81,4.2,84.99,3847.5,6640.0,0.25,1521.46,2394.37,0.0,12,27,0,0.0,0,5752.85,5257.87,245.0,0.0,593,1,0,portscan,sustained,357.46,562.54
2026-01-28 15:01:06.866606,9.04,3.0,87.96,2182.5,6525.0,0.23,1519.7,2396.12,0.0,12,27,0,0.0,0,2121.17,3518.07,295.0,0.0,734,1,0,portscan,sustained,357.05,562.95
2026-01-28 15:01:07.897100,9.63,3.51,86.86,1515.0,6380.0,0.23,1518.16,2397.67,0.0,12,27,0,0.0,0,4133.31,4151.37,187.5,0.0,368,1,0,portscan,sustained,356.68,563.32
2026-01-28 15:01:08.924149,8.09,3.0,88.91,2760.0,5202.5,0.23,1510.94,2404.89,0.0,12,27,0,0.0,0,4596.38,4176.16,247.5,0.0,835,1,0,portscan,sustained,354.99,565.01
2026-01-28 15:01:09.945584,8.0,3.5,88.5,1847.5,6892.5,0.23,1510.88,2404.94,0.0,12,27,0,0.0,0,5994.31,2261.11,305.0,0.0,884,1,0,portscan,sustained,354.97,565.03
2026-01-28 15:01:10.964839,11.33,3.49,85.18,2107.5,7127.5,0.23,1515.59,2400.23,0.0,12,27,0,0.0,0,4879.28,3400.06,295.0,0.0,789,1,0,portscan,sustained,356.08,563.92
2026-01-28 15:01:11.986534,8.0,3.2,88.8,2692.5,6660.0,0.21,1519.59,2396.23,0.0,12,27,0,0.0,0,5554.1,4209.39,190.0,0.0,766,1,0,portscan,sustained,357.02,562.98
2026-01-28 15:01:13.009936,8.0,3.55,88.45,2887.5,5785.0,0.21,1520.72,2395.1,0.0,12,27,0,0.0,0,3928.74,3977.87,270.0,0.0,700,1,0,portscan,sustained,357.28,562.72
2026-01-28 15:01:14.073317,8.66,3.0,88.34,2530.0,4920.0,0.21,1525.71,2390.11,0.0,12,27,0,0.0,0,2480.49,4244.94,180.0,0.0,613,1,0,portscan,sustained,358.46,561.54
2026-01-28 15:01:15.111863,9.38,3.0,87.62,1792.5,6367.5,0.21,1522.28,2393.54,0.0,12,27,0,0.0,0,2278.93,2091.34,312.5,0.0,447,1,0,portscan,sustained,357.65,562.35
2026-01-28 15:01:16.138844,11.06,3.33,85.61,2795.0,6395.0,0.27,1510.77,2405.05,0.0,12,27,0,0.0,0,5741.24,2711.99,150.0,0.0,470,1,0,portscan,sustained,354.95,565.05
2026-01-28 15:01:17.160727,8.0,3.0,89.0,2327.5,5207.5,0.27,1508.95,2406.88,0.0,12,27,0,0.0,0,3655.99,4960.41,252.5,0.0,791,1,0,portscan,sustained,354.52,565.48
2026-01-28 15:01:18.222134,8.0,3.34,88.66,1580.0,4840.0,0.27,1514.18,2401.65,0.0,12,27,0,0.0,0,3950.76,5627.52,202.5,0.0,561,1,0,portscan,sustained,355.75,564.25
2026-01-28 15:01:19.247896,11.19,3.0,85.81,2105.0,6897.5,0.27,1516.88,2398.94,0.0,12,27,0,0.0,0,4747.91,2072.67,277.5,0.0,598,1,0,portscan,sustained,356.38,563.62
2026-01-28 15:01:20.272599,8.47,3.0,88.53,2135.0,5077.5,0.27,1521.8,2394.02,0.0,12,27,0,0.0,0,3691.22,2885.49,207.5,0.0,609,1,0,portscan,sustained,357.54,562.46
2026-01-28 15:01:21.296758,8.0,3.0,89.0,1917.5,5545.0,0.57,1521.36,2394.47,0.0,12,27,0,0.0,0,4827.35,3505.66,315.0,0.0,502,1,0,portscan,sustained,357.43,562.57
2026-01-28 15:01:22.322413,10.27,3.0,86.73,1730.0,6270.0,0.57,1521.34,2394.48,0.0,12,27,0,0.0,0,5758.13,5531.6,255.0,0.0,401,1,0,portscan,sustained,357.43,562.57
2026-01-28 15:01:23.339616,8.0,3.17,88.83,1675.0,3745.0,0.57,1521.48,2394.34,0.0,12,27,0,0.0,0,4138.42,2253.76,215.0,0.0,380,1,0,portscan,sustained,357.46,562.54
2026-01-28 15:01:24.358485,8.01,3.0,88.99,2620.0,6812.5,0.57,1514.43,2401.39,0.0,12,27,0,0.0,0,2107.09,2402.03,260.0,0.0,627,1,0,portscan,sustained,355.81,564.19
2026-01-28 15:01:25.388588,9.6,3.04,87.36,1907.5,6407.5,0.57,1510.68,2405.15,0.0,12,27,0,0.0,0,5325.6,3922.81,162.5,0.0,329,1,0,portscan,sustained,354.92,565.08
2026-01-28 15:01:26.414315,11.09,3.26,85.65,2845.0,6210.0,0.52,1511.96,2403.86,0.0,12,27,0,0.0,0,5906.79,3593.14,182.5,0.0,319,1,0,portscan,sustained,355.23,564.77
2026-01-28 15:01:27.436482,8.0,4.37,87.63,2990.0,5100.0,0.52,1512.82,2403.0,0.0,12,27,0,0.0,0,2064.86,4425.82,302.5,0.0,517,1,0,portscan,sustained,355.43,564.57
2026-01-28 15:01:28.461408,8.0,3.0,89.0,2600.0,6812.5,0.52,1509.76,2406.07,0.0,12,27,0,0.0,0,3967.06,5599.51,135.0,0.0,703,1,0,portscan,sustained,354.71,565.29
2026-01-28 15:01:29.486617,9.31,3.0,87.69,2160.0,5555.0,0.52,1509.75,2406.07,0.0,12,27,0,0.0,0,3640.78,4939.37,247.5,0.0,787,1,0,portscan,sustained,354.71,565.29
2026-01-28 15:01:30.513718,11.19,3.0,85.81,2037.5,6652.5,0.52,1511.71,2404.11,0.0,12,27,0,0.0,0,4870.84,3615.46,172.5,0.0,552,1,0,portscan,sustained,355.17,564.83
2026-01-28 15:01:31.636137,9.49,3.0,87.51,2870.0,5202.5,0.48,1518.11,2397.71,0.0,12,27,0,0.0,0,2888.31,4823.45,202.5,0.0,511,1,0,portscan,sustained,356.67,563.33
2026-01-28 15:01:32.708016,8.0,3.0,89.0,1670.0,4992.5,0.48,1519.47,2396.36,0.0,12,27,0,0.0,0,5815.41,4514.79,235.0,0.0,470,1,0,portscan,sustained,356.99,563.01
2026-01-28 15:01:33.900671,8.0,3.0,89.0,2207.5,5992.5,0.48,1519.61,2396.21,0.0,12,27,0,0.0,0,5560.41,5261.42,315.0,0.0,774,1,0,portscan,sustained,357.02,562.98
2026-01-28 15:01:34.967006,8.0,3.0,89.0,1582.5,4702.5,0.48,1518.01,2397.81,0.0,12,27,0,0.0,0,5349.43,2282.79,130.0,0.0,656,1,0,portscan,sustained,356.65,563.35
2026-01-28 15:01:35.992608,8.0,3.46,88.54,1597.5,4782.5,0.48,1517.73,2398.1,0.0,12,27,0,0.0,0,4189.41,2112.93,177.5,0.0,810,1,0,portscan,sustained,356.58,563.42
2026-01-28 15:01:37.238342,8.0,3.66,88.34,1496.3,2918.5,0.44,1512.19,2403.64,0.0,12,27,0,0.0,0,5276.43,2179.0,150.8,0.0,192,1,0,portscan,decay,355.28,564.72
2026-01-28 15:01:38.289017,8.0,3.0,89.0,1088.1,2126.8,0.44,1509.55,2406.28,0.0,12,27,0,0.0,0,4750.48,5495.5,148.2,0.0,85,1,0,portscan,decay,354.66,565.34
2026-01-28 15:01:39.313572,9.74,3.58,86.68,1314.3,3296.8,0.44,1503.85,2411.98,0.0,12,27,0,0.0,0,4640.84,2758.24,146.9,0.0,116,1,0,portscan,decay,353.32,566.68
2026-01-28 15:01:40.337632,8.64,3.0,88.36,864.5,2687.1,0.44,1511.54,2404.29,0.0,12,27,0,0.0,0,3299.24,5155.78,158.6,0.0,182,1,0,portscan,decay,355.13,564.87
2026-01-28 15:01:41.558767,8.0,3.0,89.0,1063.4,2554.5,0.49,1504.84,2410.99,0.0,12,27,0,0.0,0,5730.19,5073.89,107.9,0.0,132,1,0,portscan,decay,353.55,566.45
2026-01-28 15:01:42.872864,8.0,3.0,89.0,1024.4,2847.0,0.49,1514.68,2401.14,0.0,12,27,0,0.0,0,4241.58,2022.66,115.7,0.0,110,1,0,portscan,decay,355.87,564.13
2026-01-28 15:01:43.921953,8.0,3.0,89.0,1028.3,1540.5,0.49,1514.68,2401.14,0.0,12,27,0,0.0,0,3376.72,2779.58,114.4,0.0,197,1,0,portscan,decay,355.87,564.13
2026-01-28 15:01:44.940340,8.0,3.0,89.0,672.1,1492.4,0.49,1519.56,2396.26,0.0,12,27,0,0.0,0,3047.18,3282.56,170.3,0.0,189,1,0,portscan,decay,357.01,562.99
2026-01-28 15:01:46.248458,8.0,3.0,89.0,1006.2,2702.7,0.45,1519.11,2396.71,0.0,12,27,0,0.0,0,5891.34,3674.46,102.7,0.0,133,1,0,portscan,decay,356.91,563.09
2026-01-28 15:01:47.273776,9.69,3.88,86.43,938.6,2878.2,0.45,1519.36,2396.47,0.0,11,25,0,0.0,0,4750.49,3531.79,106.6,0.0,90,1,0,portscan,decay,356.96,563.04
2026-01-28 15:01:48.329726,9.8,4.28,85.92,1359.8,2645.5,0.45,1506.1,2409.72,0.0,12,27,0,0.0,0,5302.3,3329.71,148.2,0.0,153,1,0,portscan,decay,353.85,566.15
2026-01-28 15:01:49.368955,8.0,3.0,89.0,1164.8,2384.2,0.45,1510.23,2405.59,0.0,12,27,0,0.0,0,3140.53,5666.35,171.6,0.0,200,1,0,portscan,decay,354.82,565.18
2026-01-28 15:01:50.426919,8.0,3.0,89.0,1128.4,2492.1,0.45,1510.23,2405.59,0.0,12,27,0,0.0,0,3470.36,3113.63,139.1,0.0,172,1,0,portscan,decay,354.82,565.18
2026-01-28 15:01:51.886596,8.0,3.0,89.0,1177.8,2832.7,0.41,1508.2,2407.62,0.0,12,27,0,0.0,0,4824.44,4331.41,80.6,0.0,89,1,0,portscan,decay,354.34,565.66
2026-01-28 15:01:53.142275,8.18,3.0,88.82,1677.0,3012.1,0.41,1512.55,2403.27,0.0,12,27,0,0.0,0,5448.24,4355.17,136.5,0.0,82,1,0,portscan,decay,355.37,564.63
2026-01-28 15:01:54.171460,8.01,3.01,88.98,1107.6,3482.7,0.41,1508.54,2407.28,0.0,12,27,0,0.0,0,2552.77,2713.54,145.6,0.0,102,1,0,portscan,decay,354.42,565.58
2026-01-28 15:01:55.209105,8.0,3.0,89.0,1406.6,2371.2,0.41,1512.79,2403.04,0.0,12,27,0,0.0,0,2364.17,2597.34,156.0,0.0,91,1,0,portscan,decay,355.42,564.58
2026-01-28 15:01:56.237099,8.0,3.28,88.72,743.6,2593.5,0.38,1512.79,2403.04,0.0,12,25,0,0.0,0,5790.49,4550.36,130.0,0.0,115,1,0,portscan,decay,355.42,564.58
2026-01-28 15:01:57.265521,8.0,3.0,89.0,1241.5,2705.3,0.38,1516.79,2399.04,0.0,12,27,0,0.0,0,3594.46,3215.31,114.4,0.0,145,1,0,portscan,decay,356.36,563.64
2026-01-28 15:01:58.291688,10.56,3.28,86.16,1248.0,3174.6,0.38,1514.17,2401.65,0.0,12,27,0,0.0,0,2210.36,5104.43,97.5,0.0,86,1,0,portscan,decay,355.75,564.25
2026-01-28 15:01:59.805294,8.0,3.0,89.0,1393.6,3084.9,0.38,1514.42,2401.41,0.0,12,27,0,0.0,0,2160.71,4199.49,167.7,0.0,199,1,0,portscan,decay,355.8,564.2
2026-01-28 15:02:00.925988,8.0,3.96,88.04,1810.9,2879.5,0.38,1513.07,2402.75,0.0,12,27,0,0.0,0,2555.75,4442.61,84.5,0.0,126,1,0,portscan,decay,355.49,564.51
2026-01-28 15:02:02.613640,8.0,3.0,89.0,1132.3,2418.0,0.35,1508.64,2407.19,0.0,12,27,0,0.0,0,4474.75,2148.06,148.2,0.0,116,1,0,portscan,decay,354.45,565.55
2026-01-28 15:02:04.265187,9.23,3.44,87.33,1600.3,4728.1,0.35,1509.14,2406.68,0.0,12,27,0,0.0,0,5756.47,3748.12,156.0,0.0,95,1,0,portscan,decay,354.56,565.44
2026-01-28 15:02:05.310980,8.0,3.0,89.0,1188.2,2986.1,0.35,1509.07,2406.76,0.0,12,27,0,0.0,0,3633.27,2375.12,128.7,0.0,119,1,0,portscan,decay,354.55,565.45
2026-01-28 15:02:06.333528,8.0,3.0,89.0,1027.0,2561.0,0.32,1514.76,2401.07,0.0,12,27,0,0.0,0,3508.76,2755.83,171.6,0.0,199,1,0,portscan,decay,355.88,564.12
2026-01-28 15:02:07.361780,8.0,3.0,89.0,1199.9,2122.9,0.32,1508.01,2407.81,0.0,12,27,0,0.0,0,5773.72,3550.18,119.6,0.0,109,1,0,portscan,decay,354.3,565.7
2026-01-28 15:02:08.393050,8.0,3.18,88.82,1290.9,2576.6,0.32,1512.0,2403.82,0.0,12,27,0,0.0,0,5937.64,4873.1,156.0,0.0,147,1,0,portscan,decay,355.24,564.76
2026-01-28 15:02:09.422506,8.0,4.62,87.38,1614.6,2921.1,0.32,1512.24,2403.58,0.0,12,27,0,0.0,0,4023.65,4614.58,91.0,0.0,123,1,0,portscan,decay,355.29,564.71
2026-01-28 15:02:10.457506,8.61,3.5,87.89,1201.2,2550.6,0.32,1508.24,2407.58,0.0,12,27,0,0.0,0,4973.8,4888.09,71.5,0.0,88,1,0,portscan,decay,354.35,565.65
2026-01-28 15:02:11.488458,8.0,3.0,89.0,1544.4,2002.0,0.29,1508.24,2407.58,0.0,12,27,0,0.0,0,4677.37,3898.21,114.4,0.0,94,1,0,portscan,decay,354.35,565.65
2026-01-28 15:02:12.521048,8.0,3.04,88.96,939.9,3201.9,0.29,1507.96,2407.86,0.0,12,27,0,0.0,0,5844.17,4838.27,169.0,0.0,172,1,0,portscan,decay,354.29,565.71
2026-01-28 15:02:13.550890,8.0,3.0,89.0,859.3,2860.0,0.29,1511.96,2403.86,0.0,12,27,0,0.0,0,4428.93,4147.1,119.6,0.0,170,1,0,portscan,decay,355.23,564.77
2026-01-28 15:02:14.580078,12.62,3.0,84.38,1669.2,3443.7,0.29,1511.96,2403.86,0.0,12,27,0,0.0,0,5386.47,4862.81,93.6,0.0,133,1,0,portscan,decay,355.23,564.77
2026-01-28 15:02:15.609307,8.0,3.0,89.0,1367.6,2588.3,0.29,1510.42,2405.4,0.0,12,27,0,0.0,0,2873.63,4481.8,167.7,0.0,165,1,0,portscan,decay,354.86,565.14
2026-01-28 15:02:16.639904,8.0,3.0,89.0,1123.2,2133.3,0.27,1512.01,2403.81,0.0,12,27,0,0.0,0,4355.95,2990.54,148.2,0.0,192,1,0,portscan,decay,355.24,564.76
2026-01-28 15:02:17.665722,8.0,3.46,88.54,1280.5,2126.8,0.27,1517.61,2398.21,0.0,12,27,0,0.0,0,3733.41,3742.19,94.9,0.0,153,1,0,portscan,decay,356.55,563.45
2026-01-28 15:02:18.693083,8.58,3.0,88.42,1359.8,3087.5,0.27,1516.56,2399.27,0.0,12,27,0,0.0,0,4185.42,4865.45,154.7,0.0,89,1,0,portscan,decay,356.31,563.69
2026-01-28 15:02:19.721378,8.45,4.16,87.39,1469.0,2756.0,0.27,1501.66,2414.16,0.0,12,27,0,0.0,0,3783.92,4146.56,163.8,0.0,127,1,0,portscan,decay,352.81,567.19
2026-01-28 15:02:20.753773,8.0,3.0,89.0,1097.2,2117.7,0.27,1501.66,2414.16,0.0,12,27,0,0.0,0,5889.99,5363.7,161.2,0.0,89,1,0,portscan,decay,352.81,567.19
2026-01-28 15:02:21.785605,8.13,3.0,88.87,1589.9,2030.6,0.33,1507.11,2408.71,0.0,12,27,0,0.0,0,4835.14,4541.99,70.2,0.0,139,1,0,portscan,decay,354.09,565.91
2026-01-28 15:02:22.814968,10.26,3.15,86.59,1586.0,3338.4,0.33,1515.79,2400.04,0.0,12,27,0,0.0,0,2718.76,5269.3,76.7,0.0,192,1,0,portscan,decay,356.13,563.87
2026-01-28 15:02:23.851142,8.0,3.43,88.57,1147.9,3200.6,0.33,1519.78,2396.04,0.0,12,27,0,0.0,0,4720.19,2348.23,119.6,0.0,96,1,0,portscan,decay,357.06,562.94
2026-01-28 15:02:24.877173,11.04,3.0,85.96,1388.4,3629.6,0.33,1523.35,2392.48,0.0,12,27,0,0.0,0,4466.19,3798.85,84.5,0.0,192,1,0,portscan,decay,357.9,562.1
2026-01-28 15:02:25.940946,8.0,3.0,89.0,964.6,3360.5,0.33,1523.25,2392.58,0.0,12,27,0,0.0,0,5226.69,2340.11,126.1,0.0,176,1,0,portscan,decay,357.88,562.12
2026-01-28 15:02:27.175869,8.0,3.0,89.0,1306.5,2730.0,0.38,1519.59,2396.23,0.0,12,27,0,0.0,0,4723.81,3815.63,145.6,0.0,90,1,0,portscan,decay,357.02,562.98
2026-01-28 15:02:28.730007,8.0,3.0,89.0,1573.0,2801.5,0.38,1519.59,2396.23,0.0,12,25,0,0.0,0,4117.74,4248.24,78.0,0.0,184,1,0,portscan,decay,357.02,562.98
2026-01-28 15:02:29.755482,12.99,4.29,82.72,1342.9,3266.9,0.38,1512.71,2403.11,0.0,12,27,0,0.0,0,5381.88,4569.46,89.7,0.0,93,1,0,portscan,decay,355.4,564.6
2026-01-28 15:02:30.775137,8.0,3.77,88.23,1095.9,3302.0,0.38,1516.71,2399.11,0.0,12,27,0,0.0,0,4064.31,5032.45,101.4,0.0,170,1,0,portscan,decay,356.34,563.66
2026-01-28 15:02:32.186948,8.43,3.0,88.57,1112.8,3819.4,0.35,1515.72,2400.1,0.0,12,27,0,0.0,0,3848.16,2050.15,167.7,0.0,165,1,0,portscan,decay,356.11,563.89
2026-01-28 15:02:33.264610,8.0,3.0,89.0,1376.7,2668.9,0.35,1515.72,2400.1,0.0,12,27,0,0.0,0,3558.8,2639.44,140.4,0.0,117,1,0,portscan,decay,356.11,563.89
2026-01-28 15:02:34.543768,10.69,3.72,85.59,1739.4,3109.6,0.35,1511.64,2404.18,0.0,12,27,0,0.0,0,4612.75,4148.17,120.9,0.0,153,1,0,portscan,decay,355.15,564.85
2026-01-28 15:02:35.578579,8.0,3.0,89.0,867.1,2366.0,0.35,1515.64,2400.18,0.0,12,25,0,0.0,0,4894.86,4121.15,130.0,0.0,135,1,0,portscan,decay,356.09,563.91
2026-01-28 15:02:36.645649,8.0,3.35,88.65,1539.2,2350.4,0.32,1517.61,2398.21,0.0,12,27,0,0.0,0,3556.11,2663.97,98.8,0.0,193,1,0,portscan,decay,356.55,563.45
2026-01-28 15:02:38.023759,8.0,3.0,89.0,1023.1,2429.7,0.32,1510.5,2405.32,0.0,12,27,0,0.0,0,5480.08,5686.49,159.9,0.0,177,1,0,portscan,decay,354.88,565.12
2026-01-28 15:02:39.053634,8.01,3.96,88.03,1444.3,2470.0,0.32,1517.74,2398.08,0.0,12,27,0,0.0,0,2384.89,4245.17,148.2,0.0,134,1,0,portscan,decay,356.58,563.42
2026-01-28 15:02:40.085577,14.69,4.68,80.63,1514.5,3601.0,0.32,1511.95,2403.87,0.0,12,27,0,0.0,0,5108.88,2482.42,79.3,0.0,183,1,0,portscan,decay,355.22,564.78
2026-01-28 15:02:41.145230,8.26,4.07,87.67,1573.0,3155.1,0.3,1515.94,2399.88,0.0,12,27,0,0.0,0,5526.93,2008.03,163.8,0.0,196,1,0,portscan,decay,356.16,563.84
2026-01-28 15:02:42.251144,8.0,3.0,89.0,1032.2,3315.0,0.3,1523.94,2391.88,0.0,12,27,0,0.0,0,4098.88,4353.86,101.4,0.0,100,1,0,portscan,decay,358.04,561.96
2026-01-28 15:02:43.277205,8.35,3.0,88.65,998.4,2382.9,0.3,1520.19,2395.64,0.0,12,27,0,0.0,0,3006.73,5387.53,104.0,0.0,167,1,0,portscan,decay,357.16,562.84
2026-01-28 15:02:44.293867,8.0,3.77,88.23,1089.4,2757.3,0.3,1520.19,2395.64,0.0,12,27,0,0.0,0,5859.41,2128.65,114.4,0.0,97,1,0,portscan,decay,357.16,562.84
2026-01-28 15:02:45.362026,11.12,3.0,85.88,967.2,3617.9,0.3,1509.75,2406.08,0.0,12,27,0,0.0,0,4048.57,5071.27,149.5,0.0,112,1,0,portscan,decay,354.71,565.29
2026-01-28 15:02:46.384028,9.45,3.0,87.55,1346.8,2962.7,0.27,1511.96,2403.86,0.0,12,27,0,0.0,0,2676.0,3985.94,128.7,0.0,165,1,0,portscan,decay,355.23,564.77
2026-01-28 15:02:47.417214,8.0,3.74,88.26,985.4,2817.1,0.27,1511.96,2403.86,0.0,12,27,0,0.0,0,4512.41,3155.94,118.3,0.0,96,1,0,portscan,decay,355.23,564.77
2026-01-28 15:02:48.535013,8.0,3.05,88.95,1094.6,2372.5,0.27,1517.68,2398.15,0.0,12,27,0,0.0,0,5692.46,2637.43,96.2,0.0,136,1,0,portscan,decay,356.57,563.43
2026-01-28 15:02:49.560084,8.0,3.1,88.9,1029.6,4183.4,0.27,1517.82,2398.01,0.0,12,27,0,0.0,0,4042.51,4370.67,91.0,0.0,189,1,0,portscan,decay,356.6,563.4
2026-01-28 15:02:50.642315,9.74,3.03,87.23,1770.6,3889.6,0.27,1513.27,2402.55,0.0,12,27,0,0.0,0,5295.24,4668.34,127.4,0.0,88,1,0,portscan,decay,355.53,564.47
2026-01-28 15:02:51.669549,8.0,3.21,88.79,991.9,3216.2,0.25,1516.87,2398.95,0.0,12,27,0,0.0,0,2554.49,3241.78,96.2,0.0,193,1,0,portscan,decay,356.38,563.62
2026-01-28 15:02:52.821007,8.0,3.0,89.0,1235.0,1963.0,0.25,1516.87,2398.95,0.0,12,27,0,0.0,0,5895.25,3472.54,102.7,0.0,100,1,0,portscan,decay,356.38,563.62
2026-01-28 15:02:54.096829,8.0,3.13,88.87,915.2,1856.4,0.25,1523.71,2392.11,0.0,11,25,0,0.0,0,4696.76,2081.73,102.7,0.0,200,1,0,portscan,decay,357.99,562.01
2026-01-28 15:02:55.139640,10.65,3.75,85.6,1674.4,3731.0,0.25,1512.21,2403.61,0.0,12,27,0,0.0,0,3337.77,4330.86,117.0,0.0,102,1,0,portscan,decay,355.29,564.71
2026-01-28 15:02:56.194743,9.48,3.0,87.52,1149.2,2458.3,0.23,1514.29,2401.54,0.0,12,27,0,0.0,0,4530.67,2654.76,67.6,0.0,88,1,0,portscan,decay,355.77,564.23
2026-01-28 15:02:57.265523,8.0,3.85,88.15,1366.3,2923.7,0.23,1518.29,2397.54,0.0,12,27,0,0.0,0,4691.25,4718.09,165.1,0.0,88,1,0,portscan,decay,356.71,563.29
2026-01-28 15:02:58.384548,8.69,3.0,88.31,913.9,3224.0,0.23,1518.56,2397.27,0.0,12,27,0,0.0,0,2659.17,2116.68,171.6,0.0,95,1,0,portscan,decay,356.78,563.22
2026-01-28 15:02:59.423782,8.0,3.0,89.0,990.6,2199.6,0.23,1516.89,2398.93,0.0,12,27,0,0.0,0,5237.24,5819.75,87.1,0.0,129,1,0,portscan,decay,356.38,563.62
2026-01-28 15:03:00.535418,12.48,4.79,82.73,2074.8,3252.6,0.23,1513.8,2402.03,0.0,12,27,0,0.0,0,2023.18,2711.85,89.7,0.0,181,1,0,portscan,decay,355.66,564.34
2026-01-28 15:03:01.567418,12.68,3.58,83.74,1566.5,3710.2,0.21,1520.96,2394.86,0.0,12,27,0,0.0,0,2530.0,2192.32,70.2,0.0,177,1,0,portscan,decay,357.34,562.66
2026-01-28 15:03:02.609609,8.0,3.0,89.0,1012.7,3390.4,0.21,1521.02,2394.81,0.0,12,27,0,0.0,0,2363.88,5856.36,92.3,0.0,187,1,0,portscan,decay,357.35,562.65
2026-01-28 15:03:03.666349,10.57,3.75,85.68,1090.7,2241.2,0.21,1522.37,2393.45,0.0,12,27,0,0.0,0,3104.45,5263.63,83.2,0.0,92,1,0,portscan,decay,357.67,562.33
2026-01-28 15:03:04.856930,9.28,3.0,87.72,1280.5,2828.8,0.21,1525.4,2390.43,0.0,12,27,0,0.0,0,2258.1,5245.12,80.6,0.0,182,1,0,portscan,decay,358.38,561.62
2026-01-28 15:03:06.073538,8.0,3.27,88.73,1483.3,2567.5,0.21,1525.75,2390.07,0.0,12,27,0,0.0,0,4065.44,4435.33,70.2,0.0,139,1,0,portscan,decay,358.47,561.53
2026-01-28 15:03:08.643739,8.0,3.0,89.0,1168.7,2830.1,0.2,1520.17,2395.65,0.0,12,27,0,0.0,0,3813.33,2598.89,97.5,0.0,173,1,0,portscan,decay,357.16,562.84
2026-01-28 15:03:09.674696,8.64,3.94,87.42,1463.8,2492.1,0.2,1509.75,2406.07,0.0,12,27,0,0.0,0,3247.79,4619.35,114.4,0.0,96,1,0,portscan,decay,354.71,565.29
2026-01-28 15:03:10.700284,13.47,3.35,83.18,1437.8,3079.7,0.2,1514.15,2401.67,0.0,12,27,0,0.0,0,4397.54,4802.7,143.0,0.0,144,1,0,portscan,decay,355.74,564.26
2026-01-28 15:03:11.733607,8.0,3.0,89.0,817.7,2878.2,0.18,1514.15,2401.67,0.0,12,25,0,0.0,0,4095.29,2847.64,114.4,0.0,180,1,0,portscan,decay,355.74,564.26
2026-01-28 15:03:12.760347,8.0,3.0,89.0,1398.8,3221.4,0.18,1518.43,2397.39,0.0,12,27,0,0.0,0,4239.68,3824.86,122.2,0.0,82,1,0,portscan,decay,356.75,563.25
2026-01-28 15:03:13.786897,8.24,3.0,88.76,919.1,2317.9,0.18,1514.93,2400.89,0.0,12,27,0,0.0,0,5263.2,4881.84,163.8,0.0,126,1,0,portscan,decay,355.92,564.08
2026-01-28 15:03:14.814168,8.0,3.0,89.0,1316.9,2745.6,0.18,1505.64,2410.18,0.0,12,27,0,0.0,0,3349.6,3686.43,161.2,0.0,91,1,0,portscan,decay,353.74,566.26
2026-01-28 15:03:15.846750,8.0,3.0,89.0,1423.5,3455.4,0.18,1512.82,2403.01,0.0,12,27,0,0.0,0,4461.88,3409.93,115.7,0.0,122,1,0,portscan,decay,355.43,564.57
2026-01-28 15:03:16.874154,8.32,3.0,88.68,713.7,2138.5,0.17,1520.02,2395.81,0.0,12,27,0,0.0,0,5570.22,3528.44,143.0,0.0,135,1,0,portscan,decay,357.12,562.88
2026-01-28 15:03:17.900618,8.0,3.31,88.69,965.9,2611.7,0.17,1521.12,2394.71,0.0,12,27,0,0.0,0,2586.77,3719.67,114.4,0.0,176,1,0,portscan,decay,357.38,562.62
2026-01-28 15:03:18.947419,8.53,3.0,88.47,1413.1,3386.5,0.17,1520.48,2395.34,0.0,12,27,0,0.0,0,3674.02,4698.03,79.3,0.0,112,1,0,portscan,decay,357.23,562.77
2026-01-28 15:03:19.974009,12.35,3.0,84.65,1331.2,2532.4,0.17,1523.68,2392.15,0.0,12,27,0,0.0,0,4287.91,3698.78,127.4,0.0,143,1,0,portscan,decay,357.98,562.02
2026-01-28 15:03:21.165030,9.91,3.0,87.09,1088.1,2650.7,0.15,1519.86,2395.96,0.0,12,27,0,0.0,0,3717.79,5022.0,78.0,0.0,185,1,0,portscan,decay,357.08,562.92
2026-01-28 15:03:22.202716,8.0,3.02,88.98,1201.2,3590.6,0.15,1521.48,2394.34,0.0,12,27,0,0.0,0,5198.71,3024.93,89.7,0.0,195,1,0,portscan,decay,357.46,562.54
2026-01-28 15:03:23.439766,8.0,3.0,89.0,1298.7,2429.7,0.15,1518.05,2397.77,0.0,12,27,0,0.0,0,4713.63,4818.88,115.7,0.0,127,1,0,portscan,decay,356.66,563.34
2026-01-28 15:03:24.459381,8.0,3.0,89.0,1294.8,2984.8,0.15,1518.75,2397.07,0.0,12,27,0,0.0,0,3970.91,2557.39,96.2,0.0,197,1,0,portscan,decay,356.82,563.18
2026-01-28 15:03:25.491107,8.0,3.66,88.34,1281.8,3415.1,0.15,1515.67,2400.16,0.0,12,27,0,0.0,0,5228.09,4126.68,118.3,0.0,109,1,0,portscan,decay,356.1,563.9
2026-01-28 15:03:26.513315,8.0,3.52,88.48,912.6,3532.1,0.14,1513.82,2402.0,0.0,12,27,0,0.0,0,4724.62,5304.24,169.0,0.0,178,1,0,portscan,decay,355.66,564.34
2026-01-28 15:03:27.551721,9.91,3.0,87.09,1184.3,3066.7,0.14,1519.66,2396.17,0.0,12,27,0,0.0,0,2444.75,4743.15,153.4,0.0,126,1,0,portscan,decay,357.03,562.97
2026-01-28 15:03:28.595819,8.0,4.04,87.96,917.8,3070.6,0.14,1519.79,2396.04,0.0,12,27,0,0.0,0,2420.44,3118.96,171.6,0.0,120,1,0,portscan,decay,357.07,562.93
2026-01-28 15:03:29.624873,8.56,3.56,87.88,1041.3,3463.2,0.14,1514.53,2401.3,0.0,12,27,0,0.0,0,2419.89,4803.3,170.3,0.0,95,1,0,portscan,decay,355.83,564.17
2026-01-28 15:03:30.653651,11.36,3.0,85.64,1686.1,3147.3,0.14,1513.85,2401.97,0.0,12,27,0,0.0,0,4393.77,4917.95,124.8,0.0,149,1,0,portscan,decay,355.67,564.33
2026-01-28 15:03:31.856346,11.51,4.7,83.79,1405.3,4351.1,0.29,1520.09,2395.74,0.0,12,27,0,0.0,0,2846.99,5309.05,89.7,0.0,110,1,0,portscan,decay,357.14,562.86
2026-01-28 15:03:32.970675,8.0,3.05,88.95,664.3,1935.7,0.29,1520.09,2395.74,0.0,12,27,0,0.0,0,4330.73,2911.66,137.8,0.0,189,1,0,portscan,decay,357.14,562.86
2026-01-28 15:03:34.032793,8.0,3.95,88.05,1266.2,1914.9,0.29,1508.64,2407.18,0.0,12,27,0,0.0,0,4286.53,5226.2,101.4,0.0,117,1,0,portscan,decay,354.45,565.55
2026-01-28 15:03:36.010802,8.0,3.0,89.0,1223.3,3383.9,0.29,1511.1,2404.72,0.0,12,27,0,0.0,0,4546.77,5482.3,133.9,0.0,84,1,0,portscan,decay,355.02,564.98
2026-01-28 15:03:37.059238,8.0,3.0,89.0,1136.2,2953.6,0.27,1516.82,2399.0,0.0,12,27,0,0.0,0,3719.57,4080.76,79.3,0.0,172,1,0,portscan,decay,356.37,563.63
2026-01-28 15:03:38.358356,8.0,3.0,89.0,1501.5,3004.3,0.27,1514.82,2401.01,0.0,11,25,0,0.0,0,4901.86,2585.73,92.3,0.0,158,1,0,portscan,decay,355.9,564.1
2026-01-28 15:03:39.927492,8.0,3.66,88.34,1155.7,2135.9,0.27,1517.52,2398.3,0.0,12,27,0,0.0,0,4851.1,5924.78,130.0,0.0,97,1,0,portscan,decay,356.53,563.47
2026-01-28 15:03:41.024184,9.42,3.21,87.37,1137.5,2618.2,0.27,1518.7,2397.13,0.0,12,27,0,0.0,0,4160.54,5184.81,163.8,0.0,142,1,0,portscan,decay,356.81,563.19
2026-01-28 15:03:42.145445,9.97,3.84,86.19,1710.8,2623.4,0.24,1512.99,2402.84,0.0,12,27,0,0.0,0,3827.62,2372.47,97.5,0.0,145,1,0,portscan,decay,355.47,564.53
2026-01-28 15:03:43.199965,8.0,3.0,89.0,1150.5,2056.6,0.24,1513.13,2402.69,0.0,12,27,0,0.0,0,2158.48,2961.1,146.9,0.0,139,1,0,portscan,decay,355.5,564.5
2026-01-28 15:03:44.300940,8.0,3.0,89.0,952.9,2987.4,0.24,1520.68,2395.14,0.0,12,27,0,0.0,0,3271.32,4921.15,68.9,0.0,164,1,0,portscan,decay,357.28,562.72
2026-01-28 15:03:45.342624,8.0,3.0,89.0,941.2,3146.0,0.24,1511.51,2404.32,0.0,11,25,0,0.0,0,5491.3,2492.8,101.4,0.0,137,1,0,portscan,decay,355.12,564.88
2026-01-28 15:03:46.654826,8.0,3.0,89.0,1561.3,3632.2,0.22,1511.58,2404.25,0.0,12,25,0,0.0,0,3403.89,3826.48,114.4,0.0,120,1,0,portscan,decay,355.14,564.86
2026-01-28 15:03:47.777337,8.0,3.0,89.0,956.8,2932.8,0.22,1511.82,2404.0,0.0,12,27,0,0.0,0,2507.46,3272.51,162.5,0.0,80,1,0,portscan,decay,355.19,564.81
2026-01-28 15:03:49.155895,8.0,3.28,88.72,1030.9,2607.8,0.22,1509.61,2406.21,0.0,12,27,0,0.0,0,2357.49,3501.15,154.7,0.0,178,1,0,portscan,decay,354.67,565.33
2026-01-28 15:03:50.580940,8.0,3.0,89.0,1197.3,2171.0,0.22,1511.38,2404.44,0.0,12,27,0,0.0,0,5817.53,5862.37,128.7,0.0,95,1,0,portscan,decay,355.09,564.91
2026-01-28 15:03:51.597577,9.59,3.46,86.95,1284.4,3226.6,0.29,1514.78,2401.04,0.0,12,27,0,0.0,0,4380.17,5484.88,102.7,0.0,156,1,0,portscan,decay,355.89,564.11
2026-01-28 15:03:52.686376,9.62,3.53,86.85,1222.0,3443.7,0.29,1519.02,2396.81,0.0,12,27,0,0.0,0,5482.31,5787.78,165.1,0.0,161,1,0,portscan,decay,356.88,563.12
2026-01-28 15:03:53.783146,8.0,3.0,89.0,1066.0,2951.0,0.29,1519.02,2396.81,0.0,12,27,0,0.0,0,5876.69,2798.85,88.4,0.0,85,1,0,portscan,decay,356.88,563.12
2026-01-28 15:03:54.809813,8.72,3.0,88.28,1027.0,2815.8,0.29,1524.49,2391.33,0.0,12,27,0,0.0,0,4384.82,3662.61,150.8,0.0,98,1,0,portscan,decay,358.17,561.83
2026-01-28 15:03:55.843698,8.0,3.0,89.0,698.1,1925.3,0.29,1523.05,2392.78,0.0,12,27,0,0.0,0,3139.61,4653.27,110.5,0.0,188,1,0,portscan,decay,357.83,562.17
2026-01-28 15:03:56.860959,8.0,3.0,89.0,1098.5,3211.0,0.26,1520.6,2395.22,0.0,12,27,0,0.0,0,5857.05,3833.61,110.5,0.0,92,1,0,portscan,decay,357.26,562.74
2026-01-28 15:03:58.074611,12.13,3.0,84.87,1706.9,3356.6,0.26,1517.71,2398.12,0.0,12,27,0,0.0,0,3751.23,2497.86,161.2,0.0,148,1,0,portscan,decay,356.58,563.42
2026-01-28 15:03:59.169780,8.0,3.45,88.55,1592.5,2575.3,0.26,1521.71,2394.12,0.0,12,27,0,0.0,0,4375.23,2591.74,149.5,0.0,111,1,0,portscan,decay,357.52,562.48
2026-01-28 15:04:00.194393,8.33,3.0,88.67,1488.5,3212.3,0.26,1511.71,2404.12,0.0,12,27,0,0.0,0,2677.42,2597.46,139.1,0.0,161,1,0,portscan,decay,355.17,564.83
2026-01-28 15:04:01.216834,8.99,3.0,88.01,1119.3,2347.8,0.24,1514.09,2401.73,0.0,12,27,0,0.0,0,4222.28,5998.26,136.5,0.0,117,1,0,portscan,decay,355.73,564.27
2026-01-28 15:04:02.246379,8.0,3.66,88.34,1466.4,2761.2,0.24,1516.55,2399.27,0.0,12,27,0,0.0,0,4997.6,3940.43,105.3,0.0,90,1,0,portscan,decay,356.3,563.7
2026-01-28 15:04:03.274854,8.0,3.04,88.96,1141.4,1886.3,0.24,1522.14,2393.68,0.0,12,27,0,0.0,0,2160.84,5070.64,83.2,0.0,198,1,0,portscan,decay,357.62,562.38
2026-01-28 15:04:04.480993,8.0,3.0,89.0,1125.8,2512.9,0.24,1523.71,2392.11,0.0,12,27,0,0.0,0,2978.85,2632.9,97.5,0.0,92,1,0,portscan,decay,357.99,562.01
2026-01-28 15:04:05.560838,8.0,3.0,89.0,1357.2,2740.4,0.24,1517.71,2398.11,0.0,12,27,0,0.0,0,4440.85,5894.55,169.0,0.0,140,1,0,portscan,decay,356.58,563.42
2026-01-28 15:04:06.584315,8.18,3.0,88.82,1034.8,2741.7,0.22,1524.17,2391.66,0.0,12,27,0,0.0,0,5438.92,3672.01,127.4,0.0,93,1,0,portscan,decay,358.09,561.91
2026-01-28 15:04:07.677828,8.0,3.0,89.0,863.2,2700.1,0.22,1524.41,2391.41,0.0,12,25,0,0.0,0,2491.98,2011.89,146.9,0.0,181,1,0,portscan,decay,358.15,561.85
2026-01-28 15:04:08.699816,9.48,3.78,86.74,1618.5,3818.1,0.22,1523.85,2391.97,0.0,12,27,0,0.0,0,4857.52,2236.99,171.6,0.0,143,1,0,portscan,decay,358.02,561.98
2026-01-28 15:04:09.728047,9.2,3.0,87.8,1548.3,2358.2,0.22,1516.76,2399.06,0.0,12,27,0,0.0,0,5645.07,3066.1,166.4,0.0,122,1,0,portscan,decay,356.35,563.65
2026-01-28 15:04:10.751240,8.0,3.23,88.77,1523.6,2840.5,0.22,1520.76,2395.06,0.0,12,27,0,0.0,0,3965.37,4244.26,115.7,0.0,199,1,0,portscan,decay,357.29,562.71
2026-01-28 15:04:11.782176,8.0,3.0,89.0,1021.8,2910.7,0.2,1520.76,2395.06,0.0,12,27,0,0.0,0,2862.0,4242.85,170.3,0.0,100,1,0,portscan,decay,357.29,562.71
2026-01-28 15:04:12.834662,8.0,3.0,89.0,1452.1,2199.6,0.2,1520.76,2395.06,0.0,12,27,0,0.0,0,2114.85,3910.59,72.8,0.0,195,1,0,portscan,decay,357.29,562.71
2026-01-28 15:04:13.856014,9.08,3.0,87.92,928.2,2258.1,0.2,1514.55,2401.27,0.0,12,27,0,0.0,0,4862.04,4812.92,163.8,0.0,143,1,0,portscan,decay,355.84,564.16
2026-01-28 15:04:14.880640,10.71,4.13,85.16,1219.4,3208.4,0.2,1511.2,2404.62,0.0,12,27,0,0.0,0,5086.81,3247.2,91.0,0.0,189,1,0,portscan,decay,355.05,564.95
2026-01-28 15:04:15.908227,9.74,3.0,87.26,1599.0,3135.6,0.2,1507.31,2408.51,0.0,12,27,0,0.0,0,3314.27,2559.17,123.5,0.0,163,1,0,portscan,decay,354.13,565.87
2026-01-28 15:04:16.932751,9.02,3.0,87.98,838.5,2555.8,0.19,1516.58,2399.25,0.0,12,27,0,0.0,0,3526.88,3026.2,114.4,0.0,149,1,0,portscan,decay,356.31,563.69
2026-01-28 15:04:17.949601,8.0,3.12,88.88,934.7,1744.6,0.19,1521.45,2394.38,0.0,12,27,0,0.0,0,3147.71,2397.05,110.5,0.0,139,1,0,portscan,decay,357.46,562.54
2026-01-28 15:04:18.969232,9.8,3.53,86.67,1271.4,3719.3,0.19,1509.16,2406.67,0.0,12,27,0,0.0,0,5572.4,5975.87,141.7,0.0,187,1,0,portscan,decay,354.57,565.43
2026-01-28 15:04:19.998606,8.45,3.0,88.55,1459.9,2555.8,0.19,1510.57,2405.25,0.0,12,27,0,0.0,0,4387.54,5322.66,98.8,0.0,153,1,0,portscan,decay,354.9,565.1
2026-01-28 15:04:21.064004,9.24,3.07,87.69,1359.8,2545.4,0.19,1510.6,2405.23,0.0,12,26,0,0.0,0,4619.27,5183.49,68.9,0.0,120,1,0,portscan,decay,354.91,565.09
2026-01-28 15:04:22.092891,8.94,3.0,88.06,1016.6,2629.9,0.17,1511.75,2404.07,0.0,12,27,0,0.0,0,2971.98,3214.8,98.8,0.0,125,1,0,portscan,decay,355.18,564.82
2026-01-28 15:04:23.244153,8.0,3.64,88.36,1190.8,2811.9,0.17,1516.03,2399.8,0.0,12,27,0,0.0,0,4396.53,3556.17,166.4,0.0,151,1,0,portscan,decay,356.18,563.82
2026-01-28 15:04:24.274409,10.9,3.68,85.42,1149.2,2505.1,0.17,1516.12,2399.7,0.0,12,27,0,0.0,0,3489.29,2398.47,162.5,0.0,168,1,0,portscan,decay,356.2,563.8
2026-01-28 15:04:25.303314,8.0,3.0,89.0,794.3,1543.1,0.17,1516.12,2399.7,0.0,12,27,0,0.0,0,2847.46,2181.16,167.7,0.0,102,1,0,portscan,decay,356.2,563.8
2026-01-28 15:04:26.331000,8.0,3.0,89.0,634.4,1729.0,0.16,1516.12,2399.7,0.0,12,27,0,0.0,0,4826.78,2290.09,157.3,0.0,93,1,0,portscan,decay,356.2,563.8
2026-01-28 15:04:27.359047,8.0,3.0,89.0,1232.4,2548.0,0.16,1516.27,2399.55,0.0,12,27,0,0.0,0,5593.54,5822.86,80.6,0.0,98,1,0,portscan,decay,356.24,563.76
2026-01-28 15:04:28.389059,8.0,3.0,89.0,772.2,2489.5,0.16,1516.27,2399.55,0.0,12,27,0,0.0,0,3151.07,4422.67,87.1,0.0,86,1,0,portscan,decay,356.24,563.76
2026-01-28 15:04:29.415563,11.05,4.14,84.81,1033.5,2836.6,0.16,1509.32,2406.5,0.0,12,27,0,0.0,0,5707.6,2417.3,161.2,0.0,119,1,0,portscan,decay,354.61,565.39
2026-01-28 15:04:30.445127,8.0,3.09,88.91,1068.6,3061.5,0.16,1518.06,2397.77,0.0,12,27,0,0.0,0,2946.42,5301.52,146.9,0.0,157,1,0,portscan,decay,356.66,563.34
2026-01-28 15:04:31.472360,11.38,3.0,85.62,1407.9,3305.9,0.23,1513.79,2402.03,0.0,12,27,0,0.0,0,3066.25,2278.45,111.8,0.0,137,1,0,portscan,decay,355.66,564.34
2026-01-28 15:04:32.505744,8.0,3.25,88.75,1301.3,1812.2,0.23,1518.04,2397.79,0.0,12,27,0,0.0,0,5908.22,4279.67,118.3,0.0,163,1,0,portscan,decay,356.65,563.35
2026-01-28 15:04:33.530871,8.0,3.0,89.0,1474.2,3153.8,0.23,1512.04,2403.79,0.0,12,27,0,0.0,0,3096.23,4986.73,70.2,0.0,133,1,0,portscan,decay,355.24,564.76
2026-01-28 15:04:34.555007,10.42,3.06,86.52,1554.8,3058.9,0.23,1516.88,2398.94,0.0,12,27,0,0.0,0,5599.64,3151.45,128.7,0.0,161,1,0,portscan,decay,356.38,563.62
2026-01-28 15:04:35.576938,8.0,3.51,88.49,1461.2,3412.5,0.23,1511.37,2404.45,0.0,12,27,0,0.0,0,2741.34,4823.48,145.6,0.0,90,1,0,portscan,decay,355.09,564.91
2026-01-28 15:04:36.609364,8.92,3.0,88.08,1251.9,3819.4,0.21,1511.83,2404.0,0.0,12,27,0,0.0,0,4126.85,5820.63,120.9,0.0,87,1,0,portscan,decay,355.2,564.8
2026-01-28 15:04:37.638331,8.0,3.76,88.24,1067.3,2242.5,0.21,1511.89,2403.93,0.0,12,27,0,0.0,0,3736.54,3068.89,163.8,0.0,119,1,0,portscan,decay,355.21,564.79
2026-01-28 15:04:38.666140,9.22,3.0,87.78,1190.8,3458.0,0.21,1508.78,2407.05,0.0,12,27,0,0.0,0,3882.1,3745.53,132.6,0.0,163,1,0,portscan,decay,354.48,565.52
2026-01-28 15:04:39.695059,10.37,3.0,86.63,1184.3,3201.9,0.21,1512.21,2403.61,0.0,12,27,0,0.0,0,5239.67,3724.24,83.2,0.0,141,1,0,portscan,decay,355.29,564.71
2026-01-28 15:04:40.721426,8.21,3.29,88.5,1219.4,3315.0,0.21,1512.46,2403.36,0.0,12,27,0,0.0,0,4786.07,3215.97,102.7,0.0,178,1,0,portscan,decay,355.34,564.66
2026-01-28 15:04:41.748216,8.0,3.0,89.0,863.2,2319.2,0.19,1514.41,2401.41,0.0,12,27,0,0.0,0,2810.38,4035.46,109.2,0.0,177,1,0,portscan,decay,355.8,564.2
2026-01-28 15:04:42.769913,8.0,3.0,89.0,876.2,2676.7,0.19,1514.43,2401.39,0.0,12,27,0,0.0,0,4625.91,4308.46,154.7,0.0,188,1,0,portscan,decay,355.81,564.19
2026-01-28 15:04:43.875724,9.81,3.0,87.19,1300.0,3612.7,0.19,1510.0,2405.82,0.0,12,27,0,0.0,0,2303.02,5107.02,85.8,0.0,168,1,0,portscan,decay,354.77,565.23
2026-01-28 15:04:44.923525,8.57,4.27,87.16,1475.5,2358.2,0.19,1512.99,2402.83,0.0,12,27,0,0.0,0,5896.78,2124.41,123.5,0.0,90,1,0,portscan,decay,355.47,564.53
2026-01-28 15:04:45.972311,8.52,3.0,88.48,1111.5,2750.8,0.19,1511.26,2404.56,0.0,12,27,0,0.0,0,5546.48,3433.78,136.5,0.0,119,1,0,portscan,decay,355.06,564.94
2026-01-28 15:04:47.033712,8.98,3.0,88.02,1056.9,3426.8,0.17,1515.51,2400.32,0.0,12,27,0,0.0,0,3181.36,4866.96,114.4,0.0,107,1,0,portscan,decay,356.06,563.94
