failed_connection_attempts,packets_sent_per_sec,packets_recv_per_sec,tcp_connection_count,context_switch_rate,unique_dst_port_count,top_process_cpu_pct,cpu_user_pct,load_avg_1m,attack_type,is_attack,packet_rate_total,packet_spike_ratio,connection_spike_ratio,cpu_spike_ratio,process_cpu_ratio,failure_rate,port_scan_intensity,load_per_connection
0.0,0.0,0.0,9.0,567.0,0,0.0,6.21,0.18,crypto,1,0.0,1.0020040080160322,1.0,1.0,0.0,0.0,0.0,0.018
0.0,0.0,0.0,9.0,803.0,0,0.0,1.5,0.41,crypto,1,0.0,1.0020040080160322,1.0,0.38910505836575876,0.0,0.0,0.0,0.040999999999999995
0.0,0.0,0.0,10.0,893.0,0,0.0,5.68,0.41,crypto,1,0.0,1.0020040080160322,1.0714285714285714,1.272591486183719,0.0,0.0,0.0,0.03727272727272727
0.0,0.0,0.0,14.0,404.0,0,26.0,4.99,0.41,crypto,1,0.0,1.0020040080160322,1.3333333333333333,1.0859630032644179,5.210410399979159,0.0,0.0,0.02733333333333333
0.0,0.0,0.0,14.0,496.0,0,59.9,2.17,0.37,crypto,1,0.0,1.0020040080160322,1.25,0.5279805352798053,27.603559430601702,0.0,0.0,0.024666666666666667
0.0,0.0,0.0,14.0,240.0,0,67.4,0.85,0.37,crypto,1,0.0,1.0020040080160322,1.2,0.2383177570093458,79.29318478606136,0.0,0.0,0.024666666666666667
0.0,0.0,0.0,14.0,317.0,0,63.7,2.35,0.37,crypto,1,0.0,1.0020040080160322,1.1666666666666667,0.6926315789473685,27.106267632903688,0.0,0.0,0.024666666666666667
0.0,98.0,98.0,14.0,1655.0,0,85.4,51.3,0.82,crypto,1,196.0,8.0,1.1428571428571428,5.468354430379747,1.6647170244216327,0.0,0.0,0.05466666666666666
0.0,0.0,0.0,14.0,935.0,0,56.0,9.68,0.82,crypto,1,0.0,0.0,1.125,1.028207246547858,5.785117990580589,0.0,0.0,0.05466666666666666
0.0,84.0,84.0,17.0,831.0,0,73.7,4.04,0.92,crypto,1,168.0,4.615384615384616,1.317829457364341,0.45510870789681207,18.24252910265074,0.0,0.0,0.051111111111111114
0.0,0.0,0.0,17.0,412.0,0,46.3,0.5,0.92,crypto,1,0.0,0.0,1.2408759124087592,0.06019744762822056,92.59814803703927,0.0,0.0,0.051111111111111114
0.0,0.0,0.0,18.0,291.0,0,57.5,0.98,0.92,crypto,1,0.0,0.0,1.2328767123287672,0.11873031257572084,58.672870684993015,0.0,0.0,0.04842105263157895
0.0,98.0,98.0,15.0,558.0,0,51.6,16.57,0.84,crypto,1,196.0,3.5,0.9933774834437087,1.773520282564487,3.1140596776948235,0.0,0.0,0.0525
0.0,0.0,0.0,15.0,997.0,0,69.9,18.64,0.84,crypto,1,0.0,0.0,0.986842105263158,1.7407545760179306,3.7499979881985044,0.0,0.0,0.0525
0.0,0.0,0.0,15.0,554.0,0,54.9,6.39,0.94,crypto,1,0.0,0.0,0.9803921568627451,0.5741239892183289,8.591535850491628,0.0,0.0,0.05875
0.0,0.0,0.0,16.0,757.0,0,64.7,6.29,0.94,crypto,1,0.0,0.0,1.032258064516129,0.53880418022957,10.286152168279543,0.0,0.0,0.05529411764705882
0.0,0.0,0.0,17.0,699.0,0,67.2,7.52,0.94,crypto,1,0.0,0.0,1.0759493670886076,0.6168484947912395,8.93615832957669,0.0,0.0,0.05222222222222222
0.0,0.0,0.0,15.0,1325.0,0,81.7,44.35,0.94,crypto,1,0.0,0.0,0.9433962264150944,3.857863604732081,1.8421641844049188,0.0,0.0,0.05875
0.0,0.0,0.0,15.0,252.0,0,63.0,4.63,1.02,crypto,1,0.0,0.0,0.9375,0.4212537530706942,13.606882058570068,0.0,0.0,0.06375
0.0,0.0,0.0,14.0,399.0,0,64.4,0.57,1.02,crypto,1,0.0,0.0,0.89171974522293,0.05355129650507327,112.98047402677149,0.0,0.0,0.068
0.0,98.0,98.0,14.0,323.0,0,77.4,4.42,1.02,crypto,1,196.0,5.0,0.9090909090909091,0.4005074302283436,17.511272598930773,0.0,0.0,0.068
0.0,0.0,0.0,14.0,736.0,0,50.6,2.9,1.18,crypto,1,0.0,0.0,0.9333333333333333,0.25828286426790165,17.448215695807946,0.0,0.0,0.07866666666666666
0.0,0.0,0.0,14.0,531.0,0,70.7,4.65,1.18,crypto,1,0.0,0.0,0.9395973154362416,0.463332004782782,15.204268377917467,0.0,0.0,0.07866666666666666
0.0,0.0,0.0,14.0,370.0,0,55.0,2.3,1.33,crypto,1,0.0,0.0,0.9459459459459459,0.2737443465841466,23.912939508958658,0.0,0.0,0.08866666666666667
0.0,0.0,0.0,15.0,688.0,0,59.5,9.09,1.33,crypto,1,0.0,0.0,1.0135135135135134,1.04820110701107,6.545647364524352,0.0,0.0,0.083125
0.0,0.0,0.0,16.0,507.0,0,55.8,2.01,1.33,crypto,1,0.0,0.0,1.081081081081081,0.24381368267831147,27.761055915144702,0.0,0.0,0.07823529411764707
0.0,98.0,0.0,18.0,420.0,0,48.9,1.4,1.3,crypto,1,98.0,3.3333333333333335,1.2080536912751678,0.18343815513626835,34.92832194055757,0.0,0.0,0.06842105263157895
0.0,0.0,98.0,16.0,275.0,0,51.3,0.26,1.3,crypto,1,98.0,2.5,1.0666666666666667,0.08067018305926156,197.3001038421599,0.0,0.0,0.07647058823529412
0.0,0.0,0.0,16.0,361.0,0,63.9,1.97,1.2,crypto,1,0.0,0.0,1.0596026490066226,0.6662157592154211,32.436383571657,0.0,0.0,0.07058823529411765
0.0,42.0,42.0,15.0,833.0,0,54.5,11.73,1.2,crypto,1,84.0,1.7647058823529411,0.986842105263158,2.8799410753744166,4.646202347653583,0.0,0.0,0.075
0.0,0.0,0.0,15.0,381.0,0,53.7,2.87,1.1,crypto,1,0.0,0.0,0.9803921568627451,0.7325165900969882,18.71073619952544,0.0,0.0,0.06875
0.0,0.0,0.0,17.0,301.0,0,51.0,0.89,1.1,crypto,1,0.0,0.0,1.0897435897435899,0.23944040893193436,57.30272693565241,0.0,0.0,0.061111111111111116
0.0,0.0,0.0,18.0,425.0,0,46.8,0.84,1.1,crypto,1,0.0,0.0,1.125,0.2517985611510791,55.71362245687551,0.0,0.0,0.05789473684210527
0.0,98.0,0.0,17.0,231.0,0,55.6,2.21,1.01,crypto,1,98.0,2.592592592592593,1.0429447852760736,0.6642620979861736,25.1582572024561,0.0,0.0,0.05611111111111111
0.0,0.0,98.0,16.0,291.0,0,52.2,1.33,1.01,crypto,1,98.0,2.0588235294117645,0.9756097560975611,0.5213641709133673,39.24782520432177,0.0,0.0,0.05941176470588235
0.0,42.0,42.0,15.0,697.0,0,43.9,1.83,0.93,crypto,1,84.0,1.5,0.920245398773006,0.7224634820371102,23.988939951147806,0.0,0.0,0.058125
0.0,0.0,0.0,15.0,543.0,0,53.3,2.25,0.93,crypto,1,0.0,0.0,0.9375,0.8594346829640948,23.688783605406197,0.0,0.0,0.058125
0.0,0.0,0.0,15.0,422.0,0,53.8,2.7,0.94,crypto,1,0.0,0.0,0.9433962264150944,0.9433962264150942,19.925852126473604,0.0,0.0,0.05875
0.0,0.0,0.0,16.0,242.0,0,47.6,0.27,0.94,crypto,1,0.0,0.0,1.0062893081761006,0.10029717682020803,176.28976704566497,0.0,0.0,0.05529411764705882
0.0,0.0,0.0,15.0,503.0,0,53.9,5.9,0.94,crypto,1,0.0,0.0,0.9433962264150944,2.797534376481745,9.135577736308921,0.0,0.0,0.05875
0.0,98.0,98.0,15.0,325.0,0,61.3,2.11,0.86,crypto,1,196.0,4.117647058823529,0.9433962264150944,1.0378750614854895,29.051995014241637,0.0,0.0,0.05375
0.0,0.0,0.0,15.0,320.0,0,47.8,3.47,0.86,crypto,1,0.0,0.0,0.9554140127388535,1.5146224356176343,13.775176440413714,0.0,0.0,0.05375
0.0,0.0,0.0,17.0,489.0,0,58.5,0.26,0.86,crypto,1,0.0,0.0,1.0897435897435899,0.11643528884908197,224.99134648667356,0.0,0.0,0.04777777777777778
0.0,0.0,0.0,18.0,623.0,0,47.9,1.87,0.87,crypto,1,0.0,0.0,1.1464968152866242,0.8503865393360618,25.61483628429794,0.0,0.0,0.045789473684210526
0.0,0.0,0.0,18.0,259.0,0,36.4,0.17,0.87,crypto,1,0.0,0.0,1.1320754716981132,0.08161305808929428,214.1050526439621,0.0,0.0,0.045789473684210526
0.0,0.0,87.0,15.0,238.0,0,54.9,2.53,0.96,crypto,1,87.0,3.0742049469964665,0.9433962264150944,1.175104505341384,21.699518974233303,0.0,0.0,0.06
0.0,0.0,0.0,15.0,516.0,0,52.2,3.09,0.96,crypto,1,0.0,0.0,0.9433962264150944,1.3813142601698702,16.893149213109343,0.0,0.0,0.06
0.0,0.0,0.0,15.0,255.0,0,54.3,0.59,0.96,crypto,1,0.0,0.0,0.9433962264150944,0.29121421520236923,92.03233843494179,0.0,0.0,0.06
0.0,98.0,98.0,15.0,349.0,0,52.5,11.76,0.97,crypto,1,196.0,4.091858037578288,0.9493670886075949,3.703937007874016,4.464281918127621,0.0,0.0,0.060625
0.0,0.0,0.0,15.0,316.0,0,55.5,0.76,0.97,crypto,1,0.0,0.0,0.9493670886075949,0.2856069146937241,73.0253549295404,0.0,0.0,0.060625
0.0,0.0,0.0,17.0,440.0,0,56.5,3.12,1.21,crypto,1,0.0,0.0,1.0625,1.1296162201303404,18.108916317575904,0.0,0.0,0.06722222222222222
0.0,42.0,42.0,15.0,446.0,0,56.7,6.56,1.21,crypto,1,84.0,2.288828337874659,0.9375,2.1361120156300877,8.643279507195874,0.0,0.0,0.075625
0.0,0.0,0.0,15.0,565.0,0,58.1,1.05,1.21,crypto,1,0.0,0.0,0.9493670886075949,0.33333333333333337,55.33280635422519,0.0,0.0,0.075625
0.0,0.0,0.0,15.0,333.0,0,57.9,4.92,1.35,crypto,1,0.0,0.0,0.967741935483871,1.4240231548480464,11.768268763681375,0.0,0.0,0.084375
0.0,0.0,0.0,17.0,336.0,0,52.6,0.59,1.35,crypto,1,0.0,0.0,1.103896103896104,0.16871604232199028,89.1510313384519,0.0,0.0,0.07500000000000001
0.0,98.0,0.0,18.0,272.0,0,70.0,0.65,1.32,crypto,1,98.0,2.592592592592593,1.1464968152866242,0.19643396796615295,107.69065091306288,0.0,0.0,0.06947368421052631
0.0,0.0,98.0,18.0,254.0,0,59.0,0.56,1.32,crypto,1,98.0,2.0588235294117645,1.125,0.18324607329842935,105.35526151318726,0.0,0.0,0.06947368421052631
0.0,42.0,42.0,15.0,822.0,0,54.2,7.1,1.22,crypto,1,84.0,1.5,0.9375,1.915295387105476,7.633792065081599,0.0,0.0,0.07625
0.0,0.0,0.0,15.0,386.0,0,57.5,3.44,1.22,crypto,1,0.0,0.0,0.9375,1.1965217391304348,16.71506768875672,0.0,0.0,0.07625
0.0,0.0,0.0,17.0,372.0,0,57.7,1.62,1.22,crypto,1,0.0,0.0,1.0493827160493827,0.5471124620060792,35.61706409219696,0.0,0.0,0.06777777777777777
0.0,0.0,0.0,18.0,330.0,0,63.2,0.42,1.2,crypto,1,0.0,0.0,1.1042944785276072,0.1560758082497213,150.4726077950525,0.0,0.0,0.06315789473684211
0.0,0.0,0.0,18.0,352.0,0,63.4,1.36,1.2,crypto,1,0.0,0.0,1.0843373493975903,0.6264394288346384,46.617304284527314,0.0,0.0,0.06315789473684211
0.0,98.0,98.0,15.0,580.0,0,68.4,8.33,1.27,crypto,1,196.0,4.117647058823529,0.9036144578313252,2.873404622283546,8.211274656332947,0.0,0.0,0.079375
0.0,0.0,0.0,15.0,246.0,0,66.2,5.93,1.27,crypto,1,0.0,0.0,0.9036144578313252,1.9766666666666666,11.163556216599973,0.0,0.0,0.079375
0.0,0.0,0.0,15.0,433.0,0,56.7,5.21,1.27,crypto,1,0.0,0.0,0.9146341463414634,1.5049104563835933,10.882896577933632,0.0,0.0,0.079375
0.0,0.0,0.0,17.0,307.0,0,59.9,2.2,1.32,crypto,1,0.0,0.0,1.0429447852760736,0.6082388719933647,27.22714896750469,0.0,0.0,0.07333333333333333
0.0,0.0,0.0,18.0,251.0,0,58.9,1.49,1.32,crypto,1,0.0,0.0,1.1042944785276072,0.4016172506738545,39.52993604069771,0.0,0.0,0.06947368421052631
0.0,0.0,0.0,15.0,584.0,0,43.2,1.08,1.22,crypto,1,0.0,0.0,0.920245398773006,0.3474903474903476,39.99962963305895,0.0,0.0,0.07625
0.0,0.0,0.0,15.0,384.0,0,46.6,1.68,1.22,crypto,1,0.0,0.0,0.920245398773006,0.572987721691678,27.737930131368266,0.0,0.0,0.07625
0.0,98.0,98.0,15.0,396.0,0,54.9,1.87,1.22,crypto,1,196.0,5.0,0.9316770186335402,0.6323977003719987,29.35813177469639,0.0,0.0,0.07625
0.0,0.0,0.0,17.0,429.0,0,57.7,4.57,1.12,crypto,1,0.0,0.0,1.0625,1.3552787663107948,12.62579294137212,0.0,0.0,0.06222222222222223
0.0,0.0,0.0,17.0,433.0,0,74.0,3.21,1.12,crypto,1,0.0,0.0,1.069182389937107,0.9024458813606973,23.052887685708143,0.0,0.0,0.06222222222222223
0.0,0.0,0.0,16.0,287.0,0,57.0,2.29,1.12,crypto,1,0.0,0.0,1.0,0.7754825601083644,24.890721001218335,0.0,0.0,0.06588235294117648
0.0,42.0,42.0,16.0,209.0,0,59.5,1.01,1.12,crypto,1,84.0,3.0,0.9937888198757763,0.4104022754977651,58.910307818734466,0.0,0.0,0.06588235294117648
0.0,0.0,0.0,15.0,715.0,0,60.2,7.89,1.11,crypto,1,0.0,0.0,0.9316770186335402,2.891168926346647,7.62990160975715,0.0,0.0,0.069375
0.0,0.0,0.0,15.0,263.0,0,81.0,0.27,1.11,crypto,1,0.0,0.0,0.9433962264150944,0.10646687697160884,299.98888930039624,0.0,0.0,0.069375
0.0,0.0,0.0,17.0,504.0,0,44.5,0.78,1.18,crypto,1,0.0,0.0,1.0759493670886076,0.3164300202839757,57.05055063396623,0.0,0.0,0.06555555555555555
0.0,98.0,98.0,16.0,541.0,0,73.1,1.22,1.18,crypto,1,196.0,4.117647058823529,1.0062893081761006,0.49213392496974584,59.91754165949459,0.0,0.0,0.06941176470588235
0.0,0.0,0.0,15.0,425.0,0,54.9,7.5,1.25,crypto,1,0.0,0.0,0.9433962264150944,2.4501796798431887,7.319990240013014,0.0,0.0,0.078125
0.0,0.0,0.0,17.0,276.0,0,53.3,1.62,1.25,crypto,1,0.0,0.0,1.0559006211180124,0.5335968379446641,32.901031475114344,0.0,0.0,0.06944444444444445
0.0,0.0,0.0,15.0,455.0,0,58.7,7.22,1.23,crypto,1,0.0,0.0,0.9433962264150944,2.187215995152984,8.130182645176394,0.0,0.0,0.076875
0.0,0.0,0.0,15.0,329.0,0,78.6,28.16,1.23,crypto,1,0.0,0.0,0.9554140127388535,4.858523119392684,2.7911921906277732,0.0,0.0,0.076875
0.0,0.0,0.0,15.0,350.0,0,61.5,11.06,1.23,crypto,1,0.0,0.0,0.9615384615384616,1.657425445826465,5.560573634201054,0.0,0.0,0.076875
0.0,98.0,98.0,17.0,452.0,0,49.3,1.91,1.37,crypto,1,196.0,5.0,1.0828025477707006,0.2824190448026024,25.811383186475464,0.0,0.0,0.07611111111111112
0.0,42.0,42.0,17.0,571.0,0,68.4,0.88,1.37,crypto,1,84.0,1.7647058823529411,1.069182389937107,0.14516661167931375,77.7263894728469,0.0,0.0,0.07611111111111112
0.0,0.0,0.0,15.0,720.0,0,49.1,4.28,1.34,crypto,1,0.0,0.0,0.9433962264150944,0.6622311619990717,11.471935813234081,0.0,0.0,0.08375
0.0,0.0,0.0,15.0,324.0,0,56.0,1.97,1.34,crypto,1,0.0,0.0,0.9554140127388535,0.2993011242783349,28.42625164339267,0.0,0.0,0.08375
0.0,98.0,0.0,15.0,404.0,0,51.4,0.74,1.31,crypto,1,98.0,2.592592592592593,0.9615384615384616,0.11325374961738596,69.45852083079959,0.0,0.0,0.081875
0.0,0.0,98.0,16.0,440.0,0,49.0,2.44,1.31,crypto,1,98.0,2.0588235294117645,1.019108280254777,0.404777704047777,20.081884910307746,0.0,0.0,0.07705882352941176
0.0,0.0,0.0,16.0,396.0,0,49.7,2.35,1.21,crypto,1,0.0,0.0,1.0256410256410258,0.3851827569250942,21.14884617512266,0.0,0.0,0.07117647058823529
0.0,42.0,42.0,15.0,280.0,0,58.7,0.81,1.21,crypto,1,84.0,1.5,0.9615384615384616,0.14835164835164835,72.46824113282553,0.0,0.0,0.075625
0.0,0.0,0.0,15.0,549.0,0,20.9,2.35,1.21,crypto,1,0.0,0.0,0.9615384615384616,0.8162556443209448,8.893579176258823,0.0,0.0,0.075625
0.0,0.0,0.0,15.0,288.0,0,77.4,4.68,1.11,crypto,1,0.0,0.0,0.9615384615384616,2.0883534136546187,16.53842619994402,0.0,0.0,0.069375
0.0,0.0,0.0,15.0,438.0,0,65.1,0.84,1.11,crypto,1,0.0,0.0,0.974025974025974,0.3936269915651358,77.49907739193581,0.0,0.0,0.069375
0.0,98.0,98.0,15.0,753.0,0,59.3,4.42,1.1,crypto,1,196.0,4.117647058823529,0.986842105263158,1.7765273311897105,13.416259239232492,0.0,0.0,0.06875
0.0,0.0,0.0,15.0,347.0,0,52.0,1.27,1.1,crypto,1,0.0,0.0,0.986842105263158,0.5807041609510745,40.94455949165754,0.0,0.0,0.06875
0.0,0.0,0.0,15.0,515.0,0,58.3,5.63,1.09,crypto,1,0.0,0.0,0.986842105263158,2.2052487269878576,10.355221393922925,0.0,0.0,0.068125
0.0,0.0,0.0,16.0,504.0,0,58.4,6.75,1.09,crypto,1,0.0,0.0,1.0457516339869282,2.140139505389981,8.651839034312543,0.0,0.0,0.06411764705882353
0.0,0.0,0.0,15.0,315.0,0,42.9,0.6,1.0,crypto,1,0.0,0.0,0.986842105263158,0.20202020202020202,71.49880835319412,0.0,0.0,0.0625
0.0,98.0,98.0,15.0,430.0,0,65.3,0.54,1.0,crypto,1,196.0,4.117647058823529,0.9933774834437087,0.19361778415202582,120.92368659839633,0.0,0.0,0.0625
0.0,0.0,0.0,17.0,398.0,0,56.6,3.59,1.0,crypto,1,0.0,0.0,1.1111111111111112,1.1705249429409847,15.765972796733157,0.0,0.0,0.05555555555555555
0.0,0.0,0.0,15.0,566.0,0,60.7,0.79,0.92,crypto,1,0.0,0.0,0.9803921568627451,0.2713844039848849,76.83447044974115,0.0,0.0,0.0575
0.0,0.0,0.0,15.0,399.0,0,56.1,2.65,0.92,crypto,1,0.0,0.0,0.9803921568627451,0.9785819793205318,21.169731434975716,0.0,0.0,0.0575
0.0,0.0,0.0,15.0,348.0,0,59.9,1.19,1.01,crypto,1,0.0,0.0,0.9803921568627451,0.4338315712723296,50.33571146460954,0.0,0.0,0.063125
0.0,0.0,0.0,17.0,218.0,0,56.3,1.18,1.01,crypto,1,0.0,0.0,1.096774193548387,0.4878048780487805,47.71146007237227,0.0,0.0,0.05611111111111111
0.0,98.0,98.0,15.0,381.0,0,59.3,2.77,1.09,crypto,1,196.0,5.0,0.967741935483871,1.078240560529389,21.40786495355612,0.0,0.0,0.068125
0.0,0.0,0.0,15.0,442.0,0,67.9,8.96,1.09,crypto,1,0.0,0.0,0.967741935483871,3.087525844245348,7.578116542280645,0.0,0.0,0.068125
0.0,0.0,0.0,15.0,96.0,0,33.5,0.48,1.09,crypto,1,0.0,0.0,0.974025974025974,0.21098901098901096,69.790212703902,0.0,0.0,0.068125
0.0,0.0,0.0,15.0,163.0,0,99.9,97.87,1.09,crypto,1,0.0,0.0,0.974025974025974,8.154474254290951,1.0207416960517324,0.0,0.0,0.068125
0.0,84.0,84.0,16.0,336.0,0,61.1,5.2,1.32,crypto,1,168.0,4.615384615384616,1.032258064516129,0.4170676932948348,11.74997740388961,0.0,0.0,0.07764705882352942
0.0,0.0,0.0,18.0,404.0,0,44.0,1.42,1.32,crypto,1,0.0,0.0,1.153846153846154,0.11590890539547791,30.985697283821946,0.0,0.0,0.06947368421052631
0.0,0.0,0.0,14.0,336.0,0,57.6,2.58,1.54,crypto,1,0.0,0.0,0.9032258064516129,0.2075623491552695,22.325494862423014,0.0,0.0,0.10266666666666667
0.0,0.0,0.0,15.0,657.0,0,48.2,3.5,1.54,crypto,1,0.0,0.0,0.967741935483871,0.2796644027167399,13.771389224602215,0.0,0.0,0.09625
0.0,98.0,98.0,15.0,407.0,0,55.6,3.41,1.66,crypto,1,196.0,3.5,0.967741935483871,0.267723953835283,16.304937522177354,0.0,0.0,0.10375
0.0,0.0,0.0,15.0,480.0,0,82.1,2.4,1.66,crypto,1,0.0,0.0,0.9803921568627451,0.18663970759779142,34.208190799205,0.0,0.0,0.10375
0.0,0.0,0.0,17.0,431.0,0,32.6,0.14,1.6,crypto,1,0.0,0.0,1.096774193548387,0.011114639568116862,232.8405113920434,0.0,0.0,0.08888888888888889
0.0,0.0,0.0,17.0,366.0,0,40.2,2.1,1.6,crypto,1,0.0,0.0,1.0828025477707006,0.17632241813602015,19.142765986828636,0.0,0.0,0.08888888888888889
0.0,98.0,98.0,15.0,687.0,0,48.3,2.86,1.47,crypto,1,196.0,3.5,0.9554140127388535,0.23542970036219954,16.888052838976087,0.0,0.0,0.091875
0.0,0.0,0.0,15.0,685.0,0,46.3,0.61,1.52,crypto,1,0.0,0.0,0.9554140127388535,0.2518579686209744,75.90039507549056,0.0,0.0,0.095
0.0,0.0,0.0,15.0,1405.0,0,52.4,3.05,1.48,crypto,1,0.0,0.0,0.9615384615384616,1.3819664703217036,17.18027154009331,0.0,0.0,0.0925
0.0,0.0,0.0,15.0,526.0,0,43.8,3.46,1.48,crypto,1,0.0,0.0,0.9803921568627451,1.4350891746163417,12.658922951089735,0.0,0.0,0.0925
0.0,98.0,0.0,17.0,579.0,0,56.1,1.35,1.36,crypto,1,98.0,2.0,1.0897435897435899,0.590034965034965,41.555247738905635,0.0,0.0,0.07555555555555556
0.0,0.0,98.0,18.0,833.0,0,62.1,3.21,1.25,crypto,1,98.0,1.6666666666666667,1.1320754716981132,1.4209827357237717,19.345734125438863,0.0,0.0,0.06578947368421052
0.0,42.0,42.0,16.0,454.0,0,60.4,2.36,1.25,crypto,1,84.0,1.7647058823529411,1.0,1.095636025998143,25.593111893593672,0.0,0.0,0.07352941176470588
0.0,0.0,0.0,14.0,607.0,0,45.4,1.84,1.15,crypto,1,0.0,0.0,0.8805031446540881,0.8770257387988561,24.673778946853545,0.0,0.0,0.07666666666666666
0.0,0.0,0.0,16.0,687.0,0,51.1,2.15,1.15,crypto,1,0.0,0.0,1.0126582278481011,0.9351892127011743,23.767331314738072,0.0,0.0,0.06764705882352941
0.0,98.0,98.0,16.0,329.0,0,50.0,0.67,1.06,crypto,1,196.0,2.9166666666666665,1.019108280254777,0.31076066790352513,74.62575185444993,0.0,0.0,0.06235294117647059
0.0,0.0,0.0,15.0,363.0,0,53.3,1.25,1.06,crypto,1,0.0,0.0,0.9554140127388535,0.6265664160401003,42.63965888272893,0.0,0.0,0.06625
0.0,42.0,42.0,15.0,157.0,0,53.9,1.06,1.06,crypto,1,84.0,1.5,0.9554140127388535,0.5196078431372549,50.848576900217914,0.0,0.0,0.06625
0.0,0.0,0.0,15.0,132.0,0,62.4,3.3,0.97,crypto,1,0.0,0.0,0.9554140127388535,1.5980629539951574,18.909033608989063,0.0,0.0,0.060625
0.0,0.0,0.0,16.0,279.0,0,47.6,1.43,0.97,crypto,1,0.0,0.0,1.0126582278481011,0.7679914070891516,33.28648051412228,0.0,0.0,0.057058823529411766
0.0,0.0,0.0,17.0,566.0,0,63.1,2.4,0.89,crypto,1,0.0,0.0,1.0759493670886076,1.2201321809862735,26.291557118512006,0.0,0.0,0.049444444444444444
0.0,0.0,0.0,15.0,701.0,0,62.9,11.81,0.89,crypto,1,0.0,0.0,0.967741935483871,4.177573399363283,5.325990409830305,0.0,0.0,0.055625
0.0,0.0,0.0,15.0,462.0,0,53.0,4.21,0.82,crypto,1,0.0,0.0,0.974025974025974,1.3977423638778221,12.589043731487575,0.0,0.0,0.05125
0.0,98.0,98.0,15.0,616.0,0,53.4,3.0,0.82,crypto,1,196.0,4.117647058823529,0.967741935483871,0.959079283887468,17.799940666864444,0.0,0.0,0.05125
0.0,0.0,0.0,16.0,254.0,0,66.0,0.36,0.82,crypto,1,0.0,0.0,1.032258064516129,0.12207527975584945,183.32824088219772,0.0,0.0,0.04823529411764706
0.0,0.0,0.0,16.0,427.0,0,74.8,15.38,0.84,crypto,1,0.0,0.0,1.032258064516129,3.479638009049774,4.863455875516335,0.0,0.0,0.04941176470588235
0.0,0.0,0.0,16.0,297.0,0,59.2,9.09,0.84,crypto,1,0.0,0.0,1.0256410256410258,1.7467332820906996,6.51264410050154,0.0,0.0,0.04941176470588235
0.0,0.0,0.0,15.0,505.0,0,52.0,7.85,0.84,crypto,1,0.0,0.0,0.9615384615384616,1.334353221145674,6.624195383190595,0.0,0.0,0.0525
0.0,0.0,0.0,15.0,467.0,0,46.1,1.05,0.77,crypto,1,0.0,0.0,0.9615384615384616,0.18557794273594913,43.90434376815458,0.0,0.0,0.048125
0.0,0.0,0.0,18.0,442.0,0,59.7,1.01,0.77,crypto,1,0.0,0.0,1.1392405063291138,0.17984330484330482,59.10832566014198,0.0,0.0,0.04052631578947369
0.0,0.0,0.0,16.0,420.0,0,61.7,6.28,0.79,crypto,1,0.0,0.0,1.019108280254777,1.0459693537641572,9.824825119705224,0.0,0.0,0.04647058823529412
0.0,98.0,98.0,15.0,763.0,0,62.2,29.86,0.79,crypto,1,196.0,5.0,0.9554140127388535,3.823793059290562,2.0830535555748306,0.0,0.0,0.049375
0.0,0.0,0.0,15.0,682.0,0,56.8,4.97,0.8,crypto,1,0.0,0.0,0.9554140127388535,0.630310716550412,11.428548433504158,0.0,0.0,0.05
0.0,42.0,42.0,17.0,376.0,0,57.0,1.71,0.8,crypto,1,84.0,3.0,1.069182389937107,0.22047447137699844,33.3331384026994,0.0,0.0,0.044444444444444446
0.0,0.0,0.0,18.0,516.0,0,50.9,2.59,0.74,crypto,1,0.0,0.0,1.1180124223602483,0.32460208046121064,19.65243377438697,0.0,0.0,0.03894736842105263
0.0,0.0,0.0,15.0,501.0,0,52.8,1.86,0.74,crypto,1,0.0,0.0,0.9375,0.2806699864191942,28.38694415621421,0.0,0.0,0.04625
0.0,0.0,0.0,15.0,709.0,0,34.4,0.9,0.68,crypto,1,0.0,0.0,0.9433962264150944,0.15495867768595042,38.22179753558294,0.0,0.0,0.0425
0.0,98.0,98.0,15.0,284.0,0,55.5,2.07,0.68,crypto,1,196.0,4.117647058823529,0.9433962264150944,0.39579349904397704,26.811464678914597,0.0,0.0,0.0425
0.0,0.0,0.0,16.0,354.0,0,62.6,2.12,0.68,crypto,1,0.0,0.0,1.0,0.39722690650178,29.52816260300659,0.0,0.0,0.04
0.0,0.0,0.0,17.0,463.0,0,62.6,1.8,0.71,crypto,1,0.0,0.0,1.069182389937107,0.3323485967503693,34.77758456897462,0.0,0.0,0.03944444444444444
0.0,42.0,42.0,16.0,207.0,0,60.2,2.52,0.71,crypto,1,84.0,1.5,1.0062893081761006,0.5,23.888794092086936,0.0,0.0,0.04176470588235294
0.0,0.0,0.0,15.0,362.0,0,48.2,1.58,0.65,crypto,1,0.0,0.0,0.9433962264150944,0.7142857142857143,30.506136037113688,0.0,0.0,0.040625
0.0,0.0,0.0,15.0,997.0,0,53.0,2.74,0.65,crypto,1,0.0,0.0,0.9433962264150944,1.3775766716943187,19.34299509855803,0.0,0.0,0.040625
0.0,0.0,0.0,17.0,446.0,0,45.9,0.75,0.68,crypto,1,0.0,0.0,1.069182389937107,0.39619651347068147,61.199184010879854,0.0,0.0,0.03777777777777778
0.0,98.0,98.0,18.0,492.0,0,70.1,2.59,0.68,crypto,1,196.0,4.117647058823529,1.1320754716981132,1.3681986265187531,27.06553256551133,0.0,0.0,0.03578947368421053
0.0,0.0,0.0,15.0,706.0,0,58.0,13.42,0.78,crypto,1,0.0,0.0,0.9433962264150944,4.40144309609708,4.321904380101058,0.0,0.0,0.04875
0.0,0.0,0.0,15.0,418.0,0,66.3,11.59,0.78,crypto,1,0.0,0.0,0.9433962264150944,2.814473045167557,5.720443726968312,0.0,0.0,0.04875
0.0,0.0,0.0,15.0,444.0,0,53.7,5.9,0.72,crypto,1,0.0,0.0,0.9433962264150944,1.3108198178182628,9.101679488678833,0.0,0.0,0.045
0.0,0.0,0.0,16.0,331.0,0,60.7,0.47,0.72,crypto,1,0.0,0.0,1.0062893081761006,0.10839483394833947,129.14618837897066,0.0,0.0,0.042352941176470586
0.0,0.0,0.0,15.0,602.0,0,44.6,2.79,0.66,crypto,1,0.0,0.0,0.9554140127388535,0.6290868094701241,15.985605786359189,0.0,0.0,0.04125
0.0,98.0,98.0,15.0,1015.0,0,54.6,3.59,0.66,crypto,1,196.0,5.0,0.9615384615384616,0.790400704535447,15.208871284481102,0.0,0.0,0.04125
0.0,0.0,0.0,15.0,2099.0,0,61.9,26.92,0.66,crypto,1,0.0,0.0,0.9615384615384616,3.804409270774449,2.299404792197328,0.0,0.0,0.04125
0.0,0.0,0.0,15.0,1200.0,0,61.9,14.57,0.61,crypto,1,0.0,0.0,0.9615384615384616,1.7641360939581063,4.2484528150632705,0.0,0.0,0.038125
0.0,42.0,42.0,14.0,401.0,0,75.6,1.47,0.61,crypto,1,84.0,1.7647058823529411,0.9150326797385621,0.17644940583363342,51.42822157672396,0.0,0.0,0.04066666666666666
0.0,0.0,0.0,15.0,151.0,0,64.5,0.92,0.61,crypto,1,0.0,0.0,1.0,0.11268985791278786,70.10793360941729,0.0,0.0,0.038125
0.0,0.0,0.0,15.0,415.0,0,63.9,0.79,0.56,crypto,1,0.0,0.0,1.0,0.11447616287494565,80.88505208794825,0.0,0.0,0.035
0.0,0.0,0.0,15.0,553.0,0,52.3,2.63,0.52,crypto,1,0.0,0.0,1.0,0.4379683597002497,19.88585594731579,0.0,0.0,0.0325
0.0,98.0,98.0,15.0,347.0,0,62.3,2.31,0.52,crypto,1,196.0,4.117647058823529,1.0,0.4091392136025505,26.96958021826745,0.0,0.0,0.0325
0.0,0.0,0.0,15.0,301.0,0,65.7,4.57,0.52,crypto,1,0.0,0.0,1.006711409395973,0.7546235138705416,14.376336156813663,0.0,0.0,0.0325
0.0,0.0,0.0,15.0,235.0,0,57.9,2.66,0.55,crypto,1,0.0,0.0,1.006711409395973,0.44017871917921564,21.766835463024574,0.0,0.0,0.034375
0.0,0.0,0.0,15.0,330.0,0,65.2,1.54,0.55,crypto,1,0.0,0.0,1.006711409395973,0.2637889688249401,42.33738741956221,0.0,0.0,0.034375
0.0,0.0,0.0,15.0,168.0,0,72.6,1.29,0.67,crypto,1,0.0,0.0,1.006711409395973,0.3938931297709924,56.278633498965114,0.0,0.0,0.041875
0.0,0.0,0.0,17.0,457.0,0,59.9,1.04,0.67,crypto,1,0.0,0.0,1.1258278145695364,0.5411030176899064,57.595600042307275,0.0,0.0,0.037222222222222226
0.0,0.0,0.0,17.0,275.0,0,55.3,2.68,0.67,crypto,1,0.0,0.0,1.103896103896104,1.311796377875673,20.63425136473371,0.0,0.0,0.037222222222222226
0.0,98.0,98.0,18.0,381.0,0,67.3,0.8,0.62,crypto,1,196.0,5.0,1.1464968152866242,0.3938946331856229,84.12394845064436,0.0,0.0,0.03263157894736842
0.0,0.0,0.0,18.0,154.0,0,56.4,0.44,0.62,crypto,1,0.0,0.0,1.125,0.22044088176352705,128.17890502488578,0.0,0.0,0.03263157894736842
0.0,0.0,0.0,15.0,417.0,0,66.1,4.38,0.62,crypto,1,0.0,0.0,0.9375,2.0175034546292028,15.091289745913823,0.0,0.0,0.03875
0.0,0.0,0.0,15.0,204.0,0,55.0,2.28,0.73,crypto,1,0.0,0.0,0.9375,1.0516605166051658,24.122701216222737,0.0,0.0,0.045625
0.0,42.0,42.0,15.0,313.0,0,74.9,2.3,0.73,crypto,1,84.0,3.0,0.9375,1.184956208140134,32.56507580401825,0.0,0.0,0.045625
0.0,0.0,0.0,15.0,185.0,0,54.9,1.69,0.73,crypto,1,0.0,0.0,0.9375,0.9164859002169198,32.485014881568745,0.0,0.0,0.045625
0.0,0.0,0.0,15.0,378.0,0,68.0,8.19,0.83,crypto,1,0.0,0.0,0.9375,3.2642487046632125,8.302798165081606,0.0,0.0,0.051875
0.0,0.0,0.0,18.0,438.0,0,60.2,2.8,0.83,crypto,1,0.0,0.0,1.1042944785276072,1.0526315789473684,21.49992321455995,0.0,0.0,0.04368421052631579
0.0,0.0,0.0,18.0,222.0,0,69.8,1.25,0.83,crypto,1,0.0,0.0,1.0975609756097562,0.4662439388287952,55.83955328357373,0.0,0.0,0.04368421052631579
0.0,0.0,0.0,16.0,196.0,0,95.1,2.01,0.84,crypto,1,0.0,0.0,0.9815950920245399,0.7689364957918898,47.31319744677887,0.0,0.0,0.04941176470588235
0.0,98.0,98.0,15.0,583.0,0,73.0,2.4,0.84,crypto,1,196.0,7.0,0.9375,0.8651766402307137,30.41653993108362,0.0,0.0,0.0525
0.0,0.0,0.0,15.0,405.0,0,68.2,24.56,0.86,crypto,1,0.0,0.0,0.9554140127388535,4.735827227150019,2.776871833521241,0.0,0.0,0.05375
0.0,0.0,0.0,15.0,235.0,0,82.3,8.72,0.86,crypto,1,0.0,0.0,0.9554140127388535,1.5516014234875448,9.43806257102916,0.0,0.0,0.05375
0.0,42.0,42.0,18.0,240.0,0,47.6,0.14,0.79,crypto,1,84.0,2.307692307692308,1.125,0.02589715131335553,339.9757160202842,0.0,0.0,0.041578947368421056
0.0,0.0,0.0,16.0,324.0,0,49.1,0.95,0.79,crypto,1,0.0,0.0,0.9937888198757763,0.18023145513185354,51.68366648772119,0.0,0.0,0.04647058823529412
0.0,98.0,98.0,15.0,861.0,0,53.5,1.65,0.72,crypto,1,196.0,4.117647058823529,0.9316770186335402,0.3132713119422821,32.42404591487325,0.0,0.0,0.045
0.0,0.0,0.0,16.0,485.0,0,61.9,0.5,0.67,crypto,1,0.0,0.0,0.9876543209876544,0.11116051578479323,123.79752404951901,0.0,0.0,0.039411764705882354
0.0,0.0,0.0,16.0,323.0,0,57.3,2.11,0.67,crypto,1,0.0,0.0,1.0,0.4764055091442763,27.156269401566817,0.0,0.0,0.039411764705882354
0.0,0.0,0.0,15.0,372.0,0,54.1,1.33,0.77,crypto,1,0.0,0.0,0.9554140127388535,0.2997520847419428,40.676385891835395,0.0,0.0,0.048125
0.0,0.0,0.0,15.0,245.0,0,63.3,1.42,0.77,crypto,1,0.0,0.0,0.9615384615384616,0.3243490178163545,44.57715086513475,0.0,0.0,0.048125
0.0,0.0,0.0,15.0,293.0,0,52.8,0.8,0.71,crypto,1,0.0,0.0,0.9615384615384616,0.18966334755808442,65.99917501031237,0.0,0.0,0.044375
0.0,98.0,98.0,17.0,256.0,0,61.3,7.69,0.71,crypto,1,196.0,4.117647058823529,1.0759493670886076,3.0383247728170684,7.971381051520089,0.0,0.0,0.03944444444444444
0.0,0.0,0.0,18.0,304.0,0,65.4,0.8,0.71,crypto,1,0.0,0.0,1.1180124223602483,0.46003450258769407,81.74897813777328,0.0,0.0,0.03736842105263158
0.0,0.0,0.0,15.0,532.0,0,54.3,2.99,0.65,crypto,1,0.0,0.0,0.9493670886075949,1.4772727272727273,18.160474379684345,0.0,0.0,0.040625
0.0,0.0,0.0,15.0,431.0,0,62.6,0.66,0.65,crypto,1,0.0,0.0,0.9554140127388535,0.33082706766917297,94.84704777200346,0.0,0.0,0.040625
0.0,0.0,0.0,15.0,222.0,0,56.8,1.38,0.6,crypto,1,0.0,0.0,0.9554140127388535,0.7012195121951219,41.15912203534757,0.0,0.0,0.0375
0.0,0.0,0.0,16.0,151.0,0,54.9,0.21,0.6,crypto,1,0.0,0.0,1.019108280254777,0.10830324909747292,261.41612304175993,0.0,0.0,0.03529411764705882
0.0,0.0,0.0,17.0,427.0,0,54.0,6.04,0.6,crypto,1,0.0,0.0,1.0759493670886076,2.5900514579759863,8.940382549035515,0.0,0.0,0.03333333333333333
0.0,98.0,98.0,15.0,400.0,0,58.4,6.09,0.55,crypto,1,196.0,5.0,0.9493670886075949,2.1688034188034186,9.589475222536581,0.0,0.0,0.034375
0.0,0.0,0.0,15.0,237.0,0,55.0,0.95,0.55,crypto,1,0.0,0.0,0.9493670886075949,0.34407823252444764,57.89412743023758,0.0,0.0,0.034375
0.0,42.0,42.0,15.0,278.0,0,52.4,0.98,0.51,crypto,1,84.0,1.7647058823529411,0.9493670886075949,0.3526448362720403,53.46884215467189,0.0,0.0,0.031875
0.0,0.0,0.0,17.0,511.0,0,71.6,3.02,0.51,crypto,1,0.0,0.0,1.0759493670886076,1.306228373702422,23.708530766454412,0.0,0.0,0.028333333333333335
0.0,0.0,0.0,17.0,323.0,0,56.3,2.45,0.55,crypto,1,0.0,0.0,1.0828025477707006,0.9890997174000807,22.979498042865128,0.0,0.0,0.030555555555555558
0.0,0.0,0.0,16.0,424.0,0,66.8,21.3,0.55,crypto,1,0.0,0.0,1.0126582278481011,4.944289693593315,3.136148762371473,0.0,0.0,0.03235294117647059
0.0,140.0,140.0,16.0,732.0,0,61.5,1.96,0.5,crypto,1,280.0,5.0,1.0062893081761006,0.4416403785488958,31.37739093167892,0.0,0.0,0.029411764705882353
0.0,0.0,0.0,16.0,414.0,0,52.1,4.53,0.5,crypto,1,0.0,0.0,1.0,0.9530822638333685,11.501078364065423,0.0,0.0,0.029411764705882353
0.0,0.0,0.0,15.0,690.0,0,63.1,2.08,0.46,crypto,1,0.0,0.0,0.9433962264150944,0.4210526315789474,30.33639261349705,0.0,0.0,0.02875
0.0,98.0,0.0,15.0,310.0,0,56.4,1.65,0.51,crypto,1,98.0,1.4893617021276597,0.9554140127388535,0.3665852032881582,34.18161102053927,0.0,0.0,0.031875
0.0,0.0,98.0,17.0,305.0,0,60.3,1.05,0.51,crypto,1,98.0,1.75,1.069182389937107,0.2626970227670753,57.4280244950048,0.0,0.0,0.028333333333333335
0.0,0.0,0.0,18.0,291.0,0,61.9,0.53,0.51,crypto,1,0.0,0.0,1.1111111111111112,0.13400758533501897,116.79024924058037,0.0,0.0,0.026842105263157896
0.0,0.0,0.0,15.0,300.0,0,57.9,5.74,0.47,crypto,1,0.0,0.0,0.9259259259259259,1.2954186413902056,10.08709044060899,0.0,0.0,0.029375
0.0,0.0,0.0,15.0,256.0,0,60.9,5.17,0.47,crypto,1,0.0,0.0,0.9375,1.1127851915626346,11.779474314363028,0.0,0.0,0.029375
0.0,0.0,0.0,15.0,209.0,0,54.2,1.17,0.47,crypto,1,0.0,0.0,0.9493670886075949,0.2589641434262948,46.32439038982573,0.0,0.0,0.029375
0.0,0.0,0.0,17.0,260.0,0,60.4,1.45,0.83,crypto,1,0.0,0.0,1.069182389937107,0.5724437425977101,41.65488513872318,0.0,0.0,0.04611111111111111
0.0,0.0,0.0,18.0,321.0,0,53.8,2.65,0.83,crypto,1,0.0,0.0,1.1180124223602483,1.018447348193697,20.30181018184837,0.0,0.0,0.04368421052631579
0.0,98.0,0.0,16.0,351.0,0,57.2,3.98,0.84,crypto,1,98.0,3.3333333333333335,0.9937888198757763,1.5626226933647427,14.371823186373904,0.0,0.0,0.04941176470588235
0.0,0.0,98.0,15.0,468.0,0,67.8,9.54,0.84,crypto,1,98.0,2.5,0.9316770186335402,2.8970543577285146,7.106910789401689,0.0,0.0,0.0525
0.0,0.0,0.0,15.0,137.0,0,72.0,11.61,0.84,crypto,1,0.0,0.0,0.9316770186335402,2.7069246910701796,6.201545046042166,0.0,0.0,0.0525
0.0,0.0,0.0,15.0,337.0,0,69.4,3.41,0.86,crypto,1,0.0,0.0,0.9433962264150944,0.7535911602209945,20.351846475523534,0.0,0.0,0.05375
0.0,0.0,0.0,16.0,122.0,0,60.5,0.96,0.86,crypto,1,0.0,0.0,1.019108280254777,0.21015761821366025,63.020176873157574,0.0,0.0,0.05058823529411765
0.0,0.0,0.0,18.0,302.0,0,55.3,0.5,0.86,crypto,1,0.0,0.0,1.125,0.12363996043521268,110.59778804423912,0.0,0.0,0.04526315789473684
0.0,0.0,0.0,16.0,329.0,0,49.8,1.23,0.79,crypto,1,0.0,0.0,0.9937888198757763,0.336986301369863,40.48747571157958,0.0,0.0,0.04647058823529412
0.0,98.0,0.0,15.0,324.0,0,52.6,1.02,0.79,crypto,1,98.0,3.3333333333333335,0.9316770186335402,0.2806052269601101,51.56812188115803,0.0,0.0,0.049375
0.0,0.0,98.0,15.0,372.0,0,55.8,4.96,0.88,crypto,1,98.0,2.5,0.9433962264150944,1.244355243351731,11.249977318594116,0.0,0.0,0.055
0.0,84.0,84.0,15.0,550.0,0,49.6,2.84,0.88,crypto,1,168.0,3.0,0.9615384615384616,0.7091136079900124,17.464727236875927,0.0,0.0,0.055
0.0,0.0,0.0,18.0,543.0,0,57.5,1.48,0.81,crypto,1,0.0,0.0,1.1392405063291138,0.3941411451398136,38.8510888439943,0.0,0.0,0.04263157894736842
0.0,0.0,0.0,16.0,272.0,0,61.8,0.82,0.81,crypto,1,0.0,0.0,1.0062893081761006,0.2844259451959764,75.36493457396861,0.0,0.0,0.04764705882352942
0.0,0.0,0.0,15.0,402.0,0,53.4,0.52,0.75,crypto,1,0.0,0.0,0.9433962264150944,0.2931228861330327,102.69033287821388,0.0,0.0,0.046875
0.0,98.0,0.0,14.0,437.0,0,49.5,2.7,0.75,crypto,1,98.0,2.121212121212121,0.8860759493670886,1.5854374633000587,18.33326543235025,0.0,0.0,0.05
0.0,0.0,98.0,15.0,233.0,0,47.4,1.37,0.69,crypto,1,98.0,1.75,0.9554140127388535,0.7855504587155965,34.59828760374011,0.0,0.0,0.043125
0.0,0.0,0.0,17.0,363.0,0,62.5,0.51,0.69,crypto,1,0.0,0.0,1.0897435897435899,0.2922636103151863,122.54661673300524,0.0,0.0,0.03833333333333333
0.0,0.0,0.0,15.0,765.0,0,64.0,2.42,0.63,crypto,1,0.0,0.0,0.967741935483871,1.298283261802575,26.446171710034257,0.0,0.0,0.039375
0.0,0.0,0.0,15.0,293.0,0,52.3,1.78,0.63,crypto,1,0.0,0.0,0.967741935483871,0.9175257731958764,29.381857405295474,0.0,0.0,0.039375
0.0,0.0,0.0,15.0,222.0,0,48.8,1.61,0.74,crypto,1,0.0,0.0,0.967741935483871,1.003115264797508,30.31037074303886,0.0,0.0,0.04625
0.0,0.0,0.0,16.0,317.0,0,51.4,1.01,0.74,crypto,1,0.0,0.0,1.0256410256410258,0.710267229254571,50.89058524173028,0.0,0.0,0.04352941176470588
0.0,98.0,98.0,15.0,561.0,0,61.3,6.73,0.76,crypto,1,196.0,5.0,0.9803921568627451,3.4565998972778638,9.108456005265966,0.0,0.0,0.0475
0.0,0.0,0.0,15.0,820.0,0,53.9,0.44,0.76,crypto,1,0.0,0.0,0.986842105263158,0.23048716605552644,122.49721597236426,0.0,0.0,0.0475
0.0,0.0,0.0,15.0,264.0,0,66.8,1.31,0.86,crypto,1,0.0,0.0,0.986842105263158,0.658953722334004,50.991977160479685,0.0,0.0,0.05375
0.0,0.0,0.0,17.0,320.0,0,62.1,0.86,0.86,crypto,1,0.0,0.0,1.096774193548387,0.47671840354767175,72.20846269229428,0.0,0.0,0.04777777777777778
0.0,0.0,0.0,18.0,256.0,0,57.7,1.72,0.86,crypto,1,0.0,0.0,1.1392405063291138,0.9352909189777052,33.54631659118261,0.0,0.0,0.04526315789473684
0.0,98.0,98.0,15.0,386.0,0,74.8,7.06,0.79,crypto,1,196.0,5.0,0.9615384615384616,2.8307939053728943,10.5948858429379,0.0,0.0,0.049375
0.0,0.0,0.0,15.0,285.0,0,60.5,0.4,0.79,crypto,1,0.0,0.0,0.9615384615384616,0.17452006980802792,151.24621884452887,0.0,0.0,0.049375
0.0,0.0,0.0,15.0,323.0,0,76.2,1.21,0.79,crypto,1,0.0,0.0,0.9615384615384616,0.5413870246085011,62.974686159618514,0.0,0.0,0.049375
0.0,0.0,0.0,15.0,127.0,0,52.0,0.0,0.81,crypto,1,0.0,0.0,0.9615384615384616,0.0,5200000.0,0.0,0.0,0.050625
0.0,0.0,0.0,17.0,489.0,0,55.5,2.31,0.81,crypto,1,0.0,0.0,1.0828025477707006,1.0480943738656987,24.02587001787871,0.0,0.0,0.045000000000000005
0.0,98.0,98.0,15.0,636.0,0,70.3,20.87,0.99,crypto,1,196.0,5.0,0.9554140127388535,5.768380320619127,3.3684698761524308,0.0,0.0,0.061875
0.0,0.0,0.0,15.0,306.0,0,68.5,1.31,0.99,crypto,1,0.0,0.0,0.9554140127388535,0.35357624831309037,52.289677178036804,0.0,0.0,0.061875
0.0,84.0,84.0,17.0,455.0,0,61.3,3.0,0.99,crypto,1,168.0,3.0,1.069182389937107,0.7743933918430562,20.433265222449258,0.0,0.0,0.055
0.0,0.0,0.0,16.0,438.0,0,58.3,5.56,0.99,crypto,1,0.0,0.0,1.0126582278481011,1.2799263351749537,10.485592651811778,0.0,0.0,0.05823529411764706
0.0,0.0,0.0,15.0,382.0,0,75.9,3.67,1.07,crypto,1,0.0,0.0,0.967741935483871,0.8085481383564662,20.681142558194665,0.0,0.0,0.066875
0.0,98.0,98.0,15.0,386.0,0,59.8,1.93,1.07,crypto,1,196.0,3.5,0.967741935483871,0.4793840039741678,30.984295418158453,0.0,0.0,0.066875
0.0,0.0,0.0,15.0,446.0,0,60.2,8.37,1.07,crypto,1,0.0,0.0,0.967741935483871,1.7354343769438105,7.192345050961709,0.0,0.0,0.066875
0.0,0.0,0.0,17.0,228.0,0,52.7,1.64,0.98,crypto,1,0.0,0.0,1.0828025477707006,0.33703247020139737,32.13395040274145,0.0,0.0,0.05444444444444444
0.0,0.0,0.0,16.0,633.0,0,37.8,1.61,0.9,crypto,1,0.0,0.0,1.0126582278481011,0.32027053908891984,23.478115042763704,0.0,0.0,0.052941176470588235
0.0,0.0,0.0,15.0,397.0,0,63.7,0.39,0.9,crypto,1,0.0,0.0,0.9615384615384616,0.08066184074457083,163.32914540652803,0.0,0.0,0.05625
0.0,98.0,0.0,15.0,132.0,0,61.7,0.47,0.9,crypto,1,98.0,2.121212121212121,0.9615384615384616,0.16815742397137742,131.27380268504928,0.0,0.0,0.05625
0.0,0.0,98.0,15.0,169.0,0,65.2,2.29,0.99,crypto,1,98.0,1.75,0.9615384615384616,0.7915658486000691,28.47149139086729,0.0,0.0,0.061875
0.0,0.0,0.0,18.0,520.0,0,47.7,3.81,0.99,crypto,1,0.0,0.0,1.1464968152866242,1.281102891728312,12.519652179390606,0.0,0.0,0.05210526315789474
0.0,0.0,0.0,15.0,389.0,0,63.1,1.23,0.99,crypto,1,0.0,0.0,0.9615384615384616,0.48406139315230223,51.30039593174039,0.0,0.0,0.061875
0.0,0.0,0.0,15.0,414.0,0,53.1,2.23,0.99,crypto,1,0.0,0.0,0.9615384615384616,0.9303295786399666,23.811552414563163,0.0,0.0,0.061875
0.0,0.0,0.0,15.0,423.0,0,67.1,1.28,0.99,crypto,1,0.0,0.0,0.9615384615384616,0.5488850771869639,52.4214654573011,0.0,0.0,0.061875
0.0,98.0,98.0,18.0,252.0,0,53.5,0.57,0.99,crypto,1,196.0,5.0,1.1320754716981132,0.3672680412371133,93.85800249118438,0.0,0.0,0.05210526315789474
0.0,0.0,0.0,16.0,582.0,0,52.8,3.79,1.07,crypto,1,0.0,0.0,1.0126582278481011,2.144878324844369,13.93136165867636,0.0,0.0,0.06294117647058824
0.0,0.0,0.0,15.0,1549.0,0,97.9,84.34,1.07,crypto,1,0.0,0.0,0.9554140127388535,8.400398406374501,1.1607776664954155,0.0,0.0,0.066875
0.0,0.0,0.0,15.0,2432.0,0,48.5,9.19,1.07,crypto,1,0.0,0.0,0.9554140127388535,0.8415750915750916,5.27746977424399,0.0,0.0,0.066875
0.0,0.0,0.0,16.0,1232.0,0,55.3,2.61,1.15,crypto,1,0.0,0.0,1.0126582278481011,0.23441710077240882,21.187658284834157,0.0,0.0,0.06764705882352941
0.0,0.0,0.0,18.0,947.0,0,48.2,1.25,1.15,crypto,1,0.0,0.0,1.1180124223602483,0.11332728921124208,38.55969152246782,0.0,0.0,0.06052631578947368
0.0,0.0,0.0,18.0,1393.0,0,51.9,3.51,1.22,crypto,1,0.0,0.0,1.1180124223602483,0.31909090909090904,14.786282660163362,0.0,0.0,0.06421052631578947
0.0,98.0,0.0,16.0,1531.0,0,53.0,4.07,1.22,crypto,1,98.0,3.3333333333333335,0.9876543209876544,0.3606876993973768,13.022081026827944,0.0,0.0,0.07176470588235294
0.0,0.0,98.0,15.0,1515.0,0,57.3,23.47,1.22,crypto,1,98.0,2.5,0.9259259259259259,1.7504474940334127,2.4414135315664542,0.0,0.0,0.07625
0.0,0.0,0.0,15.0,1314.0,0,61.1,12.09,1.68,crypto,1,0.0,0.0,0.9259259259259259,0.8344261163641383,5.053759260745029,0.0,0.0,0.105
0.0,84.0,84.0,17.0,351.0,0,44.4,0.79,1.68,crypto,1,168.0,4.615384615384616,1.0559006211180124,0.05444145820412101,56.201820230123666,0.0,0.0,0.09333333333333332
0.0,0.0,0.0,16.0,1405.0,0,54.2,7.46,1.63,crypto,1,0.0,0.0,0.9937888198757763,0.5014114800376394,7.265405810447976,0.0,0.0,0.09588235294117646
0.0,0.0,0.0,15.0,129.0,0,65.0,4.85,1.63,crypto,1,0.0,0.0,0.9316770186335402,0.6999567037090489,13.402034222609853,0.0,0.0,0.101875
0.0,98.0,98.0,15.0,397.0,0,82.4,0.38,1.74,crypto,1,196.0,3.5,0.9316770186335402,0.06283068783068783,216.83639904213047,0.0,0.0,0.10875
0.0,0.0,0.0,17.0,463.0,0,31.9,0.24,1.74,crypto,1,0.0,0.0,1.0493827160493827,0.041300980898296334,132.9111287029707,0.0,0.0,0.09666666666666666
0.0,0.0,0.0,16.0,370.0,0,52.4,1.37,1.76,crypto,1,0.0,0.0,1.0,0.23527391379014254,38.24789600075911,0.0,0.0,0.10352941176470588
0.0,0.0,0.0,15.0,308.0,0,53.5,5.97,1.76,crypto,1,0.0,0.0,0.9554140127388535,0.9836875926841324,8.961459026031783,0.0,0.0,0.11
0.0,0.0,0.0,15.0,464.0,0,58.4,2.86,1.76,crypto,1,0.0,0.0,0.9615384615384616,0.4808338937457969,20.419509022695724,0.0,0.0,0.11
0.0,0.0,0.0,17.0,265.0,0,69.9,2.04,1.62,crypto,1,0.0,0.0,1.0759493670886076,0.5361366622864651,34.26453791893177,0.0,0.0,0.09000000000000001
0.0,0.0,0.0,17.0,231.0,0,38.1,0.64,1.62,crypto,1,0.0,0.0,1.0625,0.24060150375939854,59.530319838752526,0.0,0.0,0.09000000000000001
0.0,98.0,98.0,16.0,355.0,0,50.8,1.23,1.49,crypto,1,196.0,5.0,1.0062893081761006,0.45488165680473375,41.30047723189242,0.0,0.0,0.08764705882352941
0.0,0.0,0.0,15.0,304.0,0,59.2,1.23,1.49,crypto,1,0.0,0.0,0.9493670886075949,0.5910619894281596,48.129690002520306,0.0,0.0,0.093125
0.0,0.0,0.0,15.0,454.0,0,63.5,5.44,1.49,crypto,1,0.0,0.0,0.9493670886075949,2.542056074766356,11.672772660344375,0.0,0.0,0.093125
0.0,0.0,0.0,15.0,177.0,0,91.1,27.22,1.61,crypto,1,0.0,0.0,0.9493670886075949,5.6426202321724706,3.346802591182002,0.0,0.0,0.100625
0.0,0.0,0.0,16.0,238.0,0,55.0,3.81,1.61,crypto,1,0.0,0.0,1.019108280254777,0.7353792704111177,14.435657649192521,0.0,0.0,0.09470588235294118
0.0,0.0,0.0,17.0,332.0,0,60.4,1.21,1.61,crypto,1,0.0,0.0,1.0759493670886076,0.23426911907066794,49.91694283518318,0.0,0.0,0.08944444444444445
0.0,0.0,0.0,16.0,312.0,0,56.0,0.16,1.56,crypto,1,0.0,0.0,1.0062893081761006,0.034904013961605584,349.97812636710205,0.0,0.0,0.09176470588235294
0.0,98.0,98.0,15.0,422.0,0,53.7,2.73,1.56,crypto,1,196.0,5.0,0.9433962264150944,0.5972434915773354,19.670257618103964,0.0,0.0,0.0975
0.0,42.0,42.0,15.0,488.0,0,54.2,0.73,1.59,crypto,1,84.0,1.7647058823529411,0.9554140127388535,0.16441441441441443,74.24555828002357,0.0,0.0,0.099375
0.0,0.0,0.0,15.0,479.0,0,63.3,4.57,1.63,crypto,1,0.0,0.0,0.967741935483871,0.9455824539623423,13.851173192181198,0.0,0.0,0.101875
0.0,0.0,0.0,15.0,229.0,0,75.8,0.45,1.63,crypto,1,0.0,0.0,0.974025974025974,0.09463722397476342,168.44070131774848,0.0,0.0,0.101875
0.0,0.0,0.0,14.0,219.0,0,70.6,0.18,1.5,crypto,1,0.0,0.0,0.9150326797385621,0.038709677419354833,392.2004333092606,0.0,0.0,0.1
0.0,98.0,0.0,16.0,371.0,0,68.5,2.64,1.5,crypto,1,98.0,2.592592592592593,1.0389610389610389,0.6041189931350116,25.946871413365855,0.0,0.0,0.08823529411764706
0.0,0.0,98.0,15.0,491.0,0,60.4,8.17,1.5,crypto,1,98.0,2.0588235294117645,0.974025974025974,3.314401622718053,7.392891807965963,0.0,0.0,0.09375
0.0,0.0,0.0,15.0,424.0,0,43.7,1.28,1.38,crypto,1,0.0,0.0,0.9803921568627451,0.5786618444846294,34.14035827845095,0.0,0.0,0.08625
0.0,42.0,42.0,15.0,267.0,0,45.1,0.74,1.38,crypto,1,84.0,1.5,0.9933774834437087,0.3418013856812933,60.94512236321131,0.0,0.0,0.08625
0.0,0.0,0.0,17.0,547.0,0,43.7,0.7,1.27,crypto,1,0.0,0.0,1.118421052631579,0.31545741324921134,62.42767960457709,0.0,0.0,0.07055555555555555
0.0,0.0,0.0,18.0,159.0,0,44.3,0.0,1.27,crypto,1,0.0,0.0,1.1612903225806452,0.0,4429999.999999999,0.0,0.0,0.0668421052631579
0.0,98.0,98.0,15.0,391.0,0,47.4,2.38,1.17,crypto,1,196.0,4.117647058823529,0.967741935483871,1.1274277593557556,19.915882706375182,0.0,0.0,0.073125
0.0,0.0,0.0,15.0,319.0,0,61.3,0.43,1.17,crypto,1,0.0,0.0,0.967741935483871,0.25338833235120806,142.55482430641146,0.0,0.0,0.073125
0.0,0.0,0.0,17.0,396.0,0,47.8,1.58,1.23,crypto,1,0.0,0.0,1.0828025477707006,0.8729281767955802,30.25297308244884,0.0,0.0,0.06833333333333333
0.0,0.0,0.0,16.0,408.0,0,54.9,6.38,1.23,crypto,1,0.0,0.0,1.0062893081761006,2.6255144032921813,8.60500218651695,0.0,0.0,0.07235294117647059
0.0,98.0,98.0,15.0,506.0,0,41.9,1.25,1.13,crypto,1,196.0,3.4146341463414633,0.9493670886075949,0.5456132693147099,33.51973184214526,0.0,0.0,0.070625
0.0,0.0,0.0,15.0,1111.0,0,48.7,2.63,1.04,crypto,1,0.0,0.0,0.9493670886075949,1.5141047783534833,18.517039859164036,0.0,0.0,0.065
0.0,42.0,42.0,15.0,301.0,0,56.7,0.16,1.04,crypto,1,84.0,1.5,0.9493670886075949,0.0984615384615385,354.3528529466908,0.0,0.0,0.065
0.0,0.0,0.0,15.0,317.0,0,44.9,1.06,0.96,crypto,1,0.0,0.0,0.9493670886075949,0.6397103198551601,42.35809096140602,0.0,0.0,0.06
0.0,0.0,0.0,17.0,138.0,0,60.8,7.32,0.96,crypto,1,0.0,0.0,1.0759493670886076,3.156532988357051,8.305999581967784,0.0,0.0,0.05333333333333333
0.0,0.0,0.0,15.0,353.0,0,64.8,11.43,0.96,crypto,1,0.0,0.0,0.967741935483871,3.3015597920277306,5.669286378577096,0.0,0.0,0.06
0.0,0.0,0.0,15.0,398.0,0,62.9,3.49,0.96,crypto,1,0.0,0.0,0.967741935483871,0.976770221102715,18.022870994638982,0.0,0.0,0.06
0.0,0.0,0.0,15.0,293.0,0,42.7,0.19,0.96,crypto,1,0.0,0.0,0.967741935483871,0.053536207382361235,224.72501447292248,0.0,0.0,0.06
0.0,98.0,98.0,17.0,201.0,0,50.4,1.08,0.88,crypto,1,196.0,4.117647058823529,1.096774193548387,0.3086596170334382,46.6662345719021,0.0,0.0,0.04888888888888889
0.0,0.0,0.0,18.0,226.0,0,48.8,0.91,0.88,crypto,1,0.0,0.0,1.1464968152866242,0.3082655826558266,53.625784332040304,0.0,0.0,0.04631578947368421
0.0,0.0,0.0,15.0,310.0,0,65.3,3.23,0.88,crypto,1,0.0,0.0,0.9554140127388535,1.0253968253968255,20.21665567598862,0.0,0.0,0.055
0.0,42.0,42.0,15.0,296.0,0,54.1,2.37,0.81,crypto,1,84.0,2.307692307692308,0.9554140127388535,0.7586427656850193,22.82690790334218,0.0,0.0,0.050625
0.0,0.0,0.0,15.0,383.0,0,56.9,44.83,0.81,crypto,1,0.0,0.0,0.9554140127388535,5.905677776314056,1.2692390655277568,0.0,0.0,0.050625
0.0,0.0,0.0,17.0,293.0,0,56.2,1.52,0.75,crypto,1,0.0,0.0,1.069182389937107,0.19903103312819173,36.97344096420418,0.0,0.0,0.041666666666666664
0.0,98.0,98.0,15.0,630.0,0,64.6,3.72,0.75,crypto,1,196.0,4.117647058823529,0.9554140127388535,0.5111996701937612,17.365544716277643,0.0,0.0,0.046875
0.0,0.0,0.0,15.0,260.0,0,70.1,11.71,0.75,crypto,1,0.0,0.0,0.9554140127388535,1.6030116358658455,5.986331352407042,0.0,0.0,0.046875
0.0,0.0,0.0,15.0,114.0,0,53.3,3.23,0.69,crypto,1,0.0,0.0,0.9554140127388535,0.4437422722901497,16.501496899390403,0.0,0.0,0.043125
0.0,0.0,0.0,16.0,433.0,0,58.5,4.3,0.69,crypto,1,0.0,0.0,1.0126582278481011,0.5591677503250975,13.604619524140643,0.0,0.0,0.04058823529411765
0.0,0.0,0.0,15.0,317.0,0,74.6,10.0,0.69,crypto,1,0.0,0.0,0.9615384615384616,1.1652295502213934,7.45999254000746,0.0,0.0,0.043125
0.0,0.0,0.0,15.0,156.0,0,61.5,39.13,0.71,crypto,1,0.0,0.0,0.9803921568627451,3.154627539503386,1.5716837281666933,0.0,0.0,0.044375
0.0,98.0,98.0,15.0,282.0,0,71.5,0.95,0.71,crypto,1,196.0,4.117647058823529,0.9803921568627451,0.07802233902759527,75.26236565930886,0.0,0.0,0.044375
0.0,0.0,0.0,16.0,2049.0,0,60.6,10.24,0.71,crypto,1,0.0,0.0,1.0389610389610389,0.7899406001697139,5.9179629707392865,0.0,0.0,0.04176470588235294
0.0,0.0,0.0,15.0,412.0,0,53.8,8.47,0.74,crypto,1,0.0,0.0,0.974025974025974,0.9081162217218828,6.351822488993519,0.0,0.0,0.04625
0.0,42.0,42.0,15.0,402.0,0,44.7,0.24,0.74,crypto,1,84.0,1.7647058823529411,0.986842105263158,0.026089792368735727,186.24223990667056,0.0,0.0,0.04625
0.0,0.0,0.0,15.0,187.0,0,51.6,0.0,0.68,crypto,1,0.0,0.0,0.986842105263158,0.0,5160000.0,0.0,0.0,0.0425
0.0,0.0,0.0,16.0,171.0,0,57.8,5.95,0.68,crypto,1,0.0,0.0,1.0457516339869282,0.7211247121561024,9.714269387782542,0.0,0.0,0.04
0.0,0.0,0.0,18.0,168.0,0,81.5,0.44,0.68,crypto,1,0.0,0.0,1.153846153846154,0.05519317611640743,185.223063112202,0.0,0.0,0.03578947368421053
0.0,98.0,98.0,16.0,349.0,0,59.6,3.91,0.68,crypto,1,196.0,4.117647058823529,1.0256410256410258,0.4928778520105887,15.242927767448165,0.0,0.0,0.04
0.0,0.0,0.0,14.0,342.0,0,55.2,1.4,0.62,crypto,1,0.0,0.0,0.9032258064516129,0.19793581224374385,39.42828979793002,0.0,0.0,0.04133333333333333
0.0,0.0,0.0,15.0,116.0,0,65.6,0.33,0.62,crypto,1,0.0,0.0,0.967741935483871,0.10335108048856875,198.7818550953001,0.0,0.0,0.03875
0.0,0.0,0.0,17.0,407.0,0,50.3,1.1,0.81,crypto,1,0.0,0.0,1.0828025477707006,0.34289276807980057,45.72685702857246,0.0,0.0,0.045000000000000005
0.0,0.0,0.0,17.0,169.0,0,79.5,0.49,0.81,crypto,1,0.0,0.0,1.0759493670886076,0.21943573667711602,162.24158690638967,0.0,0.0,0.045000000000000005
0.0,0.0,0.0,18.0,411.0,0,59.6,0.33,0.91,crypto,1,0.0,0.0,1.1180124223602483,0.23255813953488372,180.6005878609739,0.0,0.0,0.04789473684210527
0.0,0.0,0.0,15.0,433.0,0,75.4,2.64,0.91,crypto,1,0.0,0.0,0.9316770186335402,1.5913200723327305,28.56049787690198,0.0,0.0,0.056875
0.0,98.0,98.0,15.0,555.0,0,47.2,4.97,0.84,crypto,1,196.0,5.0,0.9316770186335402,2.305194805194805,9.496962782771062,0.0,0.0,0.0525
0.0,42.0,42.0,15.0,390.0,0,55.6,2.22,0.84,crypto,1,84.0,1.7647058823529411,0.9375,1.2450925406618059,25.044932230035,0.0,0.0,0.0525
0.0,0.0,0.0,18.0,411.0,0,57.1,1.72,0.77,crypto,1,0.0,0.0,1.125,0.9000523286237572,33.1974814099918,0.0,0.0,0.04052631578947369
0.0,0.0,0.0,16.0,297.0,0,54.6,4.13,0.77,crypto,1,0.0,0.0,1.0,2.1365752715985518,13.220306972622344,0.0,0.0,0.045294117647058825
0.0,98.0,98.0,15.0,366.0,0,81.4,16.41,0.71,crypto,1,196.0,4.117647058823529,0.9316770186335402,4.778683750728014,4.960386983310797,0.0,0.0,0.044375
0.0,0.0,0.0,15.0,150.0,0,49.6,0.47,0.71,crypto,1,0.0,0.0,0.9316770186335402,0.13631090487238975,105.52966958149827,0.0,0.0,0.044375
0.0,0.0,0.0,15.0,180.0,0,58.4,2.99,0.71,crypto,1,0.0,0.0,0.9433962264150944,0.8221061314270003,19.53170725181521,0.0,0.0,0.044375
0.0,42.0,42.0,17.0,398.0,0,52.9,0.77,0.73,crypto,1,84.0,1.5,1.069182389937107,0.2100954979536153,68.70040648822743,0.0,0.0,0.04055555555555555
0.0,0.0,0.0,15.0,418.0,0,56.8,2.16,0.73,crypto,1,0.0,0.0,0.9615384615384616,0.5613305613305614,26.296174554747427,0.0,0.0,0.045625
0.0,0.0,0.0,14.0,210.0,0,46.5,1.35,0.67,crypto,1,0.0,0.0,0.9032258064516129,0.36300080666845924,34.44418930230146,0.0,0.0,0.04466666666666667
0.0,98.0,98.0,15.0,277.0,0,44.9,1.14,0.67,crypto,1,196.0,3.5,0.967741935483871,0.34172661870503585,39.38561942439102,0.0,0.0,0.041875
0.0,0.0,0.0,15.0,360.0,0,29.0,0.49,0.7,crypto,1,0.0,0.0,0.967741935483871,0.15491621877963957,59.18246566396604,0.0,0.0,0.04375
0.0,0.0,0.0,16.0,622.0,0,57.0,0.86,0.64,crypto,1,0.0,0.0,1.0457516339869282,0.2794930126746831,66.27829908954547,0.0,0.0,0.037647058823529415
0.0,0.0,0.0,15.0,322.0,0,49.3,1.18,0.64,crypto,1,0.0,0.0,0.986842105263158,0.42415528396836805,41.7793069550258,0.0,0.0,0.04
0.0,0.0,0.0,15.0,225.0,0,67.9,0.8,0.64,crypto,1,0.0,0.0,0.986842105263158,0.655200655200655,84.87393907576156,0.0,0.0,0.04
0.0,0.0,0.0,15.0,271.0,0,50.4,1.17,0.59,crypto,1,0.0,0.0,0.986842105263158,0.9062742060418277,43.07655490124016,0.0,0.0,0.036875
0.0,0.0,0.0,18.0,209.0,0,53.4,0.52,0.59,crypto,1,0.0,0.0,1.1612903225806452,0.4980842911877392,102.69033287821388,0.0,0.0,0.031052631578947366
0.0,98.0,0.0,16.0,280.0,0,58.9,2.19,0.54,crypto,1,98.0,3.3333333333333335,1.0389610389610389,1.84654300168634,26.89485436139561,0.0,0.0,0.031764705882352945
0.0,0.0,98.0,16.0,475.0,0,63.2,6.56,0.54,crypto,1,98.0,2.5,1.032258064516129,4.034440344403444,9.634131655287112,0.0,0.0,0.031764705882352945
0.0,0.0,0.0,15.0,387.0,0,56.6,3.04,0.54,crypto,1,0.0,0.0,0.9615384615384616,1.693593314763231,18.61835980802695,0.0,0.0,0.03375
0.0,42.0,42.0,15.0,274.0,0,52.4,3.05,0.5,crypto,1,84.0,3.0,0.9615384615384616,1.535750251762336,17.18027154009331,0.0,0.0,0.03125
0.0,0.0,0.0,17.0,179.0,0,51.0,0.97,0.5,crypto,1,0.0,0.0,1.0759493670886076,0.4768928220255653,52.576777558994245,0.0,0.0,0.027777777777777776
0.0,0.0,0.0,18.0,266.0,0,52.7,0.79,0.46,crypto,1,0.0,0.0,1.125,0.38973852984706464,66.70801635422337,0.0,0.0,0.024210526315789474
0.0,0.0,0.0,15.0,839.0,0,66.8,9.45,0.46,crypto,1,0.0,0.0,0.9375,3.3111422564821296,7.068775588597261,0.0,0.0,0.02875
0.0,98.0,0.0,15.0,223.0,0,53.0,2.03,0.42,crypto,1,98.0,2.592592592592593,0.9375,0.6818945246892844,26.108245772188315,0.0,0.0,0.02625
0.0,0.0,98.0,17.0,402.0,0,55.0,1.93,0.42,crypto,1,98.0,2.0588235294117645,1.0493827160493827,0.6321650835244023,28.497261672219317,0.0,0.0,0.02333333333333333
0.0,0.0,0.0,18.0,319.0,0,52.6,1.8,0.42,crypto,1,0.0,0.0,1.1111111111111112,0.565859792518076,29.222059877445123,0.0,0.0,0.022105263157894735
0.0,42.0,42.0,16.0,377.0,0,45.2,2.27,0.39,crypto,1,84.0,1.8181818181818181,0.9876543209876544,0.711821887739103,19.911806555918258,0.0,0.0,0.022941176470588236
0.0,0.0,0.0,15.0,662.0,0,51.6,2.89,0.39,crypto,1,0.0,0.0,0.9316770186335402,1.0240963855421688,17.85460949962111,0.0,0.0,0.024375
0.0,0.0,0.0,15.0,194.0,0,64.3,5.67,0.76,crypto,1,0.0,0.0,0.9316770186335402,1.8379254457050243,11.340368006405633,0.0,0.0,0.0475
0.0,0.0,0.0,17.0,267.0,0,62.8,5.41,0.76,crypto,1,0.0,0.0,1.0429447852760736,1.629027401385125,11.608111630107892,0.0,0.0,0.042222222222222223
0.0,98.0,98.0,16.0,534.0,0,64.5,11.21,0.7,crypto,1,196.0,4.117647058823529,0.9876543209876544,2.579976985040276,5.753786125079282,0.0,0.0,0.041176470588235294
0.0,0.0,0.0,15.0,439.0,0,61.6,5.45,0.7,crypto,1,0.0,0.0,0.9433962264150944,1.132820619413843,11.302731554621001,0.0,0.0,0.04375
0.0,0.0,0.0,15.0,202.0,0,61.0,3.96,0.7,crypto,1,0.0,0.0,0.9433962264150944,0.9291412482402627,15.404001505046704,0.0,0.0,0.04375
0.0,0.0,0.0,17.0,354.0,0,39.0,1.18,0.64,crypto,1,0.0,0.0,1.0559006211180124,0.28249940148431885,33.05056736807315,0.0,0.0,0.035555555555555556
0.0,0.0,0.0,15.0,347.0,0,54.0,2.02,0.64,crypto,1,0.0,0.0,0.9433962264150944,0.4825609173435261,26.732540928015208,0.0,0.0,0.04
0.0,98.0,0.0,15.0,372.0,0,54.7,2.8,0.67,crypto,1,98.0,2.592592592592593,0.9615384615384616,0.6532897806812878,19.535644515555305,0.0,0.0,0.041875
0.0,0.0,98.0,15.0,339.0,0,54.9,1.28,0.67,crypto,1,98.0,2.5,0.967741935483871,0.30570814425603055,42.89028991961,0.0,0.0,0.041875
0.0,42.0,42.0,18.0,669.0,0,47.9,0.39,0.62,crypto,1,84.0,1.7647058823529411,1.1392405063291138,0.09906019812039624,122.81736365734211,0.0,0.0,0.03263157894736842
0.0,0.0,0.0,16.0,412.0,0,62.8,4.38,0.62,crypto,1,0.0,0.0,1.0062893081761006,1.1502100840336131,14.33786680852327,0.0,0.0,0.036470588235294116
0.0,0.0,0.0,15.0,216.0,0,41.6,0.68,0.57,crypto,1,0.0,0.0,0.9554140127388535,0.20389805097451277,61.175570947486065,0.0,0.0,0.035625
0.0,0.0,0.0,15.0,490.0,0,51.4,0.55,0.57,crypto,1,0.0,0.0,0.9615384615384616,0.24239753195240193,93.45284631188524,0.0,0.0,0.035625
0.0,0.0,0.0,15.0,87.0,0,54.9,0.42,0.52,crypto,1,0.0,0.0,0.9615384615384616,0.23782559456398633,130.71117354348706,0.0,0.0,0.0325
0.0,0.0,0.0,17.0,343.0,0,47.5,0.45,0.52,crypto,1,0.0,0.0,1.0759493670886076,0.31802120141342743,105.55320992866825,0.0,0.0,0.02888888888888889
0.0,0.0,0.0,15.0,394.0,0,59.5,0.38,0.48,crypto,1,0.0,0.0,0.9615384615384616,0.2846441947565542,156.5748269782374,0.0,0.0,0.03
0.0,98.0,0.0,15.0,292.0,0,49.5,5.14,0.48,crypto,1,98.0,2.592592592592593,0.9615384615384616,3.120825743776563,9.630331458499109,0.0,0.0,0.03
0.0,0.0,98.0,15.0,487.0,0,40.4,0.71,0.44,crypto,1,98.0,2.592592592592593,0.9615384615384616,0.493741307371349,56.90060703370376,0.0,0.0,0.0275
0.0,0.0,0.0,17.0,283.0,0,55.8,0.93,0.44,crypto,1,0.0,0.0,1.0759493670886076,0.6628652886671417,59.99935484564682,0.0,0.0,0.024444444444444446
0.0,42.0,42.0,18.0,272.0,0,54.9,4.6,0.44,crypto,1,84.0,3.0,1.1392405063291138,2.521929824561403,11.934756663572472,0.0,0.0,0.023157894736842106
0.0,0.0,0.0,16.0,261.0,0,58.5,0.87,0.4,crypto,1,0.0,0.0,1.0126582278481011,0.590631364562118,67.24060642981115,0.0,0.0,0.023529411764705882
0.0,0.0,0.0,15.0,352.0,0,64.5,2.73,0.4,crypto,1,0.0,0.0,0.9493670886075949,1.6269368295589985,23.626287083197496,0.0,0.0,0.025
0.0,0.0,0.0,17.0,584.0,0,47.9,0.28,0.37,crypto,1,0.0,0.0,1.0625,0.16959418534221682,171.06531909574656,0.0,0.0,0.020555555555555556
0.0,98.0,98.0,15.0,581.0,0,70.9,2.5,0.34,crypto,1,196.0,4.117647058823529,0.9375,1.3448090371167292,28.35988656045376,0.0,0.0,0.02125
0.0,0.0,0.0,15.0,234.0,0,59.6,3.65,0.34,crypto,1,0.0,0.0,0.9493670886075949,1.6750803120697566,16.328722387061955,0.0,0.0,0.02125
0.0,42.0,42.0,15.0,285.0,0,68.2,1.53,0.47,crypto,1,84.0,1.5,0.9493670886075949,0.6669572798605057,44.57487205965974,0.0,0.0,0.029375
0.0,0.0,0.0,17.0,382.0,0,57.2,3.0,0.47,crypto,1,0.0,0.0,1.0625,1.4423076923076918,19.066603111322962,0.0,0.0,0.02611111111111111
0.0,0.0,0.0,16.0,510.0,0,53.7,1.94,0.44,crypto,1,0.0,0.0,0.9937888198757763,0.8806173399909213,27.6802696893315,0.0,0.0,0.02588235294117647
0.0,0.0,0.0,15.0,297.0,0,62.2,1.02,0.44,crypto,1,0.0,0.0,0.9433962264150944,0.46112115732368886,60.979794315742,0.0,0.0,0.0275
0.0,98.0,98.0,15.0,248.0,0,70.4,0.85,0.4,crypto,1,196.0,4.117647058823529,0.9615384615384616,0.4627109417528579,82.82255502876438,0.0,0.0,0.025
0.0,0.0,0.0,17.0,259.0,0,52.0,0.9,0.4,crypto,1,0.0,0.0,1.0828025477707006,0.4891304347826086,57.777135809602115,0.0,0.0,0.022222222222222223
0.0,0.0,0.0,17.0,186.0,0,64.1,0.32,0.4,crypto,1,0.0,0.0,1.069182389937107,0.20012507817385863,200.30624042998653,0.0,0.0,0.022222222222222223
0.0,0.0,0.0,18.0,385.0,0,76.9,1.77,0.37,crypto,1,0.0,0.0,1.125,1.012585812356979,43.44608222552415,0.0,0.0,0.019473684210526317
0.0,0.0,0.0,15.0,333.0,0,41.5,3.37,0.37,crypto,1,0.0,0.0,0.9375,1.8365122615803813,12.314503517793716,0.0,0.0,0.023125
0.0,0.0,0.0,15.0,192.0,0,60.3,1.3,0.34,crypto,1,0.0,0.0,0.9375,0.8124999999999999,46.38425858262628,0.0,0.0,0.02125
0.0,0.0,0.0,15.0,614.0,0,48.3,0.58,0.31,crypto,1,0.0,0.0,0.9375,0.3853820598006643,83.27442630299478,0.0,0.0,0.019375
0.0,98.0,98.0,18.0,543.0,0,63.0,5.08,0.31,crypto,1,196.0,5.0,1.1180124223602483,2.9655575014594273,12.401550390648838,0.0,0.0,0.01631578947368421
0.0,0.0,0.0,17.0,1226.0,0,52.1,6.92,0.31,crypto,1,0.0,0.0,1.0493827160493827,3.129805517865219,7.5288908542039685,0.0,0.0,0.017222222222222222
0.0,42.0,42.0,16.0,167.0,0,70.7,0.24,0.29,crypto,1,84.0,1.7647058823529411,0.9815950920245399,0.11251758087201122,294.57105953918585,0.0,0.0,0.017058823529411765
0.0,0.0,0.0,15.0,392.0,0,42.6,3.18,0.29,crypto,1,0.0,0.0,0.920245398773006,1.3440405748098054,13.396184288728652,0.0,0.0,0.018125
0.0,0.0,0.0,15.0,301.0,0,61.9,0.87,0.34,crypto,1,0.0,0.0,0.9316770186335402,0.36817604739737614,71.14860748727027,0.0,0.0,0.02125
0.0,98.0,98.0,15.0,389.0,0,56.8,3.24,0.34,crypto,1,196.0,4.117647058823529,0.9433962264150944,1.2203389830508473,17.530810090092313,0.0,0.0,0.02125
0.0,0.0,0.0,16.0,177.0,0,60.8,0.27,0.32,crypto,1,0.0,0.0,1.019108280254777,0.10778443113772454,225.1768453020258,0.0,0.0,0.018823529411764708
0.0,42.0,42.0,18.0,343.0,0,59.5,0.95,0.32,crypto,1,84.0,1.5,1.125,0.4197967300044188,62.63091967452975,0.0,0.0,0.016842105263157894
0.0,0.0,0.0,16.0,154.0,0,68.5,0.23,0.32,crypto,1,0.0,0.0,0.9937888198757763,0.10667903525046382,297.8131385591931,0.0,0.0,0.018823529411764708
0.0,0.0,0.0,15.0,429.0,0,62.4,1.51,0.29,crypto,1,0.0,0.0,0.9316770186335402,0.671409515340151,41.3242296408633,0.0,0.0,0.018125
0.0,0.0,0.0,15.0,262.0,0,49.1,2.12,0.29,crypto,1,0.0,0.0,0.9493670886075949,1.0855094726062469,23.160268111942866,0.0,0.0,0.018125
0.0,98.0,98.0,16.0,806.0,0,54.6,2.73,0.27,crypto,1,196.0,3.5,1.019108280254777,1.779661016949152,19.99992674019509,0.0,0.0,0.015882352941176472
0.0,0.0,0.0,15.0,336.0,0,52.5,1.89,0.27,crypto,1,0.0,0.0,0.9615384615384616,1.1124190700412002,27.77763080618621,0.0,0.0,0.016875
0.0,0.0,0.0,16.0,122.0,0,45.7,0.0,0.25,crypto,1,0.0,0.0,1.019108280254777,0.0,4570000.0,0.0,0.0,0.014705882352941176
0.0,0.0,0.0,15.0,782.0,0,66.3,6.82,0.25,crypto,1,0.0,0.0,0.9554140127388535,3.4514170040485825,9.721393370390953,0.0,0.0,0.015625
0.0,0.0,0.0,15.0,650.0,0,65.4,0.84,0.71,crypto,1,0.0,0.0,0.9554140127388535,0.4838709677419354,77.85621599742862,0.0,0.0,0.044375
0.0,98.0,98.0,15.0,278.0,0,45.9,1.23,0.81,crypto,1,196.0,4.117647058823529,0.9615384615384616,0.6713973799126637,37.31676978235949,0.0,0.0,0.050625
0.0,0.0,0.0,17.0,203.0,0,48.2,0.49,0.81,crypto,1,0.0,0.0,1.096774193548387,0.2743561030235162,98.3653394828677,0.0,0.0,0.045000000000000005
0.0,42.0,42.0,18.0,512.0,0,44.3,1.9,0.75,crypto,1,84.0,1.7647058823529411,1.1464968152866242,0.9728622631848437,23.315666759648632,0.0,0.0,0.039473684210526314
0.0,0.0,0.0,15.0,294.0,0,65.7,8.33,0.75,crypto,1,0.0,0.0,0.9554140127388535,3.1612903225806446,7.887145393582961,0.0,0.0,0.046875
0.0,0.0,0.0,15.0,269.0,0,69.4,1.02,0.75,crypto,1,0.0,0.0,0.9554140127388535,0.40396039603960393,68.03854864167998,0.0,0.0,0.046875
0.0,0.0,0.0,15.0,213.0,0,74.5,0.49,0.69,crypto,1,0.0,0.0,0.9615384615384616,0.21295089091699254,152.0377135160507,0.0,0.0,0.043125
0.0,0.0,0.0,17.0,124.0,0,80.3,0.23,0.69,crypto,1,0.0,0.0,1.0759493670886076,0.10772833723653395,349.1152558584409,0.0,0.0,0.03833333333333333
0.0,0.0,0.0,15.0,538.0,0,76.7,10.87,0.69,crypto,1,0.0,0.0,0.9554140127388535,3.3736809435133455,7.0561112639270815,0.0,0.0,0.043125
0.0,0.0,0.0,15.0,157.0,0,51.0,1.96,0.95,crypto,1,0.0,0.0,0.9554140127388535,0.7163742690058479,26.020275406758127,0.0,0.0,0.059375
0.0,98.0,98.0,15.0,603.0,0,52.7,2.05,0.95,crypto,1,196.0,4.117647058823529,0.9554140127388535,0.7175358767938396,25.707191672235748,0.0,0.0,0.059375
0.0,0.0,0.0,16.0,388.0,0,57.2,0.84,0.88,crypto,1,0.0,0.0,1.0126582278481011,0.29808374733853793,68.0944274472923,0.0,0.0,0.05176470588235294
0.0,42.0,42.0,17.0,132.0,0,61.1,0.0,0.88,crypto,1,84.0,2.307692307692308,1.0759493670886076,0.0,6110000.0,0.0,0.0,0.04888888888888889
0.0,0.0,0.0,16.0,358.0,0,51.7,1.66,0.8,crypto,1,0.0,0.0,1.0256410256410258,0.604735883424408,31.14439069644159,0.0,0.0,0.047058823529411764
0.0,0.0,0.0,15.0,354.0,0,59.2,0.7,0.8,crypto,1,0.0,0.0,0.9615384615384616,0.35317860746720475,84.5702204254225,0.0,0.0,0.05
0.0,0.0,0.0,15.0,308.0,0,48.6,1.39,0.74,crypto,1,0.0,0.0,0.9615384615384616,0.6884596334819215,34.96377723901267,0.0,0.0,0.04625
0.0,98.0,98.0,15.0,244.0,0,59.3,0.98,0.74,crypto,1,196.0,4.117647058823529,0.9615384615384616,0.4738878143133462,60.509586636871056,0.0,0.0,0.04625
0.0,0.0,0.0,16.0,276.0,0,55.9,0.23,0.74,crypto,1,0.0,0.0,1.032258064516129,0.11121856866537716,243.03291161253856,0.0,0.0,0.04352941176470588
0.0,0.0,0.0,18.0,201.0,0,55.3,8.7,0.92,crypto,1,0.0,0.0,1.1392405063291138,4.700162074554293,6.356314532971802,0.0,0.0,0.04842105263157895
0.0,0.0,0.0,15.0,444.0,0,53.4,1.94,0.92,crypto,1,0.0,0.0,0.9493670886075949,1.049215792320173,27.525631311178806,0.0,0.0,0.0575
0.0,0.0,0.0,15.0,278.0,0,61.1,4.74,0.85,crypto,1,0.0,0.0,0.9493670886075949,2.237960339943342,12.890268163991216,0.0,0.0,0.053125
0.0,0.0,0.0,15.0,298.0,0,64.2,3.0,0.85,crypto,1,0.0,0.0,0.9554140127388535,1.2853470437017993,21.399928666904444,0.0,0.0,0.053125
0.0,0.0,0.0,17.0,383.0,0,55.7,1.99,0.85,crypto,1,0.0,0.0,1.0828025477707006,0.7856296881168574,27.9898090964367,0.0,0.0,0.04722222222222222
0.0,98.0,98.0,15.0,433.0,0,66.2,5.33,1.74,crypto,1,196.0,5.0,0.9615384615384616,1.8379310344827586,12.42023936165223,0.0,0.0,0.10875
0.0,0.0,0.0,15.0,254.0,0,54.3,1.85,1.74,crypto,1,0.0,0.0,0.9615384615384616,0.6135986733001658,29.35119269625569,0.0,0.0,0.10875
0.0,0.0,0.0,15.0,539.0,0,55.1,4.82,1.74,crypto,1,0.0,0.0,0.9615384615384616,1.4353782013103036,11.431511552880597,0.0,0.0,0.10875
0.0,0.0,0.0,15.0,285.0,0,46.5,1.09,2.24,crypto,1,0.0,0.0,0.9615384615384616,0.323538141881864,42.66015908110934,0.0,0.0,0.14
0.0,0.0,0.0,16.0,169.0,0,49.7,1.25,2.24,crypto,1,0.0,0.0,1.0256410256410258,0.36012676462114657,39.75968192254462,0.0,0.0,0.13176470588235295
0.0,0.0,0.0,18.0,325.0,0,47.5,1.31,2.06,crypto,1,0.0,0.0,1.153846153846154,0.479502196193265,36.25926519644888,0.0,0.0,0.10842105263157895
0.0,98.0,98.0,15.0,808.0,0,64.0,13.53,2.06,crypto,1,196.0,5.0,0.9615384615384616,3.4772552043176557,4.730225624371306,0.0,0.0,0.12875
0.0,84.0,84.0,15.0,333.0,0,49.2,0.49,1.9,crypto,1,168.0,3.0,0.9615384615384616,0.1413733410271206,100.4061141609355,0.0,0.0,0.11875
0.0,0.0,0.0,17.0,594.0,0,50.3,2.56,1.74,crypto,1,0.0,0.0,1.0759493670886076,0.7481005260081824,19.648360748590825,0.0,0.0,0.09666666666666666
0.0,0.0,0.0,15.0,540.0,0,46.4,0.7,1.74,crypto,1,0.0,0.0,0.9615384615384616,0.2125721226844822,66.28476736046629,0.0,0.0,0.10875
0.0,98.0,98.0,15.0,224.0,0,54.8,0.64,1.6,crypto,1,196.0,3.5,0.9615384615384616,0.22662889518413595,85.62366213027921,0.0,0.0,0.1
0.0,0.0,0.0,17.0,570.0,0,60.1,0.37,1.56,crypto,1,0.0,0.0,1.0759493670886076,0.13826606875934228,162.42804248533824,0.0,0.0,0.08666666666666667
0.0,0.0,0.0,17.0,254.0,0,50.2,2.0,1.56,crypto,1,0.0,0.0,1.0625,0.8354218880534668,25.099874500627497,0.0,0.0,0.08666666666666667
0.0,0.0,0.0,18.0,176.0,0,52.9,0.25,1.43,crypto,1,0.0,0.0,1.1042944785276072,0.10822510822510822,211.59153633854643,0.0,0.0,0.07526315789473684
0.0,0.0,0.0,16.0,325.0,0,45.3,1.48,1.43,crypto,1,0.0,0.0,0.9815950920245399,0.6343763394770681,30.6079012979642,0.0,0.0,0.08411764705882352
0.0,98.0,98.0,16.0,214.0,0,61.7,2.63,1.43,crypto,1,196.0,2.592592592592593,0.9937888198757763,1.066937119675456,23.459986844156486,0.0,0.0,0.08411764705882352
0.0,0.0,0.0,15.0,398.0,0,67.2,1.59,1.32,crypto,1,0.0,0.0,0.9316770186335402,1.250983477576711,42.2638851327979,0.0,0.0,0.0825
0.0,0.0,0.0,15.0,213.0,0,61.6,1.2,1.32,crypto,1,0.0,0.0,0.9316770186335402,0.8941877794336809,51.33290555912034,0.0,0.0,0.0825
0.0,0.0,0.0,15.0,313.0,0,71.3,6.15,1.32,crypto,1,0.0,0.0,0.9433962264150944,3.615520282186948,11.593477083777099,0.0,0.0,0.0825
0.0,0.0,0.0,15.0,182.0,0,60.5,1.37,1.21,crypto,1,0.0,0.0,0.9433962264150944,0.7748868778280542,44.16026160392989,0.0,0.0,0.075625
0.0,0.0,0.0,18.0,393.0,0,61.9,5.08,1.21,crypto,1,0.0,0.0,1.1111111111111112,2.2965641952983717,12.185015383827984,0.0,0.0,0.06368421052631579
0.0,0.0,0.0,16.0,330.0,0,52.0,2.64,1.21,crypto,1,0.0,0.0,0.9937888198757763,1.0824108241082406,19.696895087518605,0.0,0.0,0.07117647058823529
0.0,0.0,0.0,16.0,221.0,0,69.5,1.21,1.11,crypto,1,0.0,0.0,1.0,0.5127118644067796,57.437541838497204,0.0,0.0,0.06529411764705884
0.0,98.0,98.0,15.0,672.0,0,64.3,4.6,1.11,crypto,1,196.0,5.0,0.9554140127388535,1.6457960644007152,13.97823048210765,0.0,0.0,0.069375
0.0,0.0,0.0,15.0,168.0,0,71.9,1.12,1.02,crypto,1,0.0,0.0,0.9615384615384616,0.40594418267488214,64.19585539414827,0.0,0.0,0.06375
0.0,42.0,42.0,16.0,408.0,0,64.1,5.87,1.02,crypto,1,84.0,3.0,1.0256410256410258,1.903989620499513,10.919913253980827,0.0,0.0,0.06
0.0,0.0,0.0,15.0,303.0,0,65.8,7.43,1.02,crypto,1,0.0,0.0,0.9615384615384616,2.0261794382328877,8.855977313624074,0.0,0.0,0.06375
0.0,0.0,0.0,15.0,276.0,0,62.5,13.56,1.26,crypto,1,0.0,0.0,0.9615384615384616,2.765653681419539,4.609141143701222,0.0,0.0,0.07875
0.0,98.0,0.0,15.0,366.0,0,55.6,2.47,1.26,crypto,1,98.0,2.592592592592593,0.9615384615384616,0.5446527012127894,22.51003032376387,0.0,0.0,0.07875
0.0,0.0,98.0,16.0,232.0,0,62.9,1.15,1.16,crypto,1,98.0,2.0588235294117645,1.019108280254777,0.25481941059162416,54.695176563682054,0.0,0.0,0.06823529411764706
0.0,0.0,0.0,18.0,195.0,0,71.6,0.91,1.16,crypto,1,0.0,0.0,1.1464968152866242,0.22216796874999994,78.68045406094438,0.0,0.0,0.061052631578947365
0.0,42.0,42.0,16.0,531.0,0,66.6,3.35,1.07,crypto,1,84.0,1.5,1.019108280254777,0.8039356851451883,19.8805376700368,0.0,0.0,0.06294117647058824
0.0,0.0,0.0,15.0,165.0,0,60.3,0.99,1.07,crypto,1,0.0,0.0,0.9615384615384616,0.23884197828709286,60.90847567196291,0.0,0.0,0.066875
0.0,0.0,0.0,15.0,490.0,0,61.3,6.82,1.07,crypto,1,0.0,0.0,0.9615384615384616,1.561712846347607,8.988256615459507,0.0,0.0,0.066875
0.0,98.0,98.0,17.0,415.0,0,52.6,3.15,0.98,crypto,1,196.0,3.5,1.0759493670886076,0.6892778993435447,16.698359687747022,0.0,0.0,0.05444444444444444
0.0,0.0,0.0,18.0,326.0,0,57.6,2.37,0.98,crypto,1,0.0,0.0,1.125,0.5616113744075829,24.303694921118474,0.0,0.0,0.05157894736842105
0.0,0.0,0.0,15.0,228.0,0,73.4,9.02,0.98,crypto,1,0.0,0.0,0.9375,2.0598310116464944,8.137463262235853,0.0,0.0,0.06125
0.0,0.0,0.0,15.0,120.0,0,84.7,7.5,0.9,crypto,1,0.0,0.0,0.9375,1.9878081102570895,11.293318275575633,0.0,0.0,0.05625
0.0,0.0,0.0,15.0,359.0,0,42.1,0.65,0.9,crypto,1,0.0,0.0,0.9375,0.18100807574491784,64.76823433485639,0.0,0.0,0.05625
0.0,0.0,0.0,15.0,120.0,0,96.8,78.12,0.9,crypto,1,0.0,0.0,0.9433962264150944,6.92062367115521,1.2391191450180303,0.0,0.0,0.05625
0.0,0.0,0.0,15.0,186.0,0,66.9,18.99,0.83,crypto,1,0.0,0.0,0.9615384615384616,1.4500610873549173,3.5229049379120925,0.0,0.0,0.051875
0.0,0.0,0.0,16.0,153.0,0,63.4,4.76,0.83,crypto,1,0.0,0.0,1.0256410256410258,0.3595980962453728,13.319299749370275,0.0,0.0,0.0488235294117647
0.0,0.0,0.0,16.0,419.0,0,42.9,1.43,0.76,crypto,1,0.0,0.0,1.019108280254777,0.10767261501392966,29.999790211257263,0.0,0.0,0.04470588235294118
0.0,98.0,98.0,16.0,606.0,0,47.6,4.56,0.76,crypto,1,196.0,5.0,1.0126582278481011,0.34929145921103016,10.438573599619302,0.0,0.0,0.04470588235294118
0.0,0.0,0.0,15.0,253.0,0,61.0,3.92,0.76,crypto,1,0.0,0.0,0.9615384615384616,0.29850746268656714,15.561184792895936,0.0,0.0,0.0475
0.0,42.0,42.0,15.0,261.0,0,71.7,1.06,0.7,crypto,1,84.0,3.0,0.9803921568627451,0.08153218983155143,67.64087131253478,0.0,0.0,0.04375
0.0,0.0,0.0,17.0,209.0,0,69.4,1.18,0.7,crypto,1,0.0,0.0,1.096774193548387,0.09658672341818776,58.81306090626351,0.0,0.0,0.03888888888888889
0.0,0.0,0.0,18.0,205.0,0,72.4,0.56,0.73,crypto,1,0.0,0.0,1.1392405063291138,0.04859845526338628,129.28340565347048,0.0,0.0,0.038421052631578946
0.0,0.0,0.0,15.0,466.0,0,54.2,3.88,0.73,crypto,1,0.0,0.0,0.9493670886075949,0.3275367212561202,13.969036162277932,0.0,0.0,0.045625
0.0,98.0,98.0,15.0,222.0,0,58.7,3.7,0.73,crypto,1,196.0,4.117647058823529,0.9493670886075949,0.8401453224341509,15.864821986967602,0.0,0.0,0.045625
0.0,0.0,0.0,15.0,195.0,0,48.5,1.36,0.83,crypto,1,0.0,0.0,0.9493670886075949,0.5149564558879213,35.66150248895228,0.0,0.0,0.051875
0.0,0.0,0.0,16.0,244.0,0,53.1,1.44,0.83,crypto,1,0.0,0.0,1.0126582278481011,0.6236466002598529,36.87474392538941,0.0,0.0,0.0488235294117647
0.0,0.0,0.0,18.0,575.0,0,52.1,1.17,0.76,crypto,1,0.0,0.0,1.125,0.5124835742444153,44.52953393560739,0.0,0.0,0.04
0.0,0.0,0.0,16.0,176.0,0,71.8,8.0,0.76,crypto,1,0.0,0.0,1.0,3.0452988199467077,8.974988781264024,0.0,0.0,0.04470588235294118
0.0,0.0,0.0,15.0,306.0,0,66.8,3.65,0.76,crypto,1,0.0,0.0,0.9375,1.4038461538461537,18.30131972241172,0.0,0.0,0.0475
11.34,12409.86,6567.29,201.58,3504.67,0,0.0,22.06,0.57,ddos,1,18977.15,9.89777370958867,5.816261757747129,4.693617021276595,0.0,0.05597788527988942,0.0,0.00281370322835423
10.25,9428.96,10746.76,254.4,7816.83,0,0.0,24.01,0.57,ddos,1,20175.72,5.127395017950961,4.356313572382616,3.438350279249607,0.0,0.040133124510571654,0.0,0.0022317932654659354
18.64,12940.74,13485.9,321.07,6635.46,0,0.0,21.95,0.57,ddos,1,26426.64,4.017702029220297,3.619525393157094,2.406270554702916,0.0,0.057875617101872265,0.0,0.0017698015959263513
12.43,6739.31,11741.87,358.59,5494.87,0,0.0,15.33,0.53,ddos,1,18481.18,2.1934376961639486,2.913849704218943,1.493133339826629,0.0,0.03456714591618232,0.0,0.0014739008315025448
9.74,6724.08,10696.94,186.34,9026.91,0,0.0,28.15,0.53,ddos,1,17421.02,1.7166659883835225,1.329120244226023,2.2144430459408433,0.0,0.051991032347603286,0.0,0.002829080815629337
29.75,11261.69,5122.53,296.04,9770.32,0,0.0,25.34,0.53,ddos,1,16384.22,1.3900726019809118,1.758980879609274,1.6770350761085375,0.0,0.10015486129814166,0.0,0.0017842714785887422
43.05,9946.18,10082.44,369.68,3655.25,0,0.0,15.35,0.53,ddos,1,20028.620000000003,1.4524591435992213,1.8150930426670593,0.9302466517180779,0.0,0.11613790870831983,0.0,0.001429804683284774
18.97,6222.37,14080.57,193.26,5797.93,0,0.0,20.35,0.53,ddos,1,20302.94,1.2833920437043596,0.873704768621494,1.1048373961670015,0.0,0.0976526304952126,0.0,0.002728302275301143
6.78,13506.87,11276.52,394.06,3869.36,0,0.0,26.62,0.48,ddos,1,24783.39,1.3544251180779106,1.5214554327765808,1.3125585523396284,0.0,0.017161950083531614,0.0,0.001215005315648256
12.57,11979.93,10991.56,163.88,7663.85,0,0.0,22.12,0.48,ddos,1,22971.489999999998,1.1153787645172522,0.5983424002336705,0.9996384671005062,0.0,0.0762372634643377,0.0,0.002911208151382824
36.28,9070.59,8720.21,206.1,7406.91,0,0.0,18.48,0.48,ddos,1,17790.8,0.8688355616815718,0.7512520868113522,0.8488745980707394,0.0,0.17518107194591986,0.0,0.0023177209077740223
20.27,13932.2,9832.83,255.39,3575.02,0,0.0,21.8,0.48,ddos,1,23765.03,1.1406010107828772,0.9305825295783064,1.0116478722910576,0.0,0.07905924568040876,0.0,0.001872147899684075
21.94,6385.05,14791.78,177.86,9428.05,0,0.0,25.53,0.48,ddos,1,21176.83,1.0426516226639237,0.6837613409195756,1.165380928470352,0.0,0.12266577211226658,0.0,0.002683663200268366
17.14,8904.48,10523.01,168.16,4058.98,0,0.0,27.88,0.45,ddos,1,19427.489999999998,0.9520860459815529,0.6975364717496899,1.2036957084880409,0.0,0.10132419011586664,0.0,0.002660203357767794
22.3,8596.21,14983.0,274.55,5264.01,0,0.0,28.37,0.45,ddos,1,23579.21,1.1216977192619075,1.0986482484853821,1.223688750862664,0.0,0.08092905098893123,0.0,0.001633097441480675
23.83,10603.66,5530.13,355.12,3188.76,0,0.0,29.99,0.45,ddos,1,16133.79,0.7684235809376462,1.3882395252652402,1.2681297306440018,0.0,0.06691564641132203,0.0,0.0012636190048298326
22.47,14757.19,9765.84,348.26,6738.12,0,0.0,23.08,0.45,ddos,1,24523.03,1.1435100301230101,1.3729185063706317,0.9450495454917697,0.0,0.06433602473801753,0.0,0.0012884384126438757
48.57,11111.4,12476.61,257.19,9893.78,0,0.0,27.89,0.45,ddos,1,23588.010000000002,1.0833154564314067,0.9889754938340443,1.107801080394026,0.0,0.18811727797358535,0.0,0.0017429025136527364
25.64,11481.94,13303.55,339.35,6585.1,0,0.0,25.36,0.49,ddos,1,24785.489999999998,1.138300579536704,1.3329483946485667,1.0123752495009979,0.0,0.07533421477890406,0.0,0.0014396944322021448
8.09,11397.39,11868.48,229.35,5248.03,0,0.0,15.41,0.49,ddos,1,23265.87,1.067067732761928,0.8782880754251665,0.6321013987448213,0.0,0.03512046885174734,0.0,0.002127197742565661
20.61,9018.2,9792.65,232.82,9712.39,0,0.0,21.88,0.49,ddos,1,18810.85,0.8587249081968231,0.8825458198290403,0.8851490756098547,0.0,0.08814472671285604,0.0,0.002095629116414336
47.77,14441.74,5247.33,367.33,8462.17,0,0.0,23.72,0.49,ddos,1,19689.07,0.9158574272428776,1.3357503118193155,0.9521897956725943,0.0,0.12969348138897185,0.0,0.001330328781255939
30.82,7288.57,11570.04,197.64,7368.88,0,0.0,19.56,0.49,ddos,1,18858.61,0.8867903731668866,0.7135610538059117,0.8044747881878752,0.0,0.15515505436971408,0.0,0.0024667740636327025
13.74,13125.71,10377.83,379.27,9218.91,0,0.0,25.52,0.45,ddos,1,23503.54,1.0844243960216018,1.2723423955342046,1.0598886950743418,0.0,0.036132221842375155,0.0,0.0011833697109948195
42.84,14373.65,11415.22,192.21,8460.27,0,0.0,23.21,0.45,ddos,1,25788.87,1.1778583258889945,0.6631269535697283,0.9850606909430438,0.0,0.22172765384814452,0.0,0.0023290719942031988
29.82,5294.35,13547.11,383.5,7708.87,0,0.0,17.03,0.45,ddos,1,18841.46,0.8500361823881096,1.3102510488841512,0.7648432587802031,0.0,0.077555266579974,0.0,0.0011703511053315996
16.09,8377.14,12520.51,182.59,7416.75,0,0.0,23.15,0.45,ddos,1,20897.65,0.9584784475416207,0.6612584880036215,1.0393750280608807,0.0,0.0876409390489678,0.0,0.0024511138950923253
16.64,5568.78,7493.75,232.42,5901.22,0,0.0,22.97,0.5,ddos,1,13062.529999999999,0.6295075650129823,0.8493392971993217,1.054588861852073,0.0,0.07128780738582813,0.0,0.0021420615200068546
16.77,6602.97,6203.15,164.03,8404.39,0,0.0,24.23,0.5,ddos,1,12806.119999999999,0.6549621871051806,0.6404519826953412,1.1182388776075318,0.0,0.10161788765678967,0.0,0.003029752166272799
14.67,9081.86,14366.67,266.5,5801.09,0,0.0,27.82,0.5,ddos,1,23448.53,1.1981432673693249,1.0256666833441737,1.2143698982932474,0.0,0.054841121495327105,0.0,0.001869158878504673
22.89,14658.65,5649.9,227.81,8382.44,0,0.0,21.11,0.5,ddos,1,20308.55,1.0298195891958686,0.8784560212856207,0.9245795374912403,0.0,0.10003933394519471,0.0,0.0021852191774835014
13.16,11357.21,12438.0,210.47,9040.49,0,0.0,29.11,0.5,ddos,1,23795.21,1.1820119976511971,0.8638423273300389,1.2455607376663387,0.0,0.06223104932141675,0.0,0.0023644015699626425
22.45,14317.57,10837.02,298.06,9942.61,0,0.0,19.59,0.46,ddos,1,25154.59,1.2116443059135034,1.1749170234068889,0.8381107213142809,0.0,0.07506854811743463,0.0,0.0015381528790209323
35.78,12807.99,14296.44,294.46,7657.9,0,0.0,18.8,0.46,ddos,1,27104.43,1.2833054477023922,1.2008727391366407,0.8281208704078935,0.0,0.1210993027821025,0.0,0.0015568943342584446
7.44,11426.73,14692.12,180.33,8327.81,0,0.0,28.43,0.46,ddos,1,26118.85,1.2347124335911026,0.7390058889339678,1.2241646572511196,0.0,0.04103016599569845,0.0,0.0025368113384437213
34.47,8640.32,11713.02,230.6,6663.26,0,0.0,23.35,0.46,ddos,1,20353.34,0.9553325091128929,1.008188801496981,0.9787894030851777,0.0,0.1488341968911917,0.0,0.001986183074265976
39.48,14991.98,6543.73,326.3,7340.58,0,0.0,19.63,0.46,ddos,1,21535.71,1.0078115808731483,1.3422570321434153,0.8351769911504425,0.0,0.12062328139321722,0.0,0.001405438435685915
24.0,7184.75,9125.02,398.96,6417.64,0,0.0,22.17,0.5,ddos,1,16309.77,0.7518271593670182,1.535926576118759,0.9464651639344264,0.0,0.06000600060006001,0.0,0.0012501250125012502
47.24,7039.76,11678.78,350.58,7275.87,0,0.0,21.09,0.5,ddos,1,18718.54,0.8399707566860066,1.2592355795651688,0.9125919515361316,0.0,0.1343648671710564,0.0,0.0014221514306843393
13.27,11643.87,5123.64,376.75,7099.0,0,0.0,23.36,0.5,ddos,1,16767.510000000002,0.7756756944299881,1.3016874429917908,1.0307094952347333,0.0,0.03512905360688286,0.0,0.0013236267372600927
6.58,7001.04,8584.25,165.65,5165.13,0,0.0,19.23,0.5,ddos,1,15585.29,0.7370909564193209,0.5848892717925541,0.8555792845702083,0.0,0.039483948394839485,0.0,0.003000300030003
7.6,6902.88,6503.66,225.54,6594.73,0,0.0,27.2,0.5,ddos,1,13406.54,0.666811005589179,0.7921383239148225,1.220551940767332,0.0,0.03354815926547188,0.0,0.002207115741149466
16.91,14074.98,14347.74,175.12,3834.8,0,0.0,19.98,0.46,ddos,1,28422.72,1.3910701062583843,0.642809686193467,0.8950008958967927,0.0,0.09601408130819895,0.0,0.0026118555530320236
6.38,12302.41,11184.39,157.88,9355.24,0,0.0,17.94,0.46,ddos,1,23486.8,1.1702145840162381,0.610114734649555,0.8067272236711935,0.0,0.04015609264853978,0.0,0.002895266868076536
5.25,5700.31,11437.69,396.43,8248.87,0,0.0,21.23,0.46,ddos,1,17138.0,0.8938881065730767,1.4138975180201228,0.9866158564922392,0.0,0.013209873436831642,0.0,0.001157436529703344
31.91,11717.65,13493.38,397.36,4174.07,0,0.0,19.48,0.46,ddos,1,25211.03,1.2824694805335852,1.3376557361045187,0.9218683450854195,0.0,0.08010342403855808,0.0,0.0011547344110854503
46.1,7397.51,7836.5,221.49,3400.92,0,0.0,28.65,0.46,ddos,1,15234.01,0.8006092698762525,0.7728839819105578,1.3003222439068671,0.0,0.2072003236100499,0.0,0.0020675086520742505
20.25,6404.44,8689.95,336.97,8518.44,0,0.0,18.61,0.42,ddos,1,15094.39,0.7983711195784007,1.2018460858058968,0.8585136319601421,0.0,0.05991656064147705,0.0,0.0012427138503417461
20.32,6175.56,7100.8,201.11,7068.82,0,0.0,25.45,0.42,ddos,1,13276.36,0.7230240931606203,0.7576762234864185,1.150906706462262,0.0,0.10053931027658206,0.0,0.0020780762950868338
42.62,9853.03,7069.67,208.66,9619.63,0,0.0,22.53,0.42,ddos,1,16922.7,0.9208237511116684,0.8392694100659236,1.0226963231956425,0.0,0.20328150338643516,0.0,0.002003243346370314
19.82,6266.33,14497.29,299.61,6628.49,0,0.0,20.78,0.42,ddos,1,20763.620000000003,1.09885906345371,1.1434754233503934,0.93666892044174,0.0,0.0659326037057982,0.0,0.0013971591098100528
11.06,13915.81,5534.28,350.74,9468.74,0,0.0,16.91,0.42,ddos,1,19450.09,0.9974419450448441,1.2775691436855505,0.7993004348648138,0.0,0.03144367999090237,0.0,0.0011940637971228749
10.26,7477.15,11535.85,398.13,5090.1,0,0.0,19.4,0.39,ddos,1,19013.0,1.0244625249205237,1.3412366341236632,0.9195184377666129,0.0,0.025705910355022173,0.0,0.0009771252474131235
31.89,5005.48,5992.25,293.76,8169.18,0,0.0,28.08,0.39,ddos,1,10997.73,0.6353362746231346,0.9463124867118089,1.2698986975397972,0.0,0.10818971366535488,0.0,0.0013231103270457322
33.01,12187.01,10772.82,394.54,3586.15,0,0.0,27.16,0.39,ddos,1,22959.83,1.2832257897206594,1.2717374136547221,1.1962122880422814,0.0,0.08345552915002274,0.0,0.0009859938312180817
45.27,7065.91,5611.38,210.0,6061.21,0,0.0,29.62,0.39,ddos,1,12677.29,0.7619066450418422,0.7204091924212953,1.2487878915637252,0.0,0.21454976303317538,0.0,0.0018483412322274882
21.21,8883.18,9815.48,216.26,7229.61,0,0.0,18.79,0.36,ddos,1,18698.66,1.1008687654496958,0.7432177003072397,0.8265517089693397,0.0,0.09762496547914941,0.0,0.0016570008285004142
9.87,12335.02,8419.16,280.25,7178.59,0,0.0,28.52,0.36,ddos,1,20754.18,1.1824836682041364,0.9822786762283303,1.2021581520822795,0.0,0.03509333333333333,0.0,0.0012799999999999999
43.12,11396.28,5109.32,356.94,8614.52,0,0.0,23.58,0.36,ddos,1,16505.6,0.9234279218116321,1.1862846431740608,1.00182691082126,0.0,0.12046711739397664,0.0,0.0010057551544951668
38.73,5979.33,6130.52,295.52,3292.42,0,0.0,20.75,0.36,ddos,1,12109.85,0.6962490912284464,0.9545990470806751,0.8883085748533756,0.0,0.13061513557264265,0.0,0.0012140833670578714
23.57,9777.07,5874.33,242.79,7568.99,0,0.0,20.39,0.36,ddos,1,15651.4,0.9271188086220616,0.7989325190116257,0.8743567753001715,0.0,0.09668157020386399,0.0,0.0014766807498256696
12.55,10567.37,12224.57,398.3,9599.34,0,0.0,26.55,0.33,ddos,1,22791.940000000002,1.3238852719583032,1.2904626290705623,1.093312469115467,0.0,0.03143000250438267,0.0,0.0008264462809917355
16.65,6658.01,9916.07,170.06,4519.21,0,0.0,19.21,0.33,ddos,1,16574.08,0.9765511025888673,0.5949440600051777,0.7916752524211828,0.0,0.09733426867765695,0.0,0.001929147667485093
23.84,11151.53,14108.38,152.05,6572.96,0,0.0,26.02,0.33,ddos,1,25259.91,1.3729499843300517,0.5596843240537268,1.0815079595993182,0.0,0.15576608951323095,0.0,0.0021561581182620057
7.07,11373.83,8292.78,243.68,6429.8,0,0.0,22.91,0.33,ddos,1,19666.61,1.088420069963106,0.949704776195023,0.9693661673859694,0.0,0.028894883112636913,0.0,0.001348700343305542
47.2,13006.67,7951.21,198.23,6001.64,0,0.0,26.32,0.3,ddos,1,20957.88,1.1090579351411713,0.7761307398358703,1.1294198420871955,0.0,0.23691211162977466,0.0,0.001505797319680771
25.0,12215.37,6784.31,222.16,9715.32,0,0.0,22.46,0.3,ddos,1,18999.68,1.0038340237097967,0.8678192798381238,0.9488403531747709,0.0,0.11202724502599032,0.0,0.0013443269403118838
12.22,11617.6,9692.7,249.77,4003.36,0,0.0,21.9,0.3,ddos,1,21310.300000000003,1.1226154306086193,0.9874283455228307,0.9518014689903951,0.0,0.04872991187143598,0.0,0.001196315348725924
16.09,9296.15,8820.26,234.29,3911.99,0,0.0,23.11,0.3,ddos,1,18116.41,0.9463327198363792,0.9734300018696637,1.0064454315826148,0.0,0.06838369671469251,0.0,0.0012750223128904757
37.8,8490.63,6977.56,289.2,3549.16,0,0.0,16.92,0.3,ddos,1,15468.189999999999,0.7940696029290067,1.2047339545850293,0.7493688825900173,0.0,0.1302549965541006,0.0,0.0010337698139214334
47.36,14907.05,12976.29,353.02,6642.13,0,0.0,15.61,0.28,ddos,1,27883.34,1.3468368630111218,1.4060284535359813,0.7063028822225239,0.0,0.13377775266934072,0.0,0.0007909157674707645
17.2,9793.75,10716.71,386.65,6630.24,0,0.0,19.33,0.28,ddos,1,20510.46,1.0017472307023414,1.5471507856797018,0.90415828616867,0.0,0.044369921320779056,0.0,0.0007223010447568684
32.4,13960.88,5230.89,335.5,7588.94,0,0.0,16.41,0.28,ddos,1,19191.77,0.9255087236463514,1.2591244300163256,0.7777619792407223,0.0,0.0962852897473997,0.0,0.0008320950965824667
17.4,12473.9,12231.92,284.46,8289.97,0,0.0,26.62,0.28,ddos,1,24705.82,1.1946117232174813,1.017032778445169,1.2580934826787658,0.0,0.060954249281860856,0.0,0.000980872976949485
27.2,8520.28,8332.25,398.61,6060.48,0,0.0,25.52,0.28,ddos,1,16852.53,0.8261190713286186,1.350355196162459,1.1914098972922502,0.0,0.06806636470558794,0.0,0.0007006831660869348
30.37,5124.28,14634.04,373.14,6429.24,0,0.0,29.33,0.33,ddos,1,19758.32,0.9742914114728228,1.1933606242804147,1.350306155333548,0.0,0.08117282300743038,0.0,0.0008820227722243011
33.39,8345.06,5289.56,293.18,7250.14,0,0.0,18.12,0.33,ddos,1,13634.619999999999,0.6905991214382123,0.9168120782282931,0.8512237515854748,0.0,0.11350193758923108,0.0,0.0011217621864164798
41.59,12386.17,10709.64,195.0,6807.52,0,0.0,24.86,0.33,ddos,1,23095.809999999998,1.159327702864315,0.6204164744436138,1.1518324607329842,0.0,0.21219387755102043,0.0,0.0016836734693877551
26.07,7559.38,11485.5,229.45,7045.57,0,0.0,20.84,0.33,ddos,1,19044.88,0.9515506050740825,0.7311492857393226,0.9758381719423113,0.0,0.11312649164677804,0.0,0.0014319809069212412
34.14,13605.52,7931.93,295.14,3988.66,0,0.0,21.03,0.33,ddos,1,21537.45,1.0444172344397837,0.9386956729163684,0.9661414067165894,0.0,0.11528331194705208,0.0,0.0011143378131964613
29.86,9378.64,8613.01,342.03,3648.72,0,0.0,27.23,0.31,ddos,1,17991.65,0.9164296384367197,1.0916454952827177,1.1875790483666973,0.0,0.08704778007754424,0.0,0.0009037110456811358
35.67,13024.84,14656.26,349.23,4772.1,0,0.0,21.75,0.31,ddos,1,27681.1,1.360291055336043,1.128098612932611,0.9386733416770964,0.0,0.10184735745081804,0.0,0.0008851326271307426
45.83,5657.79,9063.73,361.76,4944.63,0,0.0,24.62,0.31,ddos,1,14721.52,0.7396867810215566,1.158744394618834,1.0261753917972658,0.0,0.12633697210276768,0.0,0.0008545594883669645
34.76,10379.4,13312.87,241.67,5668.01,0,0.0,16.91,0.31,ddos,1,23692.27,1.1965179562764838,0.7848441645746799,0.7345467182138048,0.0,0.14323979066221618,0.0,0.0012774549800140108
15.17,12778.7,14700.55,219.48,4133.7,0,0.0,24.99,0.31,ddos,1,27479.25,1.3170850387086426,0.7568067087804474,1.0880355276907,0.0,0.06880442670537011,0.0,0.001406023222060958
28.65,13324.66,13343.79,347.98,6338.61,0,0.0,18.66,0.28,ddos,1,26668.45,1.2372452411770982,1.2103988980562936,0.8520158896854025,0.0,0.08209639520889449,0.0,0.0008023382428792482
28.73,5804.62,9644.78,337.92,8563.92,0,0.0,23.17,0.28,ddos,1,15449.400000000001,0.7107689309500502,1.157395039148394,1.0340980094617513,0.0,0.08476926708367756,0.0,0.0008261536645816122
25.28,10614.3,8017.18,330.24,9346.2,0,0.0,21.06,0.28,ddos,1,18631.48,0.8751387111494289,1.0810173819110283,0.9561427403977117,0.0,0.0763192851104939,0.0,0.00084530853761623
33.26,10541.52,14333.1,350.55,7761.17,0,0.0,15.79,0.28,ddos,1,24874.620000000003,1.137244071027475,1.1037468513853903,0.7337019655220481,0.0,0.09460958611861754,0.0,0.0007964727634760348
20.94,8341.1,8284.67,160.96,4706.53,0,0.0,21.2,0.28,ddos,1,16625.77,0.7775754901971331,0.5291568863377846,0.9843068065744266,0.0,0.12929118300815015,0.0,0.001728821931341072
28.41,9252.88,12344.09,257.78,5763.31,0,0.0,21.38,0.26,ddos,1,21596.97,0.9933257084889245,0.8715939098651935,1.020378943349401,0.0,0.10978437282633899,0.0,0.0010047144292449186
5.75,7060.64,9270.12,333.49,9319.62,0,0.0,21.56,0.26,ddos,1,16330.760000000002,0.7924841640353261,1.133614110944548,1.0299035062577624,0.0,0.01719034948727914,0.0,0.000777302759424796
8.6,7726.07,11181.46,278.37,7805.79,0,0.0,24.85,0.26,ddos,1,18907.53,0.8992601893401629,0.9738528707966584,1.1857613207997328,0.0,0.030783548698858142,0.0,0.0009306654257794323
36.35,6138.29,6186.6,243.26,8378.3,0,0.0,16.22,0.26,ddos,1,12324.89,0.6196864866212891,0.8505505187008529,0.7765224052087323,0.0,0.14881683452059283,0.0,0.0010644395316466062
46.93,5406.9,14459.67,340.57,9302.28,0,0.0,29.45,0.24,ddos,1,19866.57,1.0386313128788887,1.1424229819665093,1.3804256116996343,0.0,0.13739497028427555,0.0,0.0007026378194806335
38.52,6906.51,9400.77,225.71,7045.92,0,0.0,18.71,0.24,ddos,1,16307.28,0.901376649964373,0.7895132658236704,0.876798350438165,0.0,0.16990869392616118,0.0,0.0010586211459573905
39.44,13014.9,6014.62,351.53,7522.74,0,0.0,19.34,0.24,ddos,1,19029.52,1.0314360700286331,1.2237942390842693,0.922886046955526,0.0,0.11187700337559925,0.0,0.0006807931239894477
11.28,13726.01,8277.35,320.62,6879.86,0,0.0,24.57,0.24,ddos,1,22003.36,1.1712183819991637,1.1199368459292172,1.1531421598535694,0.0,0.03507244574342391,0.0,0.0007462222498600833
41.14,12650.88,10975.89,257.76,3583.17,0,0.0,21.52,0.24,ddos,1,23626.769999999997,1.2660402652628542,0.9305247197704012,0.9835466179159049,0.0,0.15898902457876024,0.0,0.0009275003864584944
10.03,8622.31,14195.73,294.8,9219.67,0,0.0,26.04,0.3,ddos,1,22818.04,1.1834365437074899,1.0151899693170197,1.164371311035593,0.0,0.03390804597701149,0.0,0.0010141987829614604
40.01,8853.62,13676.68,370.15,5803.67,0,0.0,16.8,0.3,ddos,1,22530.300000000003,1.16288408342057,1.2271820068561727,0.7669131744727473,0.0,0.10780008082985316,0.0,0.000808298531591001
22.74,5064.9,7340.18,352.35,3071.27,0,0.0,26.2,0.3,ddos,1,12405.08,0.6535203420262655,1.1609096180711143,1.1712114438980779,0.0,0.06435545493137115,0.0,0.0008490165558228385
42.41,10945.87,6522.65,230.25,8760.24,0,0.0,16.88,0.3,ddos,1,17468.52,0.9273006369614066,0.7708403080013392,0.7824595559263894,0.0,0.1833945945945946,0.0,0.0012972972972972972
36.27,14949.31,11599.05,291.6,8975.72,0,0.0,16.35,0.3,ddos,1,26548.36,1.3103584434250495,0.9606831524639745,0.7574353747799499,0.0,0.12395762132604238,0.0,0.0010252904989747093
15.52,9434.47,5989.14,325.85,4052.36,0,0.0,23.02,0.28,ddos,1,15423.61,0.7783379400289179,1.0787520442822998,1.0991739483359595,0.0,0.04748355514762123,0.0,0.0008566620774055377
45.93,12327.02,13970.55,386.64,9310.68,0,0.0,16.09,0.28,ddos,1,26297.57,1.263388289076307,1.2152567144945072,0.7780088003481456,0.0,0.1184862243318543,0.0,0.0007223196780518007
12.22,5573.61,12737.12,331.77,9176.47,0,0.0,23.55,0.28,ddos,1,18310.73,0.88273265393429,1.0493106752820394,1.1160079613306795,0.0,0.03672206028187638,0.0,0.0008414220031853835
38.27,9897.81,10782.21,334.46,4412.58,0,0.0,15.98,0.28,ddos,1,20680.019999999997,1.0033535653464911,1.0532083397625038,0.7894086844835252,0.0,0.11408215584570443,0.0,0.000834674774935909
30.38,14186.71,11766.93,156.11,5696.5,0,0.0,21.83,0.28,ddos,1,25953.64,1.2451618812059555,0.5078432520706055,1.0767485449343985,0.0,0.19336770415632357,0.0,0.0017821908217172681
37.21,6908.86,7768.26,196.27,3693.79,0,0.0,18.98,0.25,ddos,1,14677.119999999999,0.732775339567972,0.6596313162714885,0.9699509403107113,0.0,0.18862472753079534,0.0,0.0012672986262482892
30.54,13624.33,13171.19,305.81,6075.69,0,0.0,20.03,0.25,ddos,1,26795.52,1.3099089622383477,1.0504927673636517,1.0069880850635968,0.0,0.09954043218930282,0.0,0.0008148365437893159
43.39,13928.56,14271.16,268.47,8992.71,0,0.0,26.9,0.25,ddos,1,28199.72,1.279741522320298,0.9495866979340203,1.347627874354992,0.0,0.16101977956729877,0.0,0.0009277470590418228
11.03,7807.87,12402.42,332.84,7072.25,0,0.0,19.58,0.25,ddos,1,20210.29,0.9058986919476758,1.1360424872517763,0.9678216598289752,0.0,0.03303977953510664,0.0,0.0007488617301701414
22.02,8911.17,8312.19,311.82,9275.71,0,0.0,24.32,0.25,ddos,1,17223.36,0.8056898863731091,1.0570026169136688,1.1565531672056306,0.0,0.07039191867527651,0.0,0.0007991816380026852
14.02,9145.92,11367.11,223.35,3301.43,0,0.0,28.29,0.23,ddos,1,20513.03,0.937262920301013,0.7843612381213257,1.312456506610995,0.0,0.06249164252284377,0.0,0.0010251838644974372
8.67,5725.66,6591.61,320.28,3479.7,0,0.0,27.93,0.23,ddos,1,12317.27,0.6011923036186425,1.1515975233533966,1.2282862043185716,0.0,0.02698580677290837,0.0,0.0007158864541832671
44.14,14034.36,13611.51,348.06,8923.53,0,0.0,28.2,0.23,ddos,1,27645.870000000003,1.2905614262698784,1.2441956482107048,1.2153077055680055,0.0,0.12645390477281843,0.0,0.0006589125078783018
46.12,5900.1,12312.26,327.15,4236.41,0,0.0,20.9,0.23,ddos,1,18212.36,0.860095231987354,1.1725134042492185,0.8820054017555704,0.0,0.1405454822489715,0.0,0.0007008989791254
14.49,11261.77,5272.91,311.48,3152.05,0,0.0,17.8,0.23,ddos,1,16534.68,0.8172166135963951,1.057466737734805,0.7641780792512772,0.0,0.046370967741935484,0.0,0.0007360471070148489
47.79,13309.95,14375.97,157.46,4679.06,0,0.0,26.62,0.21,ddos,1,27685.92,1.2856958562171232,0.5417102438487367,1.106538637402835,0.0,0.3015903067020068,0.0,0.0013252555850056795
63.36,10800.36,12652.71,897.48,20298.3,0,0.0,34.85,0.21,ddos,1,23453.07,1.1063000042878255,2.5654086594119008,1.3645796624769961,0.0,0.07051909892262488,0.0,0.00023372807408066957
33.93,19791.65,13267.1,778.59,9528.09,0,0.0,31.13,0.21,ddos,1,33058.75,1.5244661630419647,1.9423426659781315,1.1990601648563284,0.0,0.0435228774099206,0.0,0.00026937236239561816
40.76,13258.66,14343.77,683.17,11027.49,0,0.0,24.21,0.21,ddos,1,27602.43,1.2308954859276884,1.567320663295739,0.9161778618732261,0.0,0.059575836414926114,0.0,0.00030694125728985487
27.16,11096.23,17394.28,508.51,16766.24,0,0.0,22.86,0.21,ddos,1,28490.51,1.2097167602301502,1.1162477252921175,0.8698961147684464,0.0,0.053306117642440774,0.0,0.0004121607034209338
26.53,19482.88,11022.22,855.27,21025.01,0,0.0,26.59,0.2,ddos,1,30505.1,1.2425400996374996,1.6487291443772951,1.0184227660959824,0.0,0.030983217910238593,0.0,0.00023357118665841384
43.16,11145.76,12040.62,354.51,14505.4,0,0.0,23.34,0.2,ddos,1,23186.38,0.9043929271282111,0.678919428229995,0.9099415204678363,0.0,0.12140305476639193,0.0,0.0005625720795476921
113.35,12729.69,18360.92,892.55,5876.63,0,0.0,30.48,0.2,ddos,1,31090.61,1.1966219973757968,1.5479078833957376,1.1778344539763508,0.0,0.12685356163617034,0.0,0.00022382631078283254
31.75,18567.22,13021.45,627.21,5014.85,0,0.0,32.37,0.2,ddos,1,31588.670000000002,1.156263493054001,1.0339370581069298,1.1977798334875116,0.0,0.05054042438038235,0.0,0.0003183648779866605
58.16,12483.28,16629.18,439.02,24540.96,0,0.0,29.04,0.18,ddos,1,29112.46,1.0187235433326838,0.7088090129275061,1.0316529894490034,0.0,0.13217581019044589,0.0,0.00040907231489477753
20.05,18762.28,19463.55,352.96,9268.75,0,0.0,28.46,0.18,ddos,1,38225.83,1.290045509522489,0.5524261770123973,1.004482405675361,0.0,0.05664481862357329,0.0,0.0005085320375183636
114.12,12664.16,13129.82,872.75,7845.65,0,0.0,24.49,0.18,ddos,1,25793.98,0.8636722701050898,1.3712695654359939,0.8971681869802542,0.0,0.13060944206008585,0.0,0.00020600858369098713
55.11,12157.49,12069.29,555.64,16741.84,0,0.0,31.07,0.18,ddos,1,24226.78,0.8359171252084248,0.9047168567097447,1.1384705580594336,0.0,0.09900474274216729,0.0,0.00032336878413337166
115.21,15210.28,15959.09,595.83,23432.16,0,0.0,23.68,0.18,ddos,1,31169.370000000003,1.062388047787228,0.9841516290209359,0.8693736691387033,0.0,0.19303654306921567,0.0,0.00030159341856139936
81.35,13540.84,17014.81,463.6,12316.17,0,0.0,22.21,0.25,ddos,1,30555.65,1.0341902347644816,0.7714657516466036,0.8173554631435616,0.0,0.17509685751183812,0.0,0.0005380972879896685
88.8,17430.84,13377.43,415.3,6627.53,0,0.0,31.2,0.25,ddos,1,30808.27,1.0416715693235685,0.7456857777450592,1.129043931388869,0.0,0.2133077107854912,0.0,0.0006005284650492433
33.84,19609.85,10598.12,554.54,14560.05,0,0.0,33.28,0.25,ddos,1,30207.97,0.9976884505326135,0.9611744722154817,1.162498253458153,0.0,0.060913705583756354,0.0,0.0004500126003528099
110.74,13469.04,10393.45,629.76,23587.8,0,0.0,21.45,0.25,ddos,1,23862.49,0.8073886419851001,1.1436437299899573,0.7736699729486023,0.0,0.1755659838924472,0.0,0.00039634726361849196
80.41,12153.41,13864.23,356.03,9596.37,0,0.0,32.58,0.25,ddos,1,26017.64,0.8972205159768707,0.6800396529033909,1.1742233114683198,0.0,0.22521916925748536,0.0,0.0007002212699212952
78.66,18633.7,13320.1,832.0,19672.98,0,0.0,23.99,0.23,ddos,1,31953.800000000003,1.0912371340683742,1.4782149843383834,0.8806578319444953,0.0,0.0944297719087635,0.0,0.0002761104441776711
58.74,19028.46,11564.79,588.37,22553.94,0,0.0,26.13,0.23,ddos,1,30593.25,1.0727352227924478,1.003390281420644,0.9674911137440758,0.0,0.09966574477832262,0.0,0.0003902472131258802
71.52,10339.72,15601.94,326.89,21370.85,0,0.0,30.75,0.23,ddos,1,25941.66,0.9091590263410744,0.6146905956419378,1.1127596439169138,0.0,0.21812193113544176,0.0,0.0007014547561682272
88.35,12564.75,16520.07,492.31,23307.81,0,0.0,32.52,0.23,ddos,1,29084.82,1.0022511765540207,0.9369070705263739,1.1706684905864144,0.0,0.17909630860919096,0.0,0.00046623826802619044
56.78,18923.65,17673.41,766.37,24876.35,0,0.0,25.43,0.23,ddos,1,36597.06,1.2379655263851435,1.4126193280579225,0.9097088073263218,0.0,0.07399298904048894,0.0,0.0002997250348593247
75.76,17733.36,14185.94,407.67,10709.02,0,0.0,33.48,0.29,ddos,1,31919.300000000003,1.0747736275745552,0.759269468304639,1.1512671503730958,0.0,0.18538184843516775,0.0,0.000709619008001566
76.72,19796.39,11128.5,667.74,20079.93,0,0.0,34.15,0.29,ddos,1,30924.89,1.0408815289841686,1.1877943959812725,1.1625136165577343,0.0,0.11472321081436732,0.0,0.0004336513443191674
23.1,16907.24,12050.63,398.12,18834.2,0,0.0,29.66,0.29,ddos,1,28957.870000000003,0.9787932362846142,0.7284557367810497,1.022265113393534,0.0,0.05787733012627781,0.0,0.0007265985167368209
62.85,12125.54,15682.22,463.16,6624.31,0,0.0,24.76,0.29,ddos,1,27807.760000000002,0.9275497288924994,0.8741077932911341,0.8437553245868119,0.0,0.13540589451913132,0.0,0.0006247845570492933
61.25,15871.69,14075.49,373.29,14703.46,0,0.0,27.87,0.26,ddos,1,29947.18,0.9859881349600146,0.7022114704510226,0.9652282330123987,0.0,0.16364316439124743,0.0,0.0006946485345587646
34.9,13176.86,11834.14,434.78,23848.44,0,0.0,26.39,0.26,ddos,1,25011.0,0.8427318664140435,0.8839327464573972,0.9064367658171327,0.0,0.08008628206893387,0.0,0.0005966313277341778
80.14,16865.62,16972.15,380.81,21195.59,0,0.0,29.44,0.26,ddos,1,33837.770000000004,1.1278154790943593,0.808318156539606,0.999830191883172,0.0,0.20989497393991777,0.0,0.0006809669731018046
39.74,16455.96,18577.47,610.76,10688.08,0,0.0,25.53,0.26,ddos,1,35033.43,1.1333238742566507,1.2227402948142245,0.8826885177886113,0.0,0.0649601150778083,0.0,0.0004250032692559174
48.16,19476.22,18213.0,416.84,13726.75,0,0.0,25.12,0.26,ddos,1,37689.22,1.1862196258228959,0.8473149928651864,0.8913174608806728,0.0,0.11525942944667815,0.0,0.0006222477503350565
115.17,11433.51,10582.32,340.08,14282.67,0,0.0,33.41,0.32,ddos,1,22015.83,0.7262493021061754,0.756868636287765,1.1528242641730788,0.0,0.3376627184238302,0.0,0.0009381963175794536
74.63,18165.73,10250.79,379.09,20023.35,0,0.0,31.8,0.32,ddos,1,28416.52,0.9483507072635842,0.8490885104610195,1.103668482976434,0.0,0.19634823331316267,0.0,0.0008419058644005368
87.53,16722.68,19783.65,509.43,19754.98,0,0.0,31.32,0.32,ddos,1,36506.33,1.196054712930953,1.1829712332457107,1.0977917981072556,0.0,0.17148286738632135,0.0,0.0006269223987618283
56.04,19875.82,19843.49,372.92,18482.96,0,0.0,33.36,0.32,ddos,1,39719.31,1.2570024433172087,0.8710723261919667,1.154325259515571,0.0,0.1498716302952503,0.0,0.0008557980316645272
100.05,12544.46,12498.63,502.96,9947.42,0,0.0,25.2,0.32,ddos,1,25043.089999999997,0.7995375641785981,1.1640005924609345,0.8706467661691543,0.0,0.19852766092547028,0.0,0.0006349710294467815
38.96,14133.68,17000.78,800.98,20473.24,0,0.0,28.0,0.3,ddos,1,31134.46,0.9902598848320662,1.6867530771903596,0.9669509963048658,0.0,0.048579765081423476,0.0,0.00037407416643806576
77.09,11256.14,10538.97,327.01,10405.96,0,0.0,24.25,0.3,ddos,1,21795.11,0.7003771027234169,0.7046292944441571,0.843683679504575,0.0,0.23502332245968113,0.0,0.0009146062620042072
36.79,12937.76,16337.53,456.08,14862.42,0,0.0,24.26,0.3,ddos,1,29275.29,0.9547475661026911,0.9670599959712902,0.8595217006200178,0.0,0.08048919226393629,0.0,0.0006563402467839327
44.21,11269.13,11074.17,502.42,6316.67,0,0.0,31.04,0.3,ddos,1,22343.3,0.7601353017907218,1.0903661392288313,1.0786766750069503,0.0,0.087819315879385,0.0,0.0005959238806563108
58.68,18782.29,12454.8,485.97,8604.52,0,0.0,34.18,0.3,ddos,1,31237.09,1.0865591417859763,1.0390768322877781,1.1515396536621523,0.0,0.12050023615417786,0.0,0.000616054377066349
82.09,17365.61,13644.21,518.85,19527.01,0,0.0,25.03,0.35,ddos,1,31009.82,1.0459318176666836,1.068535806298152,0.8677714602690334,0.0,0.1579109358468789,0.0,0.0006732711359045877
80.31,14817.87,17345.97,788.49,11575.26,0,0.0,22.46,0.35,ddos,1,32163.840000000004,1.0713150861126577,1.4975755492287908,0.804729487638839,0.0,0.10172389770611408,0.0,0.00044332417130045975
48.24,18547.27,12905.42,362.44,20297.65,0,0.0,32.01,0.35,ddos,1,31452.690000000002,1.0655643789764682,0.7081506490664541,1.1440723399692625,0.0,0.13273167510455647,0.0,0.0009630200308166409
111.25,11152.99,10993.81,420.56,18367.73,0,0.0,29.25,0.35,ddos,1,22146.8,0.7977911069569548,0.8141299634516509,1.061012768427162,0.0,0.26390074959673593,0.0,0.0008302495492931018
21.34,11333.83,11063.03,511.05,20127.85,0,0.0,28.88,0.35,ddos,1,22396.86,0.8145637948515696,0.9877557331580932,1.033791523482245,0.0,0.041675617615467245,0.0,0.000683526999316473
99.96,10207.6,14010.38,837.54,15695.27,0,0.0,23.64,0.33,ddos,1,24217.98,0.9035252287001155,1.6074358831646645,0.8596363636363636,0.0,0.11920719345529134,0.0,0.00039354115486440723
104.69,15305.48,16837.8,419.11,18997.23,0,0.0,34.77,0.33,ddos,1,32143.28,1.1546259621724366,0.7903992637449058,1.2177780891005885,0.0,0.2491966389755064,0.0,0.0007855085572826165
30.55,10493.49,16955.99,594.68,21194.1,0,0.0,23.47,0.33,ddos,1,27449.480000000003,0.9925284513941475,1.0929387569815714,0.8242896779405049,0.0,0.05128592532903573,0.0,0.0005539887187751814
25.1,13516.92,16294.03,745.47,12885.95,0,0.0,20.19,0.33,ddos,1,29810.95,1.049574939216549,1.3114866576591795,0.7371841682488682,0.0,0.0336249279944271,0.0,0.00044208072661995796
51.47,19797.91,10632.71,439.57,24900.67,0,0.0,32.17,0.33,ddos,1,30430.62,1.0744428617066621,0.7796890963787035,1.183286129400081,0.0,0.11682593004516875,0.0,0.000749029666114352
60.25,12719.73,13979.1,615.81,19841.83,0,0.0,32.65,0.3,ddos,1,26698.83,0.9572515394050145,1.0738274928854417,1.1681992200078715,0.0,0.09767999870300417,0.0,0.00048637343752533195
82.69,19717.11,12338.34,614.52,12714.55,0,0.0,25.4,0.3,ddos,1,32055.45,1.1497529401949635,1.1051027289484332,0.8993378890344509,0.0,0.13434169482713804,0.0,0.0004873927735898102
80.73,19872.03,12827.19,475.3,22286.13,0,0.0,33.25,0.3,ddos,1,32699.22,1.167622991752136,0.8377382301568136,1.172136637642331,0.0,0.16949401637623346,0.0,0.0006298551333193365
117.14,13949.91,17772.88,331.12,18000.79,0,0.0,33.91,0.3,ddos,1,31722.79,1.0953039142346117,0.5929618904868583,1.1760829604966532,0.0,0.35270384198482474,0.0,0.0009032879682042635
106.83,11851.27,11418.24,726.58,23931.04,0,0.0,26.56,0.3,ddos,1,23269.510000000002,0.8010210462298704,1.252788937358829,0.9286388587811615,0.0,0.14682921465680748,0.0,0.0004123257923527309
35.74,12668.52,17083.44,820.56,20181.79,0,0.0,24.45,0.35,ddos,1,29751.96,1.0050248268692763,1.4189862210170994,0.8524510145736002,0.0,0.04350260480062321,0.0,0.00042601879351477674
111.21,11850.53,14315.51,460.84,21333.25,0,0.0,23.97,0.35,ddos,1,26166.04,0.9021066187998579,0.7912163380233327,0.8684153322223028,0.0,0.24079767884981812,0.0,0.0007578382123679196
36.56,15718.35,12772.8,317.16,18220.94,0,0.0,33.75,0.35,ddos,1,28491.15,0.9787526831306674,0.5717757390123906,1.178833391547328,0.0,0.11491073673623334,0.0,0.001100075433744028
42.86,14549.07,19889.53,321.27,21417.77,0,0.0,30.43,0.35,ddos,1,34438.6,1.1645514128926286,0.6271460725043093,1.026168476428138,0.0,0.13299407329258076,0.0,0.001086045862165265
107.2,19620.96,11622.92,691.54,16448.7,0,0.0,31.69,0.33,ddos,1,31243.879999999997,1.0536234835514693,1.2866578599735798,1.070391136931703,0.0,0.15479250296011784,0.0,0.00047650677217200453
78.75,11021.39,18478.97,431.55,11526.94,0,0.0,26.23,0.33,ddos,1,29500.36,0.9855168869431497,0.8314324026479449,0.9056069603645905,0.0,0.18205987747081262,0.0,0.0007629175817824529
96.03,18289.1,10695.97,660.65,10562.33,0,0.0,22.93,0.33,ddos,1,28985.07,0.9783376286476279,1.261608266479776,0.7984817355573353,0.0,0.14513715710723193,0.0,0.0004987531172069826
72.5,16253.07,12066.54,623.1,12884.4,0,0.0,21.67,0.33,ddos,1,28319.61,0.9702185731786986,1.1572384512951377,0.7863130011974311,0.0,0.11616728088447363,0.0,0.0005287614164396731
29.15,15386.08,13542.94,519.48,15097.95,0,0.0,33.88,0.3,ddos,1,28929.02,1.0006745182901688,0.9321822517868263,1.2294962984467992,0.0,0.05600599446664617,0.0,0.000576391023670458
74.85,13049.0,11669.2,375.88,23179.14,0,0.0,24.9,0.3,ddos,1,24718.2,0.8507561456549645,0.7197967074107197,0.9090909090909092,0.0,0.19860433029080873,0.0,0.0007960093398429208
67.18,19352.67,16930.28,593.22,22645.32,0,0.0,32.18,0.3,ddos,1,36282.95,1.2213402223708714,1.1877013388218287,1.1426339523488265,0.0,0.11305577059001717,0.0,0.0005048635185621487
113.54,19992.48,10615.2,600.42,9021.69,0,0.0,25.21,0.3,ddos,1,30607.68,1.0151244780882986,1.1694359665541545,0.891222116166437,0.0,0.1887865385254897,0.0,0.0004988194606098899
44.37,17701.03,13470.13,425.69,9010.7,0,0.0,20.83,0.3,ddos,1,31171.159999999996,1.0247046539288267,0.8119516289005875,0.7716243748842379,0.0,0.10398650073824087,0.0,0.0007030865499542993
113.66,19544.94,17828.95,693.53,12880.15,0,0.0,30.13,0.28,ddos,1,37373.89,1.2168680535934049,1.2351248250241316,1.1173743741887634,0.0,0.1636502382906426,0.0,0.00040315033187911253
43.58,16753.45,11656.94,486.85,20369.21,0,0.0,24.3,0.28,ddos,1,28410.39,0.9336360800928483,0.8998460364078612,0.9265614275909404,0.0,0.08933073690683611,0.0,0.0005739469099108333
109.68,18616.91,16777.4,420.83,8941.71,0,0.0,32.78,0.28,ddos,1,35394.31,1.1410441936208084,0.7793653292343024,1.2194486812246568,0.0,0.2600099566175948,0.0,0.000663774506317711
111.47,11744.38,15475.91,839.13,23464.52,0,0.0,30.52,0.28,ddos,1,27220.29,0.8825506804678573,1.5043213406643445,1.1041968162083935,0.0,0.13268184685703402,0.0,0.0003332817540142597
99.36,16191.36,18681.25,445.15,22439.31,0,0.0,31.75,0.28,ddos,1,34872.61,1.1071355210878133,0.8243243743727062,1.108279810108908,0.0,0.22270536814972544,0.0,0.0006275916171691136
70.32,11137.41,16328.76,619.61,16356.86,0,0.0,20.89,0.25,ddos,1,27466.17,0.8760645533034582,1.1265001427192287,0.7638304874035614,0.0,0.11330787451056218,0.0,0.00040282947422697025
104.08,11897.11,16883.38,837.61,17193.81,0,0.0,24.26,0.25,ddos,1,28780.49,0.9062439523100861,1.4049050325056525,0.889133223382811,0.0,0.12411013462753842,0.0,0.0002981123525834416
106.81,17374.68,17203.0,676.56,14957.77,0,0.0,32.16,0.25,ddos,1,34577.68,1.0946645389451457,1.1191356043788812,1.1787560019059486,0.0,0.15763917586634396,0.0,0.0003689710136371687
60.33,11746.61,10657.52,561.43,15168.09,0,0.0,33.43,0.25,ddos,1,22404.13,0.7281843677755651,0.9347211886008069,1.189468066180395,0.0,0.10726668207599169,0.0,0.00044449975997012963
118.6,11513.74,11358.45,555.88,12621.39,0,0.0,22.3,0.25,ddos,1,22872.190000000002,0.7640052690271959,0.905846579039139,0.7893246495823304,0.0,0.21297227409854905,0.0,0.0004489297514724896
68.18,14082.51,17960.12,757.21,23407.36,0,0.0,31.92,0.23,ddos,1,32042.629999999997,1.089733812191903,1.221255237683581,1.1227181597551967,0.0,0.08992231703617731,0.0,0.00030334603869640336
46.31,16826.76,10252.03,414.15,11572.45,0,0.0,20.32,0.23,ddos,1,27078.79,0.9251086632747462,0.675880774729256,0.7248599864445475,0.0,0.11155004215343853,0.0,0.000554016620498615
40.8,16411.48,17062.5,668.83,14452.95,0,0.0,28.8,0.23,ddos,1,33473.979999999996,1.151143427178253,1.0490529459372981,1.0421566853627646,0.0,0.0609109774121792,0.0,0.00034337070600002983
67.12,10215.32,11479.3,437.72,24976.15,0,0.0,21.85,0.23,ddos,1,21694.62,0.7605121570321928,0.7326900061096558,0.8162731619844591,0.0,0.15299051787016776,0.0,0.000524252370532458
31.6,14474.57,12482.37,341.43,22471.38,0,0.0,24.42,0.23,ddos,1,26956.940000000002,0.9719549783769553,0.5816098650354403,0.9379681198386787,0.0,0.09228163420261075,0.0,0.0006716701223607745
84.35,19741.45,19429.59,827.58,24613.94,0,0.0,34.74,0.21,ddos,1,39171.04,1.3551531765043783,1.3615096077915243,1.2669584245076588,0.0,0.10180067102754108,0.0,0.00025344565401047575
101.37,13069.91,13662.22,818.88,5724.91,0,10.8,34.24,0.21,ddos,1,26732.129999999997,0.9314196976886708,1.351360717662843,1.2048701527201071,0.3154204686271996,0.12364004488461727,0.0,0.00025613504415280283
35.61,10866.14,18593.41,458.79,10720.77,0,0.0,26.25,0.21,ddos,1,29459.55,1.0450873757476427,0.7853438093770861,0.943328422036152,0.0,0.07744840035668457,0.0,0.0004567302464168424
103.67,15643.18,13706.3,605.84,16587.38,0,0.0,28.5,0.21,ddos,1,29349.48,1.016145927372496,1.0292356331895534,1.0426574961586301,0.0,0.17083580515457122,0.0,0.0003460549733043306
109.61,19811.24,14992.95,666.89,20778.92,0,0.0,20.42,0.21,ddos,1,34804.19,1.1571951835221943,1.1119800177412578,0.7522286893096588,0.0,0.1641138510832622,0.0,0.00031442303373309974
78.45,18977.87,16594.91,767.98,5331.45,0,0.0,31.66,0.28,ddos,1,35572.78,1.1690285858882954,1.278243168794076,1.1674041297935105,0.0,0.10201825795209238,0.0,0.00036411870269707926
56.42,15586.92,10610.73,318.48,9442.04,0,0.0,31.86,0.28,ddos,1,26197.65,0.863433842971987,0.5386626795795969,1.1268303034590081,0.0,0.1765994741454864,0.0,0.0008764241893076249
29.26,13628.04,15782.77,571.48,14965.56,0,0.0,28.44,0.28,ddos,1,29410.81,0.9824917181168922,0.982756871370422,1.0071534811247256,0.0,0.051110955841252095,0.0,0.0004891000558971492
75.31,18411.74,12297.03,368.27,21250.43,0,0.0,25.39,0.28,ddos,1,30708.770000000004,0.995863191778893,0.6409578078605964,0.888010632344712,0.0,0.20394291439867848,0.0,0.0007582527689766297
31.57,16840.17,13324.57,517.65,14224.84,0,0.0,22.43,0.33,ddos,1,30164.739999999998,0.9681493606885412,0.8741370925252961,0.7899834466241679,0.0,0.06086956521739131,0.0,0.0006362672322375398
33.68,13501.47,12618.37,355.71,22368.8,0,0.0,29.9,0.33,ddos,1,26119.84,0.8749780667917862,0.6526824918302301,1.0713389945895588,0.0,0.09441843514339379,0.0,0.0009251212469513051
27.84,15171.4,14852.53,527.35,9423.78,0,0.0,33.79,0.33,ddos,1,30023.93,0.9947899972347001,1.0223051930428582,1.2126758541487224,0.0,0.05269234409009179,0.0,0.0006245859752058295
29.01,10812.06,11111.04,419.05,12090.46,0,0.0,25.29,0.33,ddos,1,21923.1,0.7449860978813408,0.8186648953835935,0.9107605877268798,0.0,0.06906320676109987,0.0,0.0007856207594334008
107.63,16577.52,16514.32,670.42,12733.07,0,0.0,22.37,0.33,ddos,1,33091.84,1.1103986626295457,1.293428099581732,0.8237893573927454,0.0,0.1603020464091031,0.0,0.0004914956361145036
86.37,15485.11,11594.38,518.62,6752.39,0,0.0,29.79,0.31,ddos,1,27079.489999999998,0.93283319488124,1.0300277457244373,1.060444254592055,0.0,0.16621762056887726,0.0,0.0005965898156345021
36.1,16453.2,12143.39,674.45,5927.33,0,0.0,21.07,0.31,ddos,1,28596.59,1.0093504528288408,1.3648744910431694,0.7794177486775423,0.0,0.053445850914205346,0.0,0.0004589532903989932
71.62,18808.32,15232.19,441.96,8986.48,0,0.0,29.12,0.31,ddos,1,34040.51,1.1691356789104204,0.8725833965125095,1.0882319967113867,0.0,0.1616850279934983,0.0,0.0006998374571067365
106.49,15340.91,19579.55,847.59,16509.57,0,0.0,21.79,0.31,ddos,1,34920.46,1.177083828062138,1.5869292108135638,0.8350578677090518,0.0,0.12549051956775356,0.0,0.0003653118702789333
54.45,13123.49,19398.6,445.6,15737.59,0,0.0,28.91,0.31,ddos,1,32522.089999999997,1.0895808026860125,0.8223829912889414,1.0931709899417683,0.0,0.12192118226600986,0.0,0.0006941334527541423
79.35,15020.68,18160.69,531.14,21464.08,0,0.0,23.36,0.28,ddos,1,33181.369999999995,1.1005457990902927,0.9778180338703472,0.8802140246429783,0.0,0.14911489457661517,0.0,0.0005261773217574323
107.61,16318.54,19803.97,601.43,7400.44,0,0.0,32.43,0.28,ddos,1,36122.51,1.1596241037253419,1.0593013609599813,1.210435951030158,0.0,0.17862656242219013,0.0,0.00046478429029098823
77.48,18407.59,14202.74,653.9,11164.34,0,0.0,30.82,0.28,ddos,1,32610.33,1.0382536069714665,1.1266057448450768,1.1632383468578977,0.0,0.11830813864712171,0.0,0.0004275461902580547
42.21,18962.53,16896.69,784.01,22439.34,0,0.0,33.27,0.28,ddos,1,35859.22,1.0931875466219116,1.270861970588998,1.2189938812149637,0.0,0.05377001566859021,0.0,0.0003566833543521739
59.04,19484.63,16067.88,787.75,14694.49,0,0.0,25.05,0.28,ddos,1,35552.51,1.0757674748887303,1.253091967644696,0.9088930009796452,0.0,0.07485261489698891,0.0,0.00035499207606973064
87.67,19995.7,12289.77,479.32,13881.66,0,0.0,21.09,0.26,ddos,1,32285.47,0.961761388581513,0.7672618714133644,0.7901539844891537,0.0,0.18252415056628915,0.0,0.0005413057961359094
101.45,14173.38,18423.16,636.02,15426.63,0,0.0,22.01,0.26,ddos,1,32596.54,0.9595938379411336,1.0243979435374762,0.8217285794287847,0.0,0.15925716618002575,0.0,0.00040815045053530505
109.33,15475.8,16127.57,623.83,21589.87,0,0.0,22.88,0.26,ddos,1,31603.37,0.9370795359590683,0.9761696494376889,0.8745843048813118,0.0,0.1749755933613943,0.0,0.0004161131827857177
103.8,16006.7,13834.96,610.45,5918.22,0,0.0,28.12,0.26,ddos,1,29841.66,0.8983714521381753,0.9920451129041432,1.0494886914980965,0.0,0.16976040559326191,0.0,0.0004252187423337967
111.45,10155.02,15716.87,609.69,9619.87,0,0.0,31.29,0.26,ddos,1,25871.89,0.7947746050862411,0.9650750133754595,1.1575170168688962,0.0,0.18249848531988405,0.0,0.00042574792447886816
98.54,18378.48,19370.64,876.65,16431.94,0,0.0,33.68,0.24,ddos,1,37749.119999999995,1.143591759185649,1.3156887611529255,1.200114025085519,0.0,0.11227710362900929,0.0,0.000273457528627585
25.11,10955.74,15699.31,424.03,21031.69,0,0.0,26.66,0.24,ddos,1,26655.05,0.8313461738311492,0.653797229267691,0.9699130498053625,0.0,0.05907818271651413,0.0,0.0005646660235748065
21.7,10616.91,12814.45,633.29,11125.23,0,0.0,29.38,0.24,ddos,1,23431.36,0.75234055680694,0.9795608379839875,1.074498043374904,0.0,0.03421148055305933,0.0,0.00037837582178498795
91.28,19998.96,10530.22,518.69,7296.82,0,0.0,31.61,0.24,ddos,1,30529.18,0.9973070679217676,0.8366345576897022,1.1631158700371635,0.0,0.17564317189093495,0.0,0.00046181377359579744
76.88,15077.85,18774.99,494.37,9594.17,0,0.0,30.69,0.22,ddos,1,33852.840000000004,1.112056745416674,0.8370158169018377,1.1063047474856709,0.0,0.1551971253810283,0.0,0.00044411248157942546
83.07,12559.62,12540.39,604.45,20084.58,0,0.0,22.58,0.22,ddos,1,25100.010000000002,0.8444613217018869,1.0021603357058895,0.8096091789171744,0.0,0.13720373276075645,0.0,0.00036336609133702204
68.89,19612.15,14885.99,635.72,23600.52,0,0.0,20.12,0.22,ddos,1,34498.14,1.1532724181000387,1.0540575045969522,0.7263275694018266,0.0,0.10819512501570548,0.0,0.0003455207940696067
46.31,13499.78,19459.29,729.08,9814.31,0,0.0,25.26,0.22,ddos,1,32959.07,1.0968502868930146,1.188119457273133,0.9041125308708258,0.0,0.06343140477755863,0.0,0.0003013368397983782
36.91,13938.05,12114.5,882.67,13207.78,0,0.0,21.94,0.22,ddos,1,26052.55,0.8780795203330672,1.377312503120787,0.8030452765272134,0.0,0.04176898615999185,0.0,0.0002489617164778707
75.32,10208.18,19758.29,769.49,21309.71,0,0.0,24.28,0.2,ddos,1,29966.47,0.9962462988348265,1.1714958194030851,0.9120961682945156,0.0,0.09775597347142727,0.0,0.00025957507560124077
85.78,13474.81,10772.19,785.66,16580.13,0,0.0,34.26,0.2,ddos,1,24247.0,0.8439854869443308,1.2129155763456296,1.284204213209386,0.0,0.10904329697709303,0.0,0.00025423944270714163
104.49,19769.43,17743.49,388.52,8520.28,0,0.0,31.26,0.2,ddos,1,37512.92,1.2581914431261572,0.6031102431876112,1.1518903382710592,0.0,0.2682532347504621,0.0,0.0005134524543027316
87.79,17017.01,17255.8,833.73,18882.66,0,0.0,32.44,0.2,ddos,1,34272.81,1.1091847694329207,1.2551675754774645,1.1820434339017636,0.0,0.10517173217687156,0.0,0.00023959843302624802
31.02,17786.82,12761.94,731.45,22865.01,0,0.0,30.5,0.2,ddos,1,30548.760000000002,0.9885991925777814,1.0670095723792659,1.1158672666739835,0.0,0.04235101372107311,0.0,0.0002730561813093044
113.48,16961.38,13531.53,867.75,15915.02,0,0.0,20.12,0.19,ddos,1,30492.910000000003,0.9976393309695017,1.2004532048054095,0.7657177652610748,0.0,0.13062446043165468,0.0,0.00021870503597122302
68.84,14118.6,11192.43,444.73,7300.07,0,0.0,26.72,0.19,ddos,1,25311.03,0.8275319633065483,0.6291449751018561,1.0011240164855753,0.0,0.1544432728333296,0.0,0.0004262670226370224
69.23,16291.81,16295.42,763.49,23418.37,0,0.0,20.35,0.19,ddos,1,32587.23,1.0721220460880587,1.0609081826481228,0.7618013701194175,0.0,0.09055710342842942,0.0,0.0002485317008724771
38.96,15708.19,14638.1,530.64,13026.09,0,0.0,25.39,0.19,ddos,1,30346.29,1.007051650344628,0.7582597065215994,0.9500112250243209,0.0,0.07328267248514032,0.0,0.00035738469641110525
99.41,14667.91,11665.26,715.3,16451.0,0,0.0,31.81,0.17,ddos,1,26333.17,0.8730619024510391,1.0471748385245565,1.1478367553133908,0.0,0.13878263297501048,0.0,0.0002373307273488762
118.17,15541.19,13460.12,501.75,16275.55,0,0.0,20.74,0.17,ddos,1,29001.31,0.9646093177782804,0.7645108501878708,0.7580686428597535,0.0,0.23504724017901543,0.0,0.00033814022874191946
41.05,14797.41,13579.01,645.08,17195.98,0,0.0,22.58,0.17,ddos,1,28376.42,0.9310372942572063,1.0044157672161982,0.8621282119812148,0.0,0.06353702327885091,0.0,0.0002631253095591877
23.22,13882.73,19922.61,764.5,20712.73,0,0.0,34.37,0.17,ddos,1,33805.34,1.1228202170174921,1.1245259928042104,1.2968832540940305,0.0,0.03033311561071195,0.0,0.00022207707380796866
24.08,19785.09,11441.76,497.39,9239.95,0,0.0,24.48,0.17,ddos,1,31226.85,1.0477778175576087,0.7697057294245815,0.9523068544308722,0.0,0.04831557615521981,0.0,0.0003410983366439937
25.2,12750.9,17179.62,612.84,12513.78,0,0.0,27.7,0.16,ddos,1,29930.519999999997,1.0063687272972053,0.9660958434421539,1.0894360103830725,0.0,0.041053043138277075,0.0,0.00026065424214779094
69.45,14249.13,13517.63,430.16,6299.36,0,0.0,33.07,0.16,ddos,1,27766.76,0.9422524912370813,0.728358855919863,1.2376033831069198,0.0,0.16107709435012524,0.0,0.0003710919380276463
27.46,14029.31,17742.06,575.42,21759.56,0,0.0,28.18,0.16,ddos,1,31771.370000000003,1.0550180999030172,0.9532234364879394,1.048870361409908,0.0,0.0476388744318379,0.0,0.00027757537906387703
100.57,11968.24,16708.07,518.5,21955.7,0,0.0,25.44,0.16,ddos,1,28676.309999999998,0.9647710960987886,0.895265195335297,0.9292811221507892,0.0,0.1935899903753609,0.0,0.00030798845043310876
43.31,15194.89,17950.66,352.56,15709.64,0,0.0,27.21,0.16,ddos,1,33145.55,1.1047279371377074,0.6280573617172887,0.987372087959939,0.0,0.12249688878832447,0.0,0.0004525398800769318
106.52,19908.38,10789.0,767.66,19959.63,0,0.0,23.34,0.14,ddos,1,30697.38,1.008462577309607,1.3548869897950178,0.8737973119688517,0.0,0.13857882548851247,0.0,0.0001821351442770536
45.3,11195.87,15430.84,539.05,20415.61,0,0.0,27.99,0.14,ddos,1,26626.71,0.8816113834430143,0.9451777611008633,1.0201924478786994,0.0,0.08388112211832238,0.0,0.0002592352559948153
20.86,14831.96,11694.14,483.76,6453.76,0,0.0,30.05,0.14,ddos,1,26526.1,0.8836940604462982,0.8729230724813419,1.0662456090551042,0.0,0.043031603267596336,0.0,0.0002888027064939352
28.41,15744.41,10852.77,715.65,20618.27,0,0.0,31.79,0.14,ddos,1,26597.18,0.907862867997796,1.3028423499769706,1.1384064458370635,0.0,0.03964278239028815,0.0,0.00019535338031117006
43.13,11346.19,18150.7,441.83,19252.64,0,0.0,22.85,0.14,ddos,1,29496.89,1.0128217176815806,0.8125713802292628,0.8230675023413299,0.0,0.0973962920308019,0.0,0.0003161484090960414
67.22,10060.08,10764.69,553.06,14750.02,0,0.0,25.37,0.29,ddos,1,20824.77,0.7381293140280287,1.028441791488847,0.9215736132805404,0.0,0.12132260044038552,0.0,0.0005234090170739631
106.95,18654.23,15397.97,390.81,17092.63,0,0.0,31.2,0.29,ddos,1,34052.2,1.1806689581375356,0.7320869939868498,1.1411016019310949,0.0,0.2729639366019244,0.0,0.0007401546668027871
32.9,14576.29,10900.33,654.74,23690.74,0,0.0,24.98,0.29,ddos,1,25476.620000000003,0.9030428962230255,1.2085380665310599,0.9244319443416474,0.0,0.05017232439686461,0.0,0.0004422484521304175
38.78,14232.8,15494.64,593.76,10118.0,0,0.0,21.96,0.29,ddos,1,29727.44,1.0498058345273122,1.0809629920915806,0.823273599760066,0.0,0.06520277086555921,0.0,0.0004875916336001076
76.16,16322.77,13069.01,579.29,17428.95,0,0.0,26.15,0.29,ddos,1,29391.78,1.0518963640982992,1.0128138107318505,0.9842667871123154,0.0,0.13124472246635302,0.0,0.0004997501249375312
39.68,16982.52,18141.56,743.36,23747.22,0,0.0,22.68,0.35,ddos,1,35124.08,1.2374441052555074,1.3052142903546953,0.8557844690966719,0.0,0.053307539362673975,0.0,0.0004702025901445537
78.39,16347.57,18960.06,462.02,10356.26,0,0.0,28.47,0.35,ddos,1,35307.630000000005,1.2069965786477717,0.8223513246046833,1.0723163841807908,0.0,0.16930154205001943,0.0,0.0007559068722733359
33.98,11204.29,18513.94,725.96,16531.33,0,0.0,27.78,0.35,ddos,1,29718.23,1.004955686998122,1.2387381238396855,1.0553508338715192,0.0,0.04674259931770661,0.0,0.0004814570265214041
119.05,14703.51,18547.78,597.07,15498.35,0,0.0,29.48,0.35,ddos,1,33251.29,1.0996854095729374,1.039847437259444,1.1298482293423273,0.0,0.19905696657581887,0.0,0.000585215777417359
95.46,16671.87,11162.34,308.83,16251.02,0,0.0,25.07,0.4,ddos,1,27834.21,0.9256217612918833,0.5506070709051685,0.9527247852853994,0.0,0.3081044443727205,0.0,0.00129103056514863
84.16,15581.11,16764.7,537.37,14634.22,0,0.0,31.03,0.4,ddos,1,32345.81,1.0359633460397006,0.9607542001820064,1.154389880952381,0.0,0.156323717889184,0.0,0.0007429834500436504
93.71,17025.77,19774.95,449.74,7865.18,0,0.0,21.46,0.4,ddos,1,36800.72,1.1683591298066363,0.7956986203455682,0.8283795259785378,0.0,0.20790256023428139,0.0,0.0008874295602786529
67.76,18297.91,13425.46,801.68,24743.08,0,0.0,30.09,0.4,ddos,1,31723.37,0.9875761056377508,1.3824261779454672,1.1390392550251731,0.0,0.08441720237205363,0.0,0.0004983305925150746
66.52,16521.75,16211.83,787.58,13245.39,0,0.0,30.6,0.4,ddos,1,32733.58,1.0095768229226907,1.3141884563400021,1.1216597632051613,0.0,0.08435415557077278,0.0,0.0005072408633239494
45.0,15908.65,10855.13,508.82,24588.62,0,0.0,31.18,0.37,ddos,1,26763.78,0.8322001027976443,0.8591405892513714,1.1222286207889434,0.0,0.08826644698128751,0.0,0.0007257463418461418
23.14,19802.86,18930.15,615.96,5704.73,0,0.0,32.81,0.37,ddos,1,38733.01,1.191009374418744,1.0629108046032552,1.1393547939021424,0.0,0.037506483402489625,0.0,0.0005997147302904564
45.21,16193.82,10821.72,466.47,18883.58,0,0.0,24.67,0.37,ddos,1,27015.54,0.8524416007924281,0.8043307331002089,0.868142309181124,0.0,0.09671208847626585,0.0,0.0007914946413673604
82.88,14701.16,14046.25,728.0,16774.97,0,0.0,27.62,0.37,ddos,1,28747.41,0.9098758178225883,1.2548435582399093,0.9725009682757649,0.0,0.11368998628257887,0.0,0.0005075445816186557
102.29,16042.64,14689.99,677.87,15407.29,0,0.0,20.52,0.37,ddos,1,30732.629999999997,0.9805259265815154,1.1523854533585387,0.7460461734230139,0.0,0.15067686007630327,0.0,0.0005450233476217832
20.81,11289.39,19587.42,676.82,5648.01,0,0.0,24.49,0.42,ddos,1,30876.809999999998,0.9756548954339371,1.0828582902288049,0.8922650927241591,0.0,0.030701366144404114,0.0,0.000619633531025936
62.78,13141.1,17160.9,439.96,22463.02,0,0.0,28.25,0.42,ddos,1,30302.0,0.963715638689007,0.715044938159242,1.0397879936692553,0.0,0.1423711901306241,0.0,0.000952467343976778
63.15,18491.7,10477.31,308.87,9640.11,0,0.0,33.11,0.42,ddos,1,28969.010000000002,0.9448558456872755,0.5137532580509412,1.1685607397473,0.0,0.2037951398973763,0.0,0.001355407106205828
73.72,11708.43,15258.16,869.07,5121.95,0,0.0,22.89,0.42,ddos,1,26966.59,0.8934057062481637,1.429527816798313,0.8289273556891433,0.0,0.08472881492293723,0.0,0.0004827197811670325
63.04,17248.23,19731.9,629.84,14167.48,0,0.0,34.51,0.42,ddos,1,36980.130000000005,1.2081578398762627,1.0636170816389945,1.2322799500089268,0.0,0.09993025172785491,0.0,0.0006657789613848202
100.7,17014.55,18645.28,321.51,21408.34,0,0.0,28.45,0.47,ddos,1,35659.83,1.1321193375032097,0.5606718785149895,1.0258906678205684,0.0,0.31223838020526495,0.0,0.0014573191528944839
83.94,16977.36,14711.4,651.45,10605.52,0,0.0,31.38,0.47,ddos,1,31688.760000000002,1.029060620537119,1.1290568575320716,1.137409837253978,0.0,0.12865353666947657,0.0,0.0007203617135412674
23.1,13015.48,10102.22,494.99,24215.22,0,10.1,20.49,0.47,ddos,1,23117.699999999997,0.760348436050719,0.8536694731976863,0.7541128408965441,0.492923136689538,0.046573519627411845,0.0,0.0009475997499949595
25.7,18037.89,10336.62,685.45,6806.72,0,0.0,29.45,0.47,ddos,1,28374.510000000002,0.9343925867453192,1.1908795082551085,1.0766249908605687,0.0,0.03743899774200597,0.0,0.0006846820598732609
98.84,11698.81,19050.91,792.86,20354.75,0,0.0,24.7,0.67,ddos,1,30749.72,1.012552938890046,1.3505098095325696,0.8893849920783523,0.0,0.12450558032902527,0.0,0.0008439775275237447
66.66,12181.08,18055.27,735.85,13122.16,0,0.0,27.62,0.67,ddos,1,30236.35,0.9977524760381805,1.2409251498773157,0.983443119102724,0.0,0.09046617357671168,0.0,0.0009092759720431567
50.25,14910.0,15837.33,662.9,12426.46,0,0.0,22.75,0.67,ddos,1,30747.33,1.0131252130836763,1.0773974083302045,0.8262211730524788,0.0,0.07568910980569363,0.0,0.0010091881307425817
53.29,18510.02,10145.66,696.02,13150.29,0,0.0,34.12,0.67,ddos,1,28655.68,0.9451811254562523,1.0642605283840523,1.234621508177739,0.0,0.07645404722963473,0.0,0.0009612349717368226
74.73,16832.81,16786.01,882.91,21112.67,0,0.0,23.24,0.62,ddos,1,33618.82,1.0850772021441646,1.347176743802813,0.8398684543384771,0.0,0.08454480659795681,0.0,0.0007014288785057302
75.16,17753.58,11110.85,396.53,18408.09,0,0.0,25.3,0.62,ddos,1,28864.43,0.9566845831336541,0.6273742300809908,0.9457943925233645,0.0,0.18906749176162807,0.0,0.0015596307196941112
54.31,11769.96,12560.48,686.86,9516.1,0,0.0,26.46,0.62,ddos,1,24330.44,0.837871982776997,1.0273384566141475,0.9965726337991037,0.0,0.07895501991684355,0.0,0.0009013462041694531
40.77,11392.22,14871.82,882.46,18963.17,0,0.0,22.01,0.62,ddos,1,26264.04,0.9216777907223291,1.2758156554375344,0.8592956976653394,0.0,0.046148099517805,0.0,0.0007017861589658841
75.91,19570.98,19636.58,858.46,7415.6,0,0.0,24.97,0.62,ddos,1,39207.56,1.3023652504536805,1.179154705163249,0.9580999155859105,0.0,0.08832290042584878,0.0,0.00072138319409862
88.81,11334.4,15718.21,681.34,7408.72,0,0.0,27.98,0.65,ddos,1,27052.61,0.9025750701521766,0.9363966581411426,1.079683580937681,0.0,0.13015505466482985,0.0,0.0009526042735293255
38.13,12313.85,19775.68,453.16,22450.21,0,0.0,26.02,0.65,ddos,1,32089.53,1.0658608344015623,0.6532987144795135,0.9989634122931624,0.0,0.08395719570195526,0.0,0.0014312136691914743
38.05,11132.13,10549.05,709.68,24178.07,0,0.0,27.13,0.65,ddos,1,21681.18,0.7412074775012356,1.0269857256972181,1.0435418109085315,0.0,0.05354027128946924,0.0,0.0009146169865480949
52.82,11382.58,11158.31,895.45,15415.29,0,0.0,32.6,0.65,ddos,1,22540.89,0.7928413404215849,1.2536277434700618,1.2081681058444207,0.0,0.058921300686039374,0.0,0.0007250822689497462
69.7,11211.24,16930.46,506.3,20105.83,0,0.0,33.32,0.65,ddos,1,28141.699999999997,0.9916339900602976,0.7281591796523877,1.2385235847303273,0.0,0.13739404691504042,0.0,0.0012812931204415534
25.81,14605.87,19478.17,457.9,22449.26,0,0.0,25.1,0.6,ddos,1,34084.04,1.1990596377735285,0.7014249081667978,0.9265753626933443,0.0,0.05624319023752451,0.0,0.0013074743952930922
66.57,13747.19,13077.23,631.67,13288.46,0,0.0,31.06,0.6,ddos,1,26824.42,0.9504911496819055,0.9339699080919316,1.1227182360383154,0.0,0.10522073118687467,0.0,0.0009483617051543459
114.67,19762.18,13621.8,554.45,17677.06,0,0.0,27.93,0.6,ddos,1,33383.979999999996,1.1461525639702963,0.8361647868228453,1.0042427729037824,0.0,0.2064452245926726,0.0,0.001080205238995409
66.16,10491.91,15822.36,761.16,16569.46,0,0.0,31.53,0.6,ddos,1,26314.27,0.9032765941583587,1.1692938243232656,1.0961618690029202,0.0,0.08680592001679437,0.0,0.000787236275847591
64.65,18109.5,11681.61,829.84,7903.44,0,0.0,25.13,0.6,ddos,1,29791.11,1.0567831081908707,1.280429566653037,0.8731758165392633,0.0,0.07781281594530837,0.0,0.0007221607048288479
97.78,16293.44,12461.8,643.82,17260.67,0,0.0,31.76,0.55,ddos,1,28755.239999999998,1.0139137923423156,0.9991883205063143,1.089237944989368,0.0,0.15163921714587014,0.0,0.0008529512111907199
21.12,18072.19,17242.44,477.31,16892.35,0,0.0,20.27,0.55,ddos,1,35314.63,1.2311979306593497,0.7380040138660828,0.7091627890704265,0.0,0.044155464029604234,0.0,0.0011498818757709436
33.21,12722.44,16465.12,396.6,11295.62,0,0.0,23.17,0.55,ddos,1,29187.559999999998,0.9916346467718864,0.6444065318059956,0.8220101465214461,0.0,0.0835261569416499,0.0,0.0013832997987927565
103.19,16117.78,16041.25,811.05,16023.96,0,0.0,29.38,0.55,ddos,1,32159.03,1.0580160324531205,1.336139437571045,1.0543692804593576,0.0,0.12707345606797613,0.0,0.0006772981959238964
36.42,16002.04,13418.55,808.75,22377.24,0,0.0,23.62,0.5,ddos,1,29420.59,0.963867267196569,1.2691151893668942,0.8782301543037739,0.0,0.044976844705155915,0.0,0.0006174745291756715
80.57,15271.0,13694.05,583.41,23879.12,0,0.0,34.75,0.5,ddos,1,28965.05,0.9651288695553197,0.8978218114329508,1.2473079684134962,0.0,0.1378655396040451,0.0,0.0008555637309423179
99.87,10312.06,11477.07,645.67,5955.95,0,0.0,29.4,0.5,ddos,1,21789.129999999997,0.738412851892427,0.9914988498263223,1.061601791001661,0.0,0.15443734826109146,0.0,0.0007731918907634498
67.36,10095.35,14445.88,545.53,23497.13,0,0.0,22.68,0.5,ddos,1,24541.23,0.8573719673122185,0.8388716835251894,0.8347749273068571,0.0,0.12325032477631603,0.0,0.0009148628620569777
104.9,10631.92,13390.23,574.33,15495.43,0,0.0,20.5,0.5,ddos,1,24022.15,0.8460120476547418,0.9092808934330329,0.7864651269853448,0.0,0.182330140962578,0.0,0.0008690664488206767
47.77,12393.08,17768.66,326.61,18198.84,0,0.0,20.19,0.46,ddos,1,30161.739999999998,1.0608514072440787,0.5618536128868001,0.78953542937588,0.0,0.14581361985287386,0.0,0.0014041085436952473
41.75,10064.19,15490.96,764.61,13177.25,0,0.0,31.26,0.46,ddos,1,25555.15,0.9090598316867192,1.2885519905222058,1.2248256406237756,0.0,0.05453168062068155,0.0,0.0006008280978566111
58.97,13533.92,14573.29,460.58,7414.0,0,0.0,23.37,0.46,ddos,1,28107.21,1.0261519854561831,0.7783827997985514,0.9046918550634871,0.0,0.1277568352181637,0.0,0.0009965769747389403
23.51,12314.75,15399.66,431.51,20062.08,0,0.0,31.76,0.46,ddos,1,27714.41,1.0172826475121524,0.7249771087272453,1.1899142032894987,0.0,0.0543571246907586,0.0,0.0010635592240641836
90.28,10498.77,15729.91,521.09,5444.37,0,0.0,31.43,0.43,ddos,1,26228.68,0.9841708987894954,0.9203138770312729,1.1685752528256992,0.0,0.1729203777126549,0.0,0.0008236127870673638
106.6,15778.0,10786.0,463.71,24296.94,0,0.0,34.48,0.43,ddos,1,26564.0,1.007552662396465,0.8721189381329871,1.2322207133157028,0.0,0.22939037249037034,0.0,0.0009253082567622819
101.27,14590.45,13478.88,519.34,16553.07,0,0.0,26.34,0.43,ddos,1,28069.33,1.068278070856119,0.9886578665823971,0.9704874544047751,0.0,0.19462274666564167,0.0,0.0008263827497405542
36.43,12579.47,16226.26,316.07,19322.22,0,0.0,21.94,0.43,ddos,1,28805.73,1.067789951003751,0.6419776657499522,0.8312180337185072,0.0,0.1148957643422588,0.0,0.0013561674078279243
70.94,15508.55,13358.52,476.99,14935.93,0,0.0,25.11,0.43,ddos,1,28867.07,1.0531757420142698,0.9825040578062304,0.9426383362114273,0.0,0.14841314671855058,0.0,0.0008996004100504195
97.97,15870.63,19002.43,613.69,21278.9,0,0.0,25.19,0.47,ddos,1,34873.06,1.2238463952410976,1.2539127947366273,0.9292802597115137,0.0,0.1593811514747271,0.0,0.0007646130569880752
107.55,18498.61,15351.66,722.6,17321.73,0,0.0,22.18,0.47,ddos,1,33850.270000000004,1.1727711661766764,1.3659244753023994,0.8122756903244708,0.0,0.1486318407960199,0.0,0.0006495301271420674
92.75,15268.21,16452.6,815.24,23838.64,0,0.0,24.61,0.47,ddos,1,31720.809999999998,1.0760091135508998,1.5264322707000046,0.9237641229683571,0.0,0.1136307948642556,0.0,0.0005758110359698128
69.09,10808.9,15993.99,835.32,11557.26,0,0.0,28.81,0.47,ddos,1,26802.89,0.9132276817846906,1.4614840890481422,1.0597756115504875,0.0,0.08261191888272432,0.0,0.0005619858427396211
36.15,15390.32,15446.07,645.26,5691.63,0,0.0,22.08,0.47,ddos,1,30836.39,1.039598611319338,1.0882547884998421,0.8422016248998739,0.0,0.05593723888218364,0.0,0.0007272614737102714
76.74,14155.44,13948.82,708.33,12242.16,0,0.0,25.2,0.43,ddos,1,28104.260000000002,0.9415357725508613,1.158054785786105,0.984605766976635,0.0,0.10818659862123411,0.0,0.0006062058562305273
90.22,14560.91,14021.89,719.55,8254.46,0,0.0,20.17,0.43,ddos,1,28582.8,0.9511347959741191,1.1291681770889728,0.8347473409758722,0.0,0.1252099090972174,0.0,0.0005967663590312956
54.57,19866.5,17827.6,462.66,21531.59,0,0.0,24.32,0.43,ddos,1,37694.1,1.215400091404654,0.7325542179739095,1.01498268018864,0.0,0.11769399991372988,0.0,0.0009274037009877927
25.32,19757.98,11371.47,781.57,8251.5,0,0.0,23.1,0.43,ddos,1,31129.449999999997,0.9962664152433695,1.1525524205857067,0.9594218548822527,0.0,0.03235493310502575,0.0,0.0005494716127630755
97.22,12748.07,13071.33,666.47,21729.94,0,0.0,34.66,0.43,ddos,1,25819.4,0.8344628091935118,0.9561033412761146,1.3846276765739851,0.0,0.14565448634395553,0.0,0.0006442237104289331
22.97,16555.57,12148.53,452.69,7861.23,0,0.0,22.4,0.4,ddos,1,28704.1,0.9465663133115009,0.6647732863023134,0.9049408152547167,0.0,0.05062928431307721,0.0,0.0008816592827701735
69.49,18438.36,10532.09,351.69,20100.15,0,0.0,30.84,0.4,ddos,1,28970.45,0.9709746111008796,0.546205958271598,1.2037940590967642,0.0,0.19702855198616348,0.0,0.0011341404632963794
23.95,11214.66,13302.33,344.98,15698.96,0,0.0,24.31,0.4,ddos,1,24516.989999999998,0.8420428668238101,0.5779992359915022,0.9500175856813474,0.0,0.06922365454650557,0.0,0.0011561361928435169
116.15,13186.93,13577.32,405.58,9514.87,0,0.0,34.39,0.4,ddos,1,26764.25,0.919347645742841,0.732255117552963,1.3152560523195778,0.0,0.28567563579123423,0.0,0.0009838162231295194
95.46,15928.87,15553.35,752.87,10148.31,0,0.0,22.93,0.37,ddos,1,31482.22,1.0790154452156888,1.333365212108976,0.874123208295212,0.0,0.12662660670937959,0.0,0.0004908008011991458
93.45,13838.82,16228.14,313.88,19457.85,0,0.0,24.63,0.37,ddos,1,30066.96,1.0236232696396208,0.5976458223056623,0.9409742120343839,0.0,0.29677972560975613,0.0,0.0011750508130081302
107.86,17945.84,19626.63,828.02,8350.0,0,0.0,21.5,0.37,ddos,1,37572.47,1.2411608613479919,1.5446952751748468,0.8172419036034666,0.0,0.13010542568333697,0.0,0.0004463101010832067
76.31,15502.45,18380.5,827.23,22505.69,0,0.0,33.5,0.37,ddos,1,33882.95,1.1335531146511229,1.444948279295299,1.2304414897524425,0.0,0.09213624234814001,0.0,0.00044673581010105885
73.7,17499.39,17696.84,766.84,5529.85,0,0.0,30.51,0.37,ddos,1,35196.229999999996,1.1616836870455949,1.342918436145528,1.0909285944148464,0.0,0.09598353823713274,0.0,0.000481871223171494
92.9,11474.79,16231.15,559.45,14732.16,0,0.0,33.78,0.34,ddos,1,27705.940000000002,0.9088010019990648,0.998441970077973,1.2116646938555902,0.0,0.16575965741814613,0.0,0.0006066553662235703
30.27,11707.75,10253.55,588.27,14464.93,0,0.0,33.59,0.34,ddos,1,21961.3,0.7366603273798423,1.0250731423413564,1.1583557486723224,0.0,0.051368642557740936,0.0,0.0005769850832385834
86.46,11495.38,16476.81,652.97,11263.66,0,0.0,34.26,0.34,ddos,1,27972.190000000002,0.9414394448062493,1.081060050429712,1.167689161554192,0.0,0.13220789944492864,0.0,0.0005199015245347646
75.52,16373.38,19194.54,302.78,9529.0,0,0.0,27.15,0.34,ddos,1,35567.92,1.1541564571496545,0.504810858485234,0.9164866324601673,0.0,0.24860096122193695,0.0,0.0011192310224504578
118.18,15388.81,13020.5,513.58,18455.82,0,0.0,25.85,0.34,ddos,1,28409.309999999998,0.9169692130679904,0.8411222606368605,0.8985053875564823,0.0,0.22966302615725445,0.0,0.000660733024991255
87.23,15837.9,17715.55,658.68,15684.2,0,0.0,27.23,0.31,ddos,1,33553.45,1.075814797021194,1.0956634562602923,0.9325342465753425,0.0,0.1322307785593015,0.0,0.0004699248120300752
44.21,14218.52,12943.66,801.14,18746.76,0,0.0,30.6,0.31,ddos,1,27162.18,0.8790806408902678,1.2327203121730246,1.0269490217135953,0.0,0.0551150671952527,0.0,0.00038646620290722316
96.68,15014.49,10456.45,435.75,15623.01,0,0.0,33.19,0.31,ddos,1,25470.940000000002,0.8579470909037691,0.7135616839891987,1.0718207065814118,0.0,0.22136233543216946,0.0,0.0007097882083571838
62.06,12292.31,18427.24,451.05,6317.82,0,0.0,21.7,0.31,ddos,1,30719.550000000003,1.0458822532460532,0.7871027186061973,0.7285301819646813,0.0,0.1372856984846809,0.0,0.0006857648490211259
92.12,10208.58,18203.51,653.99,5921.58,0,0.0,20.7,0.45,ddos,1,28412.089999999997,0.9901930009412936,1.1641679987752909,0.7186252386738413,0.0,0.14064336860104734,0.0,0.0006870333898227454
98.29,18026.42,17486.3,883.57,6153.8,0,0.0,24.07,0.45,ddos,1,35512.72,1.2048762025998023,1.4870459693896443,0.8647697061148235,0.0,0.11111613552347469,0.0,0.0005087217518116147
114.99,12581.56,17897.9,593.4,9236.75,0,0.0,23.09,0.45,ddos,1,30479.46,1.0050609739549727,0.9978291247050989,0.8620818399044206,0.0,0.19345558546433378,0.0,0.0007570659488559892
92.64,10193.04,16964.95,351.67,5305.79,0,0.0,31.52,0.45,ddos,1,27157.99,0.8979462456075988,0.6229087733655,1.1889852885703507,0.0,0.26268182720390165,0.0,0.0012759803782572943
98.64,13881.2,17826.65,657.92,5711.37,0,0.0,27.46,0.45,ddos,1,31707.850000000002,1.0619352162867635,1.0963962837978585,1.0346256734863042,0.0,0.14969950828628667,0.0,0.0006829357129848844
108.22,15441.86,13236.21,481.6,14993.6,0,0.0,31.25,0.41,ddos,1,28678.07,0.9596003805198721,0.8068664063115181,1.1539455706953214,0.0,0.2242436800663075,0.0,0.0008495648570244508
105.3,11246.03,13652.79,699.54,20597.42,0,0.0,21.72,0.41,ddos,1,24898.82,0.8579892596018457,1.164031729074835,0.8186958160572936,0.0,0.15031261598195678,0.0,0.0005852627972706769
102.39,11496.16,13451.43,328.05,11503.33,0,0.0,20.96,0.41,ddos,1,24947.59,0.8662806420388167,0.5925180708529154,0.8198388484706252,0.0,0.31116851542318796,0.0,0.0012460112444917185
88.99,11200.43,15336.54,718.79,21125.92,0,0.0,23.01,0.41,ddos,1,26536.97,0.9180718939290701,1.235123496884655,0.9373472380642008,0.0,0.12363328192945164,0.0,0.0005696105808638631
29.12,14905.59,17571.86,693.61,14640.28,0,0.0,21.62,0.41,ddos,1,32477.45,1.116796553174195,1.1441669113547361,0.8810105949470254,0.0,0.04192280560314421,0.0,0.0005902592821871265
95.4,19160.36,13127.39,428.69,23018.04,0,0.0,20.95,0.38,ddos,1,32287.75,1.095671179637543,0.7344556301012192,0.8528394056584571,0.0,0.22202052642602807,0.0,0.0008843584910051432
53.72,13242.99,13359.17,616.24,14704.8,0,0.0,30.92,0.38,ddos,1,26602.16,0.930880687547238,1.1064528118272523,1.2245544554455445,0.0,0.08703259672088652,0.0,0.0006156438338409695
55.4,15972.88,16280.15,761.75,19695.39,0,0.0,24.24,0.38,ddos,1,32253.03,1.121658501991739,1.3275855458306753,0.9556475458308692,0.0,0.07263192395935758,0.0,0.0004981973123566044
85.3,16391.0,13034.8,310.28,20213.59,0,0.0,27.07,0.38,ddos,1,29425.8,1.0153287527868162,0.5446882016406651,1.0862760834670948,0.0,0.2740298123875611,0.0,0.0012207658699563096
30.49,12873.31,13606.76,792.52,18861.75,0,0.0,32.8,0.35,ddos,1,26480.07,0.9304713123416328,1.3591330579121843,1.28859904140803,0.0,0.03842373223107168,0.0,0.00044107268877911077
96.71,15775.48,14266.3,458.39,13316.04,0,0.0,31.96,0.35,ddos,1,30041.78,1.0505903415342368,0.7892580055304363,1.252105778648384,0.0,0.210518296001219,0.0,0.0007618798841942576
61.55,16280.16,17301.34,451.7,24173.59,0,0.0,29.73,0.35,ddos,1,33581.5,1.1397696329107867,0.8124071496145698,1.1293018308896148,0.0,0.13596200574331788,0.0,0.0007731389441130992
86.48,17317.58,17682.86,315.28,22365.73,0,0.0,20.47,0.35,ddos,1,35000.44,1.14873446335657,0.5683536887647032,0.7790082581725464,0.0,0.273428607562919,0.0,0.0011066143923106108
59.6,19840.14,14630.06,471.59,5526.78,0,0.0,30.19,0.35,ddos,1,34470.2,1.1026223579040866,0.8897840586409563,1.1183552509724024,0.0,0.12611354451004042,0.0,0.0007405996741361434
69.69,10262.79,18886.0,431.21,19090.03,0,0.0,26.38,0.32,ddos,1,29148.79,0.9424374130917006,0.8559745119252032,0.9602853918677879,0.0,0.16124106337197197,0.0,0.0007403808333911756
71.84,11524.95,17176.38,332.07,5187.75,0,0.0,22.4,0.32,ddos,1,28701.33,0.9388567609765098,0.6720663505382481,0.8111239860950175,0.0,0.21569039541237578,0.0,0.0009607589996096917
68.78,15009.33,14153.63,503.76,16675.92,0,0.0,34.81,0.32,ddos,1,29162.96,0.946032629622673,1.0432945708338943,1.2429923227995001,0.0,0.136262778350107,0.0,0.0006339646564704018
69.74,11206.5,13176.27,574.93,16058.82,0,0.0,24.29,0.32,ddos,1,24382.77,0.8116885451466606,1.238611465983588,0.8671902891824349,0.0,0.12109110482176653,0.0,0.0005556230791936521
102.4,15108.97,19369.8,494.17,23796.31,0,0.0,22.0,0.29,ddos,1,34478.77,1.1287911901121437,1.0240549400905998,0.79991273679235,0.0,0.20679766544822992,0.0,0.0005856574509764323
94.69,12666.21,18776.9,799.2,24394.27,0,0.0,25.45,0.29,ddos,1,31443.11,1.012948773024466,1.6538708275562366,0.9507621040047818,0.0,0.11833291677080729,0.0,0.0003624093976505873
24.02,10119.96,19398.74,407.04,19404.78,0,0.0,32.66,0.29,ddos,1,29518.7,0.952558527731436,0.8513789100492579,1.2169312169312168,0.0,0.0588667777668856,0.0,0.0007107146358200176
94.88,11502.68,11813.67,711.89,21941.4,0,0.0,28.12,0.29,ddos,1,23316.35,0.778188500752044,1.4121607414195998,1.0540915395284327,0.0,0.13309206188893097,0.0,0.0004067948771900293
32.51,19253.46,17586.16,646.27,11587.71,0,0.0,30.65,0.29,ddos,1,36839.619999999995,1.2220295320215508,1.2030051394884338,1.1066979599205633,0.0,0.050226335223322566,0.0,0.00044803559565559966
72.02,16055.34,16778.97,622.56,21622.6,0,0.0,33.49,0.27,ddos,1,32834.31,1.0951095717923194,1.1271930618674295,1.1950044603033008,0.0,0.11549810764000257,0.0,0.0004329976265315287
100.47,13669.59,18111.92,798.46,5994.67,0,0.0,27.66,0.27,ddos,1,31781.51,1.0507693544221781,1.3555391445330076,0.9824885447376834,0.0,0.1256723288219548,0.0,0.0003377279663773047
118.36,18043.17,11911.04,533.24,13600.34,0,0.0,28.03,0.27,ddos,1,29954.21,0.9862692098321599,0.875380857322967,0.9761108789525004,0.0,0.22154836777478287,0.0,0.0005053908355795149
33.25,14845.06,18209.45,418.82,10263.59,0,0.0,28.55,0.27,ddos,1,33054.51,1.074580468528581,0.6972686620339694,1.016375934496262,0.0,0.07920060978514602,0.0,0.0006431327711876519
25.8,11471.23,12340.34,575.53,18216.26,0,0.0,22.05,0.27,ddos,1,23811.57,0.775538667449906,0.9580701760226927,0.7912868728916961,0.0,0.04475049000052036,0.0,0.00046831908140079444
47.7,13376.49,15830.75,362.67,16670.68,0,0.0,25.41,0.25,ddos,1,29207.239999999998,0.9678927169977126,0.6172391961441059,0.9008402169674194,0.0,0.1311628674347623,0.0,0.0006874364121318778
117.41,18192.89,12443.43,691.55,9274.61,0,0.0,26.18,0.25,ddos,1,30636.32,1.017972360857132,1.1989362052555204,0.9257425742574257,0.0,0.16953288571222294,0.0,0.00036098476644285613
81.63,11473.31,14343.6,335.77,23335.93,0,0.0,28.14,0.25,ddos,1,25816.91,0.8685176964840168,0.5894052057660846,1.0112117291936178,0.0,0.24239094931258723,0.0,0.0007423464085280756
115.34,18246.77,10978.35,386.92,10833.04,0,0.0,29.39,0.25,ddos,1,29225.120000000003,0.9640121635570135,0.7202813214961866,1.0513324986585584,0.0,0.29732934625696017,0.0,0.000644462775830068
75.7,17558.67,12180.14,595.13,22966.4,0,0.0,24.13,0.25,ddos,1,29738.809999999998,1.0044841846688706,1.1185287511864153,0.883785664578984,0.0,0.12698572459027394,0.0,0.0004193716135742204
84.29,10904.18,11412.27,573.13,12153.32,0,0.0,22.38,0.23,ddos,1,22316.45,0.7815452437665618,1.0872815021949376,0.8544593769089799,0.0,0.14681343946492956,0.0,0.00040060613449915527
87.83,18182.93,11878.59,871.1,13508.73,0,0.0,33.28,0.23,ddos,1,30061.52,1.0591656071435596,1.6300950997967758,1.2439261418853258,0.0,0.10071092764591216,0.0,0.0002637312234835455
87.91,17408.31,15966.73,858.05,11771.34,0,0.0,25.75,0.23,ddos,1,33375.04,1.161907620604387,1.5136707552212425,0.970745683480359,0.0,0.10233397357546127,0.0,0.0002677376171352075
24.82,15090.74,17908.05,547.98,18389.66,0,0.0,22.99,0.23,ddos,1,32998.79,1.1490318685924543,0.9451467186861291,0.8852522140931844,0.0,0.04521111880214215,0.0,0.0004189587963131626
89.71,18039.85,18650.98,674.65,16840.94,0,0.0,24.04,0.23,ddos,1,36690.83,1.2227544625612485,1.144066000220453,0.9186441973327218,0.0,0.1327758454821283,0.0,0.0003404129356915563
72.26,14741.01,11134.31,371.53,12444.07,0,0.0,30.27,0.21,ddos,1,25875.32,0.8720006203512621,0.6290923683626802,1.1356218345526168,0.0,0.19397095535929995,0.0,0.000563712989557888
56.53,13013.69,18921.17,873.32,23285.38,0,0.0,30.31,0.21,ddos,1,31934.86,1.0715186020102092,1.4345930566826226,1.1197724250036942,0.0,0.06465596120413579,0.0,0.00024018665934669227
36.19,15828.29,18829.41,567.37,18029.69,0,0.0,34.01,0.21,ddos,1,34657.7,1.129377213690394,0.897853835465994,1.2297956969806543,0.0,0.06367331139926456,0.0,0.00036947762900927213
38.61,15022.85,15336.53,341.88,17621.07,0,0.0,33.76,0.21,ddos,1,30359.38,0.9856663139710015,0.5449033652420889,1.201765627224833,0.0,0.11260499300046664,0.0,0.0006124591693887074
65.9,15794.16,15016.38,347.24,15620.83,0,0.0,28.29,0.27,ddos,1,30810.54,0.9968453842257174,0.5762124040655466,0.9923530237126421,0.0,0.1892373076039513,0.0,0.0007753273604410751
81.25,11630.37,11257.99,621.52,9117.05,0,0.0,20.05,0.27,ddos,1,22888.36,0.7391631531026053,1.0231388197489892,0.709106984969054,0.0,0.13051789500738933,0.0,0.00043372100494763223
70.8,14902.96,13907.84,474.51,17028.87,0,0.0,30.05,0.27,ddos,1,28810.8,0.9341974273675994,0.8356918308222013,1.0750572409845451,0.0,0.14889276776513638,0.0,0.0005678114024941642
90.73,15799.01,17753.6,796.02,10896.25,0,0.0,22.09,0.27,ddos,1,33552.61,1.087325752588825,1.4174094821599637,0.8007685057637932,0.0,0.11383654111565583,0.0,0.0003387618880329227
101.31,17550.72,13286.28,765.77,22941.53,0,0.0,20.33,0.27,ddos,1,30837.0,1.0063723535282265,1.3126413098815355,0.744143484626647,0.0,0.13212567001838882,0.0,0.00035212645252161666
102.94,18528.14,16914.91,700.78,5647.48,0,0.0,26.84,0.57,ddos,1,35443.05,1.1614213105485403,1.1958825516984815,0.9724637681159419,0.0,0.14668414602866994,0.0,0.0008122203539570806
61.39,18790.49,17868.55,768.93,14229.7,0,0.0,26.97,0.57,ddos,1,36659.04,1.1602675255783022,1.2288448446144846,0.988998899889989,0.0,0.07973452132012002,0.0,0.0007403270427181692
108.75,13179.68,19997.52,849.64,23018.42,0,0.0,21.21,0.57,ddos,1,33177.2,1.0459537153847744,1.3629873942435102,0.804628224582701,0.0,0.12784491676855075,0.0,0.0006700837016834383
67.73,15285.4,17539.26,852.8,5699.44,0,0.0,25.28,0.57,ddos,1,32824.659999999996,1.040854427144572,1.3081580404627025,0.991878212422019,0.0,0.07932771140782385,0.0,0.0006676036542515811
102.51,10322.79,11420.78,813.0,18141.61,0,0.0,24.19,0.57,ddos,1,21743.57,0.7088441631165349,1.1630551871832178,0.9861394211169997,0.0,0.12593366093366093,0.0,0.0007002457002457002
40.72,16909.54,15571.05,347.25,24066.08,0,0.0,32.55,0.52,ddos,1,32480.59,1.0531391796713594,0.4967654809147638,1.3042955601859272,0.0,0.11692749461593682,0.0,0.0014931801866475234
80.89,13012.18,17207.27,465.93,13897.79,0,0.0,29.0,0.52,ddos,1,30219.45,0.9570750367769586,0.6817194200710207,1.1218134694982786,0.0,0.17323795858051527,0.0,0.0011136572933844473
42.71,17994.62,10201.91,790.55,19846.16,0,0.0,23.33,0.52,ddos,1,28196.53,0.8947481656198621,1.1055607376651417,0.9265657889511099,0.0,0.05395742530478176,0.0,0.0006569389173141306
112.17,19608.5,17586.18,873.15,22269.34,0,0.0,31.56,0.52,ddos,1,37194.68,1.166797589415281,1.2080439414482969,1.2079920385822553,0.0,0.12831893839730024,0.0,0.0005948635817651433
58.19,19891.34,15956.26,616.44,23578.55,0,0.0,31.76,0.52,ddos,1,35847.6,1.1071374005026833,0.8708661617552946,1.1646925079760901,0.0,0.09424397512308887,0.0,0.0008421870951023581
71.03,17262.73,16939.84,486.09,22123.91,0,0.0,26.48,0.48,ddos,1,34202.57,1.0603939179011086,0.7081957755056251,0.9723497227628244,0.0,0.14582520684062494,0.0,0.0009854441684288325
53.23,17344.92,11949.56,424.49,17939.86,0,0.0,21.45,0.48,ddos,1,29294.479999999996,0.9294484543231035,0.6511241935533352,0.8039428807016228,0.0,0.12510282262802885,0.0,0.001128111118945216
73.82,15973.92,15316.02,866.66,13314.98,0,0.0,32.9,0.48,ddos,1,31289.940000000002,0.9987402570371028,1.325906161839311,1.1813285457809695,0.0,0.08507940898508631,0.0,0.0005532120876841159
68.72,11095.9,19231.16,788.05,21873.6,0,0.0,21.21,0.48,ddos,1,30327.059999999998,0.9757852140341233,1.2177031681451758,0.7728746857122034,0.0,0.08709207274570686,0.0,0.0006083264685381155
110.56,11873.15,10883.67,584.64,19307.57,0,0.0,29.74,0.48,ddos,1,22756.82,0.7298303593614721,0.9364353501781923,1.0622187299092791,0.0,0.18878491906290554,0.0,0.0008196161464380849
115.04,14348.8,18417.14,489.68,19691.87,0,0.0,31.67,0.44,ddos,1,32765.94,1.0498704769671625,0.7668408063041054,1.1347187388032962,0.0,0.23445015081111928,0.0,0.000896714763185783
41.63,19934.86,12363.92,447.86,8700.31,0,0.0,23.38,0.44,ddos,1,32298.78,1.0280525720746183,0.7033408139003489,0.8549071230071668,0.0,0.0927460678162456,0.0,0.0009802611059127567
38.85,13199.9,10417.97,372.56,12669.59,0,0.0,23.72,0.44,ddos,1,23617.87,0.7628615949302144,0.626191252550583,0.8661043560813524,0.0,0.10399935753292644,0.0,0.001177856301531213
47.32,14138.36,16194.84,347.37,9959.49,0,0.0,31.74,0.44,ddos,1,30333.2,1.0019744709435927,0.6404503082686804,1.158182813355227,0.0,0.13583259178459683,0.0,0.0012630249447426586
99.91,11517.37,13658.86,550.18,10786.38,0,0.0,31.11,0.49,ddos,1,25176.230000000003,0.8620139997929899,1.0269188700868674,1.137893196781273,0.0,0.18126564824558222,0.0,0.000889001778003556
62.4,15528.83,16726.5,326.08,20308.41,0,0.0,34.65,0.49,ddos,1,32255.33,1.111809376708909,0.6273700979496188,1.2305998508363816,0.0,0.1907790143084261,0.0,0.00149810443928091
59.99,10754.04,14181.37,873.15,5767.28,0,0.0,21.43,0.49,ddos,1,24935.410000000003,0.8726101775154225,1.5464300958338575,0.7611436689753152,0.0,0.06862666590402106,0.0,0.0005605445289710004
117.38,18641.01,14186.46,724.26,11366.38,0,0.0,25.04,0.49,ddos,1,32827.47,1.1426433350826442,1.3159200047966597,0.914903723190471,0.0,0.16184540716432727,0.0,0.0006756197777348813
48.0,17262.53,12270.55,664.1,14156.14,0,0.0,22.89,0.45,ddos,1,29533.079999999998,1.0308225689112251,1.234414150501498,0.8312452336855867,0.0,0.07216959855660803,0.0,0.0006765899864682002
23.48,16068.26,16407.24,504.44,18957.5,0,0.0,21.4,0.45,ddos,1,32475.5,1.09633483437463,0.9518310539504271,0.8014080814889714,0.0,0.04645457423235201,0.0,0.0008903133903133903
62.57,13354.74,19859.02,868.07,24200.59,0,0.0,22.03,0.45,ddos,1,33213.76,1.119565082193437,1.5288117265197505,0.855899607599363,0.0,0.0719965020078935,0.0,0.0005177948841865442
51.78,18340.48,12890.55,331.89,17823.79,0,0.0,24.14,0.45,ddos,1,31231.03,1.0565341113606384,0.5966990884737778,0.9351152430757312,0.0,0.15554687734687134,0.0,0.0013517978911952897
83.75,16297.59,18917.43,807.47,5172.75,0,0.0,24.25,0.45,ddos,1,35215.020000000004,1.1463370799420813,1.3464543164010065,0.9374516777485696,0.0,0.10359073311316437,0.0,0.0005566069241901369
78.47,13965.03,16575.57,534.38,8301.15,0,0.0,34.58,0.41,ddos,1,30540.6,0.9935022520731144,0.8641304523594684,1.322269807280514,0.0,0.1465687922597034,0.0,0.000765811199521835
44.83,11494.31,14345.82,385.49,20179.29,0,0.0,34.19,0.41,ddos,1,25840.129999999997,0.8387818987492116,0.6404201132019677,1.2921390778533635,0.0,0.11599265181505342,0.0,0.0010608295169344613
23.97,18464.88,19502.86,797.61,18942.63,0,0.0,26.6,0.41,ddos,1,37967.740000000005,1.2100124756301986,1.228820217968035,1.0368349249658937,0.0,0.03001465045516585,0.0,0.0005133920186323737
59.36,11185.9,15871.56,787.72,6349.37,0,0.0,22.81,0.41,ddos,1,27057.46,0.8565149314285304,1.229769117764147,0.8843484666382352,0.0,0.07526118267572776,0.0,0.0005198295973222436
113.32,12181.46,10384.63,873.06,8408.72,0,0.0,21.79,0.38,ddos,1,22566.089999999997,0.7383215458976774,1.3320557868735152,0.8555834773048531,0.0,0.12964785026199574,0.0,0.0004347527629682173
57.84,16096.83,10402.9,610.08,15716.0,0,0.0,24.59,0.38,ddos,1,26499.73,0.8757142017770504,0.9385542928613076,0.9591231765348311,0.0,0.09465209137919749,0.0,0.0006218498396281993
48.92,11641.0,14728.99,490.52,18833.98,0,0.0,28.6,0.38,ddos,1,26369.989999999998,0.8893710673687878,0.7562412411409295,1.0850595644586085,0.0,0.09952799479166667,0.0,0.0007731119791666667
75.84,13267.51,14092.82,585.98,16520.61,0,0.0,27.01,0.38,ddos,1,27360.33,0.9413558222912298,0.9444892169820445,1.0057342865653858,0.0,0.12920372074005929,0.0,0.0006473815121469215
47.79,13169.76,15730.77,690.37,24422.63,0,0.0,22.94,0.38,ddos,1,28900.53,1.002385147324676,1.0519635270956378,0.8580191502094554,0.0,0.06912362410865383,0.0,0.0005496333367082749
110.24,18009.32,18434.83,673.14,5455.44,0,0.0,31.98,0.35,ddos,1,36444.15,1.258662029534091,1.0471427349164248,1.1625286269948019,0.0,0.1635268638561723,0.0,0.0005191799922864686
75.04,15877.17,14158.65,662.83,18177.63,0,0.0,22.5,0.35,ddos,1,30035.82,1.039150819515934,1.0109047096144461,0.8554807801984716,0.0,0.1130409894099393,0.0,0.0005272434207553138
70.36,18873.39,13170.51,480.48,12129.96,0,0.0,22.54,0.35,ddos,1,32043.9,1.0853298001861094,0.7223318835982495,0.8967218332272436,0.0,0.146132757331561,0.0,0.0007269253136163495
57.51,14849.81,18299.28,360.35,12284.92,0,0.0,30.98,0.32,ddos,1,33149.09,1.141391114720049,0.5798507690847094,1.2113865644795496,0.0,0.15915317559153175,0.0,0.0008855680088556801
24.84,11845.92,12893.6,723.21,12806.84,0,0.0,31.64,0.32,ddos,1,24739.52,0.8586856752033041,1.1759473952930233,1.1959027856521904,0.0,0.034299443531572334,0.0,0.0004418607862360365
90.88,16126.09,13127.97,652.08,9888.64,0,0.0,21.22,0.32,ddos,1,29254.059999999998,0.9923455154514399,1.0998070513944922,0.8037878787878788,0.0,0.13915599926502112,0.0,0.0004899859129050039
98.9,13768.58,11121.74,868.66,12344.32,0,0.0,31.96,0.32,ddos,1,24890.32,0.8489550943318872,1.4038677229694132,1.1777278254781296,0.0,0.11372260423613827,0.0,0.00036795989237173153
104.81,19329.36,11283.95,565.19,11343.93,0,0.0,33.21,0.32,ddos,1,30613.31,1.0292574382706474,0.9025292664504518,1.2033480687006304,0.0,0.1851145375227397,0.0,0.0005651812995637506
118.56,11168.92,13240.88,667.96,12007.72,0,0.0,33.39,0.29,ddos,1,24409.8,0.8289105730260578,1.0528555688834176,1.182532936676583,0.0,0.17723032767280555,0.0,0.0004335087299689069
49.66,18315.88,18231.98,627.87,6758.96,0,0.0,26.45,0.29,ddos,1,36547.86,1.2096820077779662,0.9995112842399515,0.9252457410711162,0.0,0.07896703611239206,0.0,0.00046114459268211235
96.6,18399.79,16899.65,384.32,16265.96,0,0.0,24.46,0.29,ddos,1,35299.44,1.1728046410044526,0.6412868453766508,0.8787497754625473,0.0,0.2507007162877608,0.0,0.0007526211979653275
57.62,18291.44,17607.76,362.89,7666.3,0,0.0,21.57,0.29,ddos,1,35899.2,1.1699400188693694,0.6374308142792652,0.7775214476245403,0.0,0.1583445546731155,0.0,0.0007969441314683008
73.13,17230.08,19939.05,647.35,12475.17,0,0.0,29.75,0.29,ddos,1,37169.130000000005,1.1914262231388724,1.1047154549239915,1.0452165969855602,0.0,0.1127940155780057,0.0,0.0004472892727693375
83.94,19342.75,11720.65,336.19,13971.23,0,0.0,24.19,0.27,ddos,1,31063.4,1.0024136614866548,0.5760900111725716,0.8706449755254823,0.0,0.24893976689700167,0.0,0.0008007354903763458
74.35,18927.55,19959.79,890.32,17715.99,0,0.0,29.79,0.27,ddos,1,38887.34,1.200101125234258,1.4831671061815843,1.079386934309214,0.0,0.08341560831126867,0.0,0.00030292150967104966
29.78,16596.86,11577.44,767.58,13481.79,0,0.0,24.8,0.27,ddos,1,28174.300000000003,0.8723933215277341,1.2545580248204986,0.8870765818936224,0.0,0.038746779775690236,0.0,0.000351297197429025
22.56,16723.61,17274.99,420.29,9926.74,0,0.0,28.9,0.27,ddos,1,33998.600000000006,1.0238618418623635,0.7412574339148778,1.0451701565946983,0.0,0.053549811293883066,0.0,0.000640888698995941
64.01,17455.9,14285.55,834.14,16048.78,0,0.0,33.65,0.27,ddos,1,31741.45,0.9526516540746717,1.404533828598177,1.2150207618703737,0.0,0.0766458318365783,0.0,0.00032329908757813066
106.65,10134.66,10054.69,712.77,24418.93,0,0.0,20.54,0.33,ddos,1,20189.35,0.6137138858863361,1.1911820740275278,0.7777357061719047,0.0,0.14941787970915002,0.0,0.00046233380500721523
105.04,17701.2,10772.34,643.13,12462.42,0,0.0,33.04,0.33,ddos,1,28473.54,0.887314338067737,1.0720655844826956,1.2205844323765194,0.0,0.16307267166565756,0.0,0.0005123189418285129
29.1,13676.86,10729.84,457.93,21895.39,0,0.0,27.25,0.33,ddos,1,24406.7,0.7873052587457136,0.7540933934285041,0.996416556969431,0.0,0.06340836293116597,0.0,0.0007190639095286863
86.38,15142.22,17801.12,302.58,19851.46,0,0.0,24.21,0.33,ddos,1,32943.34,1.0729081836454106,0.5032699741196351,0.876792698826597,0.0,0.2845378483431056,0.0,0.0010870281309704197
95.77,18705.66,17953.76,328.64,10561.92,0,0.0,25.94,0.33,ddos,1,36659.42,1.195919819777969,0.577212539759764,0.9525907972531306,0.0,0.290529062007038,0.0,0.0010010921004732435
53.17,13853.62,15619.09,438.03,13705.04,0,0.0,23.82,0.38,ddos,1,29472.71,0.9664870997969317,0.7558222800457604,0.8759285136427154,0.0,0.12110789695465003,0.0,0.0008655444958203313
49.44,15790.43,19537.09,837.71,11333.44,0,0.0,23.88,0.38,ddos,1,35327.520000000004,1.1721649641542184,1.458713519537508,0.8976431229560576,0.0,0.05894766963551167,0.0,0.00045307674881663507
94.57,15107.63,10619.51,839.66,21249.15,0,0.0,34.22,0.38,ddos,1,25727.14,0.8606128251185851,1.4439850865366093,1.2423307315302232,0.0,0.11249494444840957,0.0,0.0004520257892608189
74.82,17958.44,16237.05,541.23,6638.37,0,0.0,28.03,0.38,ddos,1,34195.49,1.1431393932124532,0.9118032554895533,1.020831815864229,0.0,0.13798572561459158,0.0,0.000700809619534146
46.91,12280.64,15938.27,703.94,11381.49,0,0.0,20.07,0.35,ddos,1,28218.91,0.9545859988014104,1.2125147701709724,0.7689655172413793,0.0,0.06654467046840865,0.0,0.0004964961557011944
114.58,17520.47,10633.2,679.35,21602.81,0,0.0,34.01,0.35,ddos,1,28153.670000000002,0.9273935922458789,1.1769342711617754,1.2391153860166868,0.0,0.16841331667524068,0.0,0.0005144410964944513
63.57,12764.75,12106.64,350.89,9271.3,0,0.0,33.4,0.35,ddos,1,24871.39,0.8291118608073992,0.6403148928094365,1.2152967288869483,0.0,0.18065304498564894,0.0,0.0009946290033817386
35.5,11460.08,16133.69,352.54,22502.28,0,0.0,25.74,0.35,ddos,1,27593.77,0.9101947544056775,0.6559408473608122,0.9417532562564027,0.0,0.10041296600101826,0.0,0.0009899869887424336
24.22,5198.1,3229.15,114.09,2761.62,0,0.0,17.83,0.32,ddos,1,8427.25,0.30243432853298724,0.21999274982260208,0.6679403611298419,0.0,0.21044400034755406,0.0,0.0027804327048396907
9.05,4682.38,4093.65,224.8,2276.13,0,0.0,16.87,0.32,ddos,1,8776.03,0.34997185400066394,0.4423246442513537,0.6542056074766356,0.0,0.040079716563330384,0.0,0.0014171833480956597
27.51,5655.28,5998.02,249.98,3516.66,0,0.0,10.59,0.32,ddos,1,11653.3,0.5002608561602685,0.5107688912772083,0.4328809679529104,0.0,0.10961032751613675,0.0,0.0012750019921906129
8.22,4946.97,4677.03,243.39,5903.55,0,0.0,19.47,0.32,ddos,1,9624.0,0.46438698529417083,0.5660403686623084,0.81047329642426,0.0,0.03363476410655101,0.0,0.0013093825442939565
9.91,5341.64,3429.49,259.79,2011.66,0,0.0,10.39,0.3,ddos,1,8771.130000000001,0.4609471458960442,0.6983602150537634,0.4801293900184843,0.0,0.03799992330994286,0.0,0.0011503508570113884
8.13,4052.55,3328.5,146.09,3290.07,0,0.0,14.41,0.3,ddos,1,7381.05,0.451521834214736,0.4393869215545918,0.7106223493441168,0.0,0.05527228227615746,0.0,0.0020395676116663265
18.68,4709.92,3406.63,165.97,5009.96,0,0.0,13.0,0.3,ddos,1,8116.55,0.5661334519649902,0.595538395846266,0.6642481222216545,0.0,0.1118763849793376,0.0,0.0017967299514882913
11.65,5401.6,4616.52,291.11,4198.02,0,0.0,12.09,0.3,ddos,1,10018.12,0.7999610963887276,1.213641006399433,0.6956671845330572,0.0,0.039882236143918386,0.0,0.0010270103728047652
25.95,5149.65,3640.41,219.43,2845.06,0,0.0,12.65,0.3,ddos,1,8790.06,0.805309989092201,0.9678500699103296,0.8265812859383169,0.0,0.11772444767046226,0.0,0.0013609762736469626
10.47,3859.1,5583.65,291.79,5173.76,0,0.0,11.39,0.27,ddos,1,9442.75,1.0376620984735865,1.3224470187269992,0.8212560386473431,0.0,0.03575941801291028,0.0,0.0009221626421667407
21.19,5995.47,3113.49,244.68,2539.01,0,0.0,13.49,0.27,ddos,1,9108.96,0.9935390772120357,1.0469698720170475,1.0040937848902123,0.0,0.08625040703353956,0.0,0.0010989905568218822
17.46,5000.95,4339.11,296.06,4027.21,0,0.0,16.57,0.27,ddos,1,9340.06,1.0125167514074866,1.2293369984511833,1.2361059306229019,0.0,0.05877600484750556,0.0,0.0009089072914562715
6.48,4084.62,4177.92,147.69,2626.37,0,0.0,17.96,0.27,ddos,1,8262.54,0.9298879683151986,0.6404596704249783,1.2699759581388772,0.0,0.04358060394108548,0.0,0.0018158584975452284
7.25,5237.96,3437.58,170.86,2414.35,0,0.0,13.93,0.27,ddos,1,8675.54,0.9869024862251778,0.7649979628112309,1.0251692670002943,0.0,0.04218549982543931,0.0,0.001571046200395671
15.23,5466.47,3050.36,176.12,3852.61,0,0.0,16.08,0.25,ddos,1,8516.83,0.9716589813908245,0.819238998976649,1.1358338631065903,0.0,0.08598690153568202,0.0,0.001411472448057814
15.83,4040.65,5382.08,284.29,2673.56,0,0.0,18.05,0.25,ddos,1,9422.73,1.0505402025149022,1.2425262237762238,1.2430273397148957,0.0,0.05548739878719899,0.0,0.0008763013074415506
7.31,5792.52,5557.25,106.22,3225.56,0,0.0,17.61,0.25,ddos,1,11349.77,1.2213593499266524,0.4766969594973634,1.1754104925911093,0.0,0.06817757880992352,0.0,0.002331654542063048
26.51,3341.71,3781.16,186.72,4852.63,0,0.0,17.18,0.25,ddos,1,7122.87,0.7911477360688315,0.8791539932010584,1.1090310502872636,0.0,0.14122096739825274,0.0,0.0013317707223524397
25.12,4908.33,3731.17,296.95,5811.44,0,0.0,16.48,0.23,ddos,1,8639.5,0.9612095029513845,1.3489265824164842,1.0381756331107472,0.0,0.08430944789394194,0.0,0.000771941600939755
16.96,5733.8,3941.7,213.9,4038.94,0,0.0,19.62,0.23,ddos,1,9675.5,1.0736919667577733,1.0073040136756002,1.1750613882733427,0.0,0.07892042810609586,0.0,0.0010702652396463472
25.25,4607.62,3639.9,152.97,2752.05,0,0.0,12.05,0.23,ddos,1,8247.52,0.924062265343654,0.7528866314266307,0.727964719386214,0.0,0.1639929856465545,0.0,0.0014937974930181205
23.11,5217.55,5557.41,167.11,3162.25,0,0.0,15.44,0.23,ddos,1,10774.96,1.1881382890039403,0.8782182328426608,0.9391727493917273,0.0,0.13746951400868476,0.0,0.0013681518053655344
22.88,3822.9,5746.34,224.34,3791.03,0,0.0,17.62,0.23,ddos,1,9569.24,1.0401974205838047,1.1333279447127529,1.0739973180543705,0.0,0.10153545753084228,0.0,0.001020679861542558
23.31,3070.23,5886.53,116.29,4010.84,0,0.0,17.75,0.21,ddos,1,8956.76,0.9706522888804505,0.6041321412429672,1.0573028353585894,0.0,0.19873817034700314,0.0,0.0017904339670901184
24.21,4954.89,3370.49,115.93,4057.6,0,0.0,14.15,0.21,ddos,1,8325.380000000001,0.9041048613861463,0.6217019177141877,0.8526664658029526,0.0,0.20704695116736507,0.0,0.0017959462926537243
15.03,3561.81,5431.0,137.02,2073.67,0,0.0,18.97,0.21,ddos,1,8992.81,0.9811660793693171,0.7978107077353053,1.1368130880326002,0.0,0.10889726126648311,0.0,0.0015215186204897838
20.87,4934.71,5634.82,229.29,2232.9,0,0.0,14.51,0.21,ddos,1,10569.529999999999,1.1630963596106128,1.2457892334774956,0.8859986566526225,0.0,0.09062486430153285,0.0,0.0009118936992487732
26.82,5528.89,3624.54,202.61,5773.97,0,0.0,13.57,0.21,ddos,1,9153.43,0.9852501430768306,1.0914076093104432,0.8472777222777224,0.0,0.13172241049064387,0.0,0.0010313835273316634
5.67,4832.68,3324.49,212.6,3973.04,0,0.0,16.91,0.2,ddos,1,8157.17,0.8825975981987032,1.1997336433303611,1.0529920916619964,0.0,0.02654494382022472,0.0,0.0009363295880149814
21.74,5438.88,5187.38,250.28,3076.53,0,0.0,10.03,0.2,ddos,1,10626.26,1.1380434570742353,1.383955232133773,0.6642384105960265,0.0,0.08651703279210442,0.0,0.000795924864692773
19.81,4968.32,4342.24,235.42,2182.87,0,0.0,19.89,0.2,ddos,1,9310.56,0.9859111081461431,1.2450221853201402,1.252203475195165,0.0,0.08379155739785128,0.0,0.0008459521191100585
14.68,4937.66,4108.55,174.16,3397.32,0,0.0,17.21,0.18,ddos,1,9046.21,0.975781316152387,0.9176264792353814,1.0715397546852625,0.0,0.08380908883306691,0.0,0.001027631879424526
23.92,5617.35,5653.88,282.66,5204.06,0,0.0,17.19,0.18,ddos,1,11271.23,1.193868106693681,1.4448999621727174,1.073167686352853,0.0,0.0843263061411549,0.0,0.0006345625044066839
17.06,3907.11,3955.84,250.7,5439.99,0,0.0,10.54,0.18,ddos,1,7862.950000000001,0.8426196582712439,1.199137118722706,0.6890239916323462,0.0,0.06777910210568136,0.0,0.0007151370679380214
11.94,5294.41,3262.05,139.6,4821.85,0,0.0,17.04,0.18,ddos,1,8556.46,0.9146734446069184,0.660253317820218,1.0932888489670218,0.0,0.08492176386913229,0.0,0.0012802275960170698
25.51,5117.02,4697.53,216.67,5787.72,0,0.0,14.99,0.18,ddos,1,9814.55,1.0400256018039944,0.9875614747560382,0.9869633921516988,0.0,0.11719575504203612,0.0,0.0008269398630955116
5.16,4336.87,5296.71,270.99,2033.81,0,0.0,11.5,0.17,ddos,1,9633.58,1.0310748733843933,1.2121090133247454,0.7724860616645395,0.0,0.01897128570903342,0.0,0.0006250229787859848
13.07,5477.72,5124.15,155.81,5555.86,0,0.0,15.93,0.17,ddos,1,10601.869999999999,1.1173878730415963,0.7118219736944295,1.0533624280896647,0.0,0.08334927619412028,0.0,0.0010841145335118935
27.65,5058.88,3581.67,139.63,5463.59,0,0.0,16.81,0.17,ddos,1,8640.55,0.9060578485306123,0.6599020756928428,1.112287434658903,0.0,0.19661523145843704,0.0,0.0012088459077010596
26.4,5651.41,4211.67,107.34,3542.7,0,0.0,11.51,0.17,ddos,1,9863.08,1.042597417533676,0.5440501170817748,0.7542100779765415,0.0,0.2436773121654052,0.0,0.0015691342071257155
5.06,3996.74,3095.26,108.58,3199.49,0,0.0,16.22,0.15,ddos,1,7092.0,0.7676780272623119,0.5881460777622499,1.089029139250705,0.0,0.0461763095455375,0.0,0.0013688629311918233
24.79,4523.39,4052.41,126.23,4342.68,0,0.0,11.45,0.15,ddos,1,8575.8,0.9330439408012463,0.7019758537656893,0.7996926945104064,0.0,0.19484398333726322,0.0,0.0011789672247111528
6.93,3531.53,4047.89,141.68,3022.72,0,0.0,17.6,0.15,ddos,1,7579.42,0.8591473205814628,0.8549205602119199,1.2257120969426842,0.0,0.04857022708158116,0.0,0.0010513036164844407
12.33,3745.37,5516.58,110.51,4169.25,0,0.0,12.06,0.15,ddos,1,9261.95,1.033477625233683,0.7284580498866213,0.8310936530907587,0.0,0.11057304277643261,0.0,0.0013451708366962604
9.77,5772.97,5386.25,255.83,3595.99,0,0.0,13.29,0.15,ddos,1,11159.220000000001,1.2100385569520165,1.566366859123109,0.9401528013582343,0.0,0.038040727329361826,0.0,0.0005840439201027916
29.87,4666.85,5222.81,224.42,4949.52,0,0.0,14.55,0.14,ddos,1,9889.66,1.0715024400000304,1.367564076001511,1.032500709622481,0.0,0.1325082069026706,0.0,0.0006210629047999291
17.98,3687.53,4849.44,217.39,4365.02,0,0.0,16.78,0.14,ddos,1,8536.97,0.9360659347117757,1.3694548386690353,1.1477428180574556,0.0,0.0823297770044416,0.0,0.000641054993360502
6.72,5904.41,5736.28,285.01,4271.39,0,0.0,17.67,0.14,ddos,1,11640.689999999999,1.262009246813778,1.6602975614871085,1.1944031364066514,0.0,0.02349568196916192,0.0,0.00048949337435754
21.31,4364.3,4694.02,244.96,5850.98,0,0.0,19.3,0.14,ddos,1,9058.32,0.9776173679494213,1.3444935371442686,1.282988765538789,0.0,0.08664010408196454,0.0,0.0005691982436168483
21.11,5095.84,5546.01,206.9,2313.63,0,0.0,16.23,0.14,ddos,1,10641.85,1.138946837125096,1.0767573418821657,1.046084434418305,0.0,0.10153920153920154,0.0,0.0006734006734006734
26.0,3463.47,5204.3,216.65,5259.15,0,0.0,17.33,0.29,ddos,1,8667.77,0.9122849671592904,1.0674622335655652,1.1090490208626647,0.0,0.11945784516425453,0.0,0.0013324144268320698
21.4,4470.38,3363.69,113.67,3918.27,0,0.0,15.8,0.29,ddos,1,7834.07,0.8310254214706027,0.5635541541481989,0.9837494552020423,0.0,0.1866224819045958,0.0,0.002528996250109008
25.62,4040.79,4112.31,256.98,5391.55,0,0.0,14.24,0.29,ddos,1,8153.1,0.8596362854214729,1.2051662039468747,0.905564387917329,0.0,0.09931002403287076,0.0,0.001124118148693697
5.21,3410.51,5858.17,158.39,4695.52,0,0.0,14.37,0.29,ddos,1,9268.68,0.9771900635453773,0.7264929822952023,0.9006016545500125,0.0,0.032687119643641384,0.0,0.0018194366020452977
18.61,5253.28,4836.07,241.59,4081.15,0,0.0,16.26,0.27,ddos,1,10089.349999999999,1.0758477832162479,1.115394559456315,1.0004306897188213,0.0,0.07671379694134135,0.0,0.001112988993775506
7.66,5723.06,3981.9,193.09,5696.5,0,0.0,16.31,0.27,ddos,1,9704.960000000001,1.0369016716141843,0.9045595723849097,0.9927567106945034,0.0,0.03946622700808903,0.0,0.0013911072183007884
15.12,5456.32,3233.67,185.16,4009.54,0,0.0,19.36,0.27,ddos,1,8689.99,0.9269443293022053,0.8807077625570776,1.160184574818721,0.0,0.0812204555221315,0.0,0.0014503652771809198
10.0,3241.53,3259.46,219.54,4533.66,0,0.0,13.19,0.27,ddos,1,6500.99,0.7336708608192298,1.0777984515913654,0.812242133136277,0.0,0.045343248390314686,0.0,0.0012242677065384966
27.38,3524.07,3286.47,136.95,5323.26,0,0.0,19.09,0.24,ddos,1,6810.54,0.7886101760858161,0.7099827882960412,1.1770871870760884,0.0,0.1984777093149692,0.0,0.0017397607828923524
11.85,3437.41,3758.18,144.17,4719.68,0,0.0,14.5,0.24,ddos,1,7195.59,0.8678268743523491,0.7725365584426023,0.9037083203490185,0.0,0.08162843562719571,0.0,0.0016532341392849763
9.16,4294.94,5491.35,116.44,2406.98,0,0.0,17.29,0.24,ddos,1,9786.29,1.1645692506660437,0.6593506155222596,1.077862976123683,0.0,0.07799727520435967,0.0,0.0020435967302452314
25.75,5381.68,5924.36,170.93,3303.83,0,0.0,10.08,0.24,ddos,1,11306.04,1.2920372003917926,0.9375068559268116,0.6516258323097809,0.0,0.14977025533647415,0.0,0.0013959169429418948
16.45,5922.48,5888.77,154.92,4584.96,0,0.0,17.58,0.22,ddos,1,11811.25,1.295609172424808,0.9000801775526092,1.1124470037334684,0.0,0.10550282195997948,0.0,0.0014109799897383275
14.53,4738.43,5890.14,250.67,3331.31,0,0.0,13.62,0.22,ddos,1,10628.57,1.1487418827440403,1.382274767571383,0.865971515768057,0.0,0.057734334644574246,0.0,0.0008741606071442763
24.72,5284.87,5662.82,193.76,5354.56,0,0.0,19.51,0.22,ddos,1,10947.689999999999,1.1723566159655545,1.097398662233877,1.215349155921012,0.0,0.12692544670363523,0.0,0.0011295953994660095
16.92,4773.03,4617.67,171.24,5169.81,0,0.0,17.83,0.22,ddos,1,9390.7,1.0090187084341338,0.9820046106733649,1.1002776920703488,0.0,0.09823502090106828,0.0,0.0012772875058058523
24.39,3524.71,4060.31,173.96,2154.16,0,0.0,12.43,0.29,ddos,1,7585.02,0.8247932748371405,1.0040517609576471,0.8013151108818979,0.0,0.13940329218106995,0.0,0.001657521719250114
23.93,3744.43,3009.35,258.6,4778.13,0,0.0,19.18,0.29,ddos,1,6753.78,0.7323912137518791,1.4596644916574473,1.1904909689032337,0.0,0.09218027734976887,0.0,0.0011171032357473033
12.54,3988.05,5027.77,170.39,3339.5,0,0.0,12.74,0.29,ddos,1,9015.82,0.9548557917618743,0.943947082677776,0.8232101318170071,0.0,0.07316646245405216,0.0,0.001692047377326565
24.07,3596.84,4323.54,221.13,2052.46,0,0.0,13.97,0.29,ddos,1,7920.38,0.8324488988133337,1.174948460181505,0.9057900538157299,0.0,0.10835996938729574,0.0,0.0013055417998469364
10.53,4523.84,3501.95,162.11,2465.02,0,0.0,11.45,0.29,ddos,1,8025.79,0.8594299472378018,0.840945992913872,0.7716153379607789,0.0,0.06455766047452638,0.0,0.0017779412666298815
26.5,3526.55,4004.11,292.29,5378.59,0,0.0,16.23,0.26,ddos,1,7530.66,0.840384842437746,1.4264520001756895,1.050213536948363,0.0,0.09035425687885709,0.0,0.0008864945957925602
12.42,3580.88,4768.79,251.63,3392.61,0,0.0,10.7,0.26,ddos,1,8349.67,0.9692229937103647,1.1726738062615927,0.7246376811594203,0.0,0.049162807267545426,0.0,0.0010291730989985355
28.43,4675.16,5324.32,270.21,4079.57,0,0.0,10.29,0.26,ddos,1,9999.48,1.169270123512918,1.247898693957475,0.7129494907503636,0.0,0.1048265181962317,0.0,0.0009586667158290624
12.86,4271.46,4174.61,119.06,3997.72,0,0.0,18.99,0.26,ddos,1,8446.07,1.0173858796056778,0.5694961303345419,1.3204923162506084,0.0,0.10711311011161086,0.0,0.002165583874729302
14.92,5710.5,3397.13,191.01,3106.97,0,0.0,12.57,0.24,ddos,1,9107.630000000001,1.1008287977295996,0.9050933713673773,0.9072536990256225,0.0,0.07770428623509193,0.0,0.0012499348992239987
28.69,3844.22,5153.26,143.9,3002.07,0,0.0,17.18,0.24,ddos,1,8997.48,1.0692604207220813,0.691717179485947,1.198883461270063,0.0,0.19799861973775018,0.0,0.0016563146997929604
28.46,5639.01,5398.43,162.18,5712.2,0,0.0,18.92,0.24,ddos,1,11037.44,1.2481496751909582,0.8174765992408931,1.3227069351230427,0.0,0.17440862850839564,0.0,0.0014707684765289863
6.05,4171.37,5905.8,246.12,2512.44,0,0.0,10.29,0.24,ddos,1,10077.17,1.126044327875066,1.1949661105824319,0.7319154989686323,0.0,0.02448203302039495,0.0,0.0009711880867594691
26.36,5829.74,4768.59,155.95,4491.88,0,0.0,19.84,0.24,ddos,1,10598.33,1.1498711290432477,0.7819159070625632,1.3546360781100644,0.0,0.16795157693532972,0.0,0.0015291494106403315
10.87,3919.87,4153.85,189.84,5596.17,0,0.0,18.49,0.22,ddos,1,8073.72,0.8755070206191548,0.9387841894184029,1.204560260586319,0.0,0.056958708866065806,0.0,0.001152798155522951
23.25,5223.38,4325.18,191.3,3118.27,0,0.0,12.66,0.22,ddos,1,9548.560000000001,1.0132651637306729,0.9957318342702478,0.8443940505569266,0.0,0.12090483619344773,0.0,0.001144045761830473
22.9,4537.53,3327.13,264.24,5758.27,0,0.0,13.79,0.22,ddos,1,7864.66,0.838892234647395,1.3664217270569499,0.9011893870082343,0.0,0.08633690242798973,0.0,0.0008294374905745739
19.19,5879.57,3808.24,264.24,4096.3,0,0.0,17.97,0.22,ddos,1,9687.81,1.0368072730331608,1.3706531662378623,1.118232731798382,0.0,0.07234957020057307,0.0,0.0008294374905745739
20.75,5461.99,5531.55,246.17,3095.26,0,0.0,10.86,0.22,ddos,1,10993.54,1.1453233866402242,1.1979366894571646,0.71180441764436,0.0,0.08395031759517742,0.0,0.0008900756564307967
28.17,4510.22,3037.09,264.65,4534.06,0,0.0,16.93,0.2,ddos,1,7547.31,0.7992828671588614,1.2433112999685236,1.0788249538010577,0.0,0.10604178430265389,0.0,0.0007528703180877095
5.22,4011.69,5945.07,269.2,2473.09,0,0.0,13.48,0.2,ddos,1,9956.76,1.043846378844539,1.1943794950064113,0.8797232917835934,0.0,0.01931902294596595,0.0,0.0007401924500370097
29.52,5218.61,4954.4,151.67,5215.48,0,0.0,13.76,0.2,ddos,1,10173.009999999998,1.076271303892992,0.6760780607832823,0.9292902005808065,0.0,0.19335822361957164,0.0,0.0013100150651732497
13.38,4495.17,4824.45,118.52,5768.54,0,0.0,18.86,0.2,ddos,1,9319.619999999999,0.9939515793596044,0.5601716624601802,1.2040347293156284,0.0,0.11194779116465864,0.0,0.001673360107095047
22.81,5064.08,5021.75,100.51,4065.62,0,0.0,18.51,0.2,ddos,1,10085.83,1.081580837573332,0.4878321053806653,1.1918099285300368,0.0,0.22470692542606638,0.0,0.001970249236528421
18.16,3223.78,5803.84,256.69,3719.57,0,0.0,17.78,0.19,ddos,1,9027.62,0.9582980555539045,1.206709320747089,1.1500646830530403,0.0,0.07047227288602585,0.0,0.0007373200357018122
11.28,4713.87,4729.87,146.38,5171.73,0,0.0,12.16,0.19,ddos,1,9443.74,1.003586613800865,0.7029828024223563,0.7890979883192732,0.0,0.07653684353372235,0.0,0.0012891844212240468
27.08,5458.37,4629.63,290.83,2823.51,0,0.0,18.56,0.19,ddos,1,10088.0,1.0473069635116097,1.3790863310034802,1.1682507710706866,0.0,0.09279374978583421,0.0,0.0006510639756022342
20.16,4004.44,5281.55,256.61,5346.68,0,0.0,16.63,0.19,ddos,1,9285.99,0.9680830413061025,1.2212370849454843,1.0556719355043482,0.0,0.07825783160591591,0.0,0.0007375490081906758
24.03,3139.03,3139.88,244.88,2643.53,0,0.0,10.99,0.19,ddos,1,6278.91,0.688425719181653,1.1661285560539825,0.6970696435367246,0.0,0.09773060029282578,0.0,0.0007727346673173907
25.32,3307.85,5194.61,227.47,3448.51,0,0.0,12.5,0.17,ddos,1,8502.46,0.922556534725723,1.1027458356764723,0.815767147425439,0.0,0.11082417822908916,0.0,0.0007440801855823523
17.59,3903.74,5123.61,230.92,5913.71,0,0.0,18.73,0.17,ddos,1,9027.349999999999,0.9894880696611174,1.1406385837350825,1.1818525996971228,0.0,0.07584511900655398,0.0,0.0007330113832355985
23.39,3402.11,3917.58,268.59,4967.09,0,0.0,16.52,0.17,ddos,1,7319.6900000000005,0.828214010964796,1.2542729055757913,1.0245596626147355,0.0,0.08676137838940615,0.0,0.0006305871879520755
17.8,3948.68,5506.65,205.73,4296.87,0,0.0,18.05,0.17,ddos,1,9455.33,1.0682187816472073,0.9231314586221904,1.1251012902823663,0.0,0.08610264596333382,0.0,0.0008223286412228512
15.14,3565.92,4303.24,257.3,5093.24,0,0.0,17.02,0.16,ddos,1,7869.16,0.9118562659150098,1.0786450909700678,1.0708443437775261,0.0,0.058614014711575686,0.0,0.0006194347657762292
12.4,5876.32,4283.96,247.8,4393.97,0,0.0,17.01,0.16,ddos,1,10160.279999999999,1.162092445337696,1.0427054798843682,1.0754251754441424,0.0,0.04983922829581994,0.0,0.0006430868167202572
11.04,4745.45,3210.62,113.75,2806.36,0,0.0,19.55,0.16,ddos,1,7956.07,0.9257354039712721,0.4853064150041811,1.1808407827977772,0.0,0.09620915032679737,0.0,0.001394335511982571
14.16,4736.56,5217.48,182.84,3047.6,0,0.0,13.74,0.16,ddos,1,9954.04,1.1600190562139667,0.817750426004857,0.854796565882792,0.0,0.07702349869451697,0.0,0.0008703220191470844
25.52,5359.73,5456.46,113.92,2661.44,0,0.0,10.07,0.16,ddos,1,10816.189999999999,1.2384078769417906,0.5442384865278044,0.6531327020365806,0.0,0.22206752523494605,0.0,0.0013922728854855553
21.32,3403.73,3872.29,285.37,5407.06,0,0.0,15.91,0.23,ddos,1,7276.02,0.8236700103547127,1.337448270367298,1.0,0.0,0.07444913922547752,0.0,0.0008031567552467088
12.21,4724.14,3120.93,294.73,2654.26,0,0.0,12.82,0.23,ddos,1,7845.07,0.8947469867425797,1.3391035689134236,0.8041650984819974,0.0,0.04128766104216684,0.0,0.0007777364487877456
26.95,3286.6,5835.71,192.07,4907.46,0,0.0,17.44,0.23,ddos,1,9122.31,1.0392933410014975,0.8883492900420887,1.1028900271928161,0.0,0.13958667840679545,0.0,0.0011912777749002953
13.55,3306.1,5383.74,185.74,4820.5,0,0.0,14.59,0.23,ddos,1,8689.84,0.9748059074101308,0.8933028736323193,0.9340588988476313,0.0,0.07256077969369176,0.0,0.001231658991110635
23.07,3991.13,4617.22,173.73,4591.92,0,0.0,16.91,0.23,ddos,1,8608.35,0.9749275544345453,0.8486017828794724,1.0905455952534502,0.0,0.1320322783723459,0.0,0.001316316602758542
21.54,4807.71,3694.58,258.95,2072.11,0,0.0,19.15,0.21,ddos,1,8502.29,0.9560604994059404,1.2638488945287718,1.2182708823716522,0.0,0.08286208886324294,0.0,0.0008078476630121177
9.88,4576.09,3786.94,231.83,4769.34,0,0.0,13.17,0.21,ddos,1,8363.03,0.9597982215965647,1.1403737462677024,0.8588196935115747,0.0,0.04243439419318817,0.0,0.000901945625563716
22.82,5979.29,4583.0,144.62,5122.02,0,0.0,18.4,0.21,ddos,1,10562.29,1.1769954411344046,0.7007461963368545,1.2089356110381078,0.0,0.15670924323581925,0.0,0.001442109600329625
19.38,4464.53,5051.98,103.81,4921.73,0,0.0,11.89,0.21,ddos,1,9516.509999999998,1.0656559378915789,0.5230328954992266,0.7908214166943798,0.0,0.18490602041789905,0.0,0.002003625608243488
29.03,5541.09,3383.28,128.68,4809.65,0,0.0,13.17,0.21,ddos,1,8924.37,1.0209772145272034,0.643551234540117,0.8582600195503421,0.0,0.22385872917951882,0.0,0.0016193707587908697
25.48,5305.3,4911.39,155.99,2335.95,0,0.0,10.36,0.19,ddos,1,10216.69,1.130780873429385,0.8341042162393391,0.700473292765382,0.0,0.1623033314223836,0.0,0.0012102681699471304
18.81,4623.18,5340.33,235.49,5347.55,0,0.0,12.59,0.19,ddos,1,9963.51,1.0774951094521321,1.3003959335361779,0.8525766912710773,0.0,0.07953824686033235,0.0,0.0008034166349528521
14.52,3427.55,4009.27,132.54,5458.69,0,0.0,18.81,0.19,ddos,1,7436.82,0.8191800951051784,0.7567746576985005,1.2620772946859902,0.0,0.10873146622734761,0.0,0.0014227946682641905
21.39,5501.8,3360.53,226.44,3918.74,0,0.0,14.86,0.19,ddos,1,8862.33,0.9743514982322807,1.2635596625150662,0.995244792713147,0.0,0.09404678156876539,0.0,0.0008353851565247978
15.68,3053.78,3497.71,260.29,2450.48,0,0.0,19.12,0.19,ddos,1,6551.49,0.736956060298767,1.385523570242303,1.261879619852165,0.0,0.060009950629568674,0.0,0.0007271613915572735
6.69,5405.34,4317.13,186.1,4879.13,0,0.0,11.73,0.17,ddos,1,9722.470000000001,1.0788418623225984,1.0305738762536063,0.8140180430256765,0.0,0.03575628006413683,0.0,0.0009086050240513096
0.0,98.0,98.0,9.0,381.0,0,0.0,1.31,0.53,none,0,196.0,0.023916298811213522,0.05685551119421843,0.09906231094978828,0.0,0.0,0.0,0.053000000000000005
0.0,0.0,0.0,9.0,366.0,0,0.0,1.77,0.53,none,0,0.0,0.0,0.06218303923058854,0.15310094282501513,0.0,0.0,0.0,0.053000000000000005
0.0,0.0,0.0,9.0,161.0,0,0.0,0.0,0.49,none,0,0.0,0.0,0.06654196210065581,0.0,0.0,0.0,0.0,0.049
0.0,0.0,0.0,9.0,179.0,0,0.0,0.5,0.49,none,0,0.0,0.0,0.07300158170093686,0.05491488193300384,0.0,0.0,0.0,0.049
0.0,0.0,0.0,9.0,271.0,0,0.0,0.25,0.49,none,0,0.0,0.0,0.08288361298878309,0.0308870768470472,0.0,0.0,0.0,0.049
0.0,0.0,0.0,9.0,135.0,0,0.0,0.0,0.49,none,0,0.0,0.0,0.10472788205313195,0.0,0.0,0.0,0.0,0.049
0.0,0.0,0.0,9.0,75.0,0,0.0,0.5,0.49,none,0,0.0,0.0,0.12231085984534472,0.09992006394884094,0.0,0.0,0.0,0.049
0.0,0.0,0.0,9.0,447.0,0,0.0,0.52,0.45,none,0,0.0,0.0,0.1736144601554814,0.1456582633053221,0.0,0.0,0.0,0.045
0.0,0.0,0.0,9.0,149.0,0,0.0,0.24,0.45,none,0,0.0,0.0,0.33695245226506926,0.1426872770511296,0.0,0.0,0.0,0.045
0.0,0.0,0.0,9.0,192.0,0,0.0,0.25,0.45,none,0,0.0,0.0,1.0,0.4681647940074906,0.0,0.0,0.0,0.045
0.0,98.0,98.0,9.0,338.0,0,0.0,1.03,0.45,none,0,196.0,10.0,1.0,2.0355731225296445,0.0,0.0,0.0,0.045
0.0,0.0,0.0,9.0,82.0,0,0.0,0.25,0.45,none,0,0.0,0.0,1.0,0.7062146892655368,0.0,0.0,0.0,0.045
0.0,0.0,0.0,9.0,405.0,0,0.0,1.54,0.41,none,0,0.0,0.0,1.0,3.031496062992126,0.0,0.0,0.0,0.040999999999999995
0.0,0.0,0.0,9.0,196.0,0,0.0,0.5,0.41,none,0,0.0,0.0,1.0,0.984251968503937,0.0,0.0,0.0,0.040999999999999995
0.0,0.0,0.0,9.0,75.0,0,0.0,0.0,0.41,none,0,0.0,0.0,1.0,0.0,0.0,0.0,0.0,0.040999999999999995
0.0,0.0,0.0,9.0,173.0,0,0.0,0.25,0.41,none,0,0.0,0.0,1.0,0.4921259842519685,0.0,0.0,0.0,0.040999999999999995
0.0,0.0,0.0,9.0,130.0,0,0.0,0.25,0.41,none,0,0.0,0.0,1.0,0.5175983436853002,0.0,0.0,0.0,0.040999999999999995
0.0,0.0,0.0,9.0,270.0,0,0.0,1.77,0.38,none,0,0.0,0.0,1.0,2.911184210526316,0.0,0.0,0.0,0.038
0.0,0.0,0.0,9.0,136.0,0,0.0,0.25,0.38,none,0,0.0,0.0,1.0,0.41050903119868637,0.0,0.0,0.0,0.038
0.0,0.0,0.0,9.0,80.0,0,0.0,0.0,0.38,none,0,0.0,0.0,1.0,0.0,0.0,0.0,0.0,0.038
0.0,0.0,0.0,9.0,139.0,0,0.0,0.25,0.38,none,0,0.0,1.0020040080160322,1.0,0.49407114624505927,0.0,0.0,0.0,0.038
0.0,98.0,98.0,9.0,199.0,0,0.0,1.27,0.38,none,0,196.0,10.0,1.0,2.088815789473684,0.0,0.0,0.0,0.038
0.0,0.0,0.0,9.0,320.0,0,0.0,1.79,0.35,none,0,0.0,0.0,1.0,2.8278041074249605,0.0,0.0,0.0,0.034999999999999996
0.0,0.0,0.0,9.0,207.0,0,0.0,0.5,0.35,none,0,0.0,0.0,1.0,0.7898894154818326,0.0,0.0,0.0,0.034999999999999996
0.0,84.0,84.0,9.0,298.0,0,0.0,0.0,0.35,none,0,168.0,4.615384615384616,1.0,0.0,0.0,0.0,0.0,0.034999999999999996
0.0,0.0,0.0,9.0,323.0,0,0.0,0.28,0.32,none,0,0.0,0.0,1.0,0.44025157232704404,0.0,0.0,0.0,0.032
0.0,0.0,0.0,9.0,288.0,0,0.0,0.51,0.32,none,0,0.0,0.0,1.0,0.770392749244713,0.0,0.0,0.0,0.032
0.0,0.0,0.0,9.0,165.0,0,0.0,0.0,0.32,none,0,0.0,0.0,1.0,0.0,0.0,0.0,0.0,0.032
0.0,98.0,98.0,9.0,578.0,0,0.0,0.23,0.38,none,0,196.0,3.5,1.0,0.4761904761904762,0.0,0.0,0.0,0.038
0.0,0.0,0.0,9.0,161.0,0,0.0,0.0,0.38,none,0,0.0,0.0,1.0,0.0,0.0,0.0,0.0,0.038
0.0,0.0,0.0,9.0,156.0,0,0.0,0.16,0.38,none,0,0.0,0.0,1.0,0.3375527426160338,0.0,0.0,0.0,0.038
0.0,0.0,0.0,9.0,315.0,0,0.0,0.1,0.35,none,0,0.0,0.0,1.0,0.2801120448179272,0.0,0.0,0.0,0.034999999999999996
0.0,0.0,0.0,9.0,183.0,0,0.0,0.22,0.35,none,0,0.0,0.0,1.0,1.0999999999999999,0.0,0.0,0.0,0.034999999999999996
0.0,0.0,0.0,9.0,176.0,0,0.0,0.25,0.35,none,0,0.0,0.0,1.0,1.4285714285714286,0.0,0.0,0.0,0.034999999999999996
0.0,0.0,0.0,9.0,88.0,0,0.0,0.0,0.35,none,0,0.0,0.0,1.0,0.0,0.0,0.0,0.0,0.034999999999999996
0.0,98.0,98.0,9.0,258.0,0,0.0,0.71,0.4,none,0,196.0,5.0,1.0,3.2568807339449544,0.0,0.0,0.0,0.04
0.0,0.0,0.0,9.0,329.0,0,0.0,1.18,0.4,none,0,0.0,0.0,1.0,4.140350877192983,0.0,0.0,0.0,0.04
0.0,0.0,0.0,9.0,201.0,0,0.0,0.0,0.4,none,0,0.0,0.0,1.0,0.0,0.0,0.0,0.0,0.04
0.0,0.0,0.0,9.0,342.0,0,0.0,0.11,0.37,none,0,0.0,0.0,1.0,0.4029304029304029,0.0,0.0,0.0,0.037
0.0,0.0,0.0,9.0,159.0,0,0.0,0.25,0.37,none,0,0.0,0.0,1.0,0.8389261744966443,0.0,0.0,0.0,0.037
0.0,0.0,0.0,9.0,229.0,0,0.0,0.25,0.37,none,0,0.0,0.0,1.0,0.8143322475570033,0.0,0.0,0.0,0.037
0.0,0.0,0.0,9.0,135.0,0,0.0,0.22,0.37,none,0,0.0,0.0,1.0,0.6896551724137933,0.0,0.0,0.0,0.037
0.0,98.0,98.0,9.0,291.0,0,0.0,1.33,0.34,none,0,196.0,5.0,1.0,3.0930232558139537,0.0,0.0,0.0,0.034
0.0,0.0,0.0,9.0,294.0,0,0.0,1.69,0.34,none,0,0.0,0.0,1.0,2.944250871080139,0.0,0.0,0.0,0.034
0.0,0.0,0.0,9.0,386.0,0,0.0,1.35,0.34,none,0,0.0,0.0,1.0,1.904090267983075,0.0,0.0,0.0,0.034
0.0,0.0,0.0,9.0,170.0,0,0.0,0.24,0.34,none,0,0.0,0.0,1.0,0.36253776435045315,0.0,0.0,0.0,0.034
0.0,0.0,0.0,9.0,71.0,0,0.0,0.0,0.31,none,0,0.0,0.0,1.0,0.0,0.0,0.0,0.0,0.031
0.0,42.0,42.0,9.0,249.0,0,0.0,0.5,0.31,none,0,84.0,3.0,1.0,0.8417508417508416,0.0,0.0,0.0,0.031
0.0,0.0,0.0,9.0,70.0,0,0.0,0.25,0.31,none,0,0.0,0.0,1.0,0.4111842105263158,0.0,0.0,0.0,0.031
0.0,0.0,0.0,9.0,243.0,0,0.0,0.76,0.31,none,0,0.0,0.0,1.0,1.1532625189681336,0.0,0.0,0.0,0.031
0.0,0.0,0.0,9.0,114.0,0,0.0,0.25,0.31,none,0,0.0,0.0,1.0,0.3793626707132018,0.0,0.0,0.0,0.031
0.0,98.0,0.0,9.0,359.0,0,0.0,0.76,0.29,none,0,98.0,2.592592592592593,1.0,1.0659186535764376,0.0,0.0,0.0,0.028999999999999998
0.0,0.0,98.0,9.0,215.0,0,0.0,0.5,0.29,none,0,98.0,3.5,1.0,0.7936507936507935,0.0,0.0,0.0,0.028999999999999998
0.0,0.0,0.0,9.0,140.0,0,0.0,0.0,0.29,none,0,0.0,0.0,1.0,0.0,0.0,0.0,0.0,0.028999999999999998
0.0,0.0,0.0,9.0,355.0,0,0.0,0.26,0.29,none,0,0.0,0.0,1.0,0.7386363636363635,0.0,0.0,0.0,0.028999999999999998
0.0,0.0,0.0,9.0,183.0,0,0.0,0.0,0.29,none,0,0.0,0.0,1.0,0.0,0.0,0.0,0.0,0.028999999999999998
0.0,0.0,0.0,9.0,156.0,0,0.0,0.0,0.26,none,0,0.0,0.0,1.0,0.0,0.0,0.0,0.0,0.026000000000000002
0.0,0.0,0.0,9.0,117.0,0,0.0,0.0,0.26,none,0,0.0,0.0,1.0,0.0,0.0,0.0,0.0,0.026000000000000002
0.0,0.0,0.0,9.0,96.0,0,0.0,0.49,0.26,none,0,0.0,0.0,1.0,1.6225165562913908,0.0,0.0,0.0,0.026000000000000002
0.0,0.0,0.0,8.0,258.0,0,0.0,1.26,0.26,none,0,0.0,0.0,0.898876404494382,3.5795454545454546,0.0,0.0,0.0,0.02888888888888889
0.0,0.0,0.0,9.0,215.0,0,0.0,1.02,0.26,none,0,0.0,0.0,1.0112359550561798,2.3776223776223775,0.0,0.0,0.0,0.026000000000000002
0.0,0.0,0.0,9.0,119.0,0,0.0,0.24,0.24,none,0,0.0,0.0,1.0112359550561798,0.636604774535809,0.0,0.0,0.0,0.024
0.0,98.0,98.0,9.0,313.0,0,0.0,1.53,0.24,none,0,196.0,10.0,1.0112359550561798,3.1875,0.0,0.0,0.0,0.024
0.0,0.0,0.0,9.0,126.0,0,0.0,0.25,0.24,none,0,0.0,0.0,1.0112359550561798,0.49504950495049505,0.0,0.0,0.0,0.024
0.0,0.0,0.0,9.0,184.0,0,0.0,0.75,0.24,none,0,0.0,0.0,1.0112359550561798,1.3537906137184115,0.0,0.0,0.0,0.024
0.0,0.0,0.0,9.0,267.0,0,0.0,1.39,0.24,none,0,0.0,0.0,1.0112359550561798,2.005772005772006,0.0,0.0,0.0,0.024
0.0,42.0,42.0,9.0,144.0,0,0.0,0.0,0.22,none,0,84.0,3.0,1.0112359550561798,0.0,0.0,0.0,0.0,0.022
0.0,0.0,0.0,9.0,91.0,0,0.0,0.0,0.22,none,0,0.0,0.0,1.0112359550561798,0.0,0.0,0.0,0.0,0.022
0.0,0.0,0.0,9.0,198.0,0,0.0,0.2,0.22,none,0,0.0,0.0,1.0112359550561798,0.30120481927710846,0.0,0.0,0.0,0.022
0.0,0.0,0.0,9.0,254.0,0,0.0,0.5,0.22,none,0,0.0,0.0,1.0,0.8503401360544218,0.0,0.0,0.0,0.022
0.0,0.0,0.0,9.0,310.0,0,0.0,0.0,0.2,none,0,0.0,0.0,1.0,0.0,0.0,0.0,0.0,0.02
0.0,98.0,98.0,9.0,369.0,0,0.0,2.3,0.2,none,0,196.0,4.117647058823529,1.0,3.3236994219653178,0.0,0.0,0.0,0.02
0.0,0.0,0.0,9.0,293.0,0,0.0,0.0,0.2,none,0,0.0,0.0,1.0,0.0,0.0,0.0,0.0,0.02
0.0,0.0,0.0,9.0,523.0,0,0.0,2.12,0.19,none,0,0.0,0.0,1.0,2.9201101928374658,0.0,0.0,0.0,0.019
0.0,42.0,42.0,9.0,187.0,0,0.0,0.0,0.19,none,0,84.0,2.307692307692308,1.0,0.0,0.0,0.0,0.0,0.019
0.0,0.0,0.0,9.0,208.0,0,0.0,0.25,0.19,none,0,0.0,0.0,1.0,0.46554934823091254,0.0,0.0,0.0,0.019
0.0,0.0,0.0,9.0,117.0,0,0.0,0.25,0.19,none,0,0.0,0.0,1.0,0.4448398576512456,0.0,0.0,0.0,0.019
0.0,0.0,0.0,9.0,162.0,0,0.0,0.0,0.19,none,0,0.0,0.0,1.0,0.0,0.0,0.0,0.0,0.019
0.0,0.0,0.0,9.0,163.0,0,0.0,0.74,0.17,none,0,0.0,0.0,1.0,1.2012987012987013,0.0,0.0,0.0,0.017
0.0,98.0,98.0,9.0,167.0,0,0.0,0.51,0.17,none,0,196.0,4.117647058823529,1.0,0.826580226904376,0.0,0.0,0.0,0.017
0.0,0.0,0.0,9.0,114.0,0,0.0,0.25,0.17,none,0,0.0,0.0,1.0,0.3894080996884735,0.0,0.0,0.0,0.017
0.0,0.0,0.0,9.0,89.0,0,0.0,0.0,0.17,none,0,0.0,0.0,1.0,0.0,0.0,0.0,0.0,0.017
0.0,0.0,0.0,9.0,173.0,0,0.0,0.0,0.17,none,0,0.0,0.0,1.0,0.0,0.0,0.0,0.0,0.017
0.0,0.0,0.0,9.0,131.0,0,0.0,0.25,0.24,none,0,0.0,0.0,1.0,1.1111111111111112,0.0,0.0,0.0,0.024
0.0,0.0,0.0,9.0,121.0,0,0.0,0.0,0.24,none,0,0.0,0.0,1.0,0.0,0.0,0.0,0.0,0.024
0.0,0.0,0.0,9.0,173.0,0,0.0,0.25,0.24,none,0,0.0,0.0,1.0,1.1111111111111112,0.0,0.0,0.0,0.024
0.0,0.0,0.0,9.0,142.0,0,0.0,0.0,0.24,none,0,0.0,0.0,1.0,0.0,0.0,0.0,0.0,0.024
0.0,0.0,0.0,9.0,104.0,0,0.0,0.0,0.24,none,0,0.0,0.0,1.0,0.0,0.0,0.0,0.0,0.024
0.0,0.0,0.0,9.0,756.0,0,0.0,3.6,0.22,none,0,0.0,0.0,1.0,7.4074074074074066,0.0,0.0,0.0,0.022
0.0,98.0,98.0,9.0,300.0,0,0.0,1.52,0.22,none,0,196.0,10.0,1.0,2.589437819420784,0.0,0.0,0.0,0.022
0.0,0.0,0.0,9.0,212.0,0,0.0,0.5,0.22,none,0,0.0,0.0,1.0,0.8169934640522876,0.0,0.0,0.0,0.022
0.0,0.0,0.0,9.0,64.0,0,0.0,0.0,0.22,none,0,0.0,0.0,1.0,0.0,0.0,0.0,0.0,0.022
0.0,0.0,0.0,9.0,96.0,0,0.0,0.0,0.2,none,0,0.0,0.0,1.0,0.0,0.0,0.0,0.0,0.02
0.0,0.0,0.0,9.0,430.0,0,0.0,1.78,0.2,none,0,0.0,0.0,1.0,2.326797385620915,0.0,0.0,0.0,0.02
0.0,0.0,0.0,9.0,183.0,0,0.0,0.0,0.2,none,0,0.0,0.0,1.0,0.0,0.0,0.0,0.0,0.02
0.0,0.0,0.0,9.0,303.0,0,0.0,0.25,0.2,none,0,0.0,0.0,1.0,0.32679738562091504,0.0,0.0,0.0,0.02
0.0,0.0,0.0,9.0,89.0,0,0.0,0.25,0.2,none,0,0.0,0.0,1.0,0.3164556962025316,0.0,0.0,0.0,0.02
0.0,0.0,0.0,9.0,72.0,0,0.0,0.0,0.19,none,0,0.0,0.0,1.0,0.0,0.0,0.0,0.0,0.019
0.0,0.0,0.0,9.0,219.0,0,0.0,0.5,0.19,none,0,0.0,0.0,1.0,1.0416666666666667,0.0,0.0,0.0,0.019
0.0,0.0,0.0,9.0,181.0,0,0.0,0.76,0.19,none,0,0.0,1.0020040080160322,1.0,1.8811881188118815,0.0,0.0,0.0,0.019
0.0,0.0,0.0,9.0,59.0,0,0.0,0.25,0.19,none,0,0.0,1.0020040080160322,1.0,0.6596306068601584,0.0,0.0,0.0,0.019
0.0,98.0,98.0,9.0,471.0,0,0.0,1.32,0.19,none,0,196.0,10.0,1.0,2.583170254403132,0.0,0.0,0.0,0.019
0.0,0.0,0.0,9.0,226.0,0,0.0,0.49,0.17,none,0,0.0,0.0,1.0,0.8750000000000001,0.0,0.0,0.0,0.017
0.0,0.0,0.0,9.0,413.0,0,0.0,0.51,0.17,none,0,0.0,0.0,1.0,1.1778290993071596,0.0,0.0,0.0,0.017
0.0,0.0,0.0,9.0,202.0,0,0.0,0.25,0.17,none,0,0.0,0.0,1.0,0.5458515283842796,0.0,0.0,0.0,0.017
0.0,0.0,0.0,9.0,249.0,0,0.0,0.0,0.17,none,0,0.0,0.0,1.0,0.0,0.0,0.0,0.0,0.017
0.0,42.0,42.0,9.0,190.0,0,0.0,0.25,0.17,none,0,84.0,3.0,1.0,0.5773672055427252,0.0,0.0,0.0,0.017
0.0,0.0,0.0,9.0,234.0,0,0.0,0.0,0.16,none,0,0.0,0.0,1.0,0.0,0.0,0.0,0.0,0.016
0.0,0.0,0.0,9.0,154.0,0,0.0,0.0,0.16,none,0,0.0,0.0,1.0,0.0,0.0,0.0,0.0,0.016
0.0,0.0,0.0,9.0,309.0,0,0.0,0.66,0.16,none,0,0.0,0.0,1.0,1.7694369973190351,0.0,0.0,0.0,0.016
0.0,98.0,98.0,9.0,301.0,0,0.0,0.7,0.16,none,0,196.0,4.117647058823529,1.0,1.6746411483253587,0.0,0.0,0.0,0.016
0.0,0.0,0.0,9.0,106.0,0,0.0,0.23,0.14,none,0,0.0,0.0,1.0,0.7443365695792882,0.0,0.0,0.0,0.014000000000000002
0.0,0.0,0.0,9.0,154.0,0,0.0,0.0,0.14,none,0,0.0,0.0,1.0,0.0,0.0,0.0,0.0,0.014000000000000002
0.0,0.0,0.0,9.0,108.0,0,0.0,0.2,0.14,none,0,0.0,0.0,1.0,0.8733624454148474,0.0,0.0,0.0,0.014000000000000002
0.0,0.0,0.0,9.0,348.0,0,0.0,0.52,0.14,none,0,0.0,0.0,1.0,2.0312500000000004,0.0,0.0,0.0,0.014000000000000002
0.0,42.0,42.0,9.0,174.0,0,0.0,0.25,0.13,none,0,84.0,2.307692307692308,1.0,0.8896797153024912,0.0,0.0,0.0,0.013000000000000001
0.0,0.0,0.0,9.0,128.0,0,0.0,0.0,0.13,none,0,0.0,0.0,1.0,0.0,0.0,0.0,0.0,0.013000000000000001
0.0,0.0,0.0,9.0,209.0,0,0.0,0.14,0.13,none,0,0.0,0.0,1.0,0.5185185185185187,0.0,0.0,0.0,0.013000000000000001
0.0,0.0,0.0,9.0,307.0,0,0.0,0.46,0.13,none,0,0.0,0.0,1.0,1.4556962025316458,0.0,0.0,0.0,0.013000000000000001
0.0,98.0,98.0,9.0,348.0,0,0.0,0.98,0.12,none,0,196.0,4.117647058823529,1.0,2.8160919540229887,0.0,0.0,0.0,0.012
0.0,0.0,0.0,9.0,777.0,0,0.0,0.14,0.12,none,0,0.0,0.0,1.0,0.4794520547945207,0.0,0.0,0.0,0.012
0.0,0.0,0.0,9.0,194.0,0,0.0,0.49,0.11,none,0,0.0,0.0,1.0,1.5408805031446544,0.0,0.0,0.0,0.011
0.0,0.0,0.0,9.0,232.0,0,0.0,0.25,0.11,none,0,0.0,0.0,1.0,0.728862973760933,0.0,0.0,0.0,0.011
0.0,0.0,0.0,9.0,151.0,0,0.0,0.25,0.11,none,0,0.0,0.0,1.0,0.7183908045977012,0.0,0.0,0.0,0.011
0.0,0.0,0.0,9.0,243.0,0,0.0,0.0,0.11,none,0,0.0,0.0,1.0,0.0,0.0,0.0,0.0,0.011
0.0,98.0,98.0,9.0,520.0,0,0.0,3.91,0.11,none,0,196.0,5.0,1.0,5.906344410876133,0.0,0.0,0.0,0.011
0.0,0.0,0.0,9.0,256.0,0,0.0,0.5,0.1,none,0,0.0,0.0,1.0,0.702247191011236,0.0,0.0,0.0,0.01
0.0,0.0,0.0,9.0,275.0,0,0.0,0.25,0.1,none,0,0.0,0.0,1.0,0.3457814661134163,0.0,0.0,0.0,0.01
0.0,928.0,928.0,13.0,386.0,1,0.0,3.44,0.34,none,0,1856.0,8.256227758007118,1.3829787234042552,3.3692458374143,0.0,0.0,0.07142857142857142,0.02428571428571429
0.0,0.0,0.0,13.0,137.0,1,0.0,0.74,0.34,none,0,0.0,0.0,1.3265306122448979,0.7422266800401205,0.0,0.0,0.07142857142857142,0.02428571428571429
0.0,1026.0,1026.0,13.0,539.0,1,0.0,2.7,0.34,none,0,2052.0,5.0,1.2745098039215688,2.154828411811652,0.0,0.0,0.07142857142857142,0.02428571428571429
0.0,928.0,928.0,13.0,430.0,1,0.0,3.05,0.34,none,0,1856.0,3.1140939597315436,1.2264150943396226,2.0212060967528163,0.0,0.0,0.07142857142857142,0.02428571428571429
0.0,928.0,928.0,13.0,529.0,1,0.0,1.76,0.32,none,0,1856.0,2.374616171954964,1.1818181818181819,1.0602409638554215,0.0,0.0,0.07142857142857142,0.022857142857142857
0.0,928.0,928.0,13.0,360.0,1,0.0,2.29,0.32,none,0,1856.0,1.9189412737799834,1.1403508771929824,1.2285407725321889,0.0,0.0,0.07142857142857142,0.022857142857142857
0.0,0.0,0.0,13.0,445.0,1,0.0,2.7,0.32,none,0,0.0,0.0,1.1016949152542372,1.2652296157450797,0.0,0.0,0.07142857142857142,0.022857142857142857
0.0,928.0,928.0,13.0,463.0,1,0.0,2.34,0.32,none,0,1856.0,1.6378397458524532,1.0655737704918034,1.1836115326251897,0.0,0.0,0.07142857142857142,0.022857142857142857
0.0,928.0,928.0,13.0,527.0,1,0.0,4.88,0.29,none,0,1856.0,1.4073400060661208,1.0317460317460319,2.020703933747412,0.0,0.0,0.07142857142857142,0.020714285714285713
0.0,928.0,928.0,13.0,515.0,1,0.0,4.66,0.29,none,0,1856.0,1.2337144376495612,1.0,1.631652661064426,0.0,0.0,0.07142857142857142,0.020714285714285713
0.0,928.0,928.0,13.0,315.0,1,0.0,3.05,0.29,none,0,1856.0,1.2337144376495612,1.0,1.0827121050763224,0.0,0.0,0.07142857142857142,0.020714285714285713
0.0,0.0,0.0,13.0,235.0,1,0.0,0.74,0.29,none,0,0.0,0.0,1.0,0.26269080582179627,0.0,0.0,0.07142857142857142,0.020714285714285713
0.0,1026.0,1026.0,13.0,620.0,1,0.0,3.1,0.29,none,0,2052.0,1.363998936453071,1.0,1.0850542527126357,0.0,0.0,0.07142857142857142,0.020714285714285713
0.0,928.0,928.0,13.0,377.0,1,0.0,3.79,0.27,none,0,1856.0,1.2337144376495612,1.0,1.2930740361651314,0.0,0.0,0.07142857142857142,0.019285714285714288
0.0,928.0,928.0,13.0,235.0,1,0.0,0.76,0.27,none,0,1856.0,1.2337144376495612,1.0,0.2684563758389262,0.0,0.0,0.07142857142857142,0.019285714285714288
0.0,928.0,928.0,13.0,218.0,1,0.0,0.26,0.27,none,0,1856.0,1.2337144376495612,1.0,0.09893455098934553,0.0,0.0,0.07142857142857142,0.019285714285714288
0.0,928.0,928.0,13.0,327.0,1,0.0,3.32,0.27,none,0,1856.0,1.0982248520710058,1.0,1.2342007434944238,0.0,0.0,0.07142857142857142,0.019285714285714288
0.0,928.0,928.0,13.0,389.0,1,0.0,2.72,0.25,none,0,1856.0,1.0982248520710058,1.0,0.9970674486803519,0.0,0.0,0.07142857142857142,0.017857142857142856
0.0,0.0,0.0,13.0,359.0,1,0.0,0.23,0.25,none,0,0.0,0.0,1.0,0.10163499779054354,0.0,0.0,0.07142857142857142,0.017857142857142856
0.0,928.0,928.0,13.0,242.0,1,0.0,1.46,0.25,none,0,1856.0,1.2337144376495612,1.0,0.7514153371075657,0.0,0.0,0.07142857142857142,0.017857142857142856
0.0,1026.0,1026.0,13.0,425.0,1,0.0,3.0,0.25,none,0,2052.0,1.3464566929133859,1.0,1.5479876160990713,0.0,0.0,0.07142857142857142,0.017857142857142856
0.0,928.0,928.0,13.0,221.0,1,0.0,0.77,0.23,none,0,1856.0,1.085634066448292,1.0,0.3967027305512623,0.0,0.0,0.07142857142857142,0.016428571428571428
0.0,0.0,0.0,13.0,116.0,1,0.0,0.0,0.23,none,0,0.0,0.0,1.0,0.0,0.0,0.0,0.07142857142857142,0.016428571428571428
0.0,0.0,0.0,13.0,57.0,1,0.0,0.0,0.23,none,0,0.0,0.0,1.0,0.0,0.0,0.0,0.07142857142857142,0.016428571428571428
0.0,0.0,0.0,13.0,70.0,1,0.0,0.0,0.23,none,0,0.0,0.0,1.0,0.0,0.0,0.0,0.07142857142857142,0.016428571428571428
0.0,970.0,970.0,13.0,335.0,1,0.0,1.06,0.23,none,0,1940.0,1.6993693062368607,1.0,0.8439490445859874,0.0,0.0,0.07142857142857142,0.016428571428571428
0.0,0.0,0.0,13.0,327.0,1,0.0,0.0,0.21,none,0,0.0,0.0,1.0,0.0,0.0,0.0,0.07142857142857142,0.015
0.0,0.0,0.0,13.0,150.0,1,0.0,0.0,0.21,none,0,0.0,0.0,1.0,0.0,0.0,0.0,0.07142857142857142,0.015
0.0,98.0,98.0,13.0,258.0,1,0.0,0.51,0.19,none,0,196.0,0.2481012658227848,1.0,0.7500000000000001,0.0,0.0,0.07142857142857142,0.013571428571428571
0.0,928.0,928.0,13.0,638.0,1,0.0,1.1,0.19,none,0,1856.0,2.349367088607595,1.0,1.7080745341614911,0.0,0.0,0.07142857142857142,0.013571428571428571
0.0,928.0,928.0,13.0,370.0,1,0.0,1.94,0.19,none,0,1856.0,2.4091381100726896,1.0,3.605947955390335,0.0,0.0,0.07142857142857142,0.013571428571428571
0.0,0.0,0.0,13.0,127.0,1,0.0,0.22,0.19,none,0,0.0,0.0,1.0,0.4554865424430642,0.0,0.0,0.07142857142857142,0.013571428571428571
0.0,928.0,928.0,13.0,618.0,1,0.0,2.7,0.17,none,0,1856.0,2.4091381100726896,1.0,3.585657370517929,0.0,0.0,0.07142857142857142,0.012142857142857144
0.0,1856.0,1856.0,13.0,495.0,1,0.0,3.32,0.17,none,0,3712.0,3.251576734407849,1.0,3.0599078341013826,0.0,0.0,0.07142857142857142,0.012142857142857144
0.0,928.0,928.0,13.0,351.0,1,0.0,1.49,0.17,none,0,1856.0,1.398432790837854,1.0,1.2074554294975688,0.0,0.0,0.07142857142857142,0.012142857142857144
0.0,0.0,0.0,13.0,149.0,1,0.0,0.75,0.17,none,0,0.0,0.0,1.0,0.6234413965087282,0.0,0.0,0.07142857142857142,0.012142857142857144
0.0,1026.0,1026.0,13.0,745.0,1,0.0,7.59,0.16,none,0,2052.0,1.5331739390316794,1.0,3.868501529051988,0.0,0.0,0.07142857142857142,0.011428571428571429
0.0,928.0,928.0,13.0,302.0,1,0.0,2.78,0.16,none,0,1856.0,1.2178477690288714,1.0,1.2410714285714286,0.0,0.0,0.07142857142857142,0.011428571428571429
0.0,928.0,928.0,13.0,217.0,1,0.0,1.29,0.16,none,0,1856.0,1.0982248520710058,1.0,0.556514236410699,0.0,0.0,0.07142857142857142,0.011428571428571429
0.0,0.0,0.0,13.0,219.0,1,0.0,0.74,0.16,none,0,0.0,0.0,1.0,0.3242769500438212,0.0,0.0,0.07142857142857142,0.011428571428571429
0.0,928.0,928.0,13.0,436.0,1,0.0,3.54,0.15,none,0,1856.0,1.2337144376495612,1.0,1.4496314496314497,0.0,0.0,0.07142857142857142,0.010714285714285714
0.0,42.0,42.0,13.0,248.0,1,0.0,0.25,0.15,none,0,84.0,0.05552617662612375,1.0,0.10224948875255624,0.0,0.0,0.07142857142857142,0.010714285714285714
0.0,928.0,928.0,13.0,307.0,1,0.0,2.83,0.15,none,0,1856.0,1.2268640930724484,1.0,1.1513425549227014,0.0,0.0,0.07142857142857142,0.010714285714285714
0.0,0.0,0.0,13.0,122.0,1,0.0,0.0,0.15,none,0,0.0,0.0,1.0,0.0,0.0,0.0,0.07142857142857142,0.010714285714285714
0.0,928.0,928.0,13.0,292.0,1,0.0,1.04,0.15,none,0,1856.0,1.6257883672039244,1.0,0.4997597308986065,0.0,0.0,0.07142857142857142,0.010714285714285714
0.0,928.0,928.0,13.0,361.0,1,0.0,3.31,0.22,none,0,1856.0,1.398432790837854,1.0,1.4163457424047927,0.0,0.0,0.07142857142857142,0.015714285714285715
0.0,1026.0,1026.0,13.0,531.0,1,0.0,3.78,0.22,none,0,2052.0,1.546112115732369,1.0,1.9325153374233128,0.0,0.0,0.07142857142857142,0.015714285714285715
0.0,0.0,0.0,13.0,120.0,1,0.0,0.24,0.22,none,0,0.0,0.0,1.0,0.1410105757931845,0.0,0.0,0.07142857142857142,0.015714285714285715
0.0,0.0,0.0,13.0,83.0,1,0.0,0.25,0.22,none,0,0.0,0.0,1.0,0.15644555694618273,0.0,0.0,0.07142857142857142,0.015714285714285715
0.0,928.0,928.0,13.0,315.0,1,0.0,0.0,0.22,none,0,1856.0,1.6257883672039244,1.0,0.0,0.0,0.0,0.07142857142857142,0.015714285714285715
0.0,970.0,970.0,13.0,351.0,1,0.0,1.53,0.2,none,0,1940.0,1.6869565217391305,1.0,1.1564625850340136,0.0,0.0,0.07142857142857142,0.014285714285714287
0.0,928.0,928.0,13.0,209.0,1,0.0,0.78,0.2,none,0,1856.0,1.398432790837854,1.0,0.5668604651162792,0.0,0.0,0.07142857142857142,0.014285714285714287
0.0,928.0,928.0,13.0,409.0,1,0.0,2.41,0.2,none,0,1856.0,1.398432790837854,1.0,1.8065967016491755,0.0,0.0,0.07142857142857142,0.014285714285714287
0.0,0.0,0.0,13.0,194.0,1,0.0,0.25,0.2,none,0,0.0,0.0,1.0,0.18395879323031641,0.0,0.0,0.07142857142857142,0.014285714285714287
0.0,928.0,928.0,13.0,284.0,1,0.0,1.53,0.2,none,0,1856.0,1.398432790837854,1.0,1.0866477272727273,0.0,0.0,0.07142857142857142,0.014285714285714287
0.0,1026.0,1026.0,13.0,336.0,1,0.0,2.39,0.26,none,0,2052.0,1.5236115236115237,1.0,1.8161094224924015,0.0,0.0,0.07142857142857142,0.018571428571428572
0.0,928.0,928.0,13.0,229.0,1,0.0,2.31,0.26,none,0,1856.0,1.398432790837854,1.0,1.9760479041916168,0.0,0.0,0.07142857142857142,0.018571428571428572
0.0,0.0,0.0,13.0,421.0,1,0.0,3.05,0.26,none,0,0.0,0.0,1.0,2.1034482758620694,0.0,0.0,0.07142857142857142,0.018571428571428572
0.0,928.0,928.0,13.0,313.0,1,0.0,1.22,0.26,none,0,1856.0,1.2268640930724484,1.0,0.788623141564318,0.0,0.0,0.07142857142857142,0.018571428571428572
0.0,928.0,928.0,13.0,365.0,1,0.0,3.23,0.26,none,0,1856.0,1.2268640930724484,1.0,1.7272727272727273,0.0,0.0,0.07142857142857142,0.018571428571428572
0.0,928.0,928.0,13.0,541.0,1,0.0,4.2,0.24,none,0,1856.0,1.2337144376495612,1.0,1.9653720168460462,0.0,0.0,0.07142857142857142,0.017142857142857144
0.0,928.0,928.0,13.0,221.0,1,0.0,0.19,0.24,none,0,1856.0,1.2337144376495612,1.0,0.09143407122232915,0.0,0.0,0.07142857142857142,0.017142857142857144
0.0,928.0,928.0,13.0,354.0,1,0.0,1.24,0.24,none,0,1856.0,1.2337144376495612,1.0,0.6323304436511984,0.0,0.0,0.07142857142857142,0.017142857142857144
0.0,928.0,928.0,13.0,366.0,1,0.0,1.14,0.22,none,0,1856.0,1.0982248520710058,1.0,0.5560975609756098,0.0,0.0,0.07142857142857142,0.015714285714285715
0.0,1026.0,1026.0,13.0,517.0,1,0.0,3.92,0.22,none,0,2052.0,1.2002807674309781,1.0,1.7125382262996944,0.0,0.0,0.07142857142857142,0.015714285714285715
0.0,928.0,928.0,13.0,431.0,1,0.0,2.1,0.22,none,0,1856.0,1.0982248520710058,1.0,0.929203539823009,0.0,0.0,0.07142857142857142,0.015714285714285715
0.0,928.0,928.0,13.0,420.0,1,0.0,3.08,0.22,none,0,1856.0,1.0982248520710058,1.0,1.317928968763372,0.0,0.0,0.07142857142857142,0.015714285714285715
0.0,928.0,928.0,13.0,299.0,1,0.0,0.77,0.2,none,0,1856.0,0.9895500106632544,1.0,0.36510194404931245,0.0,0.0,0.07142857142857142,0.014285714285714287
0.0,928.0,928.0,13.0,340.0,1,0.0,3.31,0.2,none,0,1856.0,0.9895500106632544,1.0,1.4279551337359793,0.0,0.0,0.07142857142857142,0.014285714285714287
0.0,0.0,0.0,13.0,308.0,1,0.0,0.18,0.2,none,0,0.0,0.0,1.0,0.08941877794336811,0.0,0.0,0.07142857142857142,0.014285714285714287
0.0,928.0,928.0,13.0,441.0,1,0.0,3.78,0.2,none,0,1856.0,1.0982248520710058,1.0,1.917808219178082,0.0,0.0,0.07142857142857142,0.014285714285714287
0.0,928.0,928.0,13.0,356.0,1,0.0,2.93,0.2,none,0,1856.0,1.0982248520710058,1.0,1.3051224944320712,0.0,0.0,0.07142857142857142,0.014285714285714287
0.0,1026.0,928.0,13.0,308.0,1,0.0,3.85,0.19,none,0,1954.0,1.1495470055300623,1.0,1.536312849162011,0.0,0.0,0.07142857142857142,0.013571428571428571
0.0,928.0,1026.0,13.0,376.0,1,0.0,3.38,0.19,none,0,1954.0,1.142957416939635,1.0,1.2380952380952381,0.0,0.0,0.07142857142857142,0.013571428571428571
0.0,928.0,928.0,13.0,496.0,1,0.0,0.14,0.19,none,0,1856.0,1.0982248520710058,1.0,0.059523809523809534,0.0,0.0,0.07142857142857142,0.013571428571428571
0.0,928.0,928.0,13.0,574.0,1,0.0,3.33,0.19,none,0,1856.0,1.0982248520710058,1.0,1.3454545454545455,0.0,0.0,0.07142857142857142,0.013571428571428571
0.0,928.0,928.0,13.0,287.0,1,0.0,3.55,0.17,none,0,1856.0,1.0982248520710058,1.0,1.40761300555115,0.0,0.0,0.07142857142857142,0.012142857142857144
0.0,42.0,42.0,13.0,282.0,1,0.0,0.0,0.17,none,0,84.0,0.05552617662612375,1.0,0.0,0.0,0.0,0.07142857142857142,0.012142857142857144
0.0,928.0,928.0,13.0,504.0,1,0.0,1.01,0.17,none,0,1856.0,1.2268640930724484,1.0,0.4559819413092551,0.0,0.0,0.07142857142857142,0.012142857142857144
0.0,928.0,928.0,13.0,628.0,1,0.0,1.41,0.16,none,0,1856.0,1.0927932171455488,1.0,0.6030795551753635,0.0,0.0,0.07142857142857142,0.011428571428571429
0.0,0.0,0.0,11.0,218.0,1,0.0,0.0,0.16,none,0,0.0,0.0,0.859375,0.0,0.0,0.0,0.08333333333333333,0.013333333333333334
0.0,1026.0,1026.0,13.0,780.0,1,0.0,1.12,0.16,none,0,2052.0,1.3390759592795614,1.015625,0.629567172568859,0.0,0.0,0.07142857142857142,0.011428571428571429
0.0,928.0,928.0,12.0,544.0,1,0.0,0.84,0.15,none,0,1856.0,1.218967555497176,0.9448818897637796,0.5683355886332883,0.0,0.0,0.07692307692307693,0.011538461538461537
0.0,970.0,970.0,13.0,378.0,1,0.0,1.06,0.15,none,0,1940.0,1.2753089666053115,1.0236220472440944,0.8507223113964687,0.0,0.0,0.07142857142857142,0.010714285714285714
0.0,0.0,0.0,13.0,172.0,1,0.0,0.0,0.15,none,0,0.0,0.0,1.0236220472440944,0.0,0.0,0.0,0.07142857142857142,0.010714285714285714
0.0,928.0,928.0,13.0,323.0,1,0.0,1.81,0.15,none,0,1856.0,1.3896376160527104,1.0236220472440944,1.6759259259259263,0.0,0.0,0.07142857142857142,0.010714285714285714
0.0,928.0,928.0,13.0,480.0,1,0.0,2.4,0.13,none,0,1856.0,1.3896376160527104,1.0236220472440944,2.4870466321243527,0.0,0.0,0.07142857142857142,0.009285714285714286
0.0,928.0,928.0,13.0,289.0,1,0.0,3.76,0.13,none,0,1856.0,1.2268640930724484,1.0236220472440944,2.8038777032065623,0.0,0.0,0.07142857142857142,0.009285714285714286
0.0,1026.0,1026.0,13.0,299.0,1,0.0,1.29,0.13,none,0,2052.0,1.3390759592795614,1.0236220472440944,0.9422936449963477,0.0,0.0,0.07142857142857142,0.009285714285714286
0.0,0.0,0.0,13.0,167.0,1,0.0,0.75,0.13,none,0,0.0,0.0,1.0236220472440944,0.5755947812739831,0.0,0.0,0.07142857142857142,0.009285714285714286
0.0,928.0,928.0,13.0,311.0,1,0.0,2.05,0.13,none,0,1856.0,1.2111720177499348,1.0077519379844961,1.3594164456233422,0.0,0.0,0.07142857142857142,0.009285714285714286
0.0,928.0,928.0,13.0,420.0,1,0.0,2.11,0.28,none,0,1856.0,1.2268640930724484,1.0077519379844961,1.3130056004978221,0.0,0.0,0.07142857142857142,0.02
0.0,0.0,0.0,13.0,198.0,1,0.0,0.0,0.28,none,0,0.0,0.0,1.0,0.0,0.0,0.0,0.07142857142857142,0.02
0.0,928.0,928.0,13.0,361.0,1,0.0,2.57,0.28,none,0,1856.0,1.4073400060661208,1.0,1.5352449223416964,0.0,0.0,0.07142857142857142,0.02
0.0,928.0,928.0,13.0,274.0,1,0.0,2.54,0.28,none,0,1856.0,1.2337144376495612,1.0,1.3174273858921164,0.0,0.0,0.07142857142857142,0.02
0.0,0.0,0.0,13.0,172.0,1,0.0,0.25,0.28,none,0,0.0,0.0,1.0,0.14108352144469527,0.0,0.0,0.07142857142857142,0.02
0.0,928.0,928.0,13.0,445.0,1,0.0,4.62,0.34,none,0,1856.0,1.4073400060661208,1.0,2.316950852557673,0.0,0.0,0.07142857142857142,0.02428571428571429
0.0,928.0,928.0,13.0,328.0,1,0.0,1.8,0.34,none,0,1856.0,1.4073400060661208,1.0,1.0011123470522802,0.0,0.0,0.07142857142857142,0.02428571428571429
0.0,98.0,98.0,13.0,254.0,1,0.0,1.5,0.34,none,0,196.0,0.1729615248852806,1.0,0.8246289169873559,0.0,0.0,0.07142857142857142,0.02428571428571429
0.0,928.0,928.0,13.0,360.0,1,0.0,3.33,0.34,none,0,1856.0,1.4073400060661208,1.0,1.6032739528165627,0.0,0.0,0.07142857142857142,0.02428571428571429
0.0,928.0,928.0,13.0,367.0,1,0.0,0.52,0.34,none,0,1856.0,1.4073400060661208,1.0,0.2702702702702703,0.0,0.0,0.07142857142857142,0.02428571428571429
0.0,928.0,928.0,13.0,377.0,1,0.0,0.8,0.31,none,0,1856.0,1.4073400060661208,1.0,0.44617958728388185,0.0,0.0,0.07142857142857142,0.02214285714285714
0.0,0.0,0.0,13.0,217.0,1,0.0,0.25,0.31,none,0,0.0,0.0,1.0,0.13751375137513755,0.0,0.0,0.07142857142857142,0.02214285714285714
0.0,970.0,970.0,13.0,296.0,1,0.0,0.52,0.31,none,0,1940.0,1.4617239300783604,1.0,0.3223806571605704,0.0,0.0,0.07142857142857142,0.02214285714285714
0.0,928.0,928.0,13.0,235.0,1,0.0,3.82,0.31,none,0,1856.0,1.398432790837854,1.0,2.1941412981045376,0.0,0.0,0.07142857142857142,0.02214285714285714
0.0,928.0,928.0,13.0,377.0,1,0.0,2.82,0.31,none,0,1856.0,1.2268640930724484,1.0,1.4114114114114114,0.0,0.0,0.07142857142857142,0.02214285714285714
0.0,928.0,928.0,13.0,365.0,1,0.0,2.86,0.37,none,0,1856.0,1.2268640930724484,1.0,1.5697036223929748,0.0,0.0,0.07142857142857142,0.02642857142857143
0.0,0.0,0.0,13.0,145.0,1,0.0,0.75,0.37,none,0,0.0,0.0,1.0,0.43680838672102507,0.0,0.0,0.07142857142857142,0.02642857142857143
0.0,98.0,98.0,13.0,199.0,1,0.0,0.0,0.37,none,0,196.0,0.14767932489451477,1.0,0.0,0.0,0.0,0.07142857142857142,0.02642857142857143
0.0,928.0,928.0,13.0,236.0,1,0.0,1.54,0.37,none,0,1856.0,1.398432790837854,1.0,1.1095100864553316,0.0,0.0,0.07142857142857142,0.02642857142857143
0.0,928.0,928.0,13.0,403.0,1,0.0,0.9,0.34,none,0,1856.0,1.398432790837854,1.0,0.6311360448807856,0.0,0.0,0.07142857142857142,0.02428571428571429
0.0,928.0,928.0,13.0,459.0,1,0.0,1.69,0.34,none,0,1856.0,1.398432790837854,1.0,1.1155115511551155,0.0,0.0,0.07142857142857142,0.02428571428571429
0.0,928.0,928.0,13.0,497.0,1,0.0,3.29,0.34,none,0,1856.0,1.2268640930724484,1.0,1.8086860912589338,0.0,0.0,0.07142857142857142,0.02428571428571429
0.0,0.0,0.0,13.0,214.0,1,0.0,0.21,0.34,none,0,0.0,0.0,1.0,0.11744966442953021,0.0,0.0,0.07142857142857142,0.02428571428571429
0.0,1856.0,1856.0,13.0,1139.0,1,0.0,2.87,0.39,none,0,3712.0,2.4674288752991225,1.0,1.6952155936207915,0.0,0.0,0.07142857142857142,0.027857142857142858
0.0,1026.0,1026.0,13.0,558.0,1,0.0,1.54,0.39,none,0,2052.0,1.3464566929133859,1.0,0.9840255591054313,0.0,0.0,0.07142857142857142,0.027857142857142858
0.0,928.0,928.0,13.0,223.0,1,0.0,0.78,0.39,none,0,1856.0,1.2178477690288714,1.0,0.5747973470891673,0.0,0.0,0.07142857142857142,0.027857142857142858
0.0,0.0,0.0,13.0,211.0,1,0.0,0.25,0.39,none,0,0.0,0.0,1.0,0.1912777352716144,0.0,0.0,0.07142857142857142,0.027857142857142858
0.0,928.0,928.0,13.0,226.0,1,0.0,0.87,0.36,none,0,1856.0,1.0982248520710058,1.0,0.624103299856528,0.0,0.0,0.07142857142857142,0.025714285714285714
0.0,928.0,928.0,13.0,331.0,1,0.0,3.11,0.36,none,0,1856.0,1.0982248520710058,1.0,2.0051579626047715,0.0,0.0,0.07142857142857142,0.025714285714285714
0.0,928.0,928.0,13.0,454.0,1,0.0,3.4,0.36,none,0,1856.0,1.0982248520710058,1.0,1.887840088839534,0.0,0.0,0.07142857142857142,0.025714285714285714
0.0,0.0,0.0,13.0,78.0,1,0.0,0.0,0.36,none,0,0.0,0.0,1.0,0.0,0.0,0.0,0.07142857142857142,0.025714285714285714
0.0,928.0,928.0,13.0,216.0,1,0.0,0.52,0.49,none,0,1856.0,1.2337144376495612,1.0,0.38376383763837646,0.0,0.0,0.07142857142857142,0.034999999999999996
0.0,928.0,928.0,13.0,290.0,1,0.0,1.55,0.49,none,0,1856.0,1.0982248520710058,1.0,1.0409670920080591,0.0,0.0,0.07142857142857142,0.034999999999999996
0.0,0.0,0.0,13.0,93.0,1,0.0,0.0,0.49,none,0,0.0,0.0,1.0,0.0,0.0,0.0,0.07142857142857142,0.034999999999999996
0.0,1026.0,1026.0,13.0,597.0,1,0.0,6.43,0.49,none,0,2052.0,1.5559599636032757,1.0,3.802483737433472,0.0,0.0,0.07142857142857142,0.034999999999999996
0.0,928.0,928.0,13.0,337.0,1,0.0,2.06,0.49,none,0,1856.0,1.4073400060661208,1.0,1.132490379329302,0.0,0.0,0.07142857142857142,0.034999999999999996
0.0,928.0,928.0,13.0,317.0,1,0.0,2.8,0.45,none,0,1856.0,1.2337144376495612,1.0,1.3500482160077145,0.0,0.0,0.07142857142857142,0.03214285714285715
0.0,0.0,0.0,9.0,467.0,0,0.0,2.13,0.45,none,0,0.0,0.0,0.7142857142857143,0.968181818181818,0.0,0.0,0.0,0.045
0.0,98.0,98.0,9.0,551.0,0,0.0,2.0,0.45,none,0,196.0,0.17002081887578072,0.7377049180327869,0.9573958831977023,0.0,0.0,0.0,0.045
0.0,0.0,0.0,9.0,453.0,0,0.0,0.51,0.45,none,0,0.0,0.0,0.7627118644067796,0.2833333333333334,0.0,0.0,0.0,0.045
0.0,0.0,0.0,9.0,206.0,0,0.0,0.25,0.45,none,0,0.0,0.0,0.7894736842105263,0.13698630136986303,0.0,0.0,0.0,0.045
0.0,0.0,0.0,9.0,181.0,0,0.0,0.25,0.41,none,0,0.0,0.0,0.8181818181818182,0.13904338153503895,0.0,0.0,0.0,0.040999999999999995
0.0,0.0,0.0,9.0,386.0,0,0.0,0.52,0.41,none,0,0.0,0.0,0.8490566037735849,0.3067846607669617,0.0,0.0,0.0,0.040999999999999995
0.0,42.0,42.0,9.0,214.0,0,0.0,0.25,0.41,none,0,84.0,0.13898080741230973,0.8823529411764707,0.14534883720930233,0.0,0.0,0.0,0.040999999999999995
0.0,0.0,0.0,9.0,232.0,0,0.0,0.25,0.41,none,0,0.0,0.0,0.9183673469387754,0.2268602540834846,0.0,0.0,0.0,0.040999999999999995
0.0,0.0,0.0,9.0,162.0,0,0.0,0.25,0.41,none,0,0.0,0.0,0.9574468085106382,0.2714440825190011,0.0,0.0,0.0,0.040999999999999995
0.0,0.0,0.0,9.0,420.0,0,0.0,2.56,0.38,none,0,0.0,0.0,1.0,2.8539576365663324,0.0,0.0,0.0,0.038
0.0,0.0,0.0,9.0,285.0,0,0.0,0.26,0.38,none,0,0.0,0.0,1.0,0.36619718309859156,0.0,0.0,0.0,0.038
0.0,98.0,98.0,9.0,288.0,0,0.0,0.26,0.38,none,0,196.0,7.0,1.0,0.4850746268656717,0.0,0.0,0.0,0.038
0.0,0.0,0.0,9.0,215.0,0,0.0,0.25,0.38,none,0,0.0,0.0,1.0,0.49019607843137253,0.0,0.0,0.0,0.038
0.0,0.0,0.0,9.0,136.0,0,0.0,0.0,0.38,none,0,0.0,0.0,1.0,0.0,0.0,0.0,0.0,0.038
0.0,0.0,0.0,9.0,215.0,0,0.0,0.0,0.35,none,0,0.0,0.0,1.0,0.0,0.0,0.0,0.0,0.034999999999999996
0.0,0.0,0.0,9.0,320.0,0,0.0,1.2,0.35,none,0,0.0,0.0,1.0,2.272727272727273,0.0,0.0,0.0,0.034999999999999996
0.0,42.0,42.0,9.0,291.0,0,0.0,0.15,0.35,none,0,84.0,3.0,1.0,0.28957528957528955,0.0,0.0,0.0,0.034999999999999996
0.0,0.0,0.0,9.0,172.0,0,0.0,0.0,0.35,none,0,0.0,0.0,1.0,0.0,0.0,0.0,0.0,0.034999999999999996
0.0,0.0,0.0,9.0,115.0,0,0.0,0.0,0.32,none,0,0.0,0.0,1.0,0.0,0.0,0.0,0.0,0.032
0.0,0.0,0.0,9.0,204.0,0,0.0,0.26,0.32,none,0,0.0,0.0,1.0,1.0924369747899165,0.0,0.0,0.0,0.032
0.0,98.0,98.0,9.0,226.0,0,0.0,2.27,0.32,none,0,196.0,4.117647058823529,1.0,5.170842824601368,0.0,0.0,0.0,0.032
0.0,0.0,0.0,9.0,63.0,0,0.0,0.0,0.32,none,0,0.0,0.0,1.0,0.0,0.0,0.0,0.0,0.032
0.0,0.0,0.0,9.0,171.0,0,0.0,0.25,0.32,none,0,0.0,0.0,1.0,0.6053268765133173,0.0,0.0,0.0,0.032
0.0,0.0,0.0,9.0,109.0,0,0.0,0.0,0.29,none,0,0.0,0.0,1.0,0.0,0.0,0.0,0.0,0.028999999999999998
0.0,0.0,0.0,9.0,286.0,0,0.0,0.52,0.29,none,0,0.0,0.0,1.0,1.1182795698924735,0.0,0.0,0.0,0.028999999999999998
0.0,0.0,0.0,9.0,166.0,0,0.0,0.25,0.29,none,0,0.0,0.0,1.0,0.6756756756756759,0.0,0.0,0.0,0.028999999999999998
0.0,0.0,0.0,9.0,121.0,0,0.0,0.0,0.29,none,0,0.0,0.0,1.0,0.0,0.0,0.0,0.0,0.028999999999999998
0.0,0.0,0.0,9.0,193.0,0,0.0,0.25,0.27,none,0,0.0,0.0,1.0,0.6578947368421054,0.0,0.0,0.0,0.027000000000000003
0.0,0.0,0.0,9.0,106.0,0,0.0,0.0,0.27,none,0,0.0,0.0,1.0,0.0,0.0,0.0,0.0,0.027000000000000003
0.0,0.0,0.0,9.0,256.0,0,0.0,0.26,0.27,none,0,0.0,0.0,1.0,0.6842105263157897,0.0,0.0,0.0,0.027000000000000003
0.0,98.0,98.0,9.0,280.0,0,0.0,1.91,0.27,none,0,196.0,10.0,1.0,5.55232558139535,0.0,0.0,0.0,0.027000000000000003
0.0,0.0,0.0,9.0,324.0,0,0.0,0.48,0.27,none,0,0.0,0.0,1.0,1.2244897959183676,0.0,0.0,0.0,0.027000000000000003
0.0,0.0,0.0,9.0,282.0,0,0.0,0.0,0.25,none,0,0.0,0.0,1.0,0.0,0.0,0.0,0.0,0.025
0.0,0.0,0.0,9.0,138.0,0,0.0,0.19,0.25,none,0,0.0,0.0,1.0,0.49222797927461154,0.0,0.0,0.0,0.025
0.0,0.0,0.0,9.0,286.0,0,0.0,3.01,0.25,none,0,0.0,0.0,1.0,4.740157480314961,0.0,0.0,0.0,0.025
0.0,0.0,0.0,9.0,162.0,0,0.0,0.15,0.25,none,0,0.0,0.0,1.0,0.24000000000000005,0.0,0.0,0.0,0.025
0.0,0.0,0.0,9.0,278.0,0,0.0,0.24,0.23,none,0,0.0,0.0,1.0,0.36979969183359024,0.0,0.0,0.0,0.023
0.0,0.0,0.0,9.0,130.0,0,0.0,0.16,0.23,none,0,0.0,0.0,1.0,0.25000000000000006,0.0,0.0,0.0,0.023
0.0,98.0,98.0,9.0,391.0,0,0.0,2.88,0.23,none,0,196.0,5.0,1.0,3.10344827586207,0.0,0.0,0.0,0.023
0.0,0.0,0.0,9.0,117.0,0,0.0,0.25,0.23,none,0,0.0,0.0,1.0,0.2696871628910464,0.0,0.0,0.0,0.023
0.0,0.0,0.0,9.0,86.0,0,0.0,0.25,0.21,none,0,0.0,0.0,1.0,0.32851511169513803,0.0,0.0,0.0,0.020999999999999998
0.0,0.0,0.0,9.0,140.0,0,0.0,0.0,0.21,none,0,0.0,0.0,1.0,0.0,0.0,0.0,0.0,0.020999999999999998
0.0,0.0,0.0,9.0,191.0,0,0.0,0.25,0.21,none,0,0.0,0.0,1.0,0.3387533875338754,0.0,0.0,0.0,0.020999999999999998
0.0,42.0,42.0,9.0,171.0,0,0.0,0.0,0.21,none,0,84.0,3.0,1.0,0.0,0.0,0.0,0.0,0.020999999999999998
0.0,0.0,0.0,9.0,245.0,0,0.0,1.02,0.21,none,0,0.0,0.0,1.0,1.961538461538462,0.0,0.0,0.0,0.020999999999999998
0.0,0.0,0.0,9.0,227.0,0,0.0,0.25,0.19,none,0,0.0,0.0,1.0,0.47169811320754723,0.0,0.0,0.0,0.019
0.0,0.0,0.0,9.0,142.0,0,0.0,0.0,0.19,none,0,0.0,0.0,1.0,0.0,0.0,0.0,0.0,0.019
0.0,0.0,0.0,9.0,176.0,0,0.0,0.25,0.19,none,0,0.0,0.0,1.0,0.4854368932038836,0.0,0.0,0.0,0.019
0.0,98.0,98.0,9.0,253.0,0,0.0,1.02,0.19,none,0,196.0,7.0,1.0,3.100303951367782,0.0,0.0,0.0,0.019
0.0,0.0,0.0,9.0,106.0,0,0.0,0.49,0.19,none,0,0.0,0.0,1.0,1.3881019830028332,0.0,0.0,0.0,0.019
0.0,0.0,0.0,9.0,70.0,0,0.0,0.0,0.18,none,0,0.0,0.0,1.0,0.0,0.0,0.0,0.0,0.018
0.0,0.0,0.0,9.0,317.0,0,0.0,0.26,0.18,none,0,0.0,0.0,1.0,0.7344632768361584,0.0,0.0,0.0,0.018
0.0,0.0,0.0,9.0,102.0,0,0.0,0.25,0.18,none,0,0.0,0.0,1.0,0.7062146892655369,0.0,0.0,0.0,0.018
0.0,0.0,0.0,9.0,163.0,0,0.0,0.25,0.18,none,0,0.0,0.0,1.0,0.6596306068601585,0.0,0.0,0.0,0.018
0.0,0.0,0.0,9.0,223.0,0,0.0,0.25,0.18,none,0,0.0,0.0,1.0,0.8278145695364241,0.0,0.0,0.0,0.018
0.0,0.0,0.0,9.0,90.0,0,0.0,0.0,0.16,none,0,0.0,0.0,1.0,0.0,0.0,0.0,0.0,0.016
0.0,0.0,0.0,9.0,387.0,0,0.0,2.54,0.16,none,0,0.0,0.0,1.0,4.783427495291903,0.0,0.0,0.0,0.016
0.0,0.0,0.0,9.0,62.0,0,0.0,0.0,0.16,none,0,0.0,0.0,1.0,0.0,0.0,0.0,0.0,0.016
0.0,98.0,98.0,9.0,229.0,0,0.0,0.76,0.16,none,0,196.0,10.0,1.0,1.5833333333333335,0.0,0.0,0.0,0.016
0.0,0.0,0.0,9.0,238.0,0,0.0,0.25,0.16,none,0,0.0,0.0,1.0,0.5482456140350878,0.0,0.0,0.0,0.016
0.0,0.0,0.0,9.0,106.0,0,0.0,0.25,0.15,none,0,0.0,0.0,1.0,0.5197505197505198,0.0,0.0,0.0,0.015
0.0,0.0,0.0,9.0,183.0,0,0.0,0.26,0.15,none,0,0.0,0.0,1.0,0.5405405405405407,0.0,0.0,0.0,0.015
0.0,0.0,0.0,9.0,155.0,0,0.0,0.25,0.15,none,0,0.0,0.0,1.0,0.5197505197505199,0.0,0.0,0.0,0.015
0.0,42.0,42.0,9.0,94.0,0,0.0,0.0,0.15,none,0,84.0,3.0,1.0,0.0,0.0,0.0,0.0,0.015
0.0,0.0,0.0,9.0,194.0,0,0.0,0.0,0.14,none,0,0.0,0.0,1.0,0.0,0.0,0.0,0.0,0.014000000000000002
0.0,0.0,0.0,9.0,341.0,0,0.0,2.28,0.14,none,0,0.0,0.0,1.0,3.459787556904401,0.0,0.0,0.0,0.014000000000000002
0.0,0.0,0.0,9.0,425.0,0,0.0,1.11,0.14,none,0,0.0,0.0,1.0,2.151162790697675,0.0,0.0,0.0,0.014000000000000002
0.0,0.0,0.0,9.0,202.0,0,0.0,0.0,0.14,none,0,0.0,0.0,1.0,0.0,0.0,0.0,0.0,0.014000000000000002
0.0,98.0,98.0,9.0,293.0,0,0.0,2.26,0.14,none,0,196.0,7.0,1.0,3.393393393393394,0.0,0.0,0.0,0.014000000000000002
0.0,0.0,0.0,9.0,84.0,0,0.0,0.0,0.13,none,0,0.0,0.0,1.0,0.0,0.0,0.0,0.0,0.013000000000000001
0.0,0.0,0.0,9.0,184.0,0,0.0,0.51,0.13,none,0,0.0,0.0,1.0,0.764617691154423,0.0,0.0,0.0,0.013000000000000001
0.0,0.0,0.0,9.0,173.0,0,0.0,0.25,0.13,none,0,0.0,0.0,1.0,0.37537537537537546,0.0,0.0,0.0,0.013000000000000001
0.0,0.0,0.0,9.0,110.0,0,0.0,0.0,0.13,none,0,0.0,0.0,1.0,0.0,0.0,0.0,0.0,0.013000000000000001
0.0,0.0,0.0,9.0,125.0,0,0.0,0.25,0.13,none,0,0.0,0.0,1.0,0.37537537537537546,0.0,0.0,0.0,0.013000000000000001
0.0,0.0,0.0,9.0,80.0,0,0.0,0.25,0.12,none,0,0.0,0.0,1.0,0.3617945007235891,0.0,0.0,0.0,0.012
0.0,0.0,0.0,9.0,234.0,0,0.0,1.03,0.12,none,0,0.0,0.0,1.0,1.8197879858657247,0.0,0.0,0.0,0.012
0.0,0.0,0.0,9.0,156.0,0,0.0,0.25,0.12,none,0,0.0,0.0,1.0,0.5208333333333335,0.0,0.0,0.0,0.012
0.0,0.0,0.0,9.0,163.0,0,0.0,0.0,0.12,none,0,0.0,0.0,1.0,0.0,0.0,0.0,0.0,0.012
0.0,98.0,98.0,9.0,188.0,0,0.0,0.26,0.11,none,0,196.0,10.0,1.0,0.9285714285714289,0.0,0.0,0.0,0.011
0.0,0.0,0.0,9.0,153.0,0,0.0,0.25,0.11,none,0,0.0,0.0,1.0,0.8196721311475413,0.0,0.0,0.0,0.011
0.0,0.0,0.0,9.0,221.0,0,0.0,0.26,0.11,none,0,0.0,0.0,1.0,0.9285714285714289,0.0,0.0,0.0,0.011
0.0,0.0,0.0,9.0,205.0,0,0.0,0.2,0.11,none,0,0.0,0.0,1.0,0.7272727272727275,0.0,0.0,0.0,0.011
0.0,0.0,0.0,9.0,149.0,0,0.0,0.0,0.11,none,0,0.0,0.0,1.0,0.0,0.0,0.0,0.0,0.011
0.0,42.0,42.0,9.0,226.0,0,0.0,0.0,0.1,none,0,84.0,3.0,1.0,0.0,0.0,0.0,0.0,0.01
0.0,0.0,0.0,9.0,438.0,0,0.0,0.0,0.1,none,0,0.0,0.0,1.0,0.0,0.0,0.0,0.0,0.01
0.0,0.0,0.0,9.0,200.0,0,0.0,0.12,0.09,none,0,0.0,0.0,1.0,0.895522388059702,0.0,0.0,0.0,0.009
0.0,0.0,0.0,9.0,118.0,0,0.0,0.0,0.09,none,0,0.0,0.0,1.0,0.0,0.0,0.0,0.0,0.009
0.0,0.0,0.0,9.0,261.0,0,0.0,0.0,0.09,none,0,0.0,0.0,1.0,0.0,0.0,0.0,0.0,0.009
0.0,98.0,98.0,9.0,375.0,0,0.0,2.33,0.09,none,0,196.0,7.0,1.0,7.373417721518988,0.0,0.0,0.0,0.009
0.0,0.0,0.0,9.0,172.0,0,0.0,0.18,0.08,none,0,0.0,0.0,1.0,0.5825242718446603,0.0,0.0,0.0,0.008
0.0,0.0,0.0,9.0,277.0,0,0.0,1.12,0.08,none,0,0.0,0.0,1.0,2.8354430379746844,0.0,0.0,0.0,0.008
0.0,0.0,0.0,9.0,171.0,0,0.0,0.23,0.08,none,0,0.0,0.0,1.0,0.577889447236181,0.0,0.0,0.0,0.008
0.0,0.0,0.0,9.0,433.0,0,0.0,0.12,0.08,none,0,0.0,0.0,1.0,0.2926829268292683,0.0,0.0,0.0,0.008
0.0,0.0,0.0,9.0,167.0,0,0.0,0.14,0.08,none,0,0.0,0.0,1.0,0.3301886792452831,0.0,0.0,0.0,0.008
0.0,0.0,0.0,9.0,227.0,0,0.0,0.16,0.08,none,0,0.0,0.0,1.0,0.3636363636363637,0.0,0.0,0.0,0.008
0.0,98.0,98.0,9.0,705.0,0,0.0,2.14,0.07,none,0,196.0,5.0,1.0,3.3333333333333335,0.0,0.0,0.0,0.007000000000000001
0.0,0.0,0.0,9.0,406.0,0,0.0,0.12,0.07,none,0,0.0,0.0,1.0,0.1834862385321101,0.0,0.0,0.0,0.007000000000000001
0.0,0.0,0.0,9.0,440.0,0,0.0,1.78,0.07,none,0,0.0,0.0,1.0,2.1394230769230766,0.0,0.0,0.0,0.007000000000000001
0.0,0.0,0.0,9.0,206.0,0,0.0,0.7,0.06,none,0,0.0,0.0,1.0,1.046337817638266,0.0,0.0,0.0,0.006
0.0,0.0,0.0,9.0,233.0,0,0.0,0.0,0.06,none,0,0.0,0.0,1.0,0.0,0.0,0.0,0.0,0.006
0.0,0.0,0.0,9.0,292.0,0,0.0,0.62,0.06,none,0,0.0,0.0,1.0,1.0316139767054908,0.0,0.0,0.0,0.006
0.0,98.0,98.0,9.0,423.0,0,0.0,1.5,0.06,none,0,196.0,5.0,1.0,2.0604395604395607,0.0,0.0,0.0,0.006
0.0,0.0,0.0,9.0,267.0,0,0.0,0.12,0.06,none,0,0.0,0.0,1.0,0.16483516483516486,0.0,0.0,0.0,0.006
0.0,42.0,42.0,8.0,294.0,0,0.0,0.23,0.05,none,0,84.0,1.7647058823529411,0.898876404494382,0.31207598371777484,0.0,0.0,0.0,0.005555555555555556
0.0,0.0,0.0,9.0,448.0,0,0.0,0.9,0.05,none,0,0.0,0.0,1.0112359550561798,1.1097410604192357,0.0,0.0,0.0,0.005
0.0,0.0,0.0,9.0,439.0,0,0.0,0.09,0.05,none,0,0.0,0.0,1.0112359550561798,0.14851485148514854,0.0,0.0,0.0,0.005
0.0,98.0,98.0,9.0,395.0,0,0.0,3.66,0.05,none,0,196.0,4.117647058823529,1.0112359550561798,3.8125000000000004,0.0,0.0,0.0,0.005
0.0,0.0,0.0,9.0,138.0,0,0.0,0.0,0.05,none,0,0.0,0.0,1.0112359550561798,0.0,0.0,0.0,0.0,0.005
0.0,0.0,0.0,9.0,216.0,0,0.0,0.17,0.04,none,0,0.0,0.0,1.0112359550561798,0.2331961591220851,0.0,0.0,0.0,0.004
0.0,0.0,70.0,9.0,373.0,0,0.0,1.25,0.04,none,0,70.0,1.282051282051282,1.0112359550561798,1.4637002341920378,0.0,0.0,0.0,0.004
0.0,42.0,42.0,9.0,109.0,0,0.0,0.0,0.04,none,0,84.0,1.3333333333333333,1.0112359550561798,0.0,0.0,0.0,0.0,0.004
0.0,0.0,0.0,9.0,83.0,0,0.0,0.25,0.04,none,0,0.0,0.0,1.0112359550561798,0.3748125937031485,0.0,0.0,0.0,0.004
0.0,0.0,0.0,9.0,144.0,0,0.0,0.25,0.04,none,0,0.0,0.0,1.0112359550561798,0.36764705882352944,0.0,0.0,0.0,0.004
0.0,0.0,0.0,9.0,118.0,0,0.0,0.25,0.04,none,0,0.0,0.0,1.0,0.36656891495601185,0.0,0.0,0.0,0.004
0.0,98.0,98.0,9.0,482.0,0,0.0,3.34,0.04,none,0,196.0,3.58974358974359,1.0,3.606911447084234,0.0,0.0,0.0,0.004
0.0,0.0,0.0,9.0,159.0,0,0.0,0.25,0.04,none,0,0.0,0.0,1.0,0.26539278131634825,0.0,0.0,0.0,0.004
0.0,0.0,0.0,9.0,143.0,0,0.0,0.0,0.04,none,0,0.0,0.0,1.0,0.0,0.0,0.0,0.0,0.004
0.0,0.0,0.0,9.0,174.0,0,0.0,0.0,0.04,none,0,0.0,0.0,1.0,0.0,0.0,0.0,0.0,0.004
0.0,0.0,0.0,9.0,155.0,0,0.0,0.49,0.04,none,0,0.0,0.0,1.0,0.8059210526315791,0.0,0.0,0.0,0.004
0.0,0.0,0.0,9.0,390.0,0,0.0,1.53,0.04,none,0,0.0,0.0,1.0,2.405660377358491,0.0,0.0,0.0,0.004
0.0,0.0,0.0,9.0,126.0,0,0.0,0.0,0.04,none,0,0.0,0.0,1.0,0.0,0.0,0.0,0.0,0.004
0.0,0.0,0.0,9.0,126.0,0,0.0,0.25,0.04,none,0,0.0,0.0,1.0,0.3930817610062894,0.0,0.0,0.0,0.004
0.0,0.0,0.0,9.0,217.0,0,0.0,0.25,0.03,none,0,0.0,0.0,1.0,0.3930817610062894,0.0,0.0,0.0,0.003
0.0,0.0,0.0,13.0,232.0,1,0.0,0.14,0.12,none,0,0.0,0.0,1.3829787234042552,0.22400000000000006,0.0,0.0,0.07142857142857142,0.008571428571428572
0.0,928.0,928.0,13.0,447.0,1,0.0,1.77,0.12,none,0,1856.0,10.0,1.3265306122448979,3.7820512820512824,0.0,0.0,0.07142857142857142,0.008571428571428572
0.0,928.0,928.0,13.0,443.0,1,0.0,2.04,0.11,none,0,1856.0,5.0,1.2745098039215688,3.1530139103554875,0.0,0.0,0.07142857142857142,0.007857142857142858
0.0,928.0,928.0,13.0,526.0,1,0.0,3.33,0.11,none,0,1856.0,3.3333333333333335,1.2264150943396226,3.39795918367347,0.0,0.0,0.07142857142857142,0.007857142857142858
0.0,928.0,928.0,13.0,374.0,1,0.0,2.68,0.11,none,0,1856.0,2.5,1.1818181818181819,2.1474358974358974,0.0,0.0,0.07142857142857142,0.007857142857142858
0.0,928.0,928.0,13.0,472.0,1,0.0,2.22,0.11,none,0,1856.0,2.0,1.1403508771929824,1.5622800844475724,0.0,0.0,0.07142857142857142,0.007857142857142858
0.0,1954.0,1954.0,13.0,775.0,1,0.0,0.87,0.18,none,0,3908.0,2.9632999696693965,1.1016949152542372,0.6420664206642066,0.0,0.0,0.07142857142857142,0.012857142857142857
0.0,928.0,928.0,13.0,401.0,1,0.0,3.31,0.18,none,0,1856.0,1.2337144376495612,1.0655737704918034,1.963226571767497,0.0,0.0,0.07142857142857142,0.012857142857142857
0.0,928.0,928.0,13.0,517.0,1,0.0,2.49,0.18,none,0,1856.0,1.0982248520710058,1.0317460317460319,1.3036649214659686,0.0,0.0,0.07142857142857142,0.012857142857142857
0.0,928.0,928.0,13.0,700.0,1,0.0,2.11,0.17,none,0,1856.0,0.9895500106632544,1.0,1.006679389312977,0.0,0.0,0.07142857142857142,0.012142857142857144
0.0,970.0,970.0,13.0,263.0,1,0.0,2.53,0.17,none,0,1940.0,0.937379203710862,1.0,1.0835117773019272,0.0,0.0,0.07142857142857142,0.012142857142857144
0.0,928.0,928.0,13.0,281.0,1,0.0,0.78,0.17,none,0,1856.0,0.8967916505604948,1.0,0.34883720930232565,0.0,0.0,0.07142857142857142,0.012142857142857144
0.0,928.0,928.0,13.0,205.0,1,0.0,1.02,0.17,none,0,1856.0,0.8967916505604948,1.0,0.4779756326148079,0.0,0.0,0.07142857142857142,0.012142857142857144
0.0,928.0,928.0,13.0,268.0,1,0.0,0.89,0.23,none,0,1856.0,0.8967916505604948,1.0,0.47089947089947093,0.0,0.0,0.07142857142857142,0.016428571428571428
0.0,1026.0,1026.0,13.0,654.0,1,0.0,6.0,0.23,none,0,2052.0,0.9821941412981047,1.0,2.7002700270027002,0.0,0.0,0.07142857142857142,0.016428571428571428
0.0,928.0,928.0,13.0,192.0,1,0.0,1.0,0.23,none,0,1856.0,0.8883783266322038,1.0,0.47619047619047616,0.0,0.0,0.07142857142857142,0.016428571428571428
0.0,824.0,824.0,13.0,223.0,1,0.0,0.88,0.23,none,0,1648.0,0.884499785315586,1.0,0.418848167539267,0.0,0.0,0.07142857142857142,0.016428571428571428
0.0,1032.0,1032.0,13.0,411.0,1,0.0,1.11,0.21,none,0,2064.0,1.0955414012738853,1.0,0.5901116427432217,0.0,0.0,0.07142857142857142,0.015
0.0,0.0,0.0,13.0,364.0,1,0.0,2.78,0.21,none,0,0.0,0.0,1.0,1.455497382198953,0.0,0.0,0.07142857142857142,0.015
0.0,970.0,970.0,13.0,246.0,1,0.0,2.04,0.21,none,0,1940.0,1.136629950785095,1.0,1.071991592222806,0.0,0.0,0.07142857142857142,0.015
0.0,928.0,928.0,13.0,387.0,1,0.0,2.59,0.21,none,0,1856.0,1.0927932171455488,1.0,1.3567312729177579,0.0,0.0,0.07142857142857142,0.015
0.0,928.0,928.0,13.0,382.0,1,0.0,3.15,0.21,none,0,1856.0,1.0927932171455488,1.0,1.46784715750233,0.0,0.0,0.07142857142857142,0.015
0.0,928.0,928.0,13.0,328.0,1,0.0,2.8,0.2,none,0,1856.0,1.0927932171455488,1.0,1.2048192771084338,0.0,0.0,0.07142857142857142,0.014285714285714287
0.0,0.0,0.0,13.0,203.0,1,0.0,1.5,0.2,none,0,0.0,0.0,1.0,0.6289308176100629,0.0,0.0,0.07142857142857142,0.014285714285714287
0.0,0.0,0.0,13.0,82.0,1,0.0,0.0,0.2,none,0,0.0,0.0,1.0,0.0,0.0,0.0,0.07142857142857142,0.014285714285714287
0.0,0.0,0.0,13.0,102.0,1,0.0,0.25,0.2,none,0,0.0,0.0,1.0,0.14619883040935672,0.0,0.0,0.07142857142857142,0.014285714285714287
0.0,1026.0,1026.0,13.0,202.0,1,0.0,0.79,0.2,none,0,2052.0,1.7653131452167927,1.0,0.46443268665490894,0.0,0.0,0.07142857142857142,0.014285714285714287
0.0,928.0,928.0,13.0,430.0,1,0.0,3.54,0.18,none,0,1856.0,1.6257883672039244,1.0,1.820987654320988,0.0,0.0,0.07142857142857142,0.012857142857142857
0.0,928.0,928.0,13.0,449.0,1,0.0,4.91,0.18,none,0,1856.0,1.398432790837854,1.0,2.276309689383403,0.0,0.0,0.07142857142857142,0.012857142857142857
0.0,0.0,0.0,13.0,93.0,1,0.0,0.0,0.18,none,0,0.0,0.0,1.0,0.0,0.0,0.0,0.07142857142857142,0.012857142857142857
0.0,928.0,928.0,13.0,344.0,1,0.0,3.3,0.18,none,0,1856.0,1.6378397458524532,1.0,1.6304347826086956,0.0,0.0,0.07142857142857142,0.012857142857142857
0.0,928.0,928.0,13.0,263.0,1,0.0,0.52,0.17,none,0,1856.0,1.6378397458524532,1.0,0.29528676888131744,0.0,0.0,0.07142857142857142,0.012142857142857144
0.0,928.0,928.0,13.0,196.0,1,0.0,0.52,0.17,none,0,1856.0,1.6378397458524532,1.0,0.3392041748206132,0.0,0.0,0.07142857142857142,0.012142857142857144
0.0,0.0,0.0,13.0,336.0,1,0.0,2.57,0.17,none,0,0.0,0.0,1.0,1.5670731707317074,0.0,0.0,0.07142857142857142,0.012142857142857144
0.0,928.0,928.0,13.0,266.0,1,0.0,3.28,0.17,none,0,1856.0,1.4073400060661208,1.0,1.6666666666666665,0.0,0.0,0.07142857142857142,0.012142857142857144
0.0,1026.0,928.0,13.0,249.0,1,0.0,2.06,0.17,none,0,1954.0,1.2904504028529917,1.0,0.9585853885528153,0.0,0.0,0.07142857142857142,0.012142857142857144
0.0,0.0,98.0,13.0,234.0,1,0.0,1.01,0.15,none,0,98.0,0.07430997876857749,1.0,0.46522339935513585,0.0,0.0,0.07142857142857142,0.010714285714285714
0.0,928.0,928.0,13.0,377.0,1,0.0,2.56,0.15,none,0,1856.0,1.4073400060661208,1.0,1.2349252291365171,0.0,0.0,0.07142857142857142,0.010714285714285714
0.0,928.0,928.0,13.0,390.0,1,0.0,1.87,0.15,none,0,1856.0,1.4073400060661208,1.0,1.0570944036178636,0.0,0.0,0.07142857142857142,0.010714285714285714
0.0,928.0,928.0,13.0,378.0,1,0.0,3.77,0.15,none,0,1856.0,1.2337144376495612,1.0,1.7567567567567568,0.0,0.0,0.07142857142857142,0.010714285714285714
0.0,928.0,928.0,13.0,381.0,1,0.0,1.95,0.15,none,0,1856.0,1.2337144376495612,1.0,0.9696668324216807,0.0,0.0,0.07142857142857142,0.010714285714285714
0.0,0.0,0.0,13.0,124.0,1,0.0,0.0,0.14,none,0,0.0,0.0,1.0,0.0,0.0,0.0,0.07142857142857142,0.01
0.0,928.0,928.0,13.0,379.0,1,0.0,3.05,0.14,none,0,1856.0,1.4073400060661208,1.0,1.3788426763110309,0.0,0.0,0.07142857142857142,0.01
0.0,928.0,928.0,13.0,457.0,1,0.0,4.47,0.14,none,0,1856.0,1.2337144376495612,1.0,1.8609492089925064,0.0,0.0,0.07142857142857142,0.01
0.0,928.0,928.0,13.0,292.0,1,0.0,2.02,0.14,none,0,1856.0,1.2337144376495612,1.0,0.8875219683655536,0.0,0.0,0.07142857142857142,0.01
0.0,1026.0,1026.0,13.0,405.0,1,0.0,4.62,0.21,none,0,2052.0,1.3551710474177783,1.0,1.8246445497630333,0.0,0.0,0.07142857142857142,0.015
0.0,928.0,928.0,13.0,275.0,1,0.0,0.97,0.21,none,0,1856.0,1.0982248520710058,1.0,0.3837025316455696,0.0,0.0,0.07142857142857142,0.015
0.0,928.0,928.0,13.0,545.0,1,0.0,4.59,0.21,none,0,1856.0,1.0982248520710058,1.0,1.6807030391797877,0.0,0.0,0.07142857142857142,0.015
0.0,928.0,928.0,13.0,293.0,1,0.0,0.74,0.21,none,0,1856.0,1.0982248520710058,1.0,0.28265851795263564,0.0,0.0,0.07142857142857142,0.015
0.0,928.0,928.0,13.0,647.0,1,0.0,5.97,0.19,none,0,1856.0,1.0982248520710058,1.0,2.1035940803382664,0.0,0.0,0.07142857142857142,0.013571428571428571
0.0,0.0,0.0,13.0,268.0,1,0.0,1.01,0.19,none,0,0.0,0.0,1.0,0.3680758017492712,0.0,0.0,0.07142857142857142,0.013571428571428571
0.0,928.0,928.0,13.0,225.0,1,0.0,2.99,0.19,none,0,1856.0,1.0982248520710058,1.0,0.9825829773250082,0.0,0.0,0.07142857142857142,0.013571428571428571
0.0,928.0,928.0,13.0,407.0,1,0.0,2.16,0.19,none,0,1856.0,1.0982248520710058,1.0,0.7312119160460394,0.0,0.0,0.07142857142857142,0.013571428571428571
0.0,0.0,0.0,13.0,105.0,1,0.0,0.24,0.19,none,0,0.0,0.0,1.0,0.09482418016594232,0.0,0.0,0.07142857142857142,0.013571428571428571
0.0,1026.0,1026.0,13.0,377.0,1,0.0,5.09,0.18,none,0,2052.0,1.3464566929133859,1.0,1.7935165609584214,0.0,0.0,0.07142857142857142,0.012857142857142857
0.0,928.0,928.0,13.0,296.0,1,0.0,0.91,0.18,none,0,1856.0,1.2337144376495612,1.0,0.3688690717470613,0.0,0.0,0.07142857142857142,0.012857142857142857
0.0,0.0,0.0,13.0,240.0,1,0.0,0.95,0.18,none,0,0.0,0.0,1.0,0.385395537525355,0.0,0.0,0.07142857142857142,0.012857142857142857
0.0,928.0,928.0,13.0,355.0,1,0.0,3.84,0.18,none,0,1856.0,1.4073400060661208,1.0,1.6066945606694563,0.0,0.0,0.07142857142857142,0.012857142857142857
0.0,928.0,928.0,13.0,362.0,1,0.0,0.79,0.18,none,0,1856.0,1.4073400060661208,1.0,0.32985386221294366,0.0,0.0,0.07142857142857142,0.012857142857142857
0.0,970.0,970.0,13.0,286.0,1,0.0,2.81,0.16,none,0,1940.0,1.4617239300783604,1.0,1.3516113516113517,0.0,0.0,0.07142857142857142,0.011428571428571429
0.0,0.0,0.0,13.0,130.0,1,0.0,0.75,0.16,none,0,0.0,0.0,1.0,0.3653190452995616,0.0,0.0,0.07142857142857142,0.011428571428571429
0.0,928.0,928.0,13.0,213.0,1,0.0,2.55,0.16,none,0,1856.0,1.398432790837854,1.0,1.2692882030861128,0.0,0.0,0.07142857142857142,0.011428571428571429
0.0,928.0,928.0,13.0,355.0,1,0.0,2.88,0.16,none,0,1856.0,1.398432790837854,1.0,1.3839500240269098,0.0,0.0,0.07142857142857142,0.011428571428571429
0.0,928.0,928.0,13.0,282.0,1,0.0,1.02,0.15,none,0,1856.0,1.2268640930724484,1.0,0.4724409448818898,0.0,0.0,0.07142857142857142,0.010714285714285714
0.0,1026.0,1026.0,13.0,447.0,1,0.0,4.62,0.15,none,0,2052.0,1.3564251718667373,1.0,2.1875000000000004,0.0,0.0,0.07142857142857142,0.010714285714285714
0.0,928.0,928.0,13.0,426.0,1,0.0,2.07,0.15,none,0,1856.0,1.2268640930724484,1.0,0.929084380610413,0.0,0.0,0.07142857142857142,0.010714285714285714
0.0,0.0,0.0,13.0,102.0,1,0.0,0.0,0.15,none,0,0.0,0.0,1.0,0.0,0.0,0.0,0.07142857142857142,0.010714285714285714
0.0,928.0,928.0,13.0,468.0,1,0.0,2.15,0.15,none,0,1856.0,1.2268640930724484,1.0,1.0947046843177188,0.0,0.0,0.07142857142857142,0.010714285714285714
0.0,928.0,928.0,13.0,294.0,1,0.0,3.31,0.14,none,0,1856.0,1.2268640930724484,1.0,1.493682310469314,0.0,0.0,0.07142857142857142,0.01
0.0,970.0,970.0,13.0,430.0,1,0.0,0.53,0.14,none,0,1940.0,1.2823902696985723,1.0,0.2665995975855131,0.0,0.0,0.07142857142857142,0.01
0.0,928.0,928.0,13.0,313.0,1,0.0,2.58,0.14,none,0,1856.0,1.0927932171455488,1.0,1.188392445877476,0.0,0.0,0.07142857142857142,0.01
0.0,0.0,0.0,13.0,94.0,1,0.0,0.25,0.14,none,0,0.0,0.0,1.0,0.12879958784131892,0.0,0.0,0.07142857142857142,0.01
0.0,928.0,928.0,13.0,233.0,1,0.0,0.26,0.14,none,0,1856.0,1.2268640930724484,1.0,0.15485407980941038,0.0,0.0,0.07142857142857142,0.01
0.0,928.0,928.0,13.0,465.0,1,0.0,4.63,0.21,none,0,1856.0,1.2268640930724484,1.0,2.269607843137255,0.0,0.0,0.07142857142857142,0.015
0.0,1026.0,1026.0,13.0,295.0,1,0.0,1.56,0.21,none,0,2052.0,1.3564251718667373,1.0,0.8996539792387543,0.0,0.0,0.07142857142857142,0.015
0.0,928.0,928.0,13.0,261.0,1,0.0,0.78,0.21,none,0,1856.0,1.2268640930724484,1.0,0.48598130841121495,0.0,0.0,0.07142857142857142,0.015
0.0,0.0,0.0,13.0,125.0,1,0.0,0.5,0.21,none,0,0.0,0.0,1.0,0.3021148036253776,0.0,0.0,0.07142857142857142,0.015
0.0,928.0,928.0,13.0,306.0,1,0.0,2.79,0.21,none,0,1856.0,1.2268640930724484,1.0,1.6230366492146597,0.0,0.0,0.07142857142857142,0.015
0.0,928.0,928.0,13.0,619.0,1,0.0,5.09,0.27,none,0,1856.0,1.2268640930724484,1.0,2.68318397469689,0.0,0.0,0.07142857142857142,0.019285714285714288
0.0,928.0,928.0,13.0,354.0,1,0.0,2.31,0.27,none,0,1856.0,1.2337144376495612,1.0,1.1132530120481927,0.0,0.0,0.07142857142857142,0.019285714285714288
0.0,928.0,928.0,13.0,222.0,1,0.0,0.52,0.27,none,0,1856.0,1.2337144376495612,1.0,0.27822364901016583,0.0,0.0,0.07142857142857142,0.019285714285714288
0.0,928.0,928.0,13.0,329.0,1,0.0,2.06,0.27,none,0,1856.0,1.0982248520710058,1.0,1.0048780487804878,0.0,0.0,0.07142857142857142,0.019285714285714288
0.0,0.0,0.0,13.0,169.0,1,0.0,0.0,0.27,none,0,0.0,0.0,1.0,0.0,0.0,0.0,0.07142857142857142,0.019285714285714288
0.0,928.0,928.0,13.0,486.0,1,0.0,3.12,0.25,none,0,1856.0,1.2337144376495612,1.0,1.6657768286171917,0.0,0.0,0.07142857142857142,0.017857142857142856
0.0,0.0,0.0,13.0,140.0,1,0.0,0.0,0.25,none,0,0.0,0.0,1.0,0.0,0.0,0.0,0.07142857142857142,0.017857142857142856
0.0,1026.0,1026.0,13.0,379.0,1,0.0,1.84,0.25,none,0,2052.0,1.5559599636032757,1.0,1.0093252879868349,0.0,0.0,0.07142857142857142,0.017857142857142856
0.0,0.0,0.0,13.0,155.0,1,0.0,0.0,0.25,none,0,0.0,0.0,1.0,0.0,0.0,0.0,0.07142857142857142,0.017857142857142856
0.0,928.0,928.0,13.0,575.0,1,0.0,1.61,0.23,none,0,1856.0,1.4073400060661208,1.0,0.972809667673716,0.0,0.0,0.07142857142857142,0.016428571428571428
0.0,928.0,928.0,13.0,449.0,1,0.0,2.81,0.23,none,0,1856.0,1.4073400060661208,1.0,1.96916608269096,0.0,0.0,0.07142857142857142,0.016428571428571428
0.0,928.0,928.0,13.0,272.0,1,0.0,2.26,0.23,none,0,1856.0,1.4073400060661208,1.0,1.5893108298171585,0.0,0.0,0.07142857142857142,0.016428571428571428
0.0,928.0,928.0,13.0,310.0,1,0.0,0.52,0.23,none,0,1856.0,1.4073400060661208,1.0,0.3656821378340366,0.0,0.0,0.07142857142857142,0.016428571428571428
0.0,0.0,0.0,13.0,151.0,1,0.0,0.25,0.23,none,0,0.0,0.0,1.0,0.201450443190975,0.0,0.0,0.07142857142857142,0.016428571428571428
0.0,928.0,928.0,13.0,529.0,1,0.0,5.44,0.21,none,0,1856.0,1.4073400060661208,1.0,3.0476190476190474,0.0,0.0,0.07142857142857142,0.015
0.0,928.0,928.0,13.0,334.0,1,0.0,3.51,0.21,none,0,1856.0,1.4073400060661208,1.0,1.9243421052631575,0.0,0.0,0.07142857142857142,0.015
0.0,1026.0,1026.0,13.0,340.0,1,0.0,2.62,0.21,none,0,2052.0,1.3464566929133859,1.0,1.2559923298178333,0.0,0.0,0.07142857142857142,0.015
0.0,928.0,928.0,13.0,364.0,1,0.0,2.53,0.21,none,0,1856.0,1.2337144376495612,1.0,1.1740139211136889,0.0,0.0,0.07142857142857142,0.015
0.0,928.0,928.0,13.0,300.0,1,0.0,2.27,0.21,none,0,1856.0,1.0982248520710058,1.0,0.9529806884970613,0.0,0.0,0.07142857142857142,0.015
0.0,0.0,0.0,13.0,214.0,1,0.0,0.25,0.19,none,0,0.0,0.0,1.0,0.11130899376669635,0.0,0.0,0.07142857142857142,0.013571428571428571
0.0,928.0,928.0,13.0,374.0,1,0.0,2.11,0.19,none,0,1856.0,1.2337144376495612,1.0,0.9696691176470589,0.0,0.0,0.07142857142857142,0.013571428571428571
0.0,928.0,928.0,13.0,292.0,1,0.0,3.28,0.19,none,0,1856.0,1.2337144376495612,1.0,1.439859525899912,0.0,0.0,0.07142857142857142,0.013571428571428571
0.0,928.0,928.0,13.0,333.0,1,0.0,1.8,0.19,none,0,1856.0,1.2337144376495612,1.0,0.7481296758104737,0.0,0.0,0.07142857142857142,0.013571428571428571
0.0,0.0,0.0,13.0,93.0,1,0.0,0.0,0.18,none,0,0.0,0.0,1.0,0.0,0.0,0.0,0.07142857142857142,0.012857142857142857
0.0,928.0,928.0,13.0,333.0,1,0.0,1.04,0.18,none,0,1856.0,1.2337144376495612,1.0,0.5358062854198866,0.0,0.0,0.07142857142857142,0.012857142857142857
0.0,928.0,928.0,13.0,439.0,1,0.0,2.65,0.18,none,0,1856.0,1.2337144376495612,1.0,1.4285714285714286,0.0,0.0,0.07142857142857142,0.012857142857142857
0.0,1026.0,1026.0,13.0,374.0,1,0.0,2.86,0.18,none,0,2052.0,1.363998936453071,1.0,1.522086216072379,0.0,0.0,0.07142857142857142,0.012857142857142857
0.0,0.0,0.0,13.0,138.0,1,0.0,0.25,0.18,none,0,0.0,0.0,1.0,0.15142337976983644,0.0,0.0,0.07142857142857142,0.012857142857142857
0.0,928.0,928.0,13.0,179.0,1,0.0,0.26,0.16,none,0,1856.0,1.4073400060661208,1.0,0.17931034482758623,0.0,0.0,0.07142857142857142,0.011428571428571429
0.0,928.0,928.0,13.0,614.0,1,0.0,2.59,0.16,none,0,1856.0,1.2337144376495612,1.0,1.5380047505938241,0.0,0.0,0.07142857142857142,0.011428571428571429
0.0,0.0,0.0,13.0,98.0,1,0.0,0.25,0.16,none,0,0.0,0.0,1.0,0.16688918558077437,0.0,0.0,0.07142857142857142,0.011428571428571429
0.0,970.0,970.0,13.0,519.0,1,0.0,5.33,0.16,none,0,1940.0,1.4617239300783604,1.0,3.1297709923664123,0.0,0.0,0.07142857142857142,0.011428571428571429
0.0,0.0,0.0,13.0,159.0,1,0.0,0.25,0.16,none,0,0.0,0.0,1.0,0.16149870801033592,0.0,0.0,0.07142857142857142,0.011428571428571429
0.0,928.0,928.0,13.0,277.0,1,0.0,3.03,0.15,none,0,1856.0,1.398432790837854,1.0,1.6369529983792541,0.0,0.0,0.07142857142857142,0.010714285714285714
0.0,928.0,928.0,13.0,398.0,1,0.0,2.57,0.15,none,0,1856.0,1.398432790837854,1.0,1.282435129740519,0.0,0.0,0.07142857142857142,0.010714285714285714
0.0,0.0,0.0,13.0,191.0,1,0.0,1.26,0.15,none,0,0.0,0.0,1.0,0.6756032171581771,0.0,0.0,0.07142857142857142,0.010714285714285714
0.0,1026.0,1026.0,13.0,548.0,1,0.0,4.04,0.15,none,0,2052.0,1.7974772249474422,1.0,2.0373171961674235,0.0,0.0,0.07142857142857142,0.010714285714285714
0.0,928.0,928.0,13.0,264.0,1,0.0,0.24,0.15,none,0,1856.0,1.398432790837854,1.0,0.12108980827447023,0.0,0.0,0.07142857142857142,0.010714285714285714
0.0,928.0,928.0,13.0,535.0,1,0.0,1.46,0.22,none,0,1856.0,1.398432790837854,1.0,0.6945765937202665,0.0,0.0,0.07142857142857142,0.015714285714285715
0.0,0.0,0.0,13.0,355.0,1,0.0,0.35,0.22,none,0,0.0,0.0,1.0,0.18636847710330137,0.0,0.0,0.07142857142857142,0.015714285714285715
0.0,970.0,970.0,13.0,454.0,1,0.0,4.07,0.22,none,0,1940.0,1.4525306978137167,1.0,1.8008849557522124,0.0,0.0,0.07142857142857142,0.015714285714285715
0.0,928.0,928.0,13.0,548.0,1,0.0,2.45,0.2,none,0,1856.0,1.398432790837854,1.0,1.2423935091277891,0.0,0.0,0.07142857142857142,0.014285714285714287
0.0,1856.0,1856.0,13.0,704.0,1,0.0,1.52,0.2,none,0,3712.0,2.1855864342910976,1.0,0.7241543592186757,0.0,0.0,0.07142857142857142,0.014285714285714287
0.0,1026.0,1026.0,13.0,579.0,1,0.0,5.94,0.2,none,0,2052.0,1.1944121071012805,1.0,2.4853556485355655,0.0,0.0,0.07142857142857142,0.014285714285714287
0.0,0.0,0.0,13.0,250.0,1,0.0,1.0,0.18,none,0,0.0,0.0,1.0,0.44782803403493066,0.0,0.0,0.07142857142857142,0.012857142857142857
0.0,928.0,928.0,13.0,382.0,1,0.0,2.03,0.18,none,0,1856.0,1.080325960419092,1.0,0.8787878787878787,0.0,0.0,0.07142857142857142,0.012857142857142857
0.0,928.0,928.0,13.0,297.0,1,0.0,1.36,0.18,none,0,1856.0,1.0927932171455488,1.0,0.6660137120470127,0.0,0.0,0.07142857142857142,0.012857142857142857
0.0,928.0,928.0,13.0,402.0,1,0.0,3.88,0.18,none,0,1856.0,1.0927932171455488,1.0,1.6126350789692436,0.0,0.0,0.07142857142857142,0.012857142857142857
0.0,928.0,928.0,13.0,326.0,1,0.0,1.93,0.18,none,0,1856.0,1.0927932171455488,1.0,0.78679168365267,0.0,0.0,0.07142857142857142,0.012857142857142857
0.0,928.0,928.0,13.0,299.0,1,0.0,0.41,0.17,none,0,1856.0,0.9851380042462845,1.0,0.1667344448962993,0.0,0.0,0.07142857142857142,0.012142857142857144
0.0,98.0,98.0,13.0,304.0,1,0.0,0.2,0.17,none,0,196.0,0.11464670098268602,1.0,0.09652509652509653,0.0,0.0,0.07142857142857142,0.012142857142857144
0.0,928.0,928.0,13.0,384.0,1,0.0,1.12,0.17,none,0,1856.0,1.085634066448292,1.0,0.5776173285198556,0.0,0.0,0.07142857142857142,0.012142857142857144
0.0,928.0,928.0,13.0,303.0,1,0.0,3.84,0.32,none,0,1856.0,1.2178477690288714,1.0,1.7687701520036847,0.0,0.0,0.07142857142857142,0.022857142857142857
0.0,100.0,100.0,12.0,377.0,0,0.0,1.65,0.57,none,0,200.0,0.14938751120406335,0.9302325581395349,0.947187141216992,0.0,0.0,0.0,0.04384615384615384
0.0,198.0,198.0,12.0,561.0,0,0.0,2.67,0.57,none,0,396.0,0.2872896111433546,0.9375,1.398638030382399,0.0,0.0,0.0,0.04384615384615384
0.0,100.0,100.0,12.0,301.0,0,0.0,0.88,0.57,none,0,200.0,0.16490765171503957,0.9448818897637796,0.4905239687848384,0.0,0.0,0.0,0.04384615384615384
0.0,100.0,100.0,12.0,485.0,0,0.0,0.96,0.53,none,0,200.0,0.19098548510313215,0.9523809523809524,0.5473204104903079,0.0,0.0,0.0,0.04076923076923077
0.0,100.0,100.0,12.0,413.0,0,0.0,3.69,0.53,none,0,200.0,0.22686025408348456,0.96,2.126801152737752,0.0,0.0,0.0,0.04076923076923077
0.0,142.0,142.0,12.0,552.0,0,0.0,6.79,0.53,none,0,284.0,0.3920485919381557,0.9677419354838709,3.0571814497973886,0.0,0.0,0.0,0.04076923076923077
0.0,100.0,100.0,12.0,382.0,0,0.0,4.36,0.53,none,0,200.0,0.35790980672870437,0.975609756097561,1.6666666666666667,0.0,0.0,0.0,0.04076923076923077
0.0,100.0,100.0,12.0,493.0,0,0.0,3.95,0.53,none,0,200.0,0.35765379113018597,0.9836065573770493,1.3206285523236376,0.0,0.0,0.0,0.04076923076923077
0.0,0.0,0.0,12.0,324.0,0,0.0,2.81,0.48,none,0,0.0,0.0,0.9917355371900827,0.8892405063291139,0.0,0.0,0.0,0.03692307692307692
0.0,100.0,100.0,12.0,276.0,0,0.0,0.97,0.48,none,0,200.0,0.9615384615384616,1.0,0.3376261747302471,0.0,0.0,0.0,0.03692307692307692
0.0,198.0,198.0,12.0,541.0,0,0.0,6.58,0.48,none,0,396.0,1.7398945518453428,1.0,1.954842543077837,0.0,0.0,0.0,0.03692307692307692
0.0,100.0,100.0,12.0,319.0,0,0.0,4.02,0.48,none,0,200.0,0.9615384615384616,1.0,1.148243359040274,0.0,0.0,0.0,0.03692307692307692
0.0,100.0,100.0,12.0,217.0,0,0.0,1.83,0.48,none,0,200.0,0.9615384615384616,1.0,0.5088987764182427,0.0,0.0,0.0,0.03692307692307692
0.0,100.0,100.0,12.0,365.0,0,0.0,4.69,0.45,none,0,200.0,0.9615384615384616,1.0,1.181657848324515,0.0,0.0,0.0,0.03461538461538462
0.0,100.0,100.0,12.0,331.0,0,0.0,3.32,0.45,none,0,200.0,0.9615384615384616,1.0,0.844354018311292,0.0,0.0,0.0,0.03461538461538462
0.0,142.0,142.0,12.0,449.0,0,0.0,6.23,0.45,none,0,284.0,1.3653846153846154,1.0,1.6073271413828691,0.0,0.0,0.0,0.03461538461538462
0.0,0.0,0.0,12.0,278.0,0,0.0,2.31,0.45,none,0,0.0,0.0,1.0,0.6292563334241351,0.0,0.0,0.0,0.03461538461538462
0.0,100.0,100.0,12.0,254.0,0,0.0,2.58,0.45,none,0,200.0,1.0638297872340425,1.0,0.7300509337860781,0.0,0.0,0.0,0.03461538461538462
0.0,100.0,100.0,12.0,497.0,0,0.0,7.36,0.49,none,0,200.0,0.9615384615384616,1.0,1.8450739533717726,0.0,0.0,0.0,0.03769230769230769
0.0,100.0,100.0,12.0,257.0,0,0.0,1.59,0.49,none,0,200.0,0.9615384615384616,1.0,0.3924956800789928,0.0,0.0,0.0,0.03769230769230769
0.0,198.0,198.0,12.0,506.0,0,0.0,7.49,0.49,none,0,396.0,1.9038461538461537,1.0,1.8083051665861902,0.0,0.0,0.0,0.03769230769230769
0.0,100.0,100.0,12.0,288.0,0,0.0,4.13,0.49,none,0,200.0,0.9615384615384616,1.0,0.9944618348182036,0.0,0.0,0.0,0.03769230769230769
0.0,100.0,100.0,12.0,319.0,0,0.0,3.39,0.49,none,0,200.0,0.9615384615384616,1.0,0.786725458343003,0.0,0.0,0.0,0.03769230769230769
0.0,0.0,0.0,12.0,235.0,0,0.0,1.55,0.45,none,0,0.0,0.0,1.0,0.3879849812265332,0.0,0.0,0.0,0.03461538461538462
0.0,100.0,100.0,12.0,225.0,0,0.0,2.07,0.45,none,0,200.0,1.0638297872340425,1.0,0.5348837209302325,0.0,0.0,0.0,0.03461538461538462
0.0,100.0,100.0,12.0,488.0,0,0.0,3.75,0.45,none,0,200.0,1.1135857461024499,1.0,1.0353395913859746,0.0,0.0,0.0,0.03461538461538462
0.0,100.0,100.0,12.0,353.0,0,0.0,3.62,0.45,none,0,200.0,1.0020040080160322,1.0,0.9645616839861444,0.0,0.0,0.0,0.03461538461538462
0.0,100.0,100.0,12.0,276.0,0,0.0,3.84,0.5,none,0,200.0,1.0020040080160322,1.0,0.9899458623356535,0.0,0.0,0.0,0.038461538461538464
0.0,0.0,0.0,12.0,267.0,0,0.0,1.79,0.5,none,0,0.0,0.0,1.0,0.5388320288982541,0.0,0.0,0.0,0.038461538461538464
0.0,100.0,100.0,12.0,265.0,0,0.0,1.06,0.5,none,0,200.0,1.1135857461024499,1.0,0.32425818293055986,0.0,0.0,0.0,0.038461538461538464
0.0,198.0,198.0,12.0,439.0,0,0.0,6.81,0.5,none,0,396.0,2.2048997772828507,1.0,2.127460168697282,0.0,0.0,0.0,0.038461538461538464
0.0,100.0,100.0,12.0,332.0,0,0.0,3.08,0.5,none,0,200.0,1.1135857461024499,1.0,0.9948320413436692,0.0,0.0,0.0,0.038461538461538464
0.0,100.0,100.0,12.0,346.0,0,0.0,1.3,0.46,none,0,200.0,1.1135857461024499,1.0,0.4502944232767579,0.0,0.0,0.0,0.03538461538461539
0.0,0.0,0.0,12.0,199.0,0,0.0,0.51,0.46,none,0,0.0,0.0,1.0,0.18325547969816747,0.0,0.0,0.0,0.03538461538461539
0.0,100.0,100.0,12.0,221.0,0,0.0,1.8,0.46,none,0,200.0,1.1135857461024499,1.0,0.6531204644412192,0.0,0.0,0.0,0.03538461538461539
0.0,100.0,100.0,12.0,332.0,0,0.0,1.06,0.46,none,0,200.0,1.1135857461024499,1.0,0.426216324889425,0.0,0.0,0.0,0.03538461538461539
0.0,100.0,100.0,12.0,314.0,0,0.0,3.83,0.46,none,0,200.0,1.1135857461024499,1.0,1.5271132376395535,0.0,0.0,0.0,0.03538461538461539
0.0,100.0,100.0,12.0,274.0,0,0.0,1.05,0.5,none,0,200.0,1.1135857461024499,1.0,0.47106325706594887,0.0,0.0,0.0,0.038461538461538464
0.0,100.0,100.0,12.0,244.0,0,0.0,1.31,0.5,none,0,200.0,1.0020040080160322,1.0,0.6006419073819349,0.0,0.0,0.0,0.038461538461538464
0.0,0.0,0.0,12.0,187.0,0,0.0,0.76,0.5,none,0,0.0,0.0,1.0,0.3533240353324035,0.0,0.0,0.0,0.038461538461538464
0.0,0.0,0.0,12.0,99.0,0,0.0,0.0,0.5,none,0,0.0,0.0,1.0,0.0,0.0,0.0,0.0,0.038461538461538464
0.0,198.0,198.0,12.0,451.0,0,0.0,4.32,0.5,none,0,396.0,2.481203007518797,1.0,2.710163111668758,0.0,0.0,0.0,0.038461538461538464
0.0,100.0,100.0,12.0,282.0,0,0.0,1.57,0.46,none,0,200.0,1.2531328320802007,1.0,0.9685379395434918,0.0,0.0,0.0,0.03538461538461539
0.0,100.0,100.0,12.0,340.0,0,0.0,3.55,0.46,none,0,200.0,1.1135857461024499,1.0,1.844155844155844,0.0,0.0,0.0,0.03538461538461539
0.0,0.0,0.0,12.0,186.0,0,0.0,0.5,0.46,none,0,0.0,0.0,1.0,0.2785515320334262,0.0,0.0,0.0,0.03538461538461539
0.0,100.0,100.0,12.0,364.0,0,0.0,3.39,0.46,none,0,200.0,1.2531328320802007,1.0,1.6715976331360947,0.0,0.0,0.0,0.03538461538461539
0.0,84.0,84.0,12.0,279.0,0,0.0,1.27,0.46,none,0,168.0,1.0741687979539642,1.0,0.7167042889390518,0.0,0.0,0.0,0.03538461538461539
0.0,100.0,100.0,12.0,359.0,0,0.0,2.34,0.42,none,0,200.0,1.278772378516624,1.0,1.2309310889005785,0.0,0.0,0.0,0.03230769230769231
0.0,100.0,100.0,12.0,372.0,0,0.0,0.99,0.42,none,0,200.0,1.278772378516624,1.0,0.5296950240770466,0.0,0.0,0.0,0.03230769230769231
0.0,0.0,0.0,12.0,267.0,0,0.0,0.69,0.42,none,0,0.0,0.0,1.0,0.3705692803437164,0.0,0.0,0.0,0.03230769230769231
0.0,198.0,198.0,12.0,585.0,0,0.0,4.61,0.42,none,0,396.0,2.020408163265306,1.0,1.9845027981058978,0.0,0.0,0.0,0.03230769230769231
0.0,100.0,100.0,12.0,364.0,0,0.0,1.59,0.42,none,0,200.0,1.1337868480725624,1.0,0.7756097560975611,0.0,0.0,0.0,0.03230769230769231
0.0,0.0,0.0,12.0,246.0,0,0.0,0.51,0.39,none,0,0.0,0.0,1.0,0.2623456790123457,0.0,0.0,0.0,0.030000000000000002
0.0,100.0,100.0,12.0,325.0,0,0.0,0.78,0.39,none,0,200.0,1.278772378516624,1.0,0.4679064187162567,0.0,0.0,0.0,0.030000000000000002
0.0,100.0,100.0,12.0,336.0,0,0.0,2.83,0.39,none,0,200.0,1.1337868480725624,1.0,1.4894736842105265,0.0,0.0,0.0,0.030000000000000002
0.0,100.0,100.0,12.0,385.0,0,0.0,1.93,0.39,none,0,200.0,1.1337868480725624,1.0,1.1003420752565565,0.0,0.0,0.0,0.030000000000000002
0.0,100.0,100.0,12.0,446.0,0,0.0,1.19,0.36,none,0,200.0,1.1135857461024499,1.0,0.6815578465063001,0.0,0.0,0.0,0.02769230769230769
0.0,100.0,100.0,12.0,239.0,0,0.0,2.68,0.36,none,0,200.0,1.1135857461024499,1.0,1.50561797752809,0.0,0.0,0.0,0.02769230769230769
0.0,100.0,100.0,12.0,289.0,0,0.0,1.48,0.36,none,0,200.0,1.1135857461024499,1.0,0.8091853471842536,0.0,0.0,0.0,0.02769230769230769
0.0,198.0,198.0,12.0,429.0,0,0.0,3.92,0.36,none,0,396.0,1.8065693430656935,1.0,1.8215613382899627,0.0,0.0,0.0,0.02769230769230769
0.0,100.0,100.0,12.0,540.0,0,0.0,4.49,0.36,none,0,200.0,1.0020040080160322,1.0,2.098130841121496,0.0,0.0,0.0,0.02769230769230769
0.0,100.0,100.0,12.0,426.0,0,0.0,2.09,0.33,none,0,200.0,1.0020040080160322,1.0,0.954337899543379,0.0,0.0,0.0,0.025384615384615387
0.0,0.0,0.0,12.0,169.0,0,0.0,0.26,0.33,none,0,0.0,0.0,1.0,0.12009237875288684,0.0,0.0,0.0,0.025384615384615387
0.0,100.0,100.0,12.0,219.0,0,0.0,2.33,0.33,none,0,200.0,1.0020040080160322,1.0,1.0043103448275865,0.0,0.0,0.0,0.025384615384615387
0.0,100.0,100.0,12.0,329.0,0,0.0,2.36,0.33,none,0,200.0,1.0020040080160322,1.0,1.0382754069511657,0.0,0.0,0.0,0.025384615384615387
0.0,100.0,100.0,12.0,332.0,0,0.0,3.42,0.3,none,0,200.0,1.0020040080160322,1.0,1.4120561519405452,0.0,0.0,0.0,0.023076923076923075
0.0,100.0,100.0,12.0,335.0,0,0.0,2.09,0.3,none,0,200.0,1.0020040080160322,1.0,0.8320063694267517,0.0,0.0,0.0,0.023076923076923075
0.0,100.0,100.0,12.0,225.0,0,0.0,2.06,0.3,none,0,200.0,1.0020040080160322,1.0,0.8408163265306122,0.0,0.0,0.0,0.023076923076923075
0.0,0.0,0.0,12.0,167.0,0,0.0,1.01,0.3,none,0,0.0,0.0,1.0,0.42030794839783614,0.0,0.0,0.0,0.023076923076923075
0.0,198.0,198.0,12.0,354.0,0,0.0,2.92,0.3,none,0,396.0,2.2048997772828507,1.0,1.2679114198871038,0.0,0.0,0.0,0.023076923076923075
0.0,100.0,100.0,12.0,444.0,0,0.0,3.24,0.28,none,0,200.0,1.1135857461024499,1.0,1.4876033057851241,0.0,0.0,0.0,0.02153846153846154
0.0,100.0,100.0,12.0,338.0,0,0.0,3.12,0.28,none,0,200.0,1.1135857461024499,1.0,1.3678211310828585,0.0,0.0,0.0,0.02153846153846154
0.0,100.0,100.0,12.0,337.0,0,0.0,3.11,0.28,none,0,200.0,1.0020040080160322,1.0,1.2120031176929074,0.0,0.0,0.0,0.02153846153846154
0.0,100.0,100.0,11.0,179.0,0,0.0,1.3,0.28,none,0,200.0,1.0020040080160322,0.9243697478991596,0.5278116118554608,0.0,0.0,0.0,0.023333333333333334
0.0,42.0,42.0,12.0,198.0,0,0.0,1.76,0.28,none,0,84.0,0.44680851063829785,1.0084033613445378,0.7324178110694965,0.0,0.0,0.0,0.02153846153846154
0.0,100.0,100.0,12.0,415.0,0,0.0,6.41,0.33,none,0,200.0,1.0638297872340425,1.0084033613445378,2.372316802368616,0.0,0.0,0.0,0.025384615384615387
0.0,100.0,100.0,12.0,422.0,0,0.0,2.7,0.33,none,0,200.0,1.0638297872340425,1.0084033613445378,0.9771986970684039,0.0,0.0,0.0,0.025384615384615387
0.0,100.0,100.0,12.0,219.0,0,0.0,1.8,0.33,none,0,200.0,1.0638297872340425,1.0084033613445378,0.6576543660942639,0.0,0.0,0.0,0.025384615384615387
0.0,100.0,100.0,12.0,355.0,0,0.0,3.36,0.33,none,0,200.0,0.9615384615384616,1.0084033613445378,1.1305518169582771,0.0,0.0,0.0,0.025384615384615387
0.0,98.0,98.0,12.0,228.0,0,0.0,1.03,0.33,none,0,196.0,1.0425531914893618,1.0084033613445378,0.37010420409629896,0.0,0.0,0.0,0.025384615384615387
0.0,100.0,100.0,12.0,459.0,0,0.0,4.24,0.31,none,0,200.0,1.0638297872340425,1.0084033613445378,1.4706902532084636,0.0,0.0,0.0,0.023846153846153847
0.0,100.0,100.0,12.0,347.0,0,0.0,3.64,0.31,none,0,200.0,1.0638297872340425,1.0084033613445378,1.2402044293015333,0.0,0.0,0.0,0.023846153846153847
0.0,100.0,100.0,12.0,225.0,0,0.0,1.05,0.31,none,0,200.0,1.0638297872340425,1.0084033613445378,0.3847563209967021,0.0,0.0,0.0,0.023846153846153847
0.0,100.0,100.0,12.0,346.0,0,0.0,2.88,0.31,none,0,200.0,1.0638297872340425,1.0,0.9975753377208174,0.0,0.0,0.0,0.023846153846153847
0.0,142.0,142.0,12.0,266.0,0,0.0,2.58,0.31,none,0,284.0,1.3653846153846154,1.0,0.8689794543617378,0.0,0.0,0.0,0.023846153846153847
0.0,0.0,0.0,12.0,347.0,0,0.0,3.37,0.28,none,0,0.0,0.0,1.0,1.2645403377110696,0.0,0.0,0.0,0.02153846153846154
0.0,100.0,100.0,12.0,361.0,0,0.0,3.15,0.28,none,0,200.0,1.0638297872340425,1.0,1.1623616236162362,0.0,0.0,0.0,0.02153846153846154
0.0,100.0,100.0,12.0,267.0,0,0.0,2.09,0.28,none,0,200.0,1.0638297872340425,1.0,0.7630522088353413,0.0,0.0,0.0,0.02153846153846154
0.0,100.0,100.0,12.0,241.0,0,0.0,1.81,0.28,none,0,200.0,1.0638297872340425,1.0,0.7004643962848296,0.0,0.0,0.0,0.02153846153846154
0.0,198.0,198.0,12.0,479.0,0,0.0,5.9,0.28,none,0,396.0,1.9038461538461537,1.0,1.9211983067404754,0.0,0.0,0.0,0.02153846153846154
0.0,100.0,100.0,12.0,435.0,0,0.0,4.46,0.26,none,0,200.0,0.9615384615384616,1.0,1.441965729065632,0.0,0.0,0.0,0.02
0.0,0.0,0.0,12.0,178.0,0,0.0,0.25,0.26,none,0,0.0,0.0,1.0,0.09077705156136529,0.0,0.0,0.0,0.02
0.0,100.0,100.0,12.0,337.0,0,0.0,3.64,0.26,none,0,200.0,1.0638297872340425,1.0,1.2080982409558578,0.0,0.0,0.0,0.02
0.0,100.0,100.0,12.0,324.0,0,0.0,4.13,0.26,none,0,200.0,1.0638297872340425,1.0,1.3161249203314214,0.0,0.0,0.0,0.02
0.0,100.0,100.0,12.0,189.0,0,0.0,1.04,0.24,none,0,200.0,1.1135857461024499,1.0,0.3485254691689008,0.0,0.0,0.0,0.01846153846153846
0.0,100.0,100.0,12.0,425.0,0,0.0,4.49,0.24,none,0,200.0,1.0020040080160322,1.0,1.4502583979328165,0.0,0.0,0.0,0.01846153846153846
0.0,100.0,100.0,12.0,315.0,0,0.0,1.82,0.24,none,0,200.0,1.0020040080160322,1.0,0.6142423219709754,0.0,0.0,0.0,0.01846153846153846
0.0,0.0,0.0,12.0,186.0,0,0.0,0.51,0.24,none,0,0.0,0.0,1.0,0.18181818181818182,0.0,0.0,0.0,0.01846153846153846
0.0,100.0,100.0,12.0,320.0,0,0.0,2.86,0.24,none,0,200.0,1.1135857461024499,1.0,0.9828178694158076,0.0,0.0,0.0,0.01846153846153846
0.0,198.0,198.0,12.0,417.0,0,0.0,5.44,0.3,none,0,396.0,2.2048997772828507,1.0,1.8994413407821231,0.0,0.0,0.0,0.023076923076923075
0.0,100.0,100.0,12.0,377.0,0,0.0,0.82,0.3,none,0,200.0,1.1135857461024499,1.0,0.32799999999999996,0.0,0.0,0.0,0.023076923076923075
0.0,100.0,100.0,12.0,250.0,0,0.0,2.53,0.3,none,0,200.0,1.0020040080160322,1.0,0.9274193548387095,0.0,0.0,0.0,0.023076923076923075
0.0,0.0,0.0,12.0,291.0,0,0.0,2.3,0.3,none,0,0.0,0.0,1.0,0.8866615265998458,0.0,0.0,0.0,0.023076923076923075
0.0,100.0,100.0,12.0,322.0,0,0.0,1.02,0.3,none,0,200.0,1.1135857461024499,1.0,0.4467805519053877,0.0,0.0,0.0,0.023076923076923075
0.0,142.0,142.0,12.0,262.0,0,0.0,1.03,0.28,none,0,284.0,1.5106382978723405,1.0,0.45135845749342685,0.0,0.0,0.0,0.02153846153846154
0.0,100.0,100.0,12.0,531.0,0,0.0,1.98,0.28,none,0,200.0,1.0638297872340425,1.0,0.9748892171344167,0.0,0.0,0.0,0.02153846153846154
0.0,100.0,100.0,12.0,359.0,0,0.0,4.11,0.28,none,0,200.0,1.0638297872340425,1.0,1.8185840707964605,0.0,0.0,0.0,0.02153846153846154
0.0,100.0,100.0,12.0,270.0,0,0.0,3.62,0.28,none,0,200.0,0.9615384615384616,1.0,1.4080124465188641,0.0,0.0,0.0,0.02153846153846154
0.0,100.0,100.0,12.0,448.0,0,0.0,3.36,0.28,none,0,200.0,0.9615384615384616,1.0,1.2819534528805798,0.0,0.0,0.0,0.02153846153846154
0.0,98.0,98.0,12.0,378.0,0,0.0,3.86,0.25,none,0,196.0,1.0425531914893618,1.0,1.567194478278522,0.0,0.0,0.0,0.019230769230769232
0.0,100.0,100.0,12.0,465.0,0,0.0,4.99,0.25,none,0,200.0,1.0638297872340425,1.0,1.732638888888889,0.0,0.0,0.0,0.019230769230769232
0.0,100.0,100.0,12.0,400.0,0,0.0,3.61,0.25,none,0,200.0,1.0638297872340425,1.0,1.2081659973226235,0.0,0.0,0.0,0.019230769230769232
0.0,100.0,100.0,12.0,323.0,0,0.0,2.34,0.25,none,0,200.0,0.9615384615384616,1.0,0.7820855614973261,0.0,0.0,0.0,0.019230769230769232
0.0,100.0,100.0,12.0,365.0,0,0.0,4.12,0.25,none,0,200.0,0.9615384615384616,1.0,1.2477286493034523,0.0,0.0,0.0,0.019230769230769232
0.0,100.0,100.0,12.0,299.0,0,0.0,3.09,0.23,none,0,200.0,1.0020040080160322,1.0,0.8808437856328392,0.0,0.0,0.0,0.017692307692307695
0.0,0.0,0.0,12.0,366.0,0,0.0,4.59,0.23,none,0,0.0,0.0,1.0,1.217829663040594,0.0,0.0,0.0,0.017692307692307695
0.0,100.0,100.0,12.0,287.0,0,0.0,2.33,0.23,none,0,200.0,1.1135857461024499,1.0,0.6488443330548594,0.0,0.0,0.0,0.017692307692307695
0.0,100.0,100.0,12.0,271.0,0,0.0,1.83,0.23,none,0,200.0,1.1135857461024499,1.0,0.5363423212192263,0.0,0.0,0.0,0.017692307692307695
0.0,100.0,100.0,12.0,358.0,0,0.0,4.1,0.23,none,0,200.0,1.1135857461024499,1.0,1.176133103843947,0.0,0.0,0.0,0.017692307692307695
0.0,198.0,198.0,12.0,409.0,0,0.0,5.67,0.21,none,0,396.0,1.9839679358717435,1.0,1.5462230706299427,0.0,0.0,0.0,0.016153846153846154
0.0,100.0,100.0,12.0,367.0,0,0.0,2.15,0.21,none,0,200.0,1.0020040080160322,1.0,0.6355305941472066,0.0,0.0,0.0,0.016153846153846154
0.0,0.0,0.0,12.0,177.0,0,0.0,1.53,0.21,none,0,0.0,0.0,1.0,0.4818897637795276,0.0,0.0,0.0,0.016153846153846154
0.0,100.0,100.0,12.0,343.0,0,0.0,3.11,0.21,none,0,200.0,1.1135857461024499,1.0,0.9563345633456335,0.0,0.0,0.0,0.016153846153846154
0.0,100.0,100.0,12.0,296.0,0,0.0,3.59,0.21,none,0,200.0,1.1135857461024499,1.0,1.1222256955298529,0.0,0.0,0.0,0.016153846153846154
0.0,142.0,142.0,12.0,301.0,0,0.0,3.12,0.2,none,0,284.0,1.5106382978723405,1.0,0.9743910056214867,0.0,0.0,0.0,0.015384615384615385
0.0,100.0,100.0,12.0,461.0,0,0.0,4.51,0.2,none,0,200.0,0.9615384615384616,1.0,1.41202254226675,0.0,0.0,0.0,0.015384615384615385
0.0,100.0,100.0,12.0,293.0,0,0.0,2.84,0.2,none,0,200.0,0.9615384615384616,1.0,0.8751926040061633,0.0,0.0,0.0,0.015384615384615385
0.0,100.0,100.0,12.0,309.0,0,0.0,4.38,0.2,none,0,200.0,0.9615384615384616,1.0,1.2514285714285713,0.0,0.0,0.0,0.015384615384615385
0.0,0.0,0.0,12.0,184.0,0,0.0,1.02,0.18,none,0,0.0,0.0,1.0,0.31954887218045114,0.0,0.0,0.0,0.013846153846153845
0.0,198.0,198.0,12.0,422.0,0,0.0,5.71,0.18,none,0,396.0,2.106382978723404,1.0,1.7866082603254068,0.0,0.0,0.0,0.013846153846153845
0.0,100.0,100.0,12.0,485.0,0,0.0,5.05,0.18,none,0,200.0,1.0638297872340425,1.0,1.4486517498565692,0.0,0.0,0.0,0.013846153846153845
0.0,100.0,100.0,12.0,281.0,0,0.0,3.32,0.18,none,0,200.0,0.9615384615384616,1.0,0.9058663028649385,0.0,0.0,0.0,0.013846153846153845
0.0,100.0,100.0,12.0,298.0,0,0.0,4.07,0.18,none,0,200.0,0.9615384615384616,1.0,1.0821590002658867,0.0,0.0,0.0,0.013846153846153845
0.0,100.0,100.0,12.0,269.0,0,0.0,2.84,0.25,none,0,200.0,0.9615384615384616,1.0,0.770482908301682,0.0,0.0,0.0,0.019230769230769232
0.0,42.0,42.0,12.0,144.0,0,0.0,0.42,0.25,none,0,84.0,0.44680851063829785,1.0,0.12295081967213116,0.0,0.0,0.0,0.019230769230769232
0.0,100.0,100.0,12.0,658.0,0,0.0,7.26,0.25,none,0,200.0,1.0638297872340425,1.0,1.9669466269303713,0.0,0.0,0.0,0.019230769230769232
0.0,100.0,100.0,12.0,300.0,0,0.0,3.06,0.25,none,0,200.0,1.0638297872340425,1.0,0.8241314301104229,0.0,0.0,0.0,0.019230769230769232
0.0,100.0,100.0,12.0,328.0,0,0.0,3.15,0.25,none,0,200.0,1.0638297872340425,1.0,0.8774373259052924,0.0,0.0,0.0,0.019230769230769232
0.0,198.0,100.0,12.0,348.0,0,0.0,4.17,0.23,none,0,298.0,1.3682277318640954,1.0,1.0678617157490398,0.0,0.0,0.0,0.017692307692307695
0.0,100.0,198.0,12.0,394.0,0,0.0,3.92,0.23,none,0,298.0,1.4326923076923077,1.0,1.052066559312936,0.0,0.0,0.0,0.017692307692307695
0.0,100.0,100.0,12.0,485.0,0,0.0,2.43,0.23,none,0,200.0,0.9615384615384616,1.0,0.7015011547344111,0.0,0.0,0.0,0.017692307692307695
0.0,100.0,100.0,12.0,233.0,0,0.0,3.32,0.23,none,0,200.0,0.9615384615384616,1.0,0.9584295612009237,0.0,0.0,0.0,0.017692307692307695
0.0,0.0,0.0,12.0,252.0,0,0.0,1.3,0.23,none,0,0.0,0.0,1.0,0.40790712268591156,0.0,0.0,0.0,0.017692307692307695
0.0,928.0,928.0,16.0,1862.0,1,0.0,7.65,0.74,none,0,1856.0,5.248868778280543,1.2903225806451613,2.0856052344601963,0.0,0.0,0.058823529411764705,0.04352941176470588
0.0,1026.0,1026.0,16.0,1820.0,1,0.0,7.61,0.68,none,0,2052.0,3.7281976744186047,1.25,1.734670617734215,0.0,0.0,0.058823529411764705,0.04
0.0,1856.0,1856.0,16.0,1058.0,1,0.0,8.8,0.68,none,0,3712.0,4.117125110913931,1.2121212121212122,1.937899141158335,0.0,0.0,0.058823529411764705,0.04
0.0,1856.0,1856.0,16.0,1467.0,1,0.0,9.73,0.68,none,0,3712.0,2.9629629629629632,1.1764705882352942,1.8682795698924732,0.0,0.0,0.058823529411764705,0.04
0.0,1856.0,1856.0,16.0,1371.0,1,0.0,9.8,0.68,none,0,3712.0,2.314214463840399,1.1428571428571428,1.66865315852205,0.0,0.0,0.058823529411764705,0.04
0.0,1856.0,1856.0,16.0,1413.0,1,0.0,10.2,0.68,none,0,3712.0,1.9080908810527397,1.1111111111111112,1.5750463248919082,0.0,0.0,0.058823529411764705,0.04
0.0,1856.0,1856.0,16.0,648.0,1,0.0,8.57,0.71,none,0,3712.0,1.6232289662410353,1.081081081081081,1.2346924074340875,0.0,0.0,0.058823529411764705,0.04176470588235294
0.0,1856.0,1856.0,16.0,458.0,1,0.0,6.3,0.71,none,0,3712.0,1.4071266110689917,1.0526315789473684,0.8597161572052401,0.0,0.0,0.058823529411764705,0.04176470588235294
0.0,0.0,0.0,16.0,488.0,1,0.0,3.35,0.71,none,0,0.0,0.0,1.0256410256410258,0.4569635793206929,0.0,0.0,0.058823529411764705,0.04176470588235294
0.0,1856.0,1856.0,16.0,814.0,1,0.0,10.08,0.71,none,0,3712.0,1.2418038271109328,1.0,1.227920574978682,0.0,0.0,0.058823529411764705,0.04176470588235294
0.0,1856.0,1856.0,16.0,532.0,1,0.0,8.27,0.71,none,0,3712.0,1.1692075091344336,1.0,0.9998790956353525,0.0,0.0,0.058823529411764705,0.04176470588235294
0.0,1954.0,1954.0,16.0,714.0,1,0.0,9.33,0.73,none,0,3908.0,1.1629567908582312,1.0,1.10505744403648,0.0,0.0,0.058823529411764705,0.04294117647058823
0.0,1856.0,1856.0,16.0,502.0,1,0.0,2.45,0.73,none,0,3712.0,1.104630401142721,1.0,0.31378073770491804,0.0,0.0,0.058823529411764705,0.04294117647058823
0.0,1856.0,1856.0,16.0,538.0,1,0.0,2.48,0.73,none,0,3712.0,1.104630401142721,1.0,0.3501341239587745,0.0,0.0,0.058823529411764705,0.04294117647058823
0.0,1856.0,1856.0,16.0,496.0,1,0.0,3.11,0.73,none,0,3712.0,1.104630401142721,1.0,0.4848768319301528,0.0,0.0,0.058823529411764705,0.04294117647058823
0.0,0.0,0.0,16.0,307.0,1,0.0,1.57,0.67,none,0,0.0,0.0,1.0,0.28283192217618447,0.0,0.0,0.058823529411764705,0.039411764705882354
0.0,1940.0,1940.0,16.0,384.0,1,0.0,6.74,0.67,none,0,3880.0,1.2907518296739853,1.0,1.2555886736214605,0.0,0.0,0.058823529411764705,0.039411764705882354
0.0,1856.0,1856.0,16.0,379.0,1,0.0,2.82,0.67,none,0,3712.0,1.2348636061210911,1.0,0.5617529880478087,0.0,0.0,0.058823529411764705,0.039411764705882354
0.0,1856.0,1856.0,16.0,470.0,1,0.0,7.63,0.67,none,0,3712.0,1.0991353784199929,1.0,1.4005139500734216,0.0,0.0,0.058823529411764705,0.039411764705882354
0.0,1856.0,1856.0,16.0,527.0,1,0.0,5.28,0.67,none,0,3712.0,1.0991353784199929,1.0,1.0628019323671498,0.0,0.0,0.058823529411764705,0.039411764705882354
0.0,1954.0,1954.0,16.0,525.0,1,0.0,4.89,0.7,none,0,3908.0,1.15049458313707,1.0,1.0561555075593951,0.0,0.0,0.058823529411764705,0.041176470588235294
0.0,928.0,928.0,16.0,345.0,1,0.0,0.72,0.7,none,0,1856.0,0.5815265070810879,1.0,0.19103210400636775,0.0,0.0,0.058823529411764705,0.041176470588235294
0.0,928.0,928.0,16.0,449.0,1,0.0,1.84,0.7,none,0,1856.0,0.6174318030605456,1.0,0.49622437971952527,0.0,0.0,0.058823529411764705,0.041176470588235294
0.0,928.0,928.0,16.0,265.0,1,0.0,1.24,0.7,none,0,1856.0,0.6580626861438094,1.0,0.3459821428571429,0.0,0.0,0.058823529411764705,0.041176470588235294
0.0,1856.0,1856.0,16.0,539.0,1,0.0,6.47,0.7,none,0,3712.0,1.3161253722876187,1.0,1.6505102040816324,0.0,0.0,0.058823529411764705,0.041176470588235294
0.0,1856.0,1856.0,16.0,466.0,1,0.0,7.2,0.81,none,0,3712.0,1.1630530141621758,1.0,1.6060673656033908,0.0,0.0,0.058823529411764705,0.04764705882352942
0.0,1856.0,1856.0,16.0,421.0,1,0.0,2.18,0.81,none,0,3712.0,1.1692075091344336,1.0,0.5413459150732557,0.0,0.0,0.058823529411764705,0.04764705882352942
0.0,1856.0,1856.0,16.0,515.0,1,0.0,5.32,0.81,none,0,3712.0,1.1692075091344336,1.0,1.2438625204582654,0.0,0.0,0.058823529411764705,0.04764705882352942
0.0,1752.0,1752.0,16.0,202.0,2,0.0,0.78,0.81,none,0,3504.0,1.1109701965757768,1.0,0.21714922048997773,0.0,0.0,0.11764705882352941,0.04764705882352942
0.0,104.0,104.0,16.0,482.0,1,0.0,3.19,0.81,none,0,208.0,0.074190326722785,1.0,0.9429500443393437,0.0,0.0,0.058823529411764705,0.04764705882352942
0.0,1954.0,1954.0,16.0,489.0,1,0.0,2.79,0.9,none,0,3908.0,1.393922100156941,1.0,0.8792940434919635,0.0,0.0,0.058823529411764705,0.052941176470588235
0.0,1856.0,1856.0,16.0,379.0,1,0.0,3.43,0.9,none,0,3712.0,1.2418038271109328,1.0,0.9959349593495934,0.0,0.0,0.058823529411764705,0.052941176470588235
0.0,1856.0,1856.0,16.0,426.0,1,0.0,3.2,0.9,none,0,3712.0,1.1692075091344336,1.0,0.8938547486033521,0.0,0.0,0.058823529411764705,0.052941176470588235
0.0,928.0,928.0,16.0,264.0,1,0.0,1.83,0.9,none,0,1856.0,0.5846037545672168,1.0,0.5028854080791426,0.0,0.0,0.058823529411764705,0.052941176470588235
0.0,1856.0,1856.0,16.0,850.0,1,0.0,13.23,0.9,none,0,3712.0,1.1692075091344336,1.0,3.0660486674391656,0.0,0.0,0.058823529411764705,0.052941176470588235
0.0,928.0,928.0,16.0,257.0,1,0.0,1.83,0.91,none,0,1856.0,0.6209019135554664,1.0,0.48438327157226047,0.0,0.0,0.058823529411764705,0.05352941176470588
0.0,1856.0,1856.0,16.0,524.0,1,0.0,4.27,0.91,none,0,3712.0,1.2418038271109328,1.0,1.0709806872335088,0.0,0.0,0.058823529411764705,0.05352941176470588
0.0,1856.0,1856.0,16.0,483.0,1,0.0,4.49,0.91,none,0,3712.0,1.2418038271109328,1.0,1.1501024590163935,0.0,0.0,0.058823529411764705,0.05352941176470588
0.0,928.0,928.0,16.0,426.0,1,0.0,4.58,0.91,none,0,1856.0,0.6571307180286078,1.0,1.069094304388422,0.0,0.0,0.058823529411764705,0.05352941176470588
0.0,1856.0,1856.0,16.0,538.0,1,0.0,4.2,0.92,none,0,3712.0,1.1692075091344336,1.0,0.9578107183580389,0.0,0.0,0.058823529411764705,0.054117647058823534
0.0,1954.0,1954.0,16.0,703.0,1,0.0,5.96,0.92,none,0,3908.0,1.2309436814917474,1.0,1.2675457252233093,0.0,0.0,0.058823529411764705,0.054117647058823534
0.0,0.0,0.0,16.0,143.0,1,0.0,0.5,0.92,none,0,0.0,0.0,1.0,0.1134044000907235,0.0,0.0,0.058823529411764705,0.054117647058823534
0.0,1856.0,1856.0,16.0,540.0,1,0.0,6.28,0.92,none,0,3712.0,1.32401198459124,1.0,1.3313546745813016,0.0,0.0,0.058823529411764705,0.054117647058823534
0.0,1856.0,1856.0,16.0,327.0,1,0.0,1.88,0.92,none,0,3712.0,1.2418038271109328,1.0,0.39813638288860653,0.0,0.0,0.058823529411764705,0.054117647058823534
0.0,1856.0,1856.0,16.0,641.0,1,0.0,5.52,0.84,none,0,3712.0,1.2418038271109328,1.0,1.3971146545178437,0.0,0.0,0.058823529411764705,0.04941176470588235
0.0,1898.0,1898.0,16.0,424.0,1,0.0,3.23,0.84,none,0,3796.0,1.1925106810756472,1.0,0.7895380102664387,0.0,0.0,0.058823529411764705,0.04941176470588235
0.0,1856.0,1856.0,16.0,338.0,1,0.0,1.64,0.84,none,0,3712.0,1.1661221412415181,1.0,0.42842215256008354,0.0,0.0,0.058823529411764705,0.04941176470588235
0.0,0.0,0.0,16.0,412.0,1,0.0,3.09,0.84,none,0,0.0,0.0,1.0,0.8378524945770064,0.0,0.0,0.058823529411764705,0.04941176470588235
0.0,1856.0,1856.0,16.0,441.0,1,0.0,4.37,0.84,none,0,3712.0,1.2383239925273553,1.0,1.1917098445595855,0.0,0.0,0.058823529411764705,0.04941176470588235
0.0,1856.0,1856.0,16.0,520.0,1,0.0,3.84,0.77,none,0,3712.0,1.2383239925273553,1.0,1.0575599008537593,0.0,0.0,0.058823529411764705,0.045294117647058825
0.0,1954.0,1954.0,16.0,590.0,1,0.0,5.35,0.77,none,0,3908.0,1.303709634374166,1.0,1.4985994397759106,0.0,0.0,0.058823529411764705,0.045294117647058825
0.0,1856.0,1856.0,16.0,539.0,1,0.0,3.85,0.77,none,0,3712.0,1.1018760389456186,1.0,0.9859154929577465,0.0,0.0,0.058823529411764705,0.045294117647058825
0.0,1856.0,1856.0,16.0,513.0,1,0.0,6.39,0.77,none,0,3712.0,1.1018760389456186,1.0,1.6317671092951993,0.0,0.0,0.058823529411764705,0.045294117647058825
0.0,1856.0,1856.0,16.0,544.0,1,0.0,6.27,0.77,none,0,3712.0,1.1018760389456186,1.0,1.4397244546498278,0.0,0.0,0.058823529411764705,0.045294117647058825
0.0,1898.0,1898.0,16.0,484.0,1,0.0,1.37,0.71,none,0,3796.0,1.1240080540092385,1.0,0.3477157360406092,0.0,0.0,0.058823529411764705,0.04176470588235294
0.0,928.0,928.0,15.0,452.0,1,0.0,0.67,0.71,none,0,1856.0,0.5830610706207591,0.9433962264150944,0.18186753528773072,0.0,0.0,0.0625,0.044375
0.0,928.0,928.0,15.0,307.0,1,0.0,2.19,0.71,none,0,1856.0,0.6191619962636776,0.9493670886075949,0.5857181064455736,0.0,0.0,0.0625,0.044375
0.0,1856.0,1856.0,16.0,576.0,1,0.0,4.68,0.66,none,0,3712.0,1.1018760389456186,1.0126582278481011,1.2006157003591587,0.0,0.0,0.058823529411764705,0.03882352941176471
0.0,1954.0,1954.0,16.0,530.0,1,0.0,2.82,0.66,none,0,3908.0,1.1533467123125958,1.0126582278481011,0.7534063585359337,0.0,0.0,0.058823529411764705,0.03882352941176471
0.0,1856.0,1856.0,16.0,613.0,1,0.0,6.18,0.66,none,0,3712.0,1.0955023019714318,1.0126582278481011,1.5539351269801356,0.0,0.0,0.058823529411764705,0.03882352941176471
0.0,1856.0,1856.0,16.0,539.0,1,0.0,7.13,0.66,none,0,3712.0,1.1018760389456186,1.0126582278481011,1.7160048134777375,0.0,0.0,0.058823529411764705,0.03882352941176471
0.0,1856.0,1856.0,16.0,585.0,1,0.0,7.82,0.66,none,0,3712.0,1.1018760389456186,1.0126582278481011,1.7179261862917399,0.0,0.0,0.058823529411764705,0.03882352941176471
0.0,1856.0,1856.0,16.0,413.0,1,0.0,5.53,0.6,none,0,3712.0,1.1018760389456186,1.0126582278481011,1.2382445141065834,0.0,0.0,0.058823529411764705,0.03529411764705882
0.0,0.0,0.0,16.0,224.0,1,0.0,0.78,0.6,none,0,0.0,0.0,1.0126582278481011,0.19913198876691346,0.0,0.0,0.058823529411764705,0.03529411764705882
0.0,1856.0,1856.0,16.0,504.0,1,0.0,5.54,0.6,none,0,3712.0,1.2418038271109328,1.0126582278481011,1.2782648823257958,0.0,0.0,0.058823529411764705,0.03529411764705882
0.0,1856.0,1856.0,16.0,518.0,1,0.0,3.08,0.6,none,0,3712.0,1.1692075091344336,1.0062893081761006,0.673224043715847,0.0,0.0,0.058823529411764705,0.03529411764705882
0.0,1856.0,1856.0,16.0,463.0,1,0.0,3.17,0.6,none,0,3712.0,1.104630401142721,1.0,0.6783650759683286,0.0,0.0,0.058823529411764705,0.03529411764705882
0.0,1856.0,1856.0,16.0,397.0,1,0.0,2.43,0.63,none,0,3712.0,1.104630401142721,1.0,0.5463129496402878,0.0,0.0,0.058823529411764705,0.03705882352941176
0.0,1954.0,1954.0,16.0,708.0,1,0.0,7.22,0.63,none,0,3908.0,1.1629567908582312,1.0,1.4770867430441899,0.0,0.0,0.058823529411764705,0.03705882352941176
0.0,1856.0,1856.0,16.0,358.0,1,0.0,2.33,0.63,none,0,3712.0,1.104630401142721,1.0,0.5174328225627359,0.0,0.0,0.058823529411764705,0.03705882352941176
0.0,1856.0,1856.0,16.0,323.0,1,0.0,1.61,0.63,none,0,3712.0,1.104630401142721,1.0,0.4074917742343711,0.0,0.0,0.058823529411764705,0.03705882352941176
0.0,0.0,0.0,16.0,224.0,1,0.0,0.52,0.63,none,0,0.0,0.0,1.0,0.1614405464141571,0.0,0.0,0.058823529411764705,0.03705882352941176
0.0,1856.0,1856.0,16.0,335.0,1,0.0,3.87,0.66,none,0,3712.0,1.2418038271109328,1.0,1.2667757774140753,0.0,0.0,0.058823529411764705,0.03882352941176471
0.0,1856.0,1856.0,16.0,744.0,1,0.0,6.86,0.66,none,0,3712.0,1.104630401142721,1.0,1.8727818727818728,0.0,0.0,0.058823529411764705,0.03882352941176471
0.0,1856.0,1856.0,16.0,551.0,1,0.0,5.57,0.66,none,0,3712.0,1.104630401142721,1.0,1.5193671576650298,0.0,0.0,0.058823529411764705,0.03882352941176471
0.0,1856.0,1856.0,16.0,500.0,1,0.0,7.69,0.66,none,0,3712.0,1.104630401142721,1.0,1.8633389871577415,0.0,0.0,0.058823529411764705,0.03882352941176471
0.0,1856.0,1856.0,16.0,499.0,1,0.0,7.14,0.61,none,0,3712.0,1.104630401142721,1.0,1.5782493368700266,0.0,0.0,0.058823529411764705,0.03588235294117647
0.0,1954.0,1954.0,16.0,634.0,1,0.0,9.04,0.61,none,0,3908.0,1.1562130177514793,1.0,1.743490838958534,0.0,0.0,0.058823529411764705,0.03588235294117647
0.0,1856.0,1856.0,16.0,674.0,1,0.0,9.26,0.61,none,0,3712.0,1.104630401142721,1.0,1.7183150862868806,0.0,0.0,0.058823529411764705,0.03588235294117647
0.0,0.0,0.0,16.0,298.0,1,0.0,3.32,0.61,none,0,0.0,0.0,1.0,0.6049562682215742,0.0,0.0,0.058823529411764705,0.03588235294117647
0.0,1856.0,1856.0,16.0,303.0,1,0.0,4.4,0.61,none,0,3712.0,1.2418038271109328,1.0,0.7629616785156927,0.0,0.0,0.058823529411764705,0.03588235294117647
0.0,1856.0,1856.0,16.0,502.0,1,0.0,8.03,0.56,none,0,3712.0,1.104630401142721,1.0,1.2319729978521017,0.0,0.0,0.058823529411764705,0.03294117647058824
0.0,1856.0,1856.0,16.0,437.0,1,0.0,7.57,0.56,none,0,3712.0,1.104630401142721,1.0,1.0990127758420443,0.0,0.0,0.058823529411764705,0.03294117647058824
0.0,1898.0,1898.0,16.0,525.0,1,0.0,8.24,0.56,none,0,3796.0,1.1268107337924482,1.0,1.1727867919157418,0.0,0.0,0.058823529411764705,0.03294117647058824
0.0,1856.0,1856.0,16.0,504.0,1,0.0,7.33,0.56,none,0,3712.0,1.1018760389456186,1.0,1.017772840877534,0.0,0.0,0.058823529411764705,0.03294117647058824
0.0,928.0,928.0,16.0,216.0,1,0.0,1.54,0.56,none,0,1856.0,0.5830610706207591,1.0,0.23379383634431455,0.0,0.0,0.058823529411764705,0.03294117647058824
0.0,928.0,928.0,16.0,436.0,1,0.0,3.7,0.52,none,0,1856.0,0.6191619962636776,1.0,0.59266378343745,0.0,0.0,0.058823529411764705,0.03058823529411765
0.0,1954.0,1954.0,16.0,623.0,1,0.0,9.02,0.52,none,0,3908.0,1.303709634374166,1.0,1.4452812049351065,0.0,0.0,0.058823529411764705,0.03058823529411765
0.0,1856.0,1856.0,16.0,720.0,1,0.0,9.95,0.52,none,0,3712.0,1.2383239925273553,1.0,1.576862123613312,0.0,0.0,0.058823529411764705,0.03058823529411765
0.0,1856.0,1856.0,16.0,528.0,1,0.0,7.02,0.52,none,0,3712.0,1.1018760389456186,1.0,1.0508982035928143,0.0,0.0,0.058823529411764705,0.03058823529411765
0.0,1856.0,1856.0,16.0,686.0,1,0.0,12.24,0.52,none,0,3712.0,1.1018760389456186,1.0,1.639871382636656,0.0,0.0,0.058823529411764705,0.03058823529411765
0.0,1856.0,1856.0,16.0,471.0,1,0.0,7.29,0.47,none,0,3712.0,1.1018760389456186,1.0,0.9864682002706362,0.0,0.0,0.058823529411764705,0.02764705882352941
0.0,970.0,970.0,16.0,279.0,1,0.0,1.58,0.47,none,0,1940.0,0.6078455946860509,1.0,0.23266087468708588,0.0,0.0,0.058823529411764705,0.02764705882352941
0.0,928.0,928.0,16.0,526.0,1,0.0,4.75,0.47,none,0,1856.0,0.6191619962636776,1.0,0.7373486494877367,0.0,0.0,0.058823529411764705,0.02764705882352941
0.0,1856.0,1856.0,16.0,491.0,1,0.0,3.23,0.47,none,0,3712.0,1.2383239925273553,1.0,0.5354774535809018,0.0,0.0,0.058823529411764705,0.02764705882352941
0.0,1856.0,1856.0,16.0,341.0,1,0.0,2.98,0.44,none,0,3712.0,1.1661221412415181,1.0,0.48251295336787564,0.0,0.0,0.058823529411764705,0.02588235294117647
0.0,1856.0,1856.0,16.0,521.0,1,0.0,6.81,0.44,none,0,3712.0,1.1018760389456186,1.0,1.0497918914752582,0.0,0.0,0.058823529411764705,0.02588235294117647
0.0,1954.0,1954.0,16.0,489.0,1,0.0,6.67,0.44,none,0,3908.0,1.1600569935882212,1.0,1.0668586052463211,0.0,0.0,0.058823529411764705,0.02588235294117647
0.0,1856.0,1856.0,16.0,675.0,1,0.0,10.21,0.44,none,0,3712.0,1.1018760389456186,1.0,1.6263141127747691,0.0,0.0,0.058823529411764705,0.02588235294117647
0.0,1856.0,1856.0,16.0,437.0,1,0.0,6.77,0.44,none,0,3712.0,1.1018760389456186,1.0,1.0826803134495442,0.0,0.0,0.058823529411764705,0.02588235294117647
0.0,1856.0,1856.0,16.0,317.0,1,0.0,0.96,0.4,none,0,3712.0,1.1018760389456186,1.0,0.1873170731707317,0.0,0.0,0.058823529411764705,0.023529411764705882
0.0,0.0,0.0,16.0,247.0,1,0.0,1.04,0.4,none,0,0.0,0.0,1.0,0.23111111111111113,0.0,0.0,0.058823529411764705,0.023529411764705882
0.0,1856.0,1856.0,16.0,315.0,1,0.0,2.18,0.4,none,0,3712.0,1.1692075091344336,1.0,0.4780701754385965,0.0,0.0,0.058823529411764705,0.023529411764705882
0.0,1856.0,1856.0,16.0,662.0,1,0.0,8.7,0.4,none,0,3712.0,1.104630401142721,1.0,1.7558022199798182,0.0,0.0,0.058823529411764705,0.023529411764705882
0.0,1856.0,1856.0,16.0,359.0,1,0.0,2.2,0.4,none,0,3712.0,1.104630401142721,1.0,0.4534212695795548,0.0,0.0,0.058823529411764705,0.023529411764705882
0.0,1856.0,1856.0,16.0,469.0,1,0.0,3.91,0.37,none,0,3712.0,1.104630401142721,1.0,0.7906976744186046,0.0,0.0,0.058823529411764705,0.02176470588235294
0.0,1856.0,1856.0,16.0,488.0,1,0.0,7.01,0.37,none,0,3712.0,1.104630401142721,1.0,1.4118831822759315,0.0,0.0,0.058823529411764705,0.02176470588235294
0.0,1954.0,1954.0,16.0,559.0,1,0.0,9.42,0.37,none,0,3908.0,1.1629567908582312,1.0,1.797709923664122,0.0,0.0,0.058823529411764705,0.02176470588235294
0.0,0.0,0.0,16.0,451.0,1,0.0,1.31,0.37,none,0,0.0,0.0,1.0,0.30114942528735633,0.0,0.0,0.058823529411764705,0.02176470588235294
0.0,1856.0,1856.0,16.0,322.0,1,0.0,4.12,0.37,none,0,3712.0,1.2418038271109328,1.0,1.0085679314565483,0.0,0.0,0.058823529411764705,0.02176470588235294
0.0,1856.0,1856.0,16.0,464.0,1,0.0,6.72,0.42,none,0,3712.0,1.2418038271109328,1.0,1.441750697275263,0.0,0.0,0.058823529411764705,0.024705882352941175
0.0,1856.0,1856.0,16.0,397.0,1,0.0,2.2,0.42,none,0,3712.0,1.104630401142721,1.0,0.46054008792128964,0.0,0.0,0.058823529411764705,0.024705882352941175
0.0,1950.0,1950.0,16.0,392.0,1,0.0,2.19,0.42,none,0,3900.0,1.1541193181818183,1.0,0.45835077438258687,0.0,0.0,0.058823529411764705,0.024705882352941175
0.0,1856.0,1856.0,16.0,758.0,1,0.0,9.87,0.42,none,0,3712.0,1.0984848484848486,1.0,2.0163432073544434,0.0,0.0,0.058823529411764705,0.024705882352941175
0.0,928.0,928.0,16.0,255.0,1,0.0,0.53,0.42,none,0,1856.0,0.5811623246492986,1.0,0.11209813874788495,0.0,0.0,0.058823529411764705,0.024705882352941175
0.0,1752.0,1752.0,16.0,346.0,2,0.0,3.64,0.47,none,0,3504.0,1.1043872919818456,1.0,0.7743033397149544,0.0,0.0,0.11764705882352941,0.02764705882352941
0.0,1130.0,1032.0,15.0,416.0,1,0.0,3.12,0.47,none,0,2162.0,0.7164159321359931,0.9433962264150944,0.7235621521335809,0.0,0.0,0.0625,0.029375
0.0,1856.0,1954.0,16.0,597.0,1,0.0,5.94,0.47,none,0,3810.0,1.266622340425532,1.0062893081761006,1.4984863773965693,0.0,0.0,0.058823529411764705,0.02764705882352941
0.0,1856.0,1856.0,16.0,666.0,1,0.0,9.11,0.47,none,0,3712.0,1.0984848484848486,1.0062893081761006,1.9203204047217537,0.0,0.0,0.058823529411764705,0.02764705882352941
0.0,1856.0,1856.0,16.0,470.0,1,0.0,3.62,0.43,none,0,3712.0,1.0984848484848486,1.0062893081761006,0.7711972731146144,0.0,0.0,0.058823529411764705,0.025294117647058825
0.0,1856.0,1856.0,16.0,492.0,1,0.0,6.82,0.43,none,0,3712.0,1.0984848484848486,1.0062893081761006,1.4498299319727892,0.0,0.0,0.058823529411764705,0.025294117647058825
0.0,1856.0,1856.0,16.0,454.0,1,0.0,7.01,0.43,none,0,3712.0,1.0984848484848486,1.0062893081761006,1.351976856316297,0.0,0.0,0.058823529411764705,0.025294117647058825
0.0,1856.0,1856.0,16.0,333.0,1,0.0,1.06,0.43,none,0,3712.0,1.104630401142721,1.0062893081761006,0.20899053627760253,0.0,0.0,0.058823529411764705,0.025294117647058825
0.0,0.0,0.0,16.0,508.0,1,0.0,2.43,0.43,none,0,0.0,0.0,1.0062893081761006,0.5614602587800369,0.0,0.0,0.058823529411764705,0.025294117647058825
0.0,1856.0,1856.0,16.0,366.0,1,0.0,4.47,0.39,none,0,3712.0,1.1692075091344336,1.0062893081761006,0.9466327827191868,0.0,0.0,0.058823529411764705,0.022941176470588236
0.0,1856.0,1856.0,16.0,479.0,1,0.0,7.33,0.39,none,0,3712.0,1.161597196144699,1.0062893081761006,1.4397957179336085,0.0,0.0,0.058823529411764705,0.022941176470588236
0.0,1954.0,1954.0,16.0,556.0,1,0.0,5.19,0.39,none,0,3908.0,1.159575099400629,1.0,0.9796149490373727,0.0,0.0,0.058823529411764705,0.022941176470588236
0.0,1856.0,1856.0,16.0,503.0,1,0.0,6.05,0.39,none,0,3712.0,1.104630401142721,1.0,1.1395743077792428,0.0,0.0,0.058823529411764705,0.022941176470588236
0.0,1856.0,1856.0,16.0,431.0,1,0.0,4.51,0.39,none,0,3712.0,1.104630401142721,1.0,0.9300886780779543,0.0,0.0,0.058823529411764705,0.022941176470588236
0.0,0.0,0.0,16.0,340.0,1,0.0,2.61,0.36,none,0,0.0,0.0,1.0,0.5497051390058971,0.0,0.0,0.058823529411764705,0.021176470588235293
0.0,1856.0,1856.0,16.0,423.0,1,0.0,6.48,0.36,none,0,3712.0,1.2418038271109328,1.0,1.37462876537972,0.0,0.0,0.058823529411764705,0.021176470588235293
0.0,1898.0,1898.0,16.0,421.0,1,0.0,2.28,0.36,none,0,3796.0,1.2663464104617028,1.0,0.5376090544682857,0.0,0.0,0.058823529411764705,0.021176470588235293
0.0,1856.0,1856.0,16.0,575.0,1,0.0,4.96,0.36,none,0,3712.0,1.2383239925273553,1.0,1.071042971280501,0.0,0.0,0.058823529411764705,0.021176470588235293
0.0,1856.0,1856.0,15.0,582.0,1,0.0,2.94,0.33,none,0,3712.0,1.1018760389456186,0.9433962264150944,0.6279367791542075,0.0,0.0,0.0625,0.020625
0.0,1856.0,1856.0,16.0,436.0,1,0.0,4.74,0.33,none,0,3712.0,1.1018760389456186,1.0062893081761006,1.0065831386706305,0.0,0.0,0.058823529411764705,0.019411764705882354
0.0,1954.0,1954.0,16.0,504.0,1,0.0,3.59,0.33,none,0,3908.0,1.1533467123125958,1.0062893081761006,0.8281430219146482,0.0,0.0,0.058823529411764705,0.019411764705882354
0.0,1856.0,1856.0,16.0,401.0,1,0.0,2.39,0.33,none,0,3712.0,1.1018760389456186,1.0062893081761006,0.589395807644883,0.0,0.0,0.058823529411764705,0.019411764705882354
0.0,1856.0,1856.0,16.0,589.0,1,0.0,5.96,0.33,none,0,3712.0,1.1018760389456186,1.0062893081761006,1.4730598121601581,0.0,0.0,0.058823529411764705,0.019411764705882354
0.0,1856.0,1856.0,16.0,460.0,1,0.0,4.03,0.31,none,0,3712.0,1.1018760389456186,1.0062893081761006,1.0080040020010006,0.0,0.0,0.058823529411764705,0.018235294117647058
0.0,1856.0,1856.0,16.0,305.0,1,0.0,3.15,0.31,none,0,3712.0,0.9925133689839573,1.0062893081761006,0.7773938795656467,0.0,0.0,0.058823529411764705,0.018235294117647058
0.0,0.0,0.0,16.0,190.0,1,0.0,0.52,0.31,none,0,0.0,0.0,1.0062893081761006,0.15046296296296294,0.0,0.0,0.058823529411764705,0.018235294117647058
0.0,200.0,200.0,22.0,1266.0,0,0.0,9.69,0.94,none,0,400.0,0.1320480654958405,1.3333333333333333,2.3087919942816297,0.0,0.0,0.0,0.0408695652173913
0.0,200.0,200.0,22.0,854.0,0,11.5,10.86,1.26,none,0,400.0,0.14825796886582654,1.286549707602339,2.2686442448297472,1.0589308849623529,0.0,0.0,0.05478260869565217
0.0,0.0,0.0,22.0,792.0,0,16.4,15.64,1.26,none,0,0.0,0.0,1.2359550561797752,2.582136371140829,1.048592679927954,0.0,0.0,0.05478260869565217
0.0,298.0,298.0,22.0,1043.0,0,12.3,42.29,1.26,none,0,596.0,0.29575228265184594,1.1956521739130437,4.310028536485935,0.29084883167443093,0.0,0.0,0.05478260869565217
0.0,0.0,0.0,22.0,489.0,0,14.8,9.55,1.26,none,0,0.0,0.0,1.1578947368421053,0.917563412759416,1.5497365971344532,0.0,0.0,0.05478260869565217
0.0,200.0,200.0,22.0,878.0,0,17.8,14.72,1.8,none,0,400.0,0.30931023816888337,1.1224489795918366,1.2644961773043553,1.2092383089413663,0.0,0.0,0.0782608695652174
0.0,200.0,200.0,22.0,1286.0,0,0.0,9.94,1.8,none,0,400.0,0.4158004158004158,1.0891089108910892,0.8256499709278179,0.0,0.0,0.0,0.0782608695652174
0.0,198.0,198.0,22.0,797.0,0,0.0,7.56,1.8,none,0,396.0,0.6281725888324873,1.0576923076923077,0.6100710135571337,0.0,0.0,0.0,0.0782608695652174
0.0,200.0,200.0,22.0,1169.0,0,0.0,12.63,1.8,none,0,400.0,1.3368983957219251,1.0280373831775702,0.946776611694153,0.0,0.0,0.0,0.0782608695652174
0.0,200.0,200.0,22.0,1067.0,0,0.0,9.8,1.66,none,0,400.0,1.179245283018868,1.0,0.686851696103168,0.0,0.0,0.0,0.07217391304347825
0.0,200.0,200.0,22.0,612.0,0,0.0,7.69,1.66,none,0,400.0,1.179245283018868,1.0,0.5466306511231163,0.0,0.0,0.0,0.07217391304347825
0.0,100.0,100.0,22.0,459.0,0,0.0,3.63,1.66,none,0,200.0,0.6265664160401003,1.0,0.2720119895091795,0.0,0.0,0.0,0.07217391304347825
0.0,298.0,298.0,22.0,728.0,0,0.0,10.28,1.66,none,0,596.0,1.573389651531151,1.0,0.8025606995081582,0.0,0.0,0.0,0.07217391304347825
0.0,200.0,200.0,22.0,1227.0,0,0.0,7.51,1.66,none,0,400.0,1.1135857461024499,1.0,0.8048440681598972,0.0,0.0,0.0,0.07217391304347825
0.0,200.0,200.0,22.0,1187.0,0,0.0,10.15,1.69,none,0,400.0,1.0020040080160322,1.0,1.0808220636779895,0.0,0.0,0.0,0.07347826086956522
0.0,100.0,100.0,22.0,806.0,0,0.0,5.26,1.69,none,0,200.0,0.5274261603375527,1.0,0.6228537596210775,0.0,0.0,0.0,0.07347826086956522
0.0,198.0,198.0,22.0,1728.0,0,0.0,11.15,1.69,none,0,396.0,1.0454065469904963,1.0,1.3016577165538177,0.0,0.0,0.0,0.07347826086956522
0.0,200.0,200.0,22.0,1564.0,0,0.0,13.14,1.69,none,0,400.0,1.0548523206751055,1.0,1.4401578255151253,0.0,0.0,0.0,0.07347826086956522
0.0,200.0,200.0,22.0,620.0,0,0.0,7.07,1.63,none,0,400.0,1.0548523206751055,1.0,0.8251633986928103,0.0,0.0,0.0,0.0708695652173913
0.0,200.0,200.0,22.0,884.0,0,0.0,6.02,1.63,none,0,400.0,1.0548523206751055,1.0,0.735042735042735,0.0,0.0,0.0,0.0708695652173913
0.0,100.0,100.0,21.0,929.0,0,0.0,6.34,1.63,none,0,200.0,0.5567928730512249,0.9589041095890412,0.7870887647423961,0.0,0.0,0.0,0.07409090909090908
0.0,242.0,242.0,24.0,920.0,0,0.0,8.28,1.63,none,0,484.0,1.2487100103199174,1.085972850678733,0.9718309859154929,0.0,0.0,0.0,0.0652
0.0,298.0,298.0,24.0,871.0,0,0.0,8.41,1.63,none,0,596.0,1.5376676986584106,1.0762331838565022,1.0092403696147847,0.0,0.0,0.0,0.0652
0.0,100.0,100.0,24.0,1443.0,0,0.0,6.49,1.5,none,0,200.0,0.544069640914037,1.0666666666666667,0.7884825659093673,0.0,0.0,0.0,0.06
0.0,200.0,200.0,24.0,918.0,0,0.0,5.75,1.5,none,0,400.0,1.088139281828074,1.0572687224669604,0.7380310614811963,0.0,0.0,0.0,0.06
0.0,200.0,200.0,24.0,971.0,0,0.0,6.99,1.5,none,0,400.0,1.0319917440660473,1.0480349344978166,0.8776996484178804,0.0,0.0,0.0,0.06
0.0,198.0,198.0,24.0,643.0,0,13.0,13.92,1.5,none,0,396.0,1.021671826625387,1.0389610389610389,1.6891153986166725,0.933907375066541,0.0,0.0,0.06
0.0,142.0,142.0,24.0,1518.0,0,10.2,23.53,1.5,none,0,284.0,0.7553191489361702,1.0300429184549356,2.535560344827586,0.4334889785427205,0.0,0.0,0.06
0.0,200.0,200.0,24.0,757.0,0,0.0,6.74,2.18,none,0,400.0,1.0638297872340425,1.0212765957446808,0.7288850437979886,0.0,0.0,0.0,0.0872
0.0,200.0,200.0,24.0,627.0,0,0.0,8.61,2.18,none,0,400.0,1.0638297872340425,1.0126582278481013,0.9057437407952871,0.0,0.0,0.0,0.0872
0.0,100.0,100.0,24.0,544.0,0,0.0,4.56,2.18,none,0,200.0,0.5319148936170213,1.0,0.48885077186963977,0.0,0.0,0.0,0.0872
0.0,298.0,298.0,24.0,661.0,0,0.0,9.09,2.18,none,0,596.0,1.5392561983471076,1.0,0.9660962907854181,0.0,0.0,0.0,0.0872
0.0,200.0,200.0,24.0,748.0,0,0.0,8.98,2.57,none,0,400.0,1.088139281828074,1.0,0.9486583562222692,0.0,0.0,0.0,0.10279999999999999
0.0,100.0,100.0,24.0,374.0,0,0.0,2.16,2.57,none,0,200.0,0.544069640914037,1.0,0.2391232148787778,0.0,0.0,0.0,0.10279999999999999
0.0,200.0,200.0,24.0,562.0,0,0.0,4.97,2.57,none,0,400.0,1.088139281828074,1.0,0.5549972082635398,0.0,0.0,0.0,0.10279999999999999
0.0,298.0,298.0,24.0,500.0,0,0.0,4.79,2.57,none,0,596.0,1.5392561983471076,1.0,0.5483686319404694,0.0,0.0,0.0,0.10279999999999999
0.0,100.0,100.0,24.0,540.0,0,0.0,5.12,2.57,none,0,200.0,0.544069640914037,1.0,0.651814131126671,0.0,0.0,0.0,0.10279999999999999
0.0,200.0,200.0,24.0,706.0,0,0.0,6.67,2.36,none,0,400.0,1.0548523206751055,1.0,1.0812125141838225,0.0,0.0,0.0,0.0944
0.0,200.0,200.0,24.0,505.0,0,0.0,6.2,2.36,none,0,400.0,1.0548523206751055,1.0,1.0139002452984465,0.0,0.0,0.0,0.0944
0.0,100.0,100.0,24.0,574.0,0,0.0,4.04,2.36,none,0,200.0,0.5567928730512249,1.0,0.7140332272887947,0.0,0.0,0.0,0.0944
0.0,200.0,200.0,24.0,356.0,0,0.0,6.86,2.36,none,0,400.0,1.0548523206751055,1.0,1.1650815217391306,0.0,0.0,0.0,0.0944
0.0,298.0,298.0,24.0,748.0,0,0.0,12.23,2.33,none,0,596.0,1.5717299578059072,1.0,1.9719445340212836,0.0,0.0,0.0,0.0932
0.0,200.0,200.0,24.0,533.0,0,0.0,7.89,2.33,none,0,400.0,1.0548523206751055,1.0,1.2949286065977348,0.0,0.0,0.0,0.0932
0.0,200.0,200.0,24.0,575.0,0,0.0,9.02,2.33,none,0,400.0,1.0020040080160322,1.0,1.3305797315238237,0.0,0.0,0.0,0.0932
0.0,298.0,200.0,24.0,443.0,0,0.0,4.27,2.33,none,0,498.0,1.21760391198044,1.0,0.6364584885974064,0.0,0.0,0.0,0.0932
0.0,100.0,198.0,24.0,265.0,0,0.0,1.0,2.33,none,0,298.0,0.7858649789029536,1.0,0.1579778830963665,0.0,0.0,0.0,0.0932
0.0,100.0,100.0,24.0,678.0,0,0.0,5.82,2.15,none,0,200.0,0.5274261603375527,1.0,0.909375,0.0,0.0,0.0,0.086
0.0,200.0,200.0,24.0,534.0,0,0.0,10.13,2.15,none,0,400.0,1.0548523206751055,1.0,1.5016305959086866,0.0,0.0,0.0,0.086
0.0,200.0,200.0,24.0,536.0,0,0.0,6.63,2.15,none,0,400.0,1.0548523206751055,1.0,0.9765797613787008,0.0,0.0,0.0,0.086
0.0,200.0,200.0,24.0,589.0,0,0.0,5.08,2.15,none,0,400.0,1.0020040080160322,1.0,0.7369795444653996,0.0,0.0,0.0,0.086
0.0,198.0,198.0,23.0,490.0,0,0.0,8.95,2.15,none,0,396.0,0.9929789368104313,0.9623430962343097,1.2602083920022529,0.0,0.0,0.0,0.08958333333333333
0.0,200.0,200.0,24.0,637.0,0,0.0,8.74,2.05,none,0,400.0,1.0548523206751055,1.00418410041841,1.294239597216052,0.0,0.0,0.0,0.08199999999999999
0.0,200.0,200.0,24.0,433.0,0,0.0,6.7,2.05,none,0,400.0,1.0548523206751055,1.00418410041841,1.0099487488694605,0.0,0.0,0.0,0.08199999999999999
0.0,100.0,100.0,24.0,413.0,0,0.0,3.44,2.05,none,0,200.0,0.5567928730512249,1.00418410041841,0.5661619486504279,0.0,0.0,0.0,0.08199999999999999
0.0,298.0,298.0,24.0,652.0,0,0.0,14.55,2.05,none,0,596.0,1.6151761517615175,1.00418410041841,2.048141891891892,0.0,0.0,0.0,0.08199999999999999
0.0,242.0,242.0,24.0,513.0,0,0.0,8.64,1.97,none,0,484.0,1.2487100103199174,1.00418410041841,1.0981189628876462,0.0,0.0,0.0,0.0788
0.0,100.0,100.0,24.0,513.0,0,0.0,4.87,1.97,none,0,200.0,0.5159958720330237,1.00418410041841,0.6265277241734207,0.0,0.0,0.0,0.0788
0.0,100.0,100.0,24.0,305.0,0,0.0,2.8,1.97,none,0,200.0,0.544069640914037,1.00418410041841,0.39772727272727276,0.0,0.0,0.0,0.0788
0.0,200.0,200.0,24.0,602.0,0,0.0,8.26,1.97,none,0,400.0,1.088139281828074,1.00418410041841,1.1467444120505343,0.0,0.0,0.0,0.0788
0.0,200.0,200.0,23.0,519.0,0,0.0,8.77,1.97,none,0,400.0,1.088139281828074,0.9663865546218487,1.1582144743792921,0.0,0.0,0.0,0.08208333333333333
0.0,298.0,298.0,24.0,514.0,0,0.0,6.65,1.89,none,0,596.0,1.5376676986584106,1.00418410041841,0.9057477526559521,0.0,0.0,0.0,0.0756
0.0,200.0,200.0,24.0,511.0,0,0.0,2.48,1.89,none,0,400.0,1.0319917440660473,1.00418410041841,0.3692674210839786,0.0,0.0,0.0,0.0756
0.0,200.0,200.0,24.0,541.0,0,0.0,8.14,1.89,none,0,400.0,1.0319917440660473,1.00418410041841,1.186588921282799,0.0,0.0,0.0,0.0756
0.0,298.0,298.0,24.0,507.0,0,0.0,5.22,1.89,none,0,596.0,1.395131086142322,1.00418410041841,0.7416879795396418,0.0,0.0,0.0,0.0756
0.0,242.0,242.0,24.0,310.0,0,0.0,2.15,1.82,none,0,484.0,1.1634615384615385,1.00418410041841,0.370817523283891,0.0,0.0,0.0,0.0728
0.0,100.0,100.0,24.0,248.0,0,0.0,1.26,1.82,none,0,200.0,0.5159958720330237,1.00418410041841,0.24901185770750986,0.0,0.0,0.0,0.0728
0.0,100.0,100.0,24.0,514.0,0,0.0,5.34,1.82,none,0,200.0,0.5159958720330237,1.00418410041841,1.045623653808498,0.0,0.0,0.0,0.0728
0.0,200.0,200.0,24.0,455.0,0,0.0,8.05,1.82,none,0,400.0,0.9813542688910696,1.00418410041841,1.4293323863636365,0.0,0.0,0.0,0.0728
0.0,0.0,0.0,9.0,127.0,0,0.0,0.0,0.1,none,0,0.0,0.0,0.4017857142857143,0.0,0.0,0.0,0.0,0.01
0.0,0.0,0.0,9.0,159.0,0,0.0,0.24,0.1,none,0,0.0,0.0,0.42857142857142855,0.06071338224133569,0.0,0.0,0.0,0.01
0.0,0.0,0.0,9.0,219.0,0,0.0,0.0,0.1,none,0,0.0,0.0,0.46153846153846156,0.0,0.0,0.0,0.0,0.01
0.0,42.0,42.0,9.0,298.0,0,0.0,0.5,0.09,none,0,84.0,0.3553299492385787,0.5,0.16181229773462785,0.0,0.0,0.0,0.009
0.0,0.0,0.0,9.0,172.0,0,0.0,0.0,0.09,none,0,0.0,0.0,0.5454545454545454,0.0,0.0,0.0,0.0,0.009
0.0,0.0,0.0,9.0,194.0,0,0.0,0.0,0.09,none,0,0.0,0.0,0.6,0.0,0.0,0.0,0.0,0.009
0.0,0.0,0.0,9.0,171.0,0,0.0,0.0,0.09,none,0,0.0,0.0,0.6666666666666666,0.0,0.0,0.0,0.0,0.009
0.0,0.0,0.0,9.0,253.0,0,0.0,0.25,0.09,none,0,0.0,0.0,0.75,0.17385257301808066,0.0,0.0,0.0,0.009
0.0,98.0,98.0,9.0,387.0,0,0.0,1.82,0.09,none,0,196.0,2.8823529411764706,0.8571428571428571,1.6758747697974221,0.0,0.0,0.0,0.009
0.0,0.0,0.0,9.0,154.0,0,0.0,0.0,0.09,none,0,0.0,0.0,1.0,0.0,0.0,0.0,0.0,0.009
0.0,0.0,0.0,9.0,175.0,0,0.0,0.25,0.09,none,0,0.0,0.0,1.0,0.816993464052288,0.0,0.0,0.0,0.009
0.0,0.0,0.0,9.0,147.0,0,0.0,0.0,0.09,none,0,0.0,0.0,1.0,0.0,0.0,0.0,0.0,0.009
0.0,0.0,0.0,9.0,159.0,0,0.0,0.0,0.08,none,0,0.0,0.0,1.0,0.0,0.0,0.0,0.0,0.008
0.0,0.0,0.0,9.0,125.0,0,0.0,0.0,0.08,none,0,0.0,0.0,1.0,0.0,0.0,0.0,0.0,0.008
0.0,0.0,0.0,9.0,364.0,0,0.0,0.26,0.08,none,0,0.0,0.0,1.0,1.0077519379844968,0.0,0.0,0.0,0.008
0.0,0.0,0.0,9.0,154.0,0,0.0,0.0,0.08,none,0,0.0,0.0,1.0,0.0,0.0,0.0,0.0,0.008
0.0,0.0,0.0,9.0,138.0,0,0.0,0.25,0.08,none,0,0.0,0.0,1.0,0.8833922261484105,0.0,0.0,0.0,0.008
0.0,0.0,0.0,9.0,155.0,0,0.0,0.25,0.07,none,0,0.0,0.0,1.0,0.8833922261484105,0.0,0.0,0.0,0.007000000000000001
0.0,98.0,98.0,9.0,483.0,0,0.0,1.02,0.07,none,0,196.0,10.0,1.0,5.024630541871925,0.0,0.0,0.0,0.007000000000000001
0.0,0.0,0.0,9.0,330.0,0,0.0,1.02,0.07,none,0,0.0,0.0,1.0,3.344262295081969,0.0,0.0,0.0,0.007000000000000001
0.0,0.0,0.0,9.0,219.0,0,0.0,0.25,0.07,none,0,0.0,0.0,1.0,0.8196721311475414,0.0,0.0,0.0,0.007000000000000001
0.0,0.0,0.0,9.0,195.0,0,0.0,0.0,0.07,none,0,0.0,0.0,1.0,0.0,0.0,0.0,0.0,0.007000000000000001
0.0,0.0,0.0,9.0,117.0,0,0.0,0.25,0.07,none,0,0.0,0.0,1.0,0.757575757575758,0.0,0.0,0.0,0.007000000000000001
0.0,0.0,0.0,9.0,220.0,0,0.0,0.0,0.07,none,0,0.0,0.0,1.0,0.0,0.0,0.0,0.0,0.007000000000000001
0.0,0.0,0.0,9.0,251.0,0,0.0,0.25,0.07,none,0,0.0,0.0,1.0,0.7598784194528879,0.0,0.0,0.0,0.007000000000000001
0.0,0.0,0.0,9.0,151.0,0,0.0,0.0,0.07,none,0,0.0,0.0,1.0,0.0,0.0,0.0,0.0,0.007000000000000001
0.0,0.0,0.0,9.0,295.0,0,0.0,0.51,0.07,none,0,0.0,0.0,1.0,1.4366197183098597,0.0,0.0,0.0,0.007000000000000001
0.0,0.0,0.0,9.0,290.0,0,0.0,3.55,0.06,none,0,0.0,0.0,1.0,5.1824817518248185,0.0,0.0,0.0,0.006
0.0,0.0,0.0,9.0,86.0,0,0.0,0.0,0.06,none,0,0.0,1.0020040080160322,1.0,0.0,0.0,0.0,0.0,0.006
0.0,98.0,98.0,9.0,241.0,0,0.0,0.26,0.06,none,0,196.0,10.0,1.0,0.5128205128205131,0.0,0.0,0.0,0.006
0.0,0.0,194.0,9.0,208.0,0,0.0,0.25,0.06,none,0,194.0,4.9743589743589745,1.0,0.493096646942801,0.0,0.0,0.0,0.006
0.0,0.0,0.0,9.0,249.0,0,0.0,1.02,0.06,none,0,0.0,0.0,1.0,1.674876847290641,0.0,0.0,0.0,0.006
0.0,0.0,0.0,9.0,196.0,0,0.0,0.25,0.06,none,0,0.0,0.0,1.0,0.41050903119868654,0.0,0.0,0.0,0.006
0.0,0.0,0.0,9.0,118.0,0,0.0,0.25,0.06,none,0,0.0,0.0,1.0,0.39432176656151435,0.0,0.0,0.0,0.006
0.0,84.0,84.0,9.0,128.0,0,0.0,0.0,0.06,none,0,168.0,3.010752688172043,1.0,0.0,0.0,0.0,0.0,0.006
0.0,0.0,0.0,9.0,112.0,0,0.0,0.0,0.06,none,0,0.0,0.0,1.0,0.0,0.0,0.0,0.0,0.006
0.0,0.0,0.0,9.0,143.0,0,0.0,0.25,0.06,none,0,0.0,0.0,1.0,0.4288164665523157,0.0,0.0,0.0,0.006
0.0,0.0,0.0,9.0,68.0,0,0.0,0.0,0.05,none,0,0.0,0.0,1.0,0.0,0.0,0.0,0.0,0.005
0.0,0.0,0.0,9.0,265.0,0,0.0,0.77,0.05,none,0,0.0,0.0,1.0,2.5245901639344277,0.0,0.0,0.0,0.005
0.0,98.0,98.0,9.0,251.0,0,0.0,1.51,0.05,none,0,196.0,3.512544802867384,1.0,3.511627906976745,0.0,0.0,0.0,0.005
0.0,0.0,0.0,9.0,193.0,0,0.0,0.25,0.05,none,0,0.0,0.0,1.0,0.5813953488372094,0.0,0.0,0.0,0.005
0.0,0.0,0.0,9.0,77.0,0,0.0,0.0,0.05,none,0,0.0,0.0,1.0,0.0,0.0,0.0,0.0,0.005
0.0,0.0,0.0,9.0,156.0,0,0.0,0.0,0.05,none,0,0.0,0.0,1.0,0.0,0.0,0.0,0.0,0.005
0.0,0.0,0.0,9.0,115.0,0,0.0,0.24,0.05,none,0,0.0,0.0,1.0,0.7947019867549672,0.0,0.0,0.0,0.005
0.0,0.0,0.0,9.0,390.0,0,0.0,2.05,0.05,none,0,0.0,0.0,1.0,4.043392504930967,0.0,0.0,0.0,0.005
0.0,0.0,0.0,9.0,106.0,0,0.0,0.24,0.05,none,0,0.0,0.0,1.0,0.45197740112994356,0.0,0.0,0.0,0.005
0.0,0.0,0.0,9.0,78.0,0,0.0,0.0,0.04,none,0,0.0,0.0,1.0,0.0,0.0,0.0,0.0,0.004
0.0,0.0,0.0,9.0,130.0,0,0.0,0.25,0.04,none,0,0.0,0.0,1.0,0.47080979284369123,0.0,0.0,0.0,0.004
0.0,0.0,0.0,9.0,156.0,0,0.0,0.0,0.04,none,0,0.0,0.0,1.0,0.0,0.0,0.0,0.0,0.004
0.0,0.0,0.0,9.0,223.0,0,0.0,2.24,0.04,none,0,0.0,1.0020040080160322,1.0,4.250474383301709,0.0,0.0,0.0,0.004
0.0,98.0,98.0,9.0,285.0,0,0.0,0.76,0.04,none,0,196.0,10.0,1.0,1.3148788927335644,0.0,0.0,0.0,0.004
0.0,0.0,0.0,9.0,136.0,0,0.0,0.0,0.04,none,0,0.0,0.0,1.0,0.0,0.0,0.0,0.0,0.004
0.0,0.0,0.0,9.0,107.0,0,0.0,0.0,0.04,none,0,0.0,0.0,1.0,0.0,0.0,0.0,0.0,0.004
0.0,0.0,0.0,9.0,68.0,0,0.0,0.24,0.04,none,0,0.0,0.0,1.0,0.4152249134948098,0.0,0.0,0.0,0.004
0.0,0.0,0.0,9.0,325.0,0,0.0,2.29,0.04,none,0,0.0,0.0,1.0,3.803986710963456,0.0,0.0,0.0,0.004
0.0,0.0,0.0,9.0,111.0,0,0.0,0.25,0.04,none,0,0.0,0.0,1.0,0.41459369817578784,0.0,0.0,0.0,0.004
0.0,0.0,0.0,9.0,123.0,0,0.0,0.25,0.04,none,0,0.0,0.0,1.0,0.39808917197452237,0.0,0.0,0.0,0.004
0.0,0.0,0.0,9.0,250.0,0,0.0,1.54,0.04,none,0,0.0,0.0,1.0,2.0343461030383096,0.0,0.0,0.0,0.004
0.0,0.0,0.0,9.0,113.0,0,0.0,0.25,0.04,none,0,0.0,0.0,1.0,0.31969309462915607,0.0,0.0,0.0,0.004
0.0,0.0,0.0,9.0,79.0,0,0.0,0.0,0.04,none,0,0.0,0.0,1.0,0.0,0.0,0.0,0.0,0.004
0.0,98.0,98.0,9.0,272.0,0,0.0,0.51,0.04,none,0,196.0,10.0,1.0,0.9568480300187621,0.0,0.0,0.0,0.004
0.0,0.0,0.0,9.0,239.0,0,0.0,1.69,0.03,none,0,0.0,0.0,1.0,2.407407407407408,0.0,0.0,0.0,0.003
0.0,0.0,0.0,9.0,149.0,0,0.0,0.0,0.03,none,0,0.0,0.0,1.0,0.0,0.0,0.0,0.0,0.003
0.0,0.0,0.0,9.0,104.0,0,0.0,0.0,0.03,none,0,0.0,0.0,1.0,0.0,0.0,0.0,0.0,0.003
0.0,0.0,0.0,9.0,130.0,0,0.0,0.0,0.03,none,0,0.0,0.0,1.0,0.0,0.0,0.0,0.0,0.003
0.0,42.0,42.0,9.0,386.0,0,0.0,1.41,0.03,none,0,84.0,3.0,1.0,2.495575221238939,0.0,0.0,0.0,0.003
0.0,0.0,0.0,9.0,220.0,0,0.0,0.17,0.03,none,0,0.0,0.0,1.0,0.30520646319569134,0.0,0.0,0.0,0.003
0.0,0.0,0.0,9.0,95.0,0,0.0,0.0,0.03,none,0,0.0,0.0,1.0,0.0,0.0,0.0,0.0,0.003
0.0,0.0,0.0,9.0,341.0,0,0.0,0.11,0.03,none,0,0.0,0.0,1.0,0.282776349614396,0.0,0.0,0.0,0.003
0.0,98.0,98.0,9.0,401.0,0,0.0,1.43,0.03,none,0,196.0,4.117647058823529,1.0,2.687969924812031,0.0,0.0,0.0,0.003
0.0,0.0,0.0,9.0,615.0,0,0.0,0.45,0.03,none,0,0.0,0.0,1.0,0.8555133079847912,0.0,0.0,0.0,0.003
0.0,0.0,0.0,9.0,771.0,0,0.0,0.18,0.03,none,0,0.0,0.0,1.0,0.48000000000000026,0.0,0.0,0.0,0.003
0.0,0.0,0.0,9.0,514.0,0,0.0,1.44,0.02,none,0,0.0,0.0,1.0,2.77456647398844,0.0,0.0,0.0,0.002
0.0,0.0,0.0,9.0,204.0,0,0.0,0.17,0.02,none,0,0.0,0.0,1.0,0.31716417910447775,0.0,0.0,0.0,0.002
0.0,0.0,0.0,9.0,106.0,0,0.0,0.0,0.02,none,0,0.0,0.0,1.0,0.0,0.0,0.0,0.0,0.002
0.0,0.0,0.0,9.0,178.0,0,0.0,0.7,0.02,none,0,0.0,0.0,1.0,1.5053763440860222,0.0,0.0,0.0,0.002
0.0,0.0,0.0,9.0,187.0,0,0.0,0.25,0.02,none,0,0.0,0.0,1.0,0.5285412262156451,0.0,0.0,0.0,0.002
0.0,98.0,98.0,9.0,354.0,0,0.0,0.47,0.02,none,0,196.0,5.0,1.0,0.9038461538461542,0.0,0.0,0.0,0.002
0.0,0.0,0.0,9.0,182.0,0,0.0,0.33,0.02,none,0,0.0,0.0,1.0,0.6088560885608858,0.0,0.0,0.0,0.002
0.0,84.0,84.0,9.0,422.0,0,0.0,0.15,0.02,none,0,168.0,4.615384615384616,1.0,0.3623188405797103,0.0,0.0,0.0,0.002
0.0,0.0,0.0,9.0,68.0,0,0.0,0.0,0.1,none,0,0.0,0.0,1.0,0.0,0.0,0.0,0.0,0.01
0.0,98.0,0.0,9.0,73.0,0,0.0,0.5,0.1,none,0,98.0,2.121212121212121,1.0,1.246882793017457,0.0,0.0,0.0,0.01
0.0,0.0,98.0,9.0,109.0,0,0.0,0.26,0.1,none,0,98.0,1.75,1.0,0.9187279151943469,0.0,0.0,0.0,0.01
0.0,0.0,0.0,9.0,58.0,0,0.0,0.5,0.1,none,0,0.0,0.0,1.0,1.582278481012659,0.0,0.0,0.0,0.01
0.0,0.0,0.0,9.0,54.0,0,0.0,0.49,0.25,none,0,0.0,0.0,1.0,1.3424657534246582,0.0,0.0,0.0,0.025
0.0,0.0,0.0,9.0,174.0,0,0.0,0.48,0.25,none,0,0.0,0.0,1.0,1.399416909620992,0.0,0.0,0.0,0.025
0.0,0.0,0.0,9.0,365.0,0,0.0,0.17,0.25,none,0,0.0,0.0,1.0,0.5074626865671645,0.0,0.0,0.0,0.025
0.0,0.0,0.0,9.0,149.0,0,0.0,0.21,0.23,none,0,0.0,0.0,1.0,0.6796116504854373,0.0,0.0,0.0,0.023
0.0,98.0,98.0,9.0,242.0,0,0.0,0.0,0.23,none,0,196.0,3.5,1.0,0.0,0.0,0.0,0.0,0.023
0.0,0.0,0.0,9.0,309.0,0,0.0,1.21,0.23,none,0,0.0,0.0,1.0,3.167539267015708,0.0,0.0,0.0,0.023
0.0,0.0,0.0,9.0,160.0,0,0.0,0.18,0.21,none,0,0.0,0.0,1.0,0.45000000000000023,0.0,0.0,0.0,0.020999999999999998
0.0,0.0,0.0,9.0,105.0,0,0.0,0.0,0.21,none,0,0.0,0.0,1.0,0.0,0.0,0.0,0.0,0.020999999999999998
0.0,0.0,0.0,9.0,157.0,0,0.0,0.0,0.21,none,0,0.0,0.0,1.0,0.0,0.0,0.0,0.0,0.020999999999999998
0.0,0.0,0.0,9.0,141.0,0,0.0,0.16,0.21,none,0,0.0,0.0,1.0,0.5517241379310348,0.0,0.0,0.0,0.020999999999999998
0.0,0.0,0.0,9.0,334.0,0,0.0,0.52,0.2,none,0,0.0,0.0,1.0,1.7747440273037554,0.0,0.0,0.0,0.02
0.0,0.0,0.0,9.0,249.0,0,0.0,0.26,0.2,none,0,0.0,0.0,1.0,0.9594095940959417,0.0,0.0,0.0,0.02
0.0,98.0,98.0,9.0,237.0,0,0.0,0.5,0.2,none,0,196.0,5.0,1.0,1.6447368421052642,0.0,0.0,0.0,0.02
0.0,0.0,0.0,9.0,281.0,0,0.0,0.45,0.18,none,0,0.0,0.0,1.0,1.371951219512196,0.0,0.0,0.0,0.018
0.0,0.0,0.0,8.0,234.0,0,0.0,0.13,0.18,none,0,0.0,0.0,0.898876404494382,0.38123167155425236,0.0,0.0,0.0,0.02
0.0,42.0,42.0,9.0,376.0,0,0.0,0.65,0.18,none,0,84.0,3.0,1.0112359550561798,2.2807017543859662,0.0,0.0,0.0,0.018
0.0,0.0,0.0,8.0,188.0,0,0.0,0.0,0.16,none,0,0.0,0.0,0.9090909090909091,0.0,0.0,0.0,0.0,0.017777777777777778
0.0,0.0,0.0,9.0,438.0,0,0.0,0.59,0.16,none,0,0.0,0.0,1.0227272727272727,1.809815950920246,0.0,0.0,0.0,0.016
0.0,98.0,98.0,9.0,264.0,0,0.0,0.52,0.16,none,0,196.0,4.117647058823529,1.0227272727272727,1.3756613756613763,0.0,0.0,0.0,0.016
0.0,0.0,0.0,9.0,194.0,0,0.0,0.24,0.15,none,0,0.0,0.0,1.0227272727272727,0.6217616580310884,0.0,0.0,0.0,0.015
0.0,0.0,0.0,9.0,143.0,0,0.0,0.0,0.15,none,0,0.0,0.0,1.0227272727272727,0.0,0.0,0.0,0.0,0.015
0.0,0.0,0.0,9.0,100.0,0,0.0,0.0,0.15,none,0,0.0,0.0,1.0227272727272727,0.0,0.0,0.0,0.0,0.015
0.0,0.0,0.0,9.0,269.0,0,0.0,0.13,0.15,none,0,0.0,0.0,1.0227272727272727,0.47970479704797087,0.0,0.0,0.0,0.015
0.0,0.0,0.0,9.0,109.0,0,0.0,0.23,0.14,none,0,0.0,0.0,1.0227272727272727,0.9236947791164666,0.0,0.0,0.0,0.014000000000000002
0.0,0.0,0.0,9.0,194.0,0,0.0,0.32,0.14,none,0,0.0,0.0,1.0112359550561798,1.1940298507462694,0.0,0.0,0.0,0.014000000000000002
0.0,0.0,0.0,9.0,173.0,0,0.0,0.0,0.14,none,0,0.0,0.0,1.0112359550561798,0.0,0.0,0.0,0.0,0.014000000000000002
0.0,0.0,0.0,9.0,188.0,0,0.0,0.23,0.14,none,0,0.0,0.0,1.0,1.0176991150442485,0.0,0.0,0.0,0.014000000000000002
0.0,98.0,98.0,9.0,366.0,0,0.0,2.24,0.21,none,0,196.0,5.0,1.0,5.728900255754478,0.0,0.0,0.0,0.020999999999999998
0.0,0.0,0.0,9.0,125.0,0,0.0,0.25,0.21,none,0,0.0,0.0,1.0,0.6868131868131871,0.0,0.0,0.0,0.020999999999999998
0.0,0.0,0.0,9.0,436.0,0,0.0,0.55,0.21,none,0,0.0,0.0,1.0,1.3924050632911398,0.0,0.0,0.0,0.020999999999999998
0.0,0.0,0.0,9.0,150.0,0,0.0,0.0,0.21,none,0,0.0,0.0,1.0,0.0,0.0,0.0,0.0,0.020999999999999998
0.0,42.0,42.0,9.0,174.0,0,0.0,0.21,0.19,none,0,84.0,3.0,1.0,0.5048076923076925,0.0,0.0,0.0,0.019
0.0,0.0,0.0,9.0,278.0,0,0.0,0.71,0.19,none,0,0.0,0.0,1.0,1.4978902953586501,0.0,0.0,0.0,0.019
0.0,0.0,0.0,9.0,111.0,0,0.0,0.49,0.19,none,0,0.0,0.0,1.0,0.9800000000000003,0.0,0.0,0.0,0.019
0.0,0.0,0.0,9.0,240.0,0,0.0,0.16,0.19,none,0,0.0,0.0,1.0,0.33057851239669434,0.0,0.0,0.0,0.019
0.0,98.0,98.0,9.0,345.0,0,0.0,1.53,0.18,none,0,196.0,4.117647058823529,1.0,2.40188383045526,0.0,0.0,0.0,0.018
0.0,0.0,0.0,9.0,3434.0,0,0.0,4.02,0.18,none,0,0.0,0.0,1.0,3.956692913385828,0.0,0.0,0.0,0.018
0.0,0.0,0.0,8.0,457.0,0,0.0,2.06,0.18,none,0,0.0,0.0,0.898876404494382,2.064128256513027,0.0,0.0,0.0,0.02
0.0,0.0,0.0,9.0,393.0,0,0.0,2.14,0.18,none,0,0.0,0.0,1.0112359550561798,1.802864363942713,0.0,0.0,0.0,0.018
0.0,0.0,0.0,9.0,233.0,0,0.0,0.38,0.24,none,0,0.0,0.0,1.0112359550561798,0.32478632478632485,0.0,0.0,0.0,0.024
0.0,42.0,42.0,9.0,122.0,0,0.0,0.25,0.24,none,0,84.0,2.307692307692308,1.0112359550561798,0.2092050209205021,0.0,0.0,0.0,0.024
0.0,0.0,0.0,9.0,309.0,0,0.0,1.28,0.24,none,0,0.0,0.0,1.0112359550561798,0.9831029185867897,0.0,0.0,0.0,0.024
0.0,0.0,0.0,9.0,801.0,0,0.0,0.62,0.24,none,0,0.0,0.0,1.0112359550561798,0.4795050270688323,0.0,0.0,0.0,0.024
0.0,0.0,0.0,9.0,201.0,0,0.0,0.0,0.3,none,0,0.0,0.0,1.0112359550561798,0.0,0.0,0.0,0.0,0.03
0.0,98.0,98.0,9.0,983.0,0,0.0,1.52,0.3,none,0,196.0,4.117647058823529,1.0112359550561798,1.1014492753623188,0.0,0.0,0.0,0.03
0.0,0.0,0.0,9.0,2965.0,0,0.0,4.07,0.3,none,0,0.0,0.0,1.0112359550561798,2.490820073439413,0.0,0.0,0.0,0.03
0.0,0.0,0.0,9.0,323.0,0,0.0,0.74,0.3,none,0,0.0,0.0,1.0112359550561798,0.5666156202143952,0.0,0.0,0.0,0.03
0.0,0.0,0.0,9.0,658.0,0,0.0,1.05,0.3,none,0,0.0,0.0,1.0,0.8713692946058095,0.0,0.0,0.0,0.03
0.0,0.0,0.0,9.0,728.0,0,0.0,0.45,0.28,none,0,0.0,0.0,1.0,0.43436293436293444,0.0,0.0,0.0,0.028000000000000004
0.0,0.0,0.0,9.0,374.0,0,0.0,0.5,0.28,none,0,0.0,0.0,1.0,0.47709923664122145,0.0,0.0,0.0,0.028000000000000004
0.0,0.0,0.0,9.0,778.0,0,0.0,0.25,0.28,none,0,0.0,0.0,1.0,0.23854961832061072,0.0,0.0,0.0,0.028000000000000004
0.0,0.0,0.0,9.0,721.0,0,0.0,2.54,0.28,none,0,0.0,0.0,1.0,2.163543441226576,0.0,0.0,0.0,0.028000000000000004
0.0,0.0,0.0,9.0,999.0,0,0.0,0.5,0.28,none,0,0.0,0.0,1.0,0.4302925989672979,0.0,0.0,0.0,0.028000000000000004
0.0,0.0,0.0,9.0,5619.0,0,0.0,12.47,0.42,none,0,0.0,0.0,1.0,5.176421751764218,0.0,0.0,0.0,0.041999999999999996
0.0,98.0,98.0,9.0,9173.0,0,0.0,25.64,0.42,none,0,196.0,10.0,1.0,5.318398672474591,0.0,0.0,0.0,0.041999999999999996
0.0,0.0,0.0,9.0,3912.0,0,0.0,3.38,0.42,none,0,0.0,0.0,1.0,0.7112794612794612,0.0,0.0,0.0,0.041999999999999996
0.0,0.0,0.0,9.0,264.0,0,0.0,0.46,0.42,none,0,0.0,0.0,1.0,0.09737510584250635,0.0,0.0,0.0,0.041999999999999996
0.0,0.0,0.0,9.0,298.0,0,0.0,0.24,0.38,none,0,0.0,0.0,1.0,0.05169071720870127,0.0,0.0,0.0,0.038
0.0,0.0,0.0,9.0,257.0,0,0.0,0.21,0.38,none,0,0.0,0.0,1.0,0.045464386230785886,0.0,0.0,0.0,0.038
0.0,0.0,0.0,8.0,390.0,0,0.0,0.3,0.38,none,0,0.0,0.0,0.898876404494382,0.06523157208088716,0.0,0.0,0.0,0.042222222222222223
0.0,0.0,0.0,9.0,443.0,0,0.0,0.84,0.38,none,0,0.0,0.0,1.0112359550561798,0.18033490768570204,0.0,0.0,0.0,0.038
0.0,98.0,98.0,9.0,807.0,0,0.0,0.85,0.35,none,0,196.0,5.0,1.0112359550561798,0.1893517487190911,0.0,0.0,0.0,0.034999999999999996
0.0,0.0,0.0,9.0,294.0,0,0.0,0.24,0.35,none,0,0.0,0.0,1.0112359550561798,0.05377548734035402,0.0,0.0,0.0,0.034999999999999996
0.0,0.0,0.0,8.0,237.0,0,0.0,1.42,0.35,none,0,0.0,0.0,0.9090909090909091,0.4228707564026206,0.0,0.0,0.0,0.03888888888888889
0.0,0.0,0.0,9.0,323.0,0,0.0,1.55,0.35,none,0,0.0,0.0,1.0227272727272727,1.6332982086406744,0.0,0.0,0.0,0.034999999999999996
0.0,0.0,0.0,9.0,159.0,0,0.0,0.24,0.32,none,0,0.0,0.0,1.0227272727272727,0.3779527559055118,0.0,0.0,0.0,0.032
0.0,42.0,42.0,9.0,192.0,0,0.0,0.0,0.32,none,0,84.0,3.0,1.0227272727272727,0.0,0.0,0.0,0.0,0.032
0.0,0.0,0.0,9.0,121.0,0,0.0,0.22,0.32,none,0,0.0,0.0,1.0227272727272727,0.3747870528109029,0.0,0.0,0.0,0.032
0.0,0.0,0.0,9.0,142.0,0,0.0,0.22,0.32,none,0,0.0,0.0,1.0227272727272727,0.3741496598639456,0.0,0.0,0.0,0.032
0.0,0.0,0.0,9.0,304.0,0,0.0,1.77,0.3,none,0,0.0,0.0,1.0112359550561798,2.4081632653061225,0.0,0.0,0.0,0.03
0.0,0.0,0.0,9.0,277.0,0,0.0,0.19,0.3,none,0,0.0,0.0,1.0112359550561798,0.2835820895522388,0.0,0.0,0.0,0.03
0.0,98.0,98.0,9.0,425.0,0,0.0,2.6,0.3,none,0,196.0,7.0,1.0112359550561798,3.076923076923077,0.0,0.0,0.0,0.03
0.0,0.0,0.0,9.0,229.0,0,0.0,0.25,0.3,none,0,0.0,0.0,1.0112359550561798,0.2955082742316785,0.0,0.0,0.0,0.03
0.0,0.0,0.0,9.0,166.0,0,0.0,0.19,0.3,none,0,0.0,0.0,1.0,0.26279391424619636,0.0,0.0,0.0,0.03
0.0,0.0,0.0,9.0,276.0,0,0.0,0.73,0.27,none,0,0.0,0.0,1.0,1.138845553822153,0.0,0.0,0.0,0.027000000000000003
0.0,42.0,42.0,9.0,168.0,0,0.0,0.2,0.27,none,0,84.0,2.307692307692308,1.0,0.3139717425431711,0.0,0.0,0.0,0.027000000000000003
0.0,0.0,0.0,9.0,180.0,0,0.0,0.19,0.27,none,0,0.0,0.0,1.0,0.2896341463414634,0.0,0.0,0.0,0.027000000000000003
0.0,0.0,0.0,9.0,207.0,0,0.0,0.2,0.27,none,0,0.0,0.0,1.0,0.3058103975535168,0.0,0.0,0.0,0.027000000000000003
0.0,0.0,0.0,9.0,534.0,0,0.0,1.4,0.25,none,0,0.0,0.0,1.0,1.8134715025906734,0.0,0.0,0.0,0.025
0.0,98.0,98.0,9.0,326.0,0,0.0,1.75,0.25,none,0,196.0,4.117647058823529,1.0,2.2727272727272725,0.0,0.0,0.0,0.025
0.0,0.0,0.0,9.0,276.0,0,0.0,0.08,0.23,none,0,0.0,0.0,1.0,0.10540184453227931,0.0,0.0,0.0,0.023
0.0,0.0,0.0,9.0,421.0,0,0.0,1.79,0.23,none,0,0.0,0.0,1.0,2.640117994100295,0.0,0.0,0.0,0.023
0.0,0.0,0.0,9.0,130.0,0,0.0,0.2,0.23,none,0,0.0,0.0,1.0,0.29717682020802383,0.0,0.0,0.0,0.023
0.0,0.0,0.0,9.0,213.0,0,0.0,0.0,0.23,none,0,0.0,0.0,1.0,0.0,0.0,0.0,0.0,0.023
0.0,0.0,0.0,9.0,272.0,0,0.0,0.25,0.21,none,0,0.0,0.0,1.0,0.4125412541254125,0.0,0.0,0.0,0.020999999999999998
0.0,98.0,0.0,9.0,436.0,0,0.0,0.39,0.21,none,0,98.0,3.3333333333333335,1.0,0.624,0.0,0.0,0.0,0.020999999999999998
0.0,0.0,98.0,9.0,212.0,0,0.0,1.1,0.21,none,0,98.0,2.5,1.0,1.5363128491620113,0.0,0.0,0.0,0.020999999999999998
0.0,0.0,0.0,9.0,252.0,0,0.0,0.87,0.21,none,0,0.0,0.0,1.0,1.1111111111111112,0.0,0.0,0.0,0.020999999999999998
0.0,0.0,0.0,9.0,276.0,0,0.0,0.0,0.2,none,0,0.0,0.0,1.0,0.0,0.0,0.0,0.0,0.02
0.0,0.0,0.0,9.0,149.0,0,0.0,0.99,0.2,none,0,0.0,0.0,1.0,1.7460317460317458,0.0,0.0,0.0,0.02
0.0,42.0,42.0,9.0,209.0,0,0.0,0.61,0.2,none,0,84.0,3.0,1.0,0.9838709677419355,0.0,0.0,0.0,0.02
0.0,0.0,0.0,9.0,93.0,0,0.0,0.0,0.2,none,0,0.0,0.0,1.0,0.0,0.0,0.0,0.0,0.02
0.0,0.0,0.0,9.0,162.0,0,0.0,0.22,0.18,none,0,0.0,0.0,1.0,0.49661399548532725,0.0,0.0,0.0,0.018
0.0,0.0,0.0,9.0,221.0,0,0.0,0.17,0.18,none,0,0.0,0.0,1.0,0.3695652173913043,0.0,0.0,0.0,0.018
0.0,98.0,98.0,9.0,446.0,0,0.0,0.94,0.18,none,0,196.0,4.117647058823529,1.0,1.7769376181474479,0.0,0.0,0.0,0.018
0.0,0.0,0.0,9.0,352.0,0,0.0,0.19,0.17,none,0,0.0,0.0,1.0,0.3732809430255402,0.0,0.0,0.0,0.017
0.0,0.0,0.0,9.0,337.0,0,0.0,0.0,0.17,none,0,0.0,0.0,1.0,0.0,0.0,0.0,0.0,0.017
0.0,0.0,0.0,9.0,332.0,0,0.0,0.0,0.17,none,0,0.0,0.0,1.0,0.0,0.0,0.0,0.0,0.017
0.0,0.0,0.0,9.0,282.0,0,0.0,0.18,0.15,none,0,0.0,0.0,1.0,0.5454545454545455,0.0,0.0,0.0,0.015
0.0,0.0,0.0,9.0,198.0,0,0.0,0.18,0.15,none,0,0.0,0.0,1.0,0.7228915662650601,0.0,0.0,0.0,0.015
0.0,0.0,0.0,9.0,306.0,0,0.0,0.78,0.15,none,0,0.0,0.0,1.0,2.932330827067669,0.0,0.0,0.0,0.015
0.0,98.0,98.0,9.0,161.0,0,0.0,0.25,0.15,none,0,196.0,5.0,1.0,0.8591065292096219,0.0,0.0,0.0,0.015
0.0,0.0,0.0,9.0,205.0,0,0.0,0.25,0.15,none,0,0.0,0.0,1.0,0.8503401360544219,0.0,0.0,0.0,0.015
0.0,0.0,0.0,9.0,76.0,0,0.0,0.0,0.14,none,0,0.0,0.0,1.0,0.0,0.0,0.0,0.0,0.014000000000000002
0.0,0.0,0.0,9.0,195.0,0,0.0,0.25,0.14,none,0,0.0,0.0,1.0,1.2019230769230769,0.0,0.0,0.0,0.014000000000000002
0.0,0.0,0.0,9.0,277.0,0,0.0,0.76,0.14,none,0,0.0,0.0,1.0,2.8679245283018866,0.0,0.0,0.0,0.014000000000000002
0.0,0.0,0.0,9.0,141.0,0,0.0,0.5,0.14,none,0,0.0,0.0,1.0,1.5873015873015872,0.0,0.0,0.0,0.014000000000000002
0.0,0.0,0.0,9.0,122.0,0,0.0,0.25,0.13,none,0,0.0,0.0,1.0,0.7352941176470589,0.0,0.0,0.0,0.013000000000000001
0.0,0.0,0.0,9.0,240.0,0,0.0,0.0,0.13,none,0,0.0,0.0,1.0,0.0,0.0,0.0,0.0,0.013000000000000001
0.0,0.0,0.0,9.0,159.0,0,0.0,0.21,0.13,none,0,0.0,0.0,1.0,0.6461538461538461,0.0,0.0,0.0,0.013000000000000001
0.0,98.0,98.0,9.0,539.0,0,0.0,4.66,0.13,none,0,196.0,5.0,1.0,6.535764375876578,0.0,0.0,0.0,0.013000000000000001
0.0,0.0,0.0,9.0,299.0,0,0.0,3.06,0.13,none,0,0.0,0.0,1.0,3.078470824949698,0.0,0.0,0.0,0.013000000000000001
0.0,0.0,0.0,9.0,76.0,0,0.0,0.0,0.12,none,0,0.0,0.0,1.0,0.0,0.0,0.0,0.0,0.012
0.0,0.0,0.0,9.0,139.0,0,0.0,0.23,0.12,none,0,0.0,0.0,1.0,0.23185483870967744,0.0,0.0,0.0,0.012
0.0,0.0,0.0,8.0,194.0,0,0.0,0.76,0.12,none,0,0.0,0.0,0.898876404494382,0.7286673058485139,0.0,0.0,0.0,0.013333333333333332
0.0,42.0,42.0,9.0,417.0,0,0.0,0.72,0.11,none,0,84.0,3.0,1.0112359550561798,0.6929740134744946,0.0,0.0,0.0,0.011
0.0,0.0,0.0,9.0,231.0,0,0.0,0.0,0.11,none,0,0.0,0.0,1.0112359550561798,0.0,0.0,0.0,0.0,0.011
0.0,98.0,98.0,9.0,459.0,0,0.0,1.26,0.11,none,0,196.0,4.117647058823529,1.0112359550561798,1.1559633027522935,0.0,0.0,0.0,0.011
0.0,0.0,0.0,9.0,118.0,0,0.0,0.0,0.1,none,0,0.0,0.0,1.0112359550561798,0.0,0.0,0.0,0.0,0.01
0.0,0.0,0.0,9.0,161.0,0,0.0,0.0,0.1,none,0,0.0,0.0,1.0112359550561798,0.0,0.0,0.0,0.0,0.01
0.0,0.0,0.0,9.0,101.0,0,0.0,0.24,0.1,none,0,0.0,0.0,1.0112359550561798,0.3827751196172249,0.0,0.0,0.0,0.01
0.0,42.0,42.0,9.0,276.0,0,0.0,0.78,0.1,none,0,84.0,2.307692307692308,1.0112359550561798,1.9548872180451127,0.0,0.0,0.0,0.01
0.0,0.0,0.0,9.0,93.0,0,0.0,0.0,0.1,none,0,0.0,0.0,1.0112359550561798,0.0,0.0,0.0,0.0,0.01
0.0,0.0,0.0,9.0,323.0,0,0.0,0.25,0.09,none,0,0.0,0.0,1.0112359550561798,0.6234413965087282,0.0,0.0,0.0,0.009
0.0,0.0,0.0,9.0,78.0,0,0.0,0.0,0.09,none,0,0.0,0.0,1.0,0.0,0.0,0.0,0.0,0.009
0.0,0.0,0.0,9.0,203.0,0,0.0,0.5,0.09,none,0,0.0,0.0,1.0,1.65016501650165,0.0,0.0,0.0,0.009
0.0,98.0,98.0,9.0,443.0,0,0.0,4.13,0.09,none,0,196.0,4.117647058823529,1.0,5.768156424581005,0.0,0.0,0.0,0.009
0.0,0.0,0.0,9.0,77.0,0,0.0,0.0,0.09,none,0,0.0,0.0,1.0,0.0,0.0,0.0,0.0,0.009
0.0,0.0,0.0,9.0,273.0,0,0.0,0.24,0.08,none,0,0.0,0.0,1.0,0.39087947882736146,0.0,0.0,0.0,0.008
0.0,0.0,0.0,9.0,126.0,0,0.0,0.0,0.08,none,0,0.0,0.0,1.0,0.0,0.0,0.0,0.0,0.008
0.0,0.0,0.0,9.0,196.0,0,0.0,0.25,0.08,none,0,0.0,0.0,1.0,0.4065040650406504,0.0,0.0,0.0,0.008
0.0,0.0,0.0,9.0,294.0,0,0.0,3.01,0.08,none,0,0.0,0.0,1.0,3.5918854415274466,0.0,0.0,0.0,0.008
0.0,0.0,0.0,9.0,87.0,0,0.0,0.25,0.08,none,0,0.0,0.0,1.0,0.2896871378910777,0.0,0.0,0.0,0.008
0.0,0.0,0.0,9.0,603.0,0,0.0,0.25,0.08,none,0,0.0,0.0,1.0,0.2896871378910777,0.0,0.0,0.0,0.008
0.0,0.0,0.0,9.0,150.0,0,0.0,0.0,0.08,none,0,0.0,0.0,1.0,0.0,0.0,0.0,0.0,0.008
0.0,0.0,0.0,9.0,176.0,0,0.0,0.25,0.08,none,0,0.0,0.0,1.0,0.2983293556085919,0.0,0.0,0.0,0.008
0.0,98.0,98.0,9.0,492.0,0,0.0,4.03,0.08,none,0,196.0,10.0,1.0,4.867149758454106,0.0,0.0,0.0,0.008
0.0,0.0,0.0,9.0,184.0,0,0.0,0.0,0.07,none,0,0.0,0.0,1.0,0.0,0.0,0.0,0.0,0.007000000000000001
0.0,0.0,0.0,9.0,245.0,0,0.0,0.25,0.07,none,0,0.0,0.0,1.0,0.3015681544028951,0.0,0.0,0.0,0.007000000000000001
0.0,0.0,0.0,9.0,155.0,0,0.0,0.0,0.07,none,0,0.0,0.0,1.0,0.0,0.0,0.0,0.0,0.007000000000000001
0.0,0.0,0.0,9.0,213.0,0,0.0,0.25,0.07,none,0,0.0,0.0,1.0,0.3015681544028951,0.0,0.0,0.0,0.007000000000000001
0.0,42.0,42.0,9.0,246.0,0,0.0,1.79,0.07,none,0,84.0,3.0,1.0,2.5318246110325315,0.0,0.0,0.0,0.007000000000000001
0.0,0.0,0.0,9.0,130.0,0,0.0,1.0,0.06,none,0,0.0,0.0,1.0,1.278772378516624,0.0,0.0,0.0,0.006
0.0,0.0,0.0,9.0,429.0,0,0.0,0.0,0.06,none,0,0.0,0.0,1.0,0.0,0.0,0.0,0.0,0.006
0.0,0.0,0.0,9.0,95.0,0,0.0,0.24,0.06,none,0,0.0,0.0,1.0,0.3072983354673495,0.0,0.0,0.0,0.006
0.0,98.0,98.0,9.0,344.0,0,0.0,0.0,0.06,none,0,196.0,4.117647058823529,1.0,0.0,0.0,0.0,0.0,0.006
0.0,0.0,0.0,9.0,316.0,0,0.0,2.17,0.06,none,0,0.0,0.0,1.0,3.8070175438596485,0.0,0.0,0.0,0.006
0.0,0.0,0.0,9.0,139.0,0,0.0,0.18,0.06,none,0,0.0,0.0,1.0,0.30612244897959184,0.0,0.0,0.0,0.006
0.0,0.0,0.0,9.0,192.0,0,0.0,0.0,0.06,none,0,0.0,0.0,1.0,0.0,0.0,0.0,0.0,0.006
0.0,0.0,0.0,9.0,357.0,0,0.0,0.22,0.05,none,0,0.0,0.0,1.0,0.376068376068376,0.0,0.0,0.0,0.005
0.0,0.0,0.0,9.0,315.0,0,0.0,0.1,0.05,none,0,0.0,0.0,1.0,0.17543859649122806,0.0,0.0,0.0,0.005
0.0,98.0,98.0,9.0,595.0,0,0.0,0.13,0.13,none,0,196.0,5.0,1.0,0.3217821782178218,0.0,0.0,0.0,0.013000000000000001
0.0,0.0,0.0,9.0,225.0,0,0.0,0.14,0.13,none,0,0.0,0.0,1.0,0.44025157232704404,0.0,0.0,0.0,0.013000000000000001
0.0,42.0,42.0,9.0,478.0,0,0.0,0.12,0.2,none,0,84.0,1.7647058823529411,1.0,0.3636363636363636,0.0,0.0,0.0,0.02
0.0,0.0,0.0,13.0,186.0,1,0.0,0.5,0.45,none,0,0.0,0.0,1.3829787234042552,1.4044943820224718,0.0,0.0,0.07142857142857142,0.03214285714285715
0.0,928.0,928.0,13.0,281.0,1,0.0,3.02,0.45,none,0,1856.0,8.689138576779026,1.3265306122448979,4.589665653495441,0.0,0.0,0.07142857142857142,0.03214285714285715
0.0,1012.0,1012.0,13.0,479.0,1,0.0,3.38,0.45,none,0,2024.0,4.865384615384615,1.2745098039215688,4.338896020539152,0.0,0.0,0.07142857142857142,0.03214285714285715
0.0,928.0,928.0,13.0,327.0,1,0.0,2.31,0.45,none,0,1856.0,3.085106382978723,1.2264150943396226,2.328629032258064,0.0,0.0,0.07142857142857142,0.03214285714285715
0.0,928.0,928.0,13.0,367.0,1,0.0,1.28,0.42,none,0,1856.0,2.357723577235772,1.1818181818181819,1.1428571428571428,0.0,0.0,0.07142857142857142,0.03
0.0,0.0,0.0,13.0,150.0,1,0.0,0.25,0.42,none,0,0.0,0.0,1.1403508771929824,0.2226179875333927,0.0,0.0,0.07142857142857142,0.03
0.0,928.0,928.0,13.0,276.0,1,0.0,0.77,0.42,none,0,1856.0,1.9078947368421053,1.1016949152542372,0.6470588235294118,0.0,0.0,0.07142857142857142,0.03
0.0,1026.0,1026.0,13.0,618.0,1,0.0,4.56,0.42,none,0,2052.0,1.7714088397790053,1.0655737704918034,2.7924066135946113,0.0,0.0,0.07142857142857142,0.03
0.0,928.0,928.0,13.0,296.0,1,0.0,2.05,0.42,none,0,1856.0,1.380952380952381,1.0317460317460319,1.1239035087719298,0.0,0.0,0.07142857142857142,0.03
0.0,0.0,0.0,13.0,92.0,1,0.0,0.25,0.38,none,0,0.0,0.0,1.0,0.1360914534567229,0.0,0.0,0.07142857142857142,0.027142857142857142
0.0,928.0,928.0,13.0,233.0,1,0.0,1.04,0.38,none,0,1856.0,1.2200894031028136,1.0,0.5499735589635114,0.0,0.0,0.07142857142857142,0.027142857142857142
0.0,928.0,928.0,13.0,275.0,1,0.0,2.69,0.38,none,0,1856.0,1.2200894031028136,1.0,1.4477933261571583,0.0,0.0,0.07142857142857142,0.027142857142857142
0.0,928.0,928.0,13.0,539.0,1,0.0,5.64,0.38,none,0,1856.0,1.2337144376495612,1.0,2.7063339731285985,0.0,0.0,0.07142857142857142,0.027142857142857142
0.0,0.0,0.0,13.0,188.0,1,0.0,0.5,0.38,none,0,0.0,0.0,1.0,0.2627430373095113,0.0,0.0,0.07142857142857142,0.027142857142857142
0.0,928.0,928.0,13.0,413.0,1,0.0,1.3,0.35,none,0,1856.0,1.4073400060661208,1.0,0.6824146981627297,0.0,0.0,0.07142857142857142,0.024999999999999998
0.0,928.0,928.0,13.0,297.0,1,0.0,2.54,0.35,none,0,1856.0,1.2337144376495612,1.0,1.190253045923149,0.0,0.0,0.07142857142857142,0.024999999999999998
0.0,928.0,928.0,13.0,325.0,1,0.0,2.54,0.35,none,0,1856.0,1.2337144376495612,1.0,1.0990913024664648,0.0,0.0,0.07142857142857142,0.024999999999999998
0.0,1026.0,1026.0,13.0,640.0,1,0.0,5.19,0.35,none,0,2052.0,1.363998936453071,1.0,2.1861836562763273,0.0,0.0,0.07142857142857142,0.024999999999999998
0.0,928.0,928.0,13.0,212.0,1,0.0,0.26,0.35,none,0,1856.0,1.2337144376495612,1.0,0.11845102505694761,0.0,0.0,0.07142857142857142,0.024999999999999998
0.0,928.0,928.0,13.0,184.0,1,0.0,0.52,0.32,none,0,1856.0,1.0982248520710058,1.0,0.234023402340234,0.0,0.0,0.07142857142857142,0.022857142857142857
0.0,0.0,0.0,13.0,200.0,1,0.0,0.51,0.32,none,0,0.0,0.0,1.0,0.23513139695712315,0.0,0.0,0.07142857142857142,0.022857142857142857
0.0,928.0,928.0,13.0,198.0,1,0.0,2.03,0.32,none,0,1856.0,1.2337144376495612,1.0,0.96528768426058,0.0,0.0,0.07142857142857142,0.022857142857142857
0.0,928.0,928.0,13.0,545.0,1,0.0,3.66,0.32,none,0,1856.0,1.2337144376495612,1.0,1.9212598425196852,0.0,0.0,0.07142857142857142,0.022857142857142857
0.0,928.0,928.0,13.0,378.0,1,0.0,3.57,0.32,none,0,1856.0,1.0982248520710058,1.0,1.6139240506329111,0.0,0.0,0.07142857142857142,0.022857142857142857
0.0,0.0,0.0,13.0,82.0,1,0.0,0.49,0.46,none,0,0.0,0.0,1.0,0.2299389957766307,0.0,0.0,0.07142857142857142,0.032857142857142856
0.0,928.0,928.0,13.0,276.0,1,0.0,0.52,0.46,none,0,1856.0,1.2337144376495612,1.0,0.2695697252462416,0.0,0.0,0.07142857142857142,0.032857142857142856
0.0,928.0,928.0,13.0,215.0,1,0.0,0.51,0.46,none,0,1856.0,1.2337144376495612,1.0,0.29548088064889916,0.0,0.0,0.07142857142857142,0.032857142857142856
0.0,1026.0,1026.0,13.0,553.0,1,0.0,7.03,0.46,none,0,2052.0,1.363998936453071,1.0,3.6806282722513086,0.0,0.0,0.07142857142857142,0.032857142857142856
0.0,928.0,928.0,13.0,349.0,1,0.0,0.26,0.58,none,0,1856.0,1.2337144376495612,1.0,0.1361256544502618,0.0,0.0,0.07142857142857142,0.041428571428571426
0.0,0.0,0.0,13.0,117.0,1,0.0,0.25,0.58,none,0,0.0,0.0,1.0,0.13276686139139673,0.0,0.0,0.07142857142857142,0.041428571428571426
0.0,928.0,928.0,13.0,250.0,1,0.0,2.05,0.58,none,0,1856.0,1.2337144376495612,1.0,1.0063819342169857,0.0,0.0,0.07142857142857142,0.041428571428571426
0.0,928.0,928.0,13.0,266.0,1,0.0,2.43,0.58,none,0,1856.0,1.2337144376495612,1.0,1.1699566682715457,0.0,0.0,0.07142857142857142,0.041428571428571426
0.0,970.0,970.0,13.0,564.0,1,0.0,5.85,0.58,none,0,1940.0,1.2823902696985723,1.0,2.5479094076655047,0.0,0.0,0.07142857142857142,0.041428571428571426
0.0,0.0,0.0,13.0,116.0,1,0.0,0.0,0.53,none,0,0.0,0.0,1.0,0.0,0.0,0.0,0.07142857142857142,0.03785714285714286
0.0,928.0,928.0,13.0,342.0,1,0.0,3.83,0.53,none,0,1856.0,1.2268640930724484,1.0,1.6849978002639683,0.0,0.0,0.07142857142857142,0.03785714285714286
0.0,928.0,928.0,13.0,187.0,1,0.0,2.26,0.53,none,0,1856.0,1.2268640930724484,1.0,0.9235798937474458,0.0,0.0,0.07142857142857142,0.03785714285714286
0.0,0.0,0.0,13.0,260.0,1,0.0,1.61,0.53,none,0,0.0,0.0,1.0,0.6296441141963238,0.0,0.0,0.07142857142857142,0.03785714285714286
0.0,1026.0,1026.0,13.0,602.0,1,0.0,6.32,0.53,none,0,2052.0,1.546112115732369,1.0,2.54223652453741,0.0,0.0,0.07142857142857142,0.03785714285714286
0.0,928.0,928.0,13.0,312.0,1,0.0,0.73,0.49,none,0,1856.0,1.398432790837854,1.0,0.2881958152388472,0.0,0.0,0.07142857142857142,0.034999999999999996
0.0,928.0,928.0,13.0,393.0,1,0.0,0.63,0.49,none,0,1856.0,1.2268640930724484,1.0,0.24504084014002334,0.0,0.0,0.07142857142857142,0.034999999999999996
0.0,928.0,928.0,13.0,376.0,1,0.0,3.54,0.49,none,0,1856.0,1.2268640930724484,1.0,1.3014705882352942,0.0,0.0,0.07142857142857142,0.034999999999999996
0.0,928.0,928.0,13.0,489.0,1,0.0,3.94,0.49,none,0,1856.0,1.2268640930724484,1.0,1.3723441309648206,0.0,0.0,0.07142857142857142,0.034999999999999996
0.0,928.0,928.0,13.0,332.0,1,0.0,1.67,0.53,none,0,1856.0,1.2337144376495612,1.0,0.6807990216061965,0.0,0.0,0.07142857142857142,0.03785714285714286
0.0,0.0,0.0,12.0,142.0,1,0.0,0.0,0.53,none,0,0.0,0.0,0.9302325581395349,0.0,0.0,0.0,0.07692307692307693,0.04076923076923077
0.0,928.0,928.0,13.0,244.0,1,0.0,3.98,0.53,none,0,1856.0,1.2337144376495612,1.0077519379844961,1.6126418152350082,0.0,0.0,0.07142857142857142,0.03785714285714286
0.0,1026.0,1026.0,13.0,495.0,1,0.0,1.64,0.53,none,0,2052.0,1.3464566929133859,1.0077519379844961,0.6816292601828761,0.0,0.0,0.07142857142857142,0.03785714285714286
0.0,928.0,928.0,13.0,368.0,1,0.0,2.68,0.49,none,0,1856.0,1.085634066448292,1.0077519379844961,1.0664544369279747,0.0,0.0,0.07142857142857142,0.034999999999999996
0.0,928.0,928.0,13.0,355.0,1,0.0,1.02,0.49,none,0,1856.0,1.0982248520710058,1.0077519379844961,0.5143721633888049,0.0,0.0,0.07142857142857142,0.034999999999999996
0.0,928.0,928.0,13.0,331.0,1,0.0,3.23,0.49,none,0,1856.0,1.0982248520710058,1.0077519379844961,1.446484549932826,0.0,0.0,0.07142857142857142,0.034999999999999996
0.0,0.0,0.0,13.0,219.0,1,0.0,0.22,0.49,none,0,0.0,0.0,1.0077519379844961,0.10036496350364965,0.0,0.0,0.07142857142857142,0.034999999999999996
0.0,970.0,970.0,13.0,839.0,1,0.0,2.14,0.49,none,0,1940.0,1.2823902696985723,1.0077519379844961,1.0428849902534114,0.0,0.0,0.07142857142857142,0.034999999999999996
0.0,928.0,928.0,13.0,458.0,1,0.0,0.67,0.45,none,0,1856.0,1.2268640930724484,1.0077519379844961,0.3884057971014493,0.0,0.0,0.07142857142857142,0.03214285714285715
0.0,928.0,928.0,13.0,189.0,1,0.0,0.51,0.45,none,0,1856.0,1.2268640930724484,1.0077519379844961,0.3169670602858919,0.0,0.0,0.07142857142857142,0.03214285714285715
0.0,928.0,928.0,13.0,275.0,1,0.0,0.0,0.45,none,0,1856.0,1.0927932171455488,1.0,0.0,0.0,0.0,0.07142857142857142,0.03214285714285715
0.0,1026.0,1026.0,13.0,518.0,1,0.0,1.33,0.45,none,0,2052.0,1.1944121071012805,1.0,0.9895833333333334,0.0,0.0,0.07142857142857142,0.03214285714285715
0.0,0.0,0.0,13.0,66.0,1,0.0,0.24,0.41,none,0,0.0,0.0,1.0,0.19933554817275745,0.0,0.0,0.07142857142857142,0.029285714285714283
0.0,0.0,0.0,13.0,52.0,1,0.0,0.0,0.41,none,0,0.0,0.0,1.0,0.0,0.0,0.0,0.07142857142857142,0.029285714285714283
0.0,928.0,928.0,13.0,337.0,1,0.0,1.56,0.41,none,0,1856.0,1.398432790837854,1.0,1.575757575757576,0.0,0.0,0.07142857142857142,0.029285714285714283
0.0,928.0,928.0,13.0,244.0,1,0.0,0.78,0.41,none,0,1856.0,1.398432790837854,1.0,1.046979865771812,0.0,0.0,0.07142857142857142,0.029285714285714283
0.0,970.0,970.0,13.0,658.0,1,0.0,5.66,0.41,none,0,1940.0,1.2753089666053115,1.0,4.39100077579519,0.0,0.0,0.07142857142857142,0.029285714285714283
0.0,0.0,0.0,13.0,183.0,1,0.0,0.25,0.38,none,0,0.0,0.0,1.0,0.22727272727272727,0.0,0.0,0.07142857142857142,0.027142857142857142
0.0,928.0,928.0,13.0,286.0,1,0.0,2.57,0.38,none,0,1856.0,1.398432790837854,1.0,1.9922480620155036,0.0,0.0,0.07142857142857142,0.027142857142857142
0.0,928.0,928.0,13.0,292.0,1,0.0,3.8,0.38,none,0,1856.0,1.398432790837854,1.0,2.3471278567016673,0.0,0.0,0.07142857142857142,0.027142857142857142
0.0,1026.0,928.0,13.0,411.0,1,0.0,4.11,0.38,none,0,1954.0,1.4614809274495137,1.0,2.0246305418719213,0.0,0.0,0.07142857142857142,0.027142857142857142
0.0,0.0,98.0,13.0,166.0,1,0.0,0.75,0.35,none,0,98.0,0.08584442887175894,1.0,0.3803245436105477,0.0,0.0,0.07142857142857142,0.024999999999999998
0.0,928.0,928.0,13.0,491.0,1,0.0,5.12,0.35,none,0,1856.0,1.398432790837854,1.0,2.0813008130081303,0.0,0.0,0.07142857142857142,0.024999999999999998
0.0,928.0,928.0,13.0,258.0,1,0.0,0.78,0.35,none,0,1856.0,1.2268640930724484,1.0,0.3073286052009457,0.0,0.0,0.07142857142857142,0.024999999999999998
0.0,928.0,928.0,13.0,484.0,1,0.0,4.92,0.35,none,0,1856.0,1.2268640930724484,1.0,1.7118997912317326,0.0,0.0,0.07142857142857142,0.024999999999999998
0.0,0.0,0.0,13.0,78.0,1,0.0,0.24,0.35,none,0,0.0,0.0,1.0,0.0851063829787234,0.0,0.0,0.07142857142857142,0.024999999999999998
0.0,928.0,928.0,13.0,373.0,1,0.0,4.53,0.32,none,0,1856.0,1.4073400060661208,1.0,1.6734392316217217,0.0,0.0,0.07142857142857142,0.022857142857142857
0.0,928.0,928.0,13.0,489.0,1,0.0,2.89,0.32,none,0,1856.0,1.2337144376495612,1.0,0.9727364523729384,0.0,0.0,0.07142857142857142,0.022857142857142857
0.0,824.0,824.0,13.0,119.0,2,0.0,0.5,0.32,none,0,1648.0,1.1108115394985172,1.0,0.1808972503617945,0.0,0.0,0.14285714285714285,0.022857142857142857
0.0,104.0,104.0,13.0,168.0,1,0.0,0.77,0.32,none,0,208.0,0.15771913861085837,1.0,0.312880942706217,0.0,0.0,0.07142857142857142,0.022857142857142857
0.0,928.0,928.0,13.0,216.0,1,0.0,0.51,0.32,none,0,1856.0,1.4178762414056532,1.0,0.2427415516420752,0.0,0.0,0.07142857142857142,0.022857142857142857
0.0,1026.0,1026.0,13.0,354.0,1,0.0,2.1,0.3,none,0,2052.0,1.363998936453071,1.0,0.9391771019677998,0.0,0.0,0.07142857142857142,0.02142857142857143
0.0,0.0,0.0,13.0,351.0,1,0.0,2.58,0.3,none,0,0.0,0.0,1.0,1.301715438950555,0.0,0.0,0.07142857142857142,0.02142857142857143
0.0,928.0,928.0,13.0,312.0,1,0.0,0.52,0.3,none,0,1856.0,1.4073400060661208,1.0,0.2658486707566462,0.0,0.0,0.07142857142857142,0.02142857142857143
0.0,928.0,928.0,13.0,167.0,1,0.0,0.25,0.3,none,0,1856.0,1.4073400060661208,1.0,0.16789791806581597,0.0,0.0,0.07142857142857142,0.02142857142857143
0.0,0.0,0.0,13.0,136.0,1,0.0,0.0,0.3,none,0,0.0,0.0,1.0,0.0,0.0,0.0,0.07142857142857142,0.02142857142857143
0.0,0.0,0.0,13.0,128.0,1,0.0,0.0,0.27,none,0,0.0,0.0,1.0,0.0,0.0,0.0,0.07142857142857142,0.019285714285714288
0.0,928.0,928.0,13.0,312.0,1,0.0,1.59,0.27,none,0,1856.0,1.6378397458524532,1.0,1.8027210884353742,0.0,0.0,0.07142857142857142,0.019285714285714288
0.0,0.0,0.0,13.0,220.0,1,0.0,0.5,0.27,none,0,0.0,0.0,1.0,0.5668934240362812,0.0,0.0,0.07142857142857142,0.019285714285714288
0.0,928.0,928.0,13.0,394.0,1,0.0,0.78,0.27,none,0,1856.0,1.6378397458524532,1.0,0.8833522083805208,0.0,0.0,0.07142857142857142,0.019285714285714288
0.0,928.0,928.0,13.0,326.0,1,0.0,2.81,0.27,none,0,1856.0,1.6378397458524532,1.0,2.52470799640611,0.0,0.0,0.07142857142857142,0.019285714285714288
0.0,98.0,98.0,13.0,370.0,1,0.0,1.86,0.25,none,0,196.0,0.20683832840861122,1.0,1.7079889807162536,0.0,0.0,0.07142857142857142,0.017857142857142856
0.0,928.0,928.0,13.0,548.0,1,0.0,1.64,0.25,none,0,1856.0,1.6378397458524532,1.0,1.6482412060301508,0.0,0.0,0.07142857142857142,0.017857142857142856
0.0,928.0,928.0,13.0,381.0,1,0.0,1.52,0.25,none,0,1856.0,1.6378397458524532,1.0,1.3881278538812782,0.0,0.0,0.07142857142857142,0.017857142857142856
0.0,928.0,928.0,13.0,312.0,1,0.0,0.52,0.25,none,0,1856.0,1.6378397458524532,1.0,0.46345811051693403,0.0,0.0,0.07142857142857142,0.017857142857142856
0.0,970.0,970.0,13.0,310.0,1,0.0,1.79,0.23,none,0,1940.0,1.4617239300783604,1.0,1.3758647194465794,0.0,0.0,0.07142857142857142,0.016428571428571428
0.0,0.0,0.0,13.0,186.0,1,0.0,1.5,0.23,none,0,0.0,0.0,1.0,1.0337698139214335,0.0,0.0,0.07142857142857142,0.016428571428571428
0.0,928.0,928.0,13.0,479.0,1,0.0,2.87,0.23,none,0,1856.0,1.398432790837854,1.0,1.81760607979734,0.0,0.0,0.07142857142857142,0.016428571428571428
0.0,928.0,928.0,13.0,230.0,1,0.0,0.78,0.23,none,0,1856.0,1.2268640930724484,1.0,0.4853764779091475,0.0,0.0,0.07142857142857142,0.016428571428571428
0.0,1026.0,1026.0,13.0,436.0,1,0.0,3.83,0.21,none,0,2052.0,1.3390759592795614,1.0,2.0031380753138075,0.0,0.0,0.07142857142857142,0.015
0.0,928.0,928.0,13.0,140.0,1,0.0,0.52,0.21,none,0,1856.0,1.2111720177499348,1.0,0.308972073677956,0.0,0.0,0.07142857142857142,0.015
0.0,0.0,0.0,13.0,135.0,1,0.0,0.48,0.21,none,0,0.0,0.0,1.0,0.31067961165048547,0.0,0.0,0.07142857142857142,0.015
0.0,772.0,772.0,13.0,185.0,2,0.0,0.25,0.21,none,0,1544.0,1.0421166306695464,1.0,0.17780938833570414,0.0,0.0,0.14285714285714285,0.015
0.0,156.0,156.0,13.0,428.0,1,0.0,3.66,0.21,none,0,312.0,0.23508137432188064,1.0,2.2592592592592595,0.0,0.0,0.07142857142857142,0.015
0.0,970.0,970.0,13.0,361.0,1,0.0,2.33,0.19,none,0,1940.0,1.4525306978137167,1.0,1.2937257079400333,0.0,0.0,0.07142857142857142,0.013571428571428571
0.0,928.0,928.0,13.0,344.0,1,0.0,2.81,0.19,none,0,1856.0,1.398432790837854,1.0,1.4766158696794536,0.0,0.0,0.07142857142857142,0.013571428571428571
0.0,928.0,928.0,13.0,270.0,1,0.0,0.0,0.19,none,0,1856.0,1.2268640930724484,1.0,0.0,0.0,0.0,0.07142857142857142,0.013571428571428571
0.0,0.0,0.0,13.0,241.0,1,0.0,1.52,0.19,none,0,0.0,0.0,1.0,0.9394313967861558,0.0,0.0,0.07142857142857142,0.013571428571428571
0.0,928.0,928.0,13.0,287.0,1,0.0,1.79,0.19,none,0,1856.0,1.398432790837854,1.0,1.0413030831879,0.0,0.0,0.07142857142857142,0.013571428571428571
0.0,1026.0,1026.0,13.0,434.0,1,0.0,2.13,0.18,none,0,2052.0,1.546112115732369,1.0,1.3750806972240155,0.0,0.0,0.07142857142857142,0.012857142857142857
0.0,928.0,928.0,13.0,211.0,1,0.0,1.28,0.18,none,0,1856.0,1.398432790837854,1.0,0.7876923076923077,0.0,0.0,0.07142857142857142,0.012857142857142857
0.0,0.0,0.0,13.0,111.0,1,0.0,0.0,0.18,none,0,0.0,0.0,1.0,0.0,0.0,0.0,0.07142857142857142,0.012857142857142857
0.0,928.0,928.0,13.0,443.0,1,0.0,3.86,0.18,none,0,1856.0,1.3663133097762072,1.0,1.9917440660474717,0.0,0.0,0.07142857142857142,0.012857142857142857
0.0,928.0,928.0,13.0,308.0,1,0.0,4.15,0.18,none,0,1856.0,1.2268640930724484,1.0,2.088575742325114,0.0,0.0,0.07142857142857142,0.012857142857142857
0.0,0.0,0.0,13.0,232.0,1,0.0,1.47,0.16,none,0,0.0,0.0,1.0,0.773277222514466,0.0,0.0,0.07142857142857142,0.011428571428571429
0.0,928.0,928.0,13.0,217.0,1,0.0,0.77,0.16,none,0,1856.0,1.4073400060661208,1.0,0.4537418974661167,0.0,0.0,0.07142857142857142,0.011428571428571429
0.0,928.0,928.0,13.0,218.0,1,0.0,1.05,0.16,none,0,1856.0,1.4073400060661208,1.0,0.5826859045504994,0.0,0.0,0.07142857142857142,0.011428571428571429
0.0,928.0,928.0,13.0,521.0,1,0.0,3.66,0.16,none,0,1856.0,1.2337144376495612,1.0,1.8154761904761905,0.0,0.0,0.07142857142857142,0.011428571428571429
0.0,0.0,0.0,13.0,77.0,1,0.0,0.25,0.16,none,0,0.0,0.0,1.0,0.13426423200859292,0.0,0.0,0.07142857142857142,0.011428571428571429
0.0,928.0,928.0,13.0,167.0,1,0.0,0.26,0.23,none,0,1856.0,1.4285714285714286,1.0,0.15522388059701492,0.0,0.0,0.07142857142857142,0.016428571428571428
0.0,1026.0,1026.0,13.0,338.0,1,0.0,2.62,0.23,none,0,2052.0,1.5559599636032757,1.0,1.4483139856274185,0.0,0.0,0.07142857142857142,0.016428571428571428
0.0,928.0,928.0,13.0,299.0,1,0.0,3.53,0.23,none,0,1856.0,1.2337144376495612,1.0,1.6327474560592043,0.0,0.0,0.07142857142857142,0.016428571428571428
0.0,928.0,928.0,13.0,541.0,1,0.0,4.43,0.23,none,0,1856.0,1.2337144376495612,1.0,1.996394772420009,0.0,0.0,0.07142857142857142,0.016428571428571428
0.0,0.0,0.0,13.0,252.0,1,0.0,0.75,0.23,none,0,0.0,0.0,1.0,0.3991484832357637,0.0,0.0,0.07142857142857142,0.016428571428571428
0.0,928.0,928.0,13.0,297.0,1,0.0,3.26,0.29,none,0,1856.0,1.2337144376495612,1.0,1.5840621963070942,0.0,0.0,0.07142857142857142,0.020714285714285713
0.0,970.0,970.0,13.0,215.0,1,0.0,1.78,0.29,none,0,1940.0,1.2823902696985723,1.0,0.824455766558592,0.0,0.0,0.07142857142857142,0.020714285714285713
0.0,928.0,928.0,13.0,235.0,1,0.0,1.04,0.29,none,0,1856.0,1.2268640930724484,1.0,0.48192771084337355,0.0,0.0,0.07142857142857142,0.020714285714285713
0.0,928.0,928.0,13.0,480.0,1,0.0,5.88,0.29,none,0,1856.0,1.2268640930724484,1.0,2.4705882352941178,0.0,0.0,0.07142857142857142,0.020714285714285713
0.0,172.0,172.0,13.0,149.0,2,0.0,0.25,0.35,none,0,344.0,0.22233712512926576,1.0,0.10504201680672269,0.0,0.0,0.14285714285714285,0.024999999999999998
0.0,756.0,756.0,13.0,270.0,1,0.0,1.26,0.35,none,0,1512.0,0.9994711792702274,1.0,0.5080645161290323,0.0,0.0,0.07142857142857142,0.024999999999999998
0.0,1026.0,1026.0,13.0,315.0,1,0.0,0.53,0.35,none,0,2052.0,1.3564251718667373,1.0,0.23337736679876708,0.0,0.0,0.07142857142857142,0.024999999999999998
0.0,0.0,0.0,13.0,143.0,1,0.0,0.25,0.35,none,0,0.0,0.0,1.0,0.12866700977869275,0.0,0.0,0.07142857142857142,0.024999999999999998
0.0,928.0,928.0,13.0,460.0,1,0.0,3.4,0.35,none,0,1856.0,1.398432790837854,1.0,1.8478260869565217,0.0,0.0,0.07142857142857142,0.024999999999999998
0.0,928.0,928.0,13.0,404.0,1,0.0,1.59,0.4,none,0,1856.0,1.2268640930724484,1.0,0.8264033264033265,0.0,0.0,0.07142857142857142,0.028571428571428574
0.0,928.0,928.0,13.0,306.0,1,0.0,3.03,0.4,none,0,1856.0,1.2268640930724484,1.0,1.5938979484481852,0.0,0.0,0.07142857142857142,0.028571428571428574
0.0,354.0,354.0,13.0,183.0,2,0.0,1.51,0.4,none,0,708.0,0.5094991364421416,1.0,0.8057630736392744,0.0,0.0,0.14285714285714285,0.028571428571428574
0.0,574.0,574.0,13.0,235.0,1,0.0,0.51,0.4,none,0,1148.0,0.8704883227176221,1.0,0.2800658978583196,0.0,0.0,0.07142857142857142,0.028571428571428574
0.0,928.0,928.0,13.0,337.0,1,0.0,3.76,0.4,none,0,1856.0,1.4073400060661208,1.0,2.336855189558732,0.0,0.0,0.07142857142857142,0.028571428571428574
0.0,928.0,928.0,13.0,448.0,1,0.0,3.4,0.37,none,0,1856.0,1.2625850340136053,1.0,1.767151767151767,0.0,0.0,0.07142857142857142,0.02642857142857143
0.0,928.0,928.0,13.0,142.0,1,0.0,1.78,0.37,none,0,1856.0,1.2337144376495612,1.0,0.9008097165991904,0.0,0.0,0.07142857142857142,0.02642857142857143
0.0,98.0,98.0,13.0,398.0,1,0.0,2.99,0.37,none,0,196.0,0.14861995753715498,1.0,1.3456345634563458,0.0,0.0,0.07142857142857142,0.02642857142857143
0.0,2784.0,2784.0,13.0,716.0,1,0.0,1.49,0.74,none,0,5568.0,2.9686500319897635,1.0,0.6351236146632567,0.0,0.0,0.07142857142857142,0.05285714285714286
0.0,928.0,928.0,13.0,216.0,1,0.0,1.13,0.74,none,0,1856.0,0.9895500106632544,1.0,0.5332704105710241,0.0,0.0,0.07142857142857142,0.05285714285714286
0.0,42.0,42.0,13.0,236.0,1,0.0,0.25,0.74,none,0,84.0,0.049458313707018364,1.0,0.12594458438287154,0.0,0.0,0.07142857142857142,0.05285714285714286
0.0,928.0,928.0,13.0,272.0,1,0.0,1.68,0.74,none,0,1856.0,1.0927932171455488,1.0,0.908108108108108,0.0,0.0,0.07142857142857142,0.05285714285714286
0.0,928.0,928.0,13.0,391.0,1,0.0,1.94,0.74,none,0,1856.0,1.0236046768144715,1.0,1.0248283148441626,0.0,0.0,0.07142857142857142,0.05285714285714286
0.0,928.0,928.0,13.0,3530.0,1,0.0,5.02,0.76,none,0,1856.0,0.9851380042462845,1.0,2.1416382252559725,0.0,0.0,0.07142857142857142,0.054285714285714284
0.0,1026.0,1026.0,13.0,619.0,1,0.0,2.81,0.76,none,0,2052.0,1.077957554108006,1.0,1.2494441974210762,0.0,0.0,0.07142857142857142,0.054285714285714284
0.0,928.0,928.0,13.0,211.0,1,0.0,0.78,0.76,none,0,1856.0,0.9749947467955453,1.0,0.3925515853044792,0.0,0.0,0.07142857142857142,0.054285714285714284
0.0,928.0,928.0,13.0,455.0,1,0.0,3.32,0.76,none,0,1856.0,0.9749947467955453,1.0,1.5506772536198037,0.0,0.0,0.07142857142857142,0.054285714285714284
0.0,928.0,928.0,13.0,464.0,1,0.0,2.9,0.7,none,0,1856.0,0.8967916505604948,1.0,1.3602251407129458,0.0,0.0,0.07142857142857142,0.049999999999999996
0.0,928.0,928.0,13.0,331.0,1,0.0,2.81,0.7,none,0,1856.0,1.0927932171455488,1.0,1.2411660777385158,0.0,0.0,0.07142857142857142,0.049999999999999996
0.0,970.0,970.0,13.0,292.0,1,0.0,2.77,0.7,none,0,1940.0,1.136629950785095,1.0,1.140856672158155,0.0,0.0,0.07142857142857142,0.049999999999999996
0.0,0.0,0.0,13.0,296.0,1,0.0,0.86,0.7,none,0,0.0,0.0,1.0,0.3455202892728003,0.0,0.0,0.07142857142857142,0.049999999999999996
0.0,928.0,928.0,13.0,425.0,1,0.0,0.78,0.64,none,0,1856.0,1.0927932171455488,1.0,0.3251354731137974,0.0,0.0,0.07142857142857142,0.045714285714285714
0.0,928.0,928.0,13.0,452.0,1,0.0,4.68,0.64,none,0,1856.0,1.0927932171455488,1.0,1.7508417508417506,0.0,0.0,0.07142857142857142,0.045714285714285714
0.0,928.0,928.0,13.0,355.0,1,0.0,1.54,0.64,none,0,1856.0,1.0927932171455488,1.0,0.6623655913978495,0.0,0.0,0.07142857142857142,0.045714285714285714
0.0,1026.0,1026.0,13.0,379.0,1,0.0,3.62,0.64,none,0,2052.0,1.2081959491285916,1.0,1.5045719035743974,0.0,0.0,0.07142857142857142,0.045714285714285714
0.0,0.0,0.0,13.0,355.0,1,0.0,1.3,0.64,none,0,0.0,0.0,1.0,0.5288852725793328,0.0,0.0,0.07142857142857142,0.045714285714285714
0.0,928.0,928.0,13.0,515.0,1,0.0,3.6,0.59,none,0,1856.0,1.2268640930724484,1.0,1.4481094127111829,0.0,0.0,0.07142857142857142,0.04214285714285714
0.0,928.0,928.0,13.0,344.0,1,0.0,1.33,0.59,none,0,1856.0,1.2268640930724484,1.0,0.571060541004723,0.0,0.0,0.07142857142857142,0.04214285714285714
0.0,928.0,928.0,13.0,406.0,1,0.0,2.08,0.59,none,0,1856.0,1.2268640930724484,1.0,0.921985815602837,0.0,0.0,0.07142857142857142,0.04214285714285714
0.0,0.0,0.0,13.0,128.0,1,0.0,0.0,0.59,none,0,0.0,0.0,1.0,0.0,0.0,0.0,0.07142857142857142,0.04214285714285714
0.0,928.0,928.0,13.0,291.0,1,0.0,0.52,0.59,none,0,1856.0,1.2337144376495612,1.0,0.2673521850899743,0.0,0.0,0.07142857142857142,0.04214285714285714
0.0,928.0,928.0,13.0,297.0,1,0.0,0.78,0.54,none,0,1856.0,1.2337144376495612,1.0,0.40102827763496146,0.0,0.0,0.07142857142857142,0.038571428571428576
0.0,928.0,928.0,13.0,471.0,1,0.0,5.17,0.54,none,0,1856.0,1.2337144376495612,1.0,2.5927783350050153,0.0,0.0,0.07142857142857142,0.038571428571428576
0.0,1026.0,1026.0,13.0,311.0,1,0.0,1.3,0.54,none,0,2052.0,1.3464566929133859,1.0,0.6598984771573604,0.0,0.0,0.07142857142857142,0.038571428571428576
0.0,0.0,0.0,13.0,256.0,1,0.0,1.28,0.54,none,0,0.0,0.0,1.0,0.7373271889400922,0.0,0.0,0.07142857142857142,0.038571428571428576
0.0,928.0,928.0,13.0,312.0,1,0.0,3.77,0.54,none,0,1856.0,1.2337144376495612,1.0,1.9011598587997984,0.0,0.0,0.07142857142857142,0.038571428571428576
0.0,928.0,928.0,13.0,423.0,1,0.0,3.75,0.5,none,0,1856.0,1.2337144376495612,1.0,1.8768768768768769,0.0,0.0,0.07142857142857142,0.03571428571428571
0.0,928.0,928.0,13.0,480.0,1,0.0,3.88,0.5,none,0,1856.0,1.2337144376495612,1.0,1.7221482467820686,0.0,0.0,0.07142857142857142,0.03571428571428571
0.0,928.0,928.0,13.0,259.0,1,0.0,1.51,0.5,none,0,1856.0,1.2337144376495612,1.0,0.6876138433515482,0.0,0.0,0.07142857142857142,0.03571428571428571
0.0,928.0,928.0,13.0,200.0,1,0.0,0.65,0.5,none,0,1856.0,1.0982248520710058,1.0,0.2874834144183989,0.0,0.0,0.07142857142857142,0.03571428571428571
0.0,0.0,0.0,13.0,283.0,1,0.0,0.76,0.5,none,0,0.0,0.0,1.0,0.33260393873085337,0.0,0.0,0.07142857142857142,0.03571428571428571
0.0,928.0,928.0,13.0,376.0,1,0.0,1.23,0.54,none,0,1856.0,1.2337144376495612,1.0,0.5278969957081545,0.0,0.0,0.07142857142857142,0.038571428571428576
0.0,928.0,928.0,13.0,444.0,1,0.0,2.8,0.54,none,0,1856.0,1.2337144376495612,1.0,1.3377926421404682,0.0,0.0,0.07142857142857142,0.038571428571428576
0.0,1026.0,1026.0,13.0,409.0,1,0.0,1.58,0.54,none,0,2052.0,1.363998936453071,1.0,0.744931636020745,0.0,0.0,0.07142857142857142,0.038571428571428576
0.0,928.0,928.0,12.0,327.0,1,0.0,1.94,0.54,none,0,1856.0,1.0982248520710058,0.9302325581395349,0.8870598994055783,0.0,0.0,0.07692307692307693,0.04153846153846154
0.0,1856.0,1856.0,13.0,534.0,1,0.0,2.18,0.5,none,0,3712.0,1.9791000213265089,1.0077519379844961,1.0749506903353059,0.0,0.0,0.07142857142857142,0.03571428571428571
0.0,0.0,0.0,13.0,400.0,1,0.0,2.56,0.5,none,0,0.0,0.0,1.0077519379844961,1.3410162388685176,0.0,0.0,0.07142857142857142,0.03571428571428571
0.0,1012.0,1012.0,13.0,363.0,1,0.0,2.09,0.5,none,0,2024.0,1.1858448558706352,1.0077519379844961,1.2080924855491328,0.0,0.0,0.07142857142857142,0.03571428571428571
0.0,928.0,928.0,13.0,239.0,1,0.0,1.74,0.5,none,0,1856.0,1.0874150456995548,1.0077519379844961,0.9925841414717627,0.0,0.0,0.07142857142857142,0.03571428571428571
0.0,928.0,928.0,13.0,368.0,1,0.0,3.69,0.62,none,0,1856.0,1.0874150456995548,1.0077519379844961,1.7938745746232378,0.0,0.0,0.07142857142857142,0.04428571428571428
0.0,928.0,928.0,13.0,370.0,1,0.0,2.65,0.62,none,0,1856.0,0.9807651659268654,1.0077519379844961,1.1798753339269812,0.0,0.0,0.07142857142857142,0.04428571428571428
0.0,1954.0,1954.0,13.0,554.0,1,0.0,1.5,0.62,none,0,3908.0,1.863081617086194,1.0077519379844961,0.6599208095028596,0.0,0.0,0.07142857142857142,0.04428571428571428
0.0,0.0,0.0,13.0,354.0,1,0.0,1.9,0.62,none,0,0.0,0.0,1.0077519379844961,0.8703618873110399,0.0,0.0,0.07142857142857142,0.04428571428571428
0.0,1856.0,1856.0,13.0,672.0,1,0.0,1.5,0.57,none,0,3712.0,1.7863330125120307,1.0077519379844961,0.6896551724137931,0.0,0.0,0.07142857142857142,0.04071428571428571
0.0,824.0,824.0,13.0,326.0,1,0.0,2.19,0.57,none,0,1648.0,0.8010888586428155,1.0,0.9954545454545454,0.0,0.0,0.07142857142857142,0.04071428571428571
0.0,104.0,104.0,13.0,329.0,1,0.0,1.14,0.57,none,0,208.0,0.12186547925943286,1.0,0.5438931297709925,0.0,0.0,0.07142857142857142,0.04071428571428571
0.0,928.0,928.0,13.0,320.0,1,0.0,1.54,0.57,none,0,1856.0,0.9807651659268654,1.0,0.7723169508525576,0.0,0.0,0.07142857142857142,0.04071428571428571
0.0,928.0,928.0,13.0,349.0,1,0.0,0.64,0.52,none,0,1856.0,0.9895500106632544,1.0,0.3461330448891292,0.0,0.0,0.07142857142857142,0.037142857142857144
0.0,928.0,928.0,13.0,295.0,1,0.0,1.03,0.52,none,0,1856.0,0.9895500106632544,1.0,0.579302587176603,0.0,0.0,0.07142857142857142,0.037142857142857144
0.0,0.0,0.0,13.0,307.0,1,0.0,0.47,0.52,none,0,0.0,0.0,1.0,0.32280219780219777,0.0,0.0,0.07142857142857142,0.037142857142857144
0.0,1954.0,1954.0,13.0,751.0,1,0.0,4.05,0.52,none,0,3908.0,2.0620514985225835,1.0,2.5375939849624056,0.0,0.0,0.07142857142857142,0.037142857142857144
0.0,928.0,928.0,13.0,165.0,1,0.0,0.52,0.56,none,0,1856.0,1.0982248520710058,1.0,0.3471295060080107,0.0,0.0,0.07142857142857142,0.04
0.0,0.0,0.0,13.0,265.0,1,0.0,0.13,0.56,none,0,0.0,0.0,1.0,0.0984102952308857,0.0,0.0,0.07142857142857142,0.04
0.0,928.0,928.0,13.0,335.0,1,0.0,2.6,0.56,none,0,1856.0,1.2337144376495612,1.0,1.8169112508735152,0.0,0.0,0.07142857142857142,0.04
0.0,928.0,928.0,13.0,356.0,1,0.0,1.18,0.56,none,0,1856.0,1.2168895882507211,1.0,0.8872180451127819,0.0,0.0,0.07142857142857142,0.04
0.0,928.0,928.0,13.0,377.0,1,0.0,3.35,0.52,none,0,1856.0,1.0982248520710058,1.0,2.159896840747905,0.0,0.0,0.07142857142857142,0.037142857142857144
0.0,928.0,928.0,13.0,365.0,1,0.0,0.82,0.52,none,0,1856.0,1.0982248520710058,1.0,0.5544286680189316,0.0,0.0,0.07142857142857142,0.037142857142857144
0.0,928.0,928.0,13.0,412.0,1,0.0,2.47,0.52,none,0,1856.0,1.0982248520710058,1.0,1.4861612515042117,0.0,0.0,0.07142857142857142,0.037142857142857144
0.0,98.0,98.0,13.0,455.0,1,0.0,3.66,0.52,none,0,196.0,0.12860892388451445,1.0,1.9012987012987013,0.0,0.0,0.07142857142857142,0.037142857142857144
0.0,928.0,928.0,13.0,286.0,1,0.0,1.0,0.52,none,0,1856.0,1.085634066448292,1.0,0.505561172901921,0.0,0.0,0.07142857142857142,0.037142857142857144
0.0,928.0,928.0,13.0,449.0,1,0.0,0.51,0.47,none,0,1856.0,1.2337144376495612,1.0,0.3140394088669951,0.0,0.0,0.07142857142857142,0.03357142857142857
0.0,928.0,928.0,13.0,374.0,1,0.0,0.58,0.47,none,0,1856.0,1.2337144376495612,1.0,0.35582822085889565,0.0,0.0,0.07142857142857142,0.03357142857142857
0.0,970.0,970.0,13.0,412.0,1,0.0,2.99,0.47,none,0,1940.0,1.1422515308525671,1.0,1.560542797494781,0.0,0.0,0.07142857142857142,0.03357142857142857
0.0,928.0,928.0,13.0,288.0,1,0.0,1.26,0.44,none,0,1856.0,1.0927932171455488,1.0,0.7070707070707071,0.0,0.0,0.07142857142857142,0.03142857142857143
0.0,928.0,928.0,13.0,356.0,1,0.0,1.24,0.44,none,0,1856.0,1.0927932171455488,1.0,0.6935123042505593,0.0,0.0,0.07142857142857142,0.03142857142857143
0.0,928.0,928.0,13.0,262.0,1,0.0,2.54,0.44,none,0,1856.0,1.0927932171455488,1.0,1.487990626830697,0.0,0.0,0.07142857142857142,0.03142857142857143
0.0,98.0,98.0,13.0,334.0,1,0.0,1.3,0.44,none,0,196.0,0.12790394152962672,1.0,0.7407407407407407,0.0,0.0,0.07142857142857142,0.03142857142857143
0.0,928.0,928.0,13.0,646.0,1,0.0,6.22,0.44,none,0,1856.0,1.2111720177499348,1.0,2.92018779342723,0.0,0.0,0.07142857142857142,0.03142857142857143
0.0,928.0,928.0,12.0,504.0,1,0.0,1.25,0.4,none,0,1856.0,1.0927932171455488,0.9302325581395349,0.6617257808364214,0.0,0.0,0.07692307692307693,0.03076923076923077
0.0,928.0,928.0,12.0,428.0,1,0.0,0.53,0.4,none,0,1856.0,1.0927932171455488,0.9375,0.28773072747014117,0.0,0.0,0.07692307692307693,0.03076923076923077
0.0,970.0,970.0,12.0,457.0,1,0.0,1.84,0.4,none,0,1940.0,1.136629950785095,0.9448818897637796,0.9316455696202531,0.0,0.0,0.07692307692307693,0.03076923076923077
0.0,1856.0,1856.0,13.0,340.0,1,0.0,1.61,0.37,none,0,3712.0,1.9615303318537307,1.0236220472440944,0.7747834456207892,0.0,0.0,0.07142857142857142,0.02642857142857143
0.0,0.0,0.0,13.0,297.0,1,0.0,0.24,0.37,none,0,0.0,0.0,1.0236220472440944,0.13311148086522465,0.0,0.0,0.07142857142857142,0.02642857142857143
0.0,928.0,928.0,13.0,346.0,1,0.0,1.51,0.37,none,0,1856.0,1.0927932171455488,1.0236220472440944,0.8260393873085339,0.0,0.0,0.07142857142857142,0.02642857142857143
0.0,0.0,0.0,13.0,314.0,1,0.0,0.12,0.37,none,0,0.0,0.0,1.0236220472440944,0.06993006993006994,0.0,0.0,0.07142857142857142,0.02642857142857143
0.0,1026.0,1026.0,13.0,375.0,1,0.0,3.66,0.58,none,0,2052.0,1.3390759592795614,1.0236220472440944,2.00218818380744,0.0,0.0,0.07142857142857142,0.041428571428571426
0.0,928.0,928.0,13.0,420.0,1,0.0,1.59,0.58,none,0,1856.0,1.0927932171455488,1.0236220472440944,0.8562197092084007,0.0,0.0,0.07142857142857142,0.041428571428571426
0.0,928.0,928.0,13.0,538.0,1,0.0,1.56,0.58,none,0,1856.0,1.0927932171455488,1.0236220472440944,1.1214953271028039,0.0,0.0,0.07142857142857142,0.041428571428571426
0.0,0.0,0.0,13.0,188.0,1,0.0,0.37,0.53,none,0,0.0,0.0,1.015625,0.283960092095165,0.0,0.0,0.07142857142857142,0.03785714285714286
0.0,928.0,928.0,13.0,370.0,1,0.0,2.88,0.53,none,0,1856.0,1.2268640930724484,1.0077519379844961,1.8725617685305591,0.0,0.0,0.07142857142857142,0.03785714285714286
0.0,928.0,928.0,13.0,358.0,1,0.0,2.54,0.53,none,0,1856.0,1.2337144376495612,1.0,1.5796019900497513,0.0,0.0,0.07142857142857142,0.03785714285714286
0.0,0.0,0.0,13.0,176.0,1,0.0,0.0,0.53,none,0,0.0,0.0,1.0,0.0,0.0,0.0,0.07142857142857142,0.03785714285714286
0.0,928.0,928.0,12.0,719.0,1,0.0,4.15,0.57,none,0,1856.0,1.4073400060661208,0.9302325581395349,2.257889009793254,0.0,0.0,0.07692307692307693,0.04384615384615384
0.0,1026.0,1026.0,13.0,427.0,1,0.0,3.14,0.57,none,0,2052.0,1.5331739390316794,1.0077519379844961,1.5692153923038479,0.0,0.0,0.07142857142857142,0.04071428571428571
0.0,928.0,928.0,13.0,272.0,1,0.0,0.77,0.57,none,0,1856.0,1.2178477690288714,1.0077519379844961,0.37270087124879,0.0,0.0,0.07142857142857142,0.04071428571428571
0.0,928.0,928.0,13.0,326.0,1,0.0,1.3,0.57,none,0,1856.0,1.2337144376495612,1.0077519379844961,0.7103825136612022,0.0,0.0,0.07142857142857142,0.04071428571428571
0.0,928.0,928.0,13.0,528.0,1,0.0,2.24,0.57,none,0,1856.0,1.2337144376495612,1.0077519379844961,1.1820580474934037,0.0,0.0,0.07142857142857142,0.04071428571428571
0.0,928.0,928.0,13.0,211.0,1,0.0,2.03,0.52,none,0,1856.0,1.2337144376495612,1.0077519379844961,1.0453141091658085,0.0,0.0,0.07142857142857142,0.037142857142857144
0.0,970.0,970.0,13.0,456.0,1,0.0,0.29,0.52,none,0,1940.0,1.1422515308525671,1.0077519379844961,0.1499482936918304,0.0,0.0,0.07142857142857142,0.037142857142857144
0.0,928.0,928.0,13.0,329.0,1,0.0,0.79,0.52,none,0,1856.0,1.0927932171455488,1.0077519379844961,0.45797101449275357,0.0,0.0,0.07142857142857142,0.037142857142857144
0.0,928.0,928.0,13.0,390.0,1,0.0,3.42,0.52,none,0,1856.0,1.0927932171455488,1.0077519379844961,1.8863761720904577,0.0,0.0,0.07142857142857142,0.037142857142857144
0.0,928.0,928.0,13.0,625.0,1,0.0,3.11,0.48,none,0,1856.0,0.9851380042462845,1.0077519379844961,1.4642184557438795,0.0,0.0,0.07142857142857142,0.03428571428571429
0.0,98.0,98.0,13.0,405.0,1,0.0,2.04,0.48,none,0,196.0,0.1140861466821886,1.0,1.0663878724516465,0.0,0.0,0.07142857142857142,0.03428571428571429
0.0,928.0,928.0,13.0,322.0,1,0.0,2.65,0.48,none,0,1856.0,1.0927932171455488,1.0,1.4216738197424892,0.0,0.0,0.07142857142857142,0.03428571428571429
0.0,928.0,928.0,13.0,312.0,1,0.0,1.0,0.48,none,0,1856.0,1.0927932171455488,1.0,0.5299417064122947,0.0,0.0,0.07142857142857142,0.03428571428571429
0.0,928.0,928.0,13.0,478.0,1,0.0,0.99,0.44,none,0,1856.0,1.0927932171455488,1.0,0.5334051724137931,0.0,0.0,0.07142857142857142,0.03142857142857143
0.0,928.0,928.0,13.0,360.0,1,0.0,2.16,0.44,none,0,1856.0,1.0927932171455488,1.0,1.1688311688311688,0.0,0.0,0.07142857142857142,0.03142857142857143
0.0,928.0,928.0,13.0,315.0,1,0.0,0.65,0.44,none,0,1856.0,1.0927932171455488,1.0,0.38011695906432746,0.0,0.0,0.07142857142857142,0.03142857142857143
0.0,928.0,928.0,13.0,367.0,1,0.0,2.0,0.44,none,0,1856.0,1.0982248520710058,1.0,1.0632642211589578,0.0,0.0,0.07142857142857142,0.03142857142857143
0.0,928.0,928.0,13.0,509.0,1,0.0,4.91,0.41,none,0,1856.0,1.0982248520710058,1.0,2.1412996075010904,0.0,0.0,0.07142857142857142,0.029285714285714283
0.0,1026.0,1026.0,13.0,364.0,1,0.0,1.74,0.41,none,0,2052.0,1.2002807674309781,1.0,0.8188235294117647,0.0,0.0,0.07142857142857142,0.029285714285714283
0.0,928.0,928.0,13.0,373.0,1,0.0,3.06,0.41,none,0,1856.0,1.085634066448292,1.0,1.4433962264150944,0.0,0.0,0.07142857142857142,0.029285714285714283
0.0,928.0,928.0,13.0,308.0,1,0.0,2.23,0.41,none,0,1856.0,0.9895500106632544,1.0,1.042543244506779,0.0,0.0,0.07142857142857142,0.029285714285714283
0.0,928.0,928.0,12.0,269.0,1,0.0,0.5,0.41,none,0,1856.0,0.9895500106632544,0.9302325581395349,0.2598752598752599,0.0,0.0,0.07692307692307693,0.031538461538461536
0.0,0.0,0.0,13.0,297.0,1,0.0,1.37,0.46,none,0,0.0,0.0,1.0077519379844961,0.6986231514533402,0.0,0.0,0.07142857142857142,0.032857142857142856
0.0,970.0,970.0,13.0,371.0,1,0.0,1.53,0.46,none,0,1940.0,1.1422515308525671,1.0077519379844961,0.7593052109181141,0.0,0.0,0.07142857142857142,0.032857142857142856
0.0,928.0,928.0,13.0,357.0,1,0.0,2.56,0.46,none,0,1856.0,1.0927932171455488,1.0077519379844961,1.245742092457421,0.0,0.0,0.07142857142857142,0.032857142857142856
0.0,928.0,928.0,13.0,313.0,1,0.0,3.39,0.46,none,0,1856.0,1.0927932171455488,1.0077519379844961,1.4555603263203094,0.0,0.0,0.07142857142857142,0.032857142857142856
0.0,928.0,928.0,13.0,382.0,1,0.0,2.6,0.42,none,0,1856.0,1.0927932171455488,1.0077519379844961,1.088321473419841,0.0,0.0,0.07142857142857142,0.03
0.0,1026.0,1026.0,13.0,461.0,1,0.0,3.25,0.42,none,0,2052.0,1.1944121071012805,1.0077519379844961,1.461988304093567,0.0,0.0,0.07142857142857142,0.03
0.0,0.0,0.0,13.0,132.0,1,0.0,0.2,0.42,none,0,0.0,0.0,1.0077519379844961,0.09666505558240697,0.0,0.0,0.07142857142857142,0.03
0.0,928.0,928.0,13.0,358.0,1,0.0,0.7,0.42,none,0,1856.0,1.2268640930724484,1.0077519379844961,0.38188761593016907,0.0,0.0,0.07142857142857142,0.03
0.0,928.0,928.0,13.0,368.0,1,0.0,1.3,0.42,none,0,1856.0,1.2268640930724484,1.0077519379844961,0.7471264367816092,0.0,0.0,0.07142857142857142,0.03
0.0,970.0,970.0,13.0,535.0,1,0.0,4.6,0.47,none,0,1940.0,1.2753089666053115,1.0,2.13953488372093,0.0,0.0,0.07142857142857142,0.03357142857142857
0.0,928.0,928.0,13.0,275.0,1,0.0,0.6,0.47,none,0,1856.0,1.0874150456995548,1.0,0.2894356005788712,0.0,0.0,0.07142857142857142,0.03357142857142857
0.0,928.0,928.0,13.0,292.0,1,0.0,2.33,0.47,none,0,1856.0,1.0927932171455488,1.0,1.0822108685555043,0.0,0.0,0.07142857142857142,0.03357142857142857
0.0,928.0,928.0,13.0,465.0,1,0.0,3.33,0.47,none,0,1856.0,1.0927932171455488,1.0,1.493273542600897,0.0,0.0,0.07142857142857142,0.03357142857142857
0.0,928.0,928.0,13.0,579.0,1,0.0,3.69,0.51,none,0,1856.0,1.0927932171455488,1.0,1.6327433628318582,0.0,0.0,0.07142857142857142,0.03642857142857143
0.0,1026.0,1026.0,13.0,363.0,1,0.0,2.05,0.51,none,0,2052.0,1.1944121071012805,1.0,0.9297052154195012,0.0,0.0,0.07142857142857142,0.03642857142857143
0.0,0.0,0.0,13.0,297.0,1,0.0,0.48,0.51,none,0,0.0,0.0,1.0,0.24896265560165978,0.0,0.0,0.07142857142857142,0.03642857142857143
0.0,1856.0,1856.0,13.0,450.0,1,0.0,1.42,0.47,none,0,3712.0,1.970276008492569,1.0,0.6926829268292684,0.0,0.0,0.07142857142857142,0.03357142857142857
0.0,928.0,928.0,13.0,262.0,1,0.0,0.94,0.47,none,0,1856.0,0.9851380042462845,1.0,0.4532304725168756,0.0,0.0,0.07142857142857142,0.03357142857142857
0.0,0.0,0.0,13.0,276.0,1,0.0,0.24,0.47,none,0,0.0,0.0,1.0,0.12195121951219512,0.0,0.0,0.07142857142857142,0.03357142857142857
0.0,928.0,928.0,13.0,462.0,1,0.0,2.88,0.47,none,0,1856.0,1.0982248520710058,1.0,1.6035634743875278,0.0,0.0,0.07142857142857142,0.03357142857142857
0.0,1856.0,1856.0,13.0,442.0,1,0.0,1.44,0.43,none,0,3712.0,1.9791000213265089,1.0,0.7659574468085105,0.0,0.0,0.07142857142857142,0.030714285714285715
0.0,98.0,98.0,13.0,483.0,1,0.0,3.16,0.43,none,0,196.0,0.11464670098268602,1.0,1.6097809475292917,0.0,0.0,0.07142857142857142,0.030714285714285715
0.0,928.0,928.0,13.0,313.0,1,0.0,2.04,0.43,none,0,1856.0,1.085634066448292,1.0,1.1123227917121046,0.0,0.0,0.07142857142857142,0.030714285714285715
0.0,928.0,928.0,13.0,332.0,1,0.0,3.03,0.43,none,0,1856.0,1.085634066448292,1.0,1.7138009049773755,0.0,0.0,0.07142857142857142,0.030714285714285715
0.0,928.0,928.0,13.0,359.0,1,0.0,3.54,0.43,none,0,1856.0,1.0982248520710058,1.0,1.8466353677621286,0.0,0.0,0.07142857142857142,0.030714285714285715
0.0,0.0,0.0,9.0,176.0,0,0.0,0.0,0.03,none,0,0.0,0.0,0.7142857142857143,0.0,0.0,0.0,0.0,0.003
0.0,98.0,98.0,9.0,406.0,0,0.0,3.62,0.03,none,0,196.0,0.14644351464435146,0.7377049180327869,1.732886548587841,0.0,0.0,0.0,0.003
0.0,0.0,0.0,9.0,199.0,0,0.0,0.25,0.03,none,0,0.0,0.0,0.7627118644067796,0.12376237623762376,0.0,0.0,0.0,0.003
0.0,0.0,0.0,9.0,152.0,0,0.0,0.0,0.03,none,0,0.0,0.0,0.7894736842105263,0.0,0.0,0.0,0.0,0.003
0.0,0.0,0.0,9.0,128.0,0,0.0,0.25,0.03,none,0,0.0,0.0,0.8181818181818182,0.14425851125216388,0.0,0.0,0.0,0.003
0.0,0.0,0.0,9.0,98.0,0,0.0,0.0,0.03,none,0,0.0,0.0,0.8490566037735849,0.0,0.0,0.0,0.0,0.003
0.0,0.0,0.0,9.0,129.0,0,0.0,0.25,0.03,none,0,0.0,0.0,0.8823529411764707,0.19260400616332818,0.0,0.0,0.0,0.003
0.0,0.0,0.0,9.0,277.0,0,0.0,2.24,0.03,none,0,0.0,0.0,0.9183673469387754,1.6995447647951443,0.0,0.0,0.0,0.003
0.0,0.0,0.0,9.0,131.0,0,0.0,0.25,0.03,none,0,0.0,0.0,0.9574468085106382,0.24038461538461536,0.0,0.0,0.0,0.003
0.0,0.0,0.0,9.0,66.0,0,0.0,0.0,0.03,none,0,0.0,0.0,1.0,0.0,0.0,0.0,0.0,0.003
0.0,0.0,0.0,9.0,118.0,0,0.0,0.25,0.03,none,0,0.0,0.0,1.0,0.3516174402250351,0.0,0.0,0.0,0.003
0.0,98.0,98.0,9.0,385.0,0,0.0,1.33,0.03,none,0,196.0,10.0,1.0,2.759336099585062,0.0,0.0,0.0,0.003
0.0,0.0,0.0,9.0,75.0,0,0.0,0.0,0.03,none,0,0.0,0.0,1.0,0.0,0.0,0.0,0.0,0.003
0.0,0.0,0.0,9.0,253.0,0,0.0,2.53,0.03,none,0,0.0,0.0,1.0,3.5633802816901405,0.0,0.0,0.0,0.003
0.0,0.0,0.0,9.0,149.0,0,0.0,0.0,0.03,none,0,0.0,0.0,1.0,0.0,0.0,0.0,0.0,0.003
0.0,0.0,0.0,9.0,74.0,0,0.0,0.0,0.03,none,0,0.0,0.0,1.0,0.0,0.0,0.0,0.0,0.003
0.0,0.0,0.0,9.0,156.0,0,0.0,0.25,0.03,none,0,0.0,0.0,1.0,0.3649635036496351,0.0,0.0,0.0,0.003
0.0,0.0,0.0,9.0,85.0,0,0.0,0.0,0.03,none,0,0.0,0.0,1.0,0.0,0.0,0.0,0.0,0.003
0.0,0.0,0.0,9.0,110.0,0,0.0,0.0,0.03,none,0,0.0,0.0,1.0,0.0,0.0,0.0,0.0,0.003
0.0,0.0,0.0,9.0,382.0,0,0.0,0.26,0.1,none,0,0.0,0.0,1.0,0.5627705627705628,0.0,0.0,0.0,0.01
0.0,0.0,0.0,9.0,129.0,0,0.0,0.25,0.1,none,0,0.0,0.0,1.0,0.5411255411255411,0.0,0.0,0.0,0.01
0.0,0.0,0.0,9.0,143.0,0,0.0,0.0,0.1,none,0,0.0,1.0020040080160322,1.0,0.0,0.0,0.0,0.0,0.01
0.0,98.0,98.0,9.0,247.0,0,0.0,1.52,0.1,none,0,196.0,10.0,1.0,3.1600831600831603,0.0,0.0,0.0,0.01
0.0,0.0,0.0,9.0,140.0,0,0.0,0.0,0.1,none,0,0.0,0.0,1.0,0.0,0.0,0.0,0.0,0.01
0.0,0.0,0.0,9.0,74.0,0,0.0,0.25,0.1,none,0,0.0,0.0,1.0,0.9881422924901185,0.0,0.0,0.0,0.01
0.0,0.0,0.0,9.0,248.0,0,0.0,1.75,0.1,none,0,0.0,0.0,1.0,4.0887850467289715,0.0,0.0,0.0,0.01
0.0,0.0,0.0,9.0,172.0,0,0.0,0.0,0.1,none,0,0.0,0.0,1.0,0.0,0.0,0.0,0.0,0.01
0.0,42.0,42.0,9.0,44.0,0,0.0,0.25,0.1,none,0,84.0,3.0,1.0,0.5841121495327102,0.0,0.0,0.0,0.01
0.0,42.0,42.0,9.0,188.0,0,0.0,0.25,0.09,none,0,84.0,2.307692307692308,1.0,0.5518763796909492,0.0,0.0,0.0,0.009
0.0,0.0,0.0,9.0,146.0,0,0.0,0.5,0.09,none,0,0.0,0.0,1.0,1.0482180293501047,0.0,0.0,0.0,0.009
0.0,0.0,0.0,9.0,315.0,0,0.0,1.77,0.09,none,0,0.0,0.0,1.0,2.8139904610492845,0.0,0.0,0.0,0.009
0.0,0.0,0.0,9.0,122.0,0,0.0,0.0,0.09,none,0,0.0,0.0,1.0,0.0,0.0,0.0,0.0,0.009
0.0,98.0,98.0,9.0,235.0,0,0.0,0.0,0.09,none,0,196.0,5.384615384615385,1.0,0.0,0.0,0.0,0.0,0.009
0.0,0.0,0.0,9.0,127.0,0,0.0,0.24,0.08,none,0,0.0,0.0,1.0,0.47904191616766467,0.0,0.0,0.0,0.008
0.0,0.0,0.0,9.0,95.0,0,0.0,0.25,0.08,none,0,0.0,0.0,1.0,0.499001996007984,0.0,0.0,0.0,0.008
0.0,0.0,0.0,9.0,307.0,0,0.0,2.04,0.08,none,0,0.0,0.0,1.0,3.849056603773585,0.0,0.0,0.0,0.008
0.0,0.0,0.0,9.0,85.0,0,0.0,0.24,0.08,none,0,0.0,0.0,1.0,0.43321299638989164,0.0,0.0,0.0,0.008
0.0,0.0,0.0,9.0,162.0,0,0.0,0.0,0.08,none,0,0.0,0.0,1.0,0.0,0.0,0.0,0.0,0.008
0.0,0.0,0.0,9.0,255.0,0,0.0,0.25,0.07,none,0,0.0,0.0,1.0,0.47258979206049145,0.0,0.0,0.0,0.007000000000000001
0.0,0.0,0.0,9.0,92.0,0,0.0,0.0,0.07,none,0,0.0,0.0,1.0,0.0,0.0,0.0,0.0,0.007000000000000001
0.0,0.0,0.0,9.0,166.0,0,0.0,0.5,0.07,none,0,0.0,0.0,1.0,1.4204545454545454,0.0,0.0,0.0,0.007000000000000001
0.0,0.0,0.0,9.0,450.0,0,0.0,4.91,0.07,none,0,0.0,0.0,1.0,5.8244365361803085,0.0,0.0,0.0,0.007000000000000001
0.0,98.0,98.0,9.0,192.0,0,0.0,1.76,0.07,none,0,196.0,10.0,1.0,1.7271835132482825,0.0,0.0,0.0,0.007000000000000001
0.0,0.0,0.0,9.0,234.0,0,0.0,0.25,0.07,none,0,0.0,0.0,1.0,0.24509803921568626,0.0,0.0,0.0,0.007000000000000001
0.0,0.0,0.0,9.0,190.0,0,0.0,0.0,0.07,none,0,0.0,0.0,1.0,0.0,0.0,0.0,0.0,0.007000000000000001
0.0,0.0,0.0,9.0,142.0,0,0.0,0.25,0.07,none,0,0.0,0.0,1.0,0.3063725490196078,0.0,0.0,0.0,0.007000000000000001
0.0,0.0,0.0,9.0,356.0,0,0.0,2.3,0.07,none,0,0.0,0.0,1.0,2.250489236790607,0.0,0.0,0.0,0.007000000000000001
0.0,0.0,0.0,9.0,102.0,0,0.0,0.25,0.07,none,0,0.0,0.0,1.0,0.2387774594078319,0.0,0.0,0.0,0.007000000000000001
0.0,0.0,0.0,9.0,162.0,0,0.0,0.0,0.06,none,0,0.0,0.0,1.0,0.0,0.0,0.0,0.0,0.006
0.0,0.0,0.0,9.0,128.0,0,0.0,0.0,0.06,none,0,0.0,0.0,1.0,0.0,0.0,0.0,0.0,0.006
0.0,0.0,0.0,9.0,205.0,0,0.0,0.5,0.06,none,0,0.0,0.0,1.0,0.4892367906066537,0.0,0.0,0.0,0.006
0.0,0.0,0.0,9.0,253.0,0,0.0,2.05,0.06,none,0,0.0,0.0,1.0,2.7853260869565215,0.0,0.0,0.0,0.006
0.0,98.0,98.0,9.0,256.0,0,0.0,1.53,0.06,none,0,196.0,10.0,1.0,2.1458625525946706,0.0,0.0,0.0,0.006
0.0,0.0,0.0,9.0,181.0,0,0.0,0.0,0.06,none,0,0.0,0.0,1.0,0.0,0.0,0.0,0.0,0.006
0.0,0.0,0.0,9.0,83.0,0,0.0,0.25,0.06,none,0,0.0,0.0,1.0,0.3506311360448808,0.0,0.0,0.0,0.006
0.0,0.0,0.0,9.0,117.0,0,0.0,0.0,0.06,none,0,0.0,0.0,1.0,0.0,0.0,0.0,0.0,0.006
0.0,0.0,0.0,9.0,341.0,0,0.0,2.03,0.06,none,0,0.0,0.0,1.0,3.071104387291982,0.0,0.0,0.0,0.006
0.0,0.0,0.0,9.0,121.0,0,0.0,0.25,0.06,none,0,0.0,0.0,1.0,0.37821482602118006,0.0,0.0,0.0,0.006
0.0,0.0,0.0,9.0,159.0,0,0.0,0.25,0.05,none,0,0.0,0.0,1.0,0.3644314868804665,0.0,0.0,0.0,0.005
0.0,0.0,0.0,9.0,149.0,0,0.0,0.25,0.05,none,0,0.0,0.0,1.0,0.35161744022503516,0.0,0.0,0.0,0.005
0.0,0.0,0.0,9.0,97.0,0,0.0,0.23,0.05,none,0,0.0,0.0,1.0,0.33625730994152053,0.0,0.0,0.0,0.005
0.0,0.0,0.0,9.0,186.0,0,0.0,0.25,0.05,none,0,0.0,0.0,1.0,0.49603174603174605,0.0,0.0,0.0,0.005
0.0,98.0,98.0,9.0,423.0,0,0.0,2.54,0.05,none,0,196.0,10.0,1.0,4.198347107438018,0.0,0.0,0.0,0.005
0.0,0.0,0.0,9.0,194.0,0,0.0,0.41,0.05,none,0,0.0,0.0,1.0,0.6346749226006192,0.0,0.0,0.0,0.005
0.0,0.0,0.0,9.0,119.0,0,0.0,0.0,0.05,none,0,0.0,0.0,1.0,0.0,0.0,0.0,0.0,0.005
0.0,0.0,0.0,9.0,127.0,0,0.0,0.0,0.05,none,0,0.0,0.0,1.0,0.0,0.0,0.0,0.0,0.005
0.0,0.0,0.0,9.0,163.0,0,0.0,0.25,0.05,none,0,0.0,0.0,1.0,0.5643340857787811,0.0,0.0,0.0,0.005
0.0,42.0,42.0,9.0,290.0,0,0.0,1.32,0.04,none,0,84.0,3.0,1.0,2.4,0.0,0.0,0.0,0.004
0.0,0.0,0.0,9.0,167.0,0,0.0,0.24,0.04,none,0,0.0,0.0,1.0,0.4371584699453551,0.0,0.0,0.0,0.004
0.0,0.0,0.0,9.0,161.0,0,0.0,0.25,0.04,none,0,0.0,0.0,1.0,0.4553734061930783,0.0,0.0,0.0,0.004
0.0,0.0,0.0,9.0,277.0,0,0.0,2.23,0.04,none,0,0.0,0.0,1.0,2.9773030707610153,0.0,0.0,0.0,0.004
0.0,0.0,0.0,9.0,152.0,0,0.0,0.25,0.04,none,0,0.0,0.0,1.0,0.3337783711615488,0.0,0.0,0.0,0.004
0.0,98.0,98.0,9.0,370.0,0,0.0,3.32,0.28,none,0,196.0,7.0,1.0,4.014510278113664,0.0,0.0,0.0,0.028000000000000004
0.0,0.0,0.0,9.0,166.0,0,0.0,0.25,0.28,none,0,0.0,0.0,1.0,0.3082614056720099,0.0,0.0,0.0,0.028000000000000004
0.0,0.0,0.0,9.0,177.0,0,0.0,0.0,0.28,none,0,0.0,0.0,1.0,0.0,0.0,0.0,0.0,0.028000000000000004
0.0,0.0,0.0,9.0,88.0,0,0.0,0.25,0.28,none,0,0.0,0.0,1.0,0.29904306220095694,0.0,0.0,0.0,0.028000000000000004
0.0,0.0,0.0,9.0,292.0,0,0.0,0.0,0.28,none,0,0.0,0.0,1.0,0.0,0.0,0.0,0.0,0.028000000000000004
0.0,42.0,42.0,9.0,467.0,0,0.0,1.81,0.26,none,0,84.0,3.0,1.0,2.104651162790698,0.0,0.0,0.0,0.026000000000000002
0.0,0.0,0.0,9.0,101.0,0,0.0,0.25,0.26,none,0,0.0,0.0,1.0,0.29036004645760743,0.0,0.0,0.0,0.026000000000000002
0.0,0.0,0.0,9.0,161.0,0,0.0,0.0,0.26,none,0,0.0,0.0,1.0,0.0,0.0,0.0,0.0,0.026000000000000002
0.0,0.0,0.0,9.0,111.0,0,0.0,0.0,0.26,none,0,0.0,0.0,1.0,0.0,0.0,0.0,0.0,0.026000000000000002
0.0,0.0,0.0,9.0,159.0,0,0.0,0.0,0.24,none,0,0.0,0.0,1.0,0.0,0.0,0.0,0.0,0.024
0.0,98.0,98.0,9.0,514.0,0,0.0,3.87,0.24,none,0,196.0,7.0,1.0,6.018662519440125,0.0,0.0,0.0,0.024
0.0,0.0,0.0,9.0,112.0,0,0.0,0.0,0.24,none,0,0.0,0.0,1.0,0.0,0.0,0.0,0.0,0.024
0.0,0.0,0.0,9.0,137.0,0,0.0,0.0,0.24,none,0,0.0,0.0,1.0,0.0,0.0,0.0,0.0,0.024
0.0,0.0,0.0,9.0,64.0,0,0.0,0.25,0.24,none,0,0.0,0.0,1.0,0.4045307443365696,0.0,0.0,0.0,0.024
0.0,0.0,0.0,9.0,351.0,0,0.0,0.25,0.22,none,0,0.0,0.0,1.0,0.38880248833592534,0.0,0.0,0.0,0.022
0.0,0.0,0.0,9.0,3326.0,0,0.0,3.97,0.22,none,0,0.0,0.0,1.0,4.621653084982539,0.0,0.0,0.0,0.022
0.0,0.0,0.0,9.0,130.0,0,0.0,0.25,0.22,none,0,0.0,0.0,1.0,0.2910360884749709,0.0,0.0,0.0,0.022
0.0,0.0,0.0,9.0,155.0,0,0.0,0.0,0.22,none,0,0.0,0.0,1.0,0.0,0.0,0.0,0.0,0.022
0.0,0.0,0.0,9.0,115.0,0,0.0,0.25,0.22,none,0,0.0,0.0,1.0,0.2828054298642534,0.0,0.0,0.0,0.022
0.0,0.0,0.0,9.0,151.0,0,0.0,0.25,0.2,none,0,0.0,0.0,1.0,0.27502750275027504,0.0,0.0,0.0,0.02
0.0,98.0,98.0,9.0,459.0,0,0.0,2.33,0.2,none,0,196.0,10.0,1.0,3.086092715231788,0.0,0.0,0.0,0.02
0.0,0.0,0.0,9.0,59.0,0,0.0,0.0,0.2,none,0,0.0,0.0,1.0,0.0,0.0,0.0,0.0,0.02
0.0,0.0,0.0,9.0,134.0,0,0.0,0.25,0.2,none,0,0.0,0.0,1.0,0.3205128205128205,0.0,0.0,0.0,0.02
0.0,0.0,0.0,9.0,159.0,0,0.0,0.0,0.2,none,0,0.0,0.0,1.0,0.0,0.0,0.0,0.0,0.02
0.0,0.0,0.0,9.0,199.0,0,0.0,0.0,0.26,none,0,0.0,0.0,1.0,0.0,0.0,0.0,0.0,0.026000000000000002
0.0,0.0,0.0,9.0,373.0,0,0.0,1.53,0.26,none,0,0.0,0.0,1.0,3.148148148148148,0.0,0.0,0.0,0.026000000000000002
0.0,0.0,0.0,9.0,147.0,0,0.0,0.25,0.26,none,0,0.0,0.0,1.0,0.51440329218107,0.0,0.0,0.0,0.026000000000000002
0.0,0.0,0.0,9.0,174.0,0,0.0,0.0,0.26,none,0,0.0,0.0,1.0,0.0,0.0,0.0,0.0,0.026000000000000002
0.0,0.0,0.0,9.0,324.0,0,0.0,2.53,0.26,none,0,0.0,0.0,1.0,3.5434173669467786,0.0,0.0,0.0,0.026000000000000002
0.0,0.0,0.0,9.0,162.0,0,0.0,0.22,0.24,none,0,0.0,0.0,1.0,0.30942334739803096,0.0,0.0,0.0,0.024
0.0,98.0,98.0,9.0,534.0,0,0.0,3.87,0.24,none,0,196.0,10.0,1.0,4.473988439306359,0.0,0.0,0.0,0.024
0.0,0.0,0.0,9.0,137.0,0,0.0,0.0,0.24,none,0,0.0,0.0,1.0,0.0,0.0,0.0,0.0,0.024
0.0,0.0,0.0,9.0,207.0,0,0.0,0.23,0.24,none,0,0.0,0.0,1.0,0.2665121668597914,0.0,0.0,0.0,0.024
0.0,0.0,0.0,9.0,288.0,0,0.0,0.0,0.22,none,0,0.0,0.0,1.0,0.0,0.0,0.0,0.0,0.022
0.0,42.0,42.0,9.0,178.0,0,0.0,0.25,0.22,none,0,84.0,3.0,1.0,0.2815315315315315,0.0,0.0,0.0,0.022
0.0,0.0,0.0,9.0,286.0,0,0.0,0.73,0.22,none,0,0.0,0.0,1.0,0.9034653465346534,0.0,0.0,0.0,0.022
0.0,0.0,0.0,9.0,128.0,0,0.0,0.23,0.22,none,0,0.0,0.0,1.0,0.2853598014888337,0.0,0.0,0.0,0.022
0.0,0.0,0.0,9.0,116.0,0,0.0,0.0,0.22,none,0,0.0,0.0,1.0,0.0,0.0,0.0,0.0,0.022
0.0,0.0,0.0,9.0,180.0,0,0.0,0.25,0.21,none,0,0.0,0.0,1.0,0.4325259515570934,0.0,0.0,0.0,0.020999999999999998
0.0,0.0,0.0,9.0,128.0,0,0.0,0.0,0.21,none,0,0.0,0.0,1.0,0.0,0.0,0.0,0.0,0.020999999999999998
0.0,0.0,0.0,9.0,210.0,0,0.0,0.0,0.21,none,0,0.0,0.0,1.0,0.0,0.0,0.0,0.0,0.020999999999999998
0.0,98.0,98.0,9.0,374.0,0,0.0,0.53,0.21,none,0,196.0,7.0,1.0,2.387387387387388,0.0,0.0,0.0,0.020999999999999998
0.0,0.0,0.0,9.0,250.0,0,0.0,0.0,0.21,none,0,0.0,0.0,1.0,0.0,0.0,0.0,0.0,0.020999999999999998
0.0,0.0,0.0,9.0,162.0,0,0.0,0.25,0.19,none,0,0.0,0.0,1.0,1.1160714285714284,0.0,0.0,0.0,0.019
0.0,0.0,0.0,9.0,130.0,0,0.0,0.0,0.19,none,0,0.0,0.0,1.0,0.0,0.0,0.0,0.0,0.019
0.0,0.0,0.0,9.0,77.0,0,0.0,0.25,0.19,none,0,0.0,0.0,1.0,1.6556291390728477,0.0,0.0,0.0,0.019
0.0,42.0,42.0,9.0,304.0,0,0.0,0.51,0.19,none,0,84.0,3.0,1.0,2.8491620111731844,0.0,0.0,0.0,0.019
0.0,0.0,0.0,9.0,88.0,0,0.0,0.0,0.17,none,0,0.0,0.0,1.0,0.0,0.0,0.0,0.0,0.017
0.0,0.0,0.0,9.0,215.0,0,0.0,0.25,0.17,none,0,0.0,0.0,1.0,1.3966480446927374,0.0,0.0,0.0,0.017
0.0,0.0,0.0,9.0,81.0,0,0.0,0.0,0.17,none,0,0.0,0.0,1.0,0.0,0.0,0.0,0.0,0.017
0.0,0.0,0.0,9.0,80.0,0,0.0,0.0,0.17,none,0,0.0,0.0,1.0,0.0,0.0,0.0,0.0,0.017
0.0,98.0,98.0,9.0,409.0,0,0.0,2.35,0.17,none,0,196.0,7.0,1.0,6.509695290858725,0.0,0.0,0.0,0.017
0.0,0.0,0.0,9.0,96.0,0,0.0,0.25,0.16,none,0,0.0,0.0,1.0,0.6476683937823834,0.0,0.0,0.0,0.016
0.0,0.0,0.0,9.0,169.0,0,0.0,0.25,0.16,none,0,0.0,0.0,1.0,0.6476683937823834,0.0,0.0,0.0,0.016
0.0,0.0,0.0,9.0,155.0,0,0.0,0.0,0.16,none,0,0.0,0.0,1.0,0.0,0.0,0.0,0.0,0.016
0.0,0.0,0.0,9.0,119.0,0,0.0,0.25,0.16,none,0,0.0,0.0,1.0,0.6476683937823834,0.0,0.0,0.0,0.016
0.0,0.0,0.0,9.0,466.0,0,0.0,3.69,0.16,none,0,0.0,0.0,1.0,5.241477272727273,0.0,0.0,0.0,0.016
0.0,0.0,0.0,9.0,100.0,0,0.0,0.0,0.15,none,0,0.0,0.0,1.0,0.0,0.0,0.0,0.0,0.015
0.0,0.0,0.0,9.0,76.0,0,0.0,0.49,0.15,none,0,0.0,0.0,1.0,0.6730769230769231,0.0,0.0,0.0,0.015
0.0,0.0,0.0,9.0,149.0,0,0.0,0.0,0.15,none,0,0.0,0.0,1.0,0.0,0.0,0.0,0.0,0.015
0.0,0.0,0.0,9.0,68.0,0,0.0,0.25,0.15,none,0,0.0,0.0,1.0,0.3320053120849934,0.0,0.0,0.0,0.015
0.0,98.0,98.0,9.0,318.0,0,0.0,2.59,0.15,none,0,196.0,10.0,1.0,3.3333333333333335,0.0,0.0,0.0,0.015
0.0,0.0,0.0,9.0,208.0,0,0.0,0.25,0.13,none,0,0.0,0.0,1.0,0.3217503217503218,0.0,0.0,0.0,0.013000000000000001
0.0,0.0,0.0,9.0,164.0,0,0.0,0.25,0.13,none,0,0.0,0.0,1.0,0.3217503217503218,0.0,0.0,0.0,0.013000000000000001
0.0,0.0,0.0,9.0,173.0,0,0.0,0.0,0.13,none,0,0.0,0.0,1.0,0.0,0.0,0.0,0.0,0.013000000000000001
0.0,0.0,0.0,9.0,84.0,0,0.0,0.25,0.13,none,0,0.0,0.0,1.0,0.3217503217503218,0.0,0.0,0.0,0.013000000000000001
0.0,0.0,0.0,9.0,161.0,0,0.0,0.26,0.13,none,0,0.0,0.0,1.0,0.599078341013825,0.0,0.0,0.0,0.013000000000000001
0.0,0.0,0.0,9.0,150.0,0,0.0,0.0,0.12,none,0,0.0,0.0,1.0,0.0,0.0,0.0,0.0,0.012
0.0,0.0,0.0,9.0,90.0,0,0.0,0.48,0.12,none,0,0.0,0.0,1.0,1.1085450346420322,0.0,0.0,0.0,0.012
0.0,0.0,0.0,9.0,108.0,0,0.0,0.0,0.12,none,0,0.0,0.0,1.0,0.0,0.0,0.0,0.0,0.012
0.0,0.0,0.0,9.0,126.0,0,0.0,0.25,0.12,none,0,0.0,0.0,1.0,0.5773672055427251,0.0,0.0,0.0,0.012
0.0,98.0,98.0,9.0,404.0,0,0.0,0.66,0.11,none,0,196.0,10.0,1.0,2.7500000000000004,0.0,0.0,0.0,0.011
0.0,0.0,0.0,9.0,121.0,0,0.0,0.25,0.11,none,0,0.0,0.0,1.0,1.0416666666666667,0.0,0.0,0.0,0.011
0.0,0.0,0.0,9.0,183.0,0,0.0,0.5,0.11,none,0,0.0,0.0,1.0,1.8867924528301885,0.0,0.0,0.0,0.011
0.0,0.0,0.0,9.0,218.0,0,0.0,0.0,0.11,none,0,0.0,0.0,1.0,0.0,0.0,0.0,0.0,0.011
0.0,0.0,0.0,9.0,3032.0,0,0.0,5.45,0.11,none,0,0.0,0.0,1.0,6.9426751592356695,0.0,0.0,0.0,0.011
0.0,42.0,42.0,9.0,343.0,0,0.0,0.78,0.1,none,0,84.0,3.0,1.0,0.9318996415770608,0.0,0.0,0.0,0.01
0.0,0.0,0.0,9.0,177.0,0,0.0,0.25,0.1,none,0,0.0,0.0,1.0,0.29002320185614844,0.0,0.0,0.0,0.01
0.0,0.0,0.0,9.0,164.0,0,0.0,0.0,0.1,none,0,0.0,0.0,1.0,0.0,0.0,0.0,0.0,0.01
0.0,0.0,0.0,9.0,202.0,0,0.0,0.5,0.1,none,0,0.0,0.0,1.0,0.5787037037037036,0.0,0.0,0.0,0.01
0.0,0.0,0.0,9.0,117.0,0,0.0,0.0,0.1,none,0,0.0,0.0,1.0,0.0,0.0,0.0,0.0,0.01
0.0,98.0,98.0,9.0,392.0,0,0.0,0.71,0.18,none,0,196.0,7.0,1.0,0.8412322274881516,0.0,0.0,0.0,0.018
0.0,0.0,0.0,9.0,111.0,0,0.0,0.0,0.18,none,0,0.0,0.0,1.0,0.0,0.0,0.0,0.0,0.018
0.0,0.0,0.0,9.0,170.0,0,0.0,0.21,0.18,none,0,0.0,0.0,1.0,0.26582278481012656,0.0,0.0,0.0,0.018
0.0,0.0,0.0,9.0,393.0,0,0.0,2.23,0.18,none,0,0.0,0.0,1.0,2.201382033563672,0.0,0.0,0.0,0.018
0.0,0.0,0.0,9.0,366.0,0,0.0,1.8,0.16,none,0,0.0,0.0,1.0,2.7777777777777777,0.0,0.0,0.0,0.016
0.0,0.0,0.0,9.0,203.0,0,0.0,0.25,0.16,none,0,0.0,0.0,1.0,0.42016806722689076,0.0,0.0,0.0,0.016
0.0,0.0,0.0,9.0,119.0,0,0.0,0.25,0.16,none,0,0.0,0.0,1.0,0.42016806722689076,0.0,0.0,0.0,0.016
0.0,0.0,0.0,9.0,187.0,0,0.0,0.25,0.16,none,0,0.0,0.0,1.0,0.40322580645161293,0.0,0.0,0.0,0.016
0.0,0.0,0.0,9.0,155.0,0,0.0,0.0,0.16,none,0,0.0,0.0,1.0,0.0,0.0,0.0,0.0,0.016
0.0,98.0,98.0,9.0,381.0,0,0.0,2.84,0.15,none,0,196.0,5.0,1.0,3.3255269320843093,0.0,0.0,0.0,0.015
0.0,0.0,0.0,9.0,152.0,0,0.0,0.25,0.15,none,0,0.0,0.0,1.0,0.3094059405940594,0.0,0.0,0.0,0.015
0.0,0.0,0.0,9.0,110.0,0,0.0,0.24,0.15,none,0,0.0,0.0,1.0,0.28846153846153844,0.0,0.0,0.0,0.015
0.0,0.0,0.0,9.0,146.0,0,0.0,0.0,0.15,none,0,0.0,0.0,1.0,0.0,0.0,0.0,0.0,0.015
0.0,0.0,0.0,9.0,155.0,0,0.0,0.25,0.15,none,0,0.0,0.0,1.0,0.4078303425774877,0.0,0.0,0.0,0.015
0.0,42.0,42.0,9.0,355.0,0,0.0,0.52,0.22,none,0,84.0,3.0,1.0,1.0721649484536082,0.0,0.0,0.0,0.022
0.0,0.0,0.0,9.0,130.0,0,0.0,0.25,0.22,none,0,0.0,0.0,1.0,0.5154639175257733,0.0,0.0,0.0,0.022
0.0,0.0,0.0,9.0,165.0,0,0.0,0.0,0.22,none,0,0.0,0.0,1.0,0.0,0.0,0.0,0.0,0.022
0.0,0.0,0.0,9.0,170.0,0,0.0,0.0,0.22,none,0,0.0,0.0,1.0,0.0,0.0,0.0,0.0,0.022
0.0,0.0,0.0,9.0,109.0,0,0.0,0.25,0.22,none,0,0.0,0.0,1.0,0.5434782608695653,0.0,0.0,0.0,0.022
0.0,98.0,98.0,9.0,420.0,0,0.0,3.62,0.36,none,0,196.0,7.0,1.0,6.728624535315985,0.0,0.0,0.0,0.036
0.0,0.0,0.0,9.0,191.0,0,0.0,0.25,0.36,none,0,0.0,0.0,1.0,0.4646840148698885,0.0,0.0,0.0,0.036
0.0,0.0,0.0,9.0,102.0,0,0.0,0.25,0.36,none,0,0.0,0.0,1.0,0.46382189239332106,0.0,0.0,0.0,0.036
0.0,0.0,0.0,9.0,244.0,0,0.0,0.5,0.36,none,0,0.0,0.0,1.0,0.8488964346349746,0.0,0.0,0.0,0.036
0.0,0.0,0.0,9.0,191.0,0,0.0,0.0,0.33,none,0,0.0,0.0,1.0,0.0,0.0,0.0,0.0,0.033
0.0,0.0,0.0,9.0,455.0,0,0.0,2.02,0.33,none,0,0.0,0.0,1.0,2.829131652661064,0.0,0.0,0.0,0.033
0.0,0.0,0.0,9.0,102.0,0,0.0,0.24,0.33,none,0,0.0,0.0,1.0,0.33660589060308554,0.0,0.0,0.0,0.033
0.0,0.0,0.0,9.0,73.0,0,0.0,0.0,0.33,none,0,0.0,0.0,1.0,0.0,0.0,0.0,0.0,0.033
0.0,0.0,0.0,9.0,169.0,0,0.0,0.0,0.33,none,0,0.0,0.0,1.0,0.0,0.0,0.0,0.0,0.033
0.0,0.0,0.0,9.0,126.0,0,0.0,1.0,0.3,none,0,0.0,0.0,1.0,1.2690355329949239,0.0,0.0,0.0,0.03
0.0,98.0,98.0,9.0,404.0,0,0.0,2.58,0.3,none,0,196.0,10.0,1.0,3.771929824561404,0.0,0.0,0.0,0.03
0.0,0.0,0.0,9.0,205.0,0,0.0,0.0,0.3,none,0,0.0,0.0,1.0,0.0,0.0,0.0,0.0,0.03
0.0,0.0,0.0,9.0,69.0,0,0.0,0.25,0.3,none,0,0.0,0.0,1.0,0.3793626707132018,0.0,0.0,0.0,0.03
0.0,0.0,0.0,9.0,189.0,0,0.0,0.25,0.3,none,0,0.0,0.0,1.0,0.3943217665615142,0.0,0.0,0.0,0.03
0.0,42.0,42.0,9.0,216.0,0,0.0,0.92,0.28,none,0,84.0,3.0,1.0,1.2672176308539946,0.0,0.0,0.0,0.028000000000000004
0.0,0.0,0.0,9.0,215.0,0,0.0,0.16,0.28,none,0,0.0,0.0,1.0,0.2962962962962963,0.0,0.0,0.0,0.028000000000000004
0.0,0.0,0.0,9.0,342.0,0,0.0,0.41,0.28,none,0,0.0,0.0,1.0,0.7360861759425492,0.0,0.0,0.0,0.028000000000000004
0.0,0.0,0.0,9.0,423.0,0,0.0,0.14,0.26,none,0,0.0,0.0,1.0,0.245183887915937,0.0,0.0,0.0,0.026000000000000002
0.0,98.0,98.0,9.0,442.0,0,0.0,2.31,0.26,none,0,196.0,4.117647058823529,1.0,2.8802992518703245,0.0,0.0,0.0,0.026000000000000002
0.0,0.0,0.0,9.0,315.0,0,0.0,0.74,0.26,none,0,0.0,0.0,1.0,0.9536082474226804,0.0,0.0,0.0,0.026000000000000002
0.0,0.0,0.0,9.0,210.0,0,0.0,0.74,0.26,none,0,0.0,0.0,1.0,1.25,0.0,0.0,0.0,0.026000000000000002
0.0,0.0,0.0,9.0,139.0,0,0.0,0.0,0.26,none,0,0.0,0.0,1.0,0.0,0.0,0.0,0.0,0.026000000000000002
0.0,0.0,0.0,9.0,133.0,0,0.0,0.25,0.24,none,0,0.0,0.0,1.0,0.4222972972972973,0.0,0.0,0.0,0.024
0.0,0.0,0.0,9.0,122.0,0,0.0,0.0,0.24,none,0,0.0,0.0,1.0,0.0,0.0,0.0,0.0,0.024
0.0,0.0,0.0,9.0,209.0,0,0.0,0.0,0.24,none,0,0.0,0.0,1.0,0.0,0.0,0.0,0.0,0.024
0.0,0.0,0.0,9.0,112.0,0,0.0,0.23,0.24,none,0,0.0,0.0,1.0,0.4771784232365145,0.0,0.0,0.0,0.024
0.0,0.0,0.0,9.0,146.0,0,0.0,0.23,0.24,none,0,0.0,0.0,1.0,0.49568965517241387,0.0,0.0,0.0,0.024
0.0,98.0,98.0,9.0,261.0,0,0.0,0.24,0.38,none,0,196.0,5.0,1.0,0.5063291139240506,0.0,0.0,0.0,0.038
0.0,0.0,0.0,9.0,101.0,0,0.0,0.0,0.38,none,0,0.0,0.0,1.0,0.0,0.0,0.0,0.0,0.038
0.0,0.0,0.0,9.0,306.0,0,0.0,0.69,0.38,none,0,0.0,0.0,1.0,2.899159663865546,0.0,0.0,0.0,0.038
0.0,0.0,0.0,9.0,196.0,0,0.0,0.25,0.38,none,0,0.0,0.0,1.0,1.3227513227513228,0.0,0.0,0.0,0.038
0.0,0.0,0.0,9.0,224.0,0,0.0,0.25,0.35,none,0,0.0,0.0,1.0,1.1682242990654208,0.0,0.0,0.0,0.034999999999999996
0.0,0.0,0.0,9.0,184.0,0,0.0,0.25,0.35,none,0,0.0,0.0,1.0,1.1682242990654208,0.0,0.0,0.0,0.034999999999999996
0.0,0.0,0.0,9.0,144.0,0,0.0,0.0,0.35,none,0,0.0,0.0,1.0,0.0,0.0,0.0,0.0,0.034999999999999996
0.0,0.0,0.0,9.0,389.0,0,0.0,3.28,0.35,none,0,0.0,0.0,1.0,6.051660516605165,0.0,0.0,0.0,0.034999999999999996
0.0,0.0,0.0,9.0,180.0,0,0.0,0.25,0.35,none,0,0.0,0.0,1.0,0.45955882352941185,0.0,0.0,0.0,0.034999999999999996
0.0,0.0,0.0,9.0,114.0,0,0.0,0.0,0.4,none,0,0.0,0.0,1.0,0.0,0.0,0.0,0.0,0.04
0.0,98.0,98.0,9.0,312.0,0,0.0,1.79,0.4,none,0,196.0,10.0,1.0,2.6479289940828403,0.0,0.0,0.0,0.04
0.0,0.0,0.0,9.0,164.0,0,0.0,0.25,0.4,none,0,0.0,0.0,1.0,0.3566333808844508,0.0,0.0,0.0,0.04
0.0,0.0,0.0,9.0,320.0,0,0.0,2.28,0.4,none,0,0.0,0.0,1.0,2.6511627906976742,0.0,0.0,0.0,0.04
0.0,0.0,0.0,9.0,161.0,0,0.0,0.0,0.4,none,0,0.0,0.0,1.0,0.0,0.0,0.0,0.0,0.04
0.0,0.0,0.0,9.0,372.0,0,0.0,2.05,0.37,none,0,0.0,0.0,1.0,2.0197044334975365,0.0,0.0,0.0,0.037
0.0,42.0,42.0,9.0,72.0,0,0.0,0.0,0.37,none,0,84.0,3.0,1.0,0.0,0.0,0.0,0.0,0.037
0.0,0.0,0.0,9.0,196.0,0,0.0,0.25,0.37,none,0,0.0,0.0,1.0,0.2463054187192118,0.0,0.0,0.0,0.037
0.0,0.0,0.0,9.0,233.0,0,0.0,1.02,0.37,none,0,0.0,0.0,1.0,1.2927756653992397,0.0,0.0,0.0,0.037
0.0,0.0,0.0,9.0,278.0,0,0.0,0.76,0.37,none,0,0.0,0.0,1.0,0.9047619047619047,0.0,0.0,0.0,0.037
0.0,0.0,0.0,9.0,141.0,0,0.0,0.23,0.34,none,0,0.0,0.0,1.0,0.26651216685979146,0.0,0.0,0.0,0.034
0.0,0.0,0.0,9.0,158.0,0,0.0,0.23,0.34,none,0,0.0,0.0,1.0,0.32531824611032534,0.0,0.0,0.0,0.034
0.0,98.0,98.0,9.0,297.0,0,0.0,1.12,0.34,none,0,196.0,7.0,1.0,1.4105793450881614,0.0,0.0,0.0,0.034
0.0,0.0,0.0,8.0,362.0,0,0.0,1.53,0.34,none,0,0.0,0.0,0.898876404494382,2.127955493741307,0.0,0.0,0.0,0.03777777777777778
0.0,0.0,0.0,9.0,212.0,0,0.0,0.93,0.31,none,0,0.0,0.0,1.0112359550561798,1.1453201970443352,0.0,0.0,0.0,0.031
0.0,0.0,0.0,9.0,339.0,0,0.0,0.25,0.31,none,0,0.0,0.0,1.0112359550561798,0.39556962025316456,0.0,0.0,0.0,0.031
0.0,42.0,42.0,9.0,234.0,0,0.0,0.26,0.31,none,0,84.0,3.0,1.0112359550561798,0.39513677811550146,0.0,0.0,0.0,0.031
0.0,0.0,0.0,9.0,549.0,0,0.0,0.98,0.29,none,0,0.0,0.0,1.0112359550561798,1.3406292749658002,0.0,0.0,0.0,0.028999999999999998
0.0,0.0,0.0,9.0,276.0,0,0.0,0.11,0.29,none,0,0.0,0.0,1.0112359550561798,0.171875,0.0,0.0,0.0,0.028999999999999998
0.0,98.0,98.0,9.0,440.0,0,0.0,3.82,0.29,none,0,196.0,4.117647058823529,1.0112359550561798,4.038054968287526,0.0,0.0,0.0,0.028999999999999998
0.0,0.0,0.0,9.0,256.0,0,0.0,0.47,0.26,none,0,0.0,0.0,1.0112359550561798,0.4845360824742268,0.0,0.0,0.0,0.026000000000000002
0.0,0.0,0.0,9.0,236.0,0,0.0,0.0,0.26,none,0,0.0,0.0,1.0112359550561798,0.0,0.0,0.0,0.0,0.026000000000000002
0.0,0.0,0.0,9.0,257.0,0,0.0,0.16,0.26,none,0,0.0,0.0,1.0112359550561798,0.18801410105757932,0.0,0.0,0.0,0.026000000000000002
0.0,0.0,0.0,9.0,353.0,0,0.0,1.55,0.24,none,0,0.0,0.0,1.0,1.817116060961313,0.0,0.0,0.0,0.024
0.0,0.0,0.0,9.0,186.0,0,0.0,0.5,0.24,none,0,0.0,0.0,1.0,0.617283950617284,0.0,0.0,0.0,0.024
0.0,0.0,0.0,9.0,219.0,0,0.0,0.0,0.24,none,0,0.0,0.0,1.0,0.0,0.0,0.0,0.0,0.024
0.0,98.0,98.0,9.0,308.0,0,0.0,1.47,0.24,none,0,196.0,5.0,1.0,1.6225165562913908,0.0,0.0,0.0,0.024
0.0,0.0,0.0,9.0,465.0,0,0.0,3.12,0.3,none,0,0.0,0.0,1.0,2.785714285714286,0.0,0.0,0.0,0.03
0.0,0.0,0.0,9.0,141.0,0,0.0,0.25,0.3,none,0,0.0,0.0,1.0,0.22045855379188714,0.0,0.0,0.0,0.03
0.0,0.0,0.0,9.0,187.0,0,0.0,0.18,0.3,none,0,0.0,0.0,1.0,0.2337662337662338,0.0,0.0,0.0,0.03
0.0,0.0,0.0,9.0,192.0,0,0.0,0.18,0.3,none,0,0.0,0.0,1.0,0.242914979757085,0.0,0.0,0.0,0.03
0.0,0.0,0.0,9.0,483.0,0,0.0,2.7,0.36,none,0,0.0,0.0,1.0,2.6706231454005938,0.0,0.0,0.0,0.036
0.0,0.0,0.0,9.0,246.0,0,0.0,0.5,0.36,none,0,0.0,0.0,1.0,0.47846889952153115,0.0,0.0,0.0,0.036
0.0,0.0,0.0,9.0,324.0,0,0.0,0.12,0.36,none,0,0.0,0.0,1.0,0.13303769401330373,0.0,0.0,0.0,0.036
0.0,98.0,98.0,9.0,311.0,0,0.0,0.78,0.36,none,0,196.0,5.0,1.0,0.8387096774193549,0.0,0.0,0.0,0.036
0.0,0.0,0.0,9.0,381.0,0,0.0,0.51,0.33,none,0,0.0,0.0,1.0,0.5198776758409785,0.0,0.0,0.0,0.033
0.0,0.0,0.0,9.0,159.0,0,0.0,0.25,0.33,none,0,0.0,0.0,1.0,0.2910360884749709,0.0,0.0,0.0,0.033
0.0,0.0,0.0,9.0,211.0,0,0.0,0.23,0.33,none,0,0.0,0.0,1.0,0.40350877192982454,0.0,0.0,0.0,0.033
0.0,0.0,0.0,9.0,218.0,0,0.0,0.25,0.33,none,0,0.0,0.0,1.0,0.43859649122807015,0.0,0.0,0.0,0.033
0.0,0.0,0.0,9.0,203.0,0,0.0,0.23,0.3,none,0,0.0,0.0,1.0,0.4,0.0,0.0,0.0,0.03
0.0,0.0,0.0,9.0,395.0,0,0.0,0.55,0.3,none,0,0.0,0.0,1.0,0.8986928104575165,0.0,0.0,0.0,0.03
0.0,0.0,0.0,9.0,155.0,0,0.0,0.19,0.3,none,0,0.0,0.0,1.0,0.5263157894736842,0.0,0.0,0.0,0.03
0.0,0.0,0.0,9.0,167.0,0,0.0,0.24,0.3,none,0,0.0,0.0,1.0,0.7164179104477612,0.0,0.0,0.0,0.03
0.0,98.0,98.0,9.0,350.0,0,0.0,1.93,0.28,none,0,196.0,5.0,1.0,3.74031007751938,0.0,0.0,0.0,0.028000000000000004
0.0,0.0,0.0,9.0,321.0,0,0.0,1.33,0.28,none,0,0.0,0.0,1.0,2.3292469352014016,0.0,0.0,0.0,0.028000000000000004
0.0,0.0,0.0,9.0,168.0,0,0.0,0.5,0.28,none,0,0.0,0.0,1.0,0.8771929824561403,0.0,0.0,0.0,0.028000000000000004
0.0,0.0,0.0,9.0,179.0,0,0.0,0.25,0.28,none,0,0.0,0.0,1.0,0.43859649122807015,0.0,0.0,0.0,0.028000000000000004
0.0,84.0,84.0,9.0,126.0,0,0.0,0.0,0.28,none,0,168.0,4.615384615384616,1.0,0.0,0.0,0.0,0.0,0.028000000000000004
0.0,0.0,0.0,9.0,159.0,0,0.0,0.48,0.26,none,0,0.0,0.0,1.0,0.8421052631578946,0.0,0.0,0.0,0.026000000000000002
0.0,0.0,0.0,9.0,360.0,0,0.0,0.52,0.26,none,0,0.0,0.0,1.0,0.8681135225375627,0.0,0.0,0.0,0.026000000000000002
0.0,0.0,0.0,9.0,94.0,0,0.0,0.22,0.26,none,0,0.0,0.0,1.0,0.38869257950530034,0.0,0.0,0.0,0.026000000000000002
0.0,0.0,0.0,9.0,243.0,0,0.0,0.16,0.26,none,0,0.0,0.0,1.0,0.28419182948490235,0.0,0.0,0.0,0.026000000000000002
0.0,98.0,98.0,9.0,439.0,0,0.0,3.62,0.24,none,0,196.0,3.5,1.0,4.017758046614872,0.0,0.0,0.0,0.024
0.0,0.0,0.0,9.0,422.0,0,0.0,1.1,0.24,none,0,0.0,0.0,1.0,1.3447432762836187,0.0,0.0,0.0,0.024
0.0,0.0,0.0,9.0,217.0,0,0.0,0.14,0.24,none,0,0.0,0.0,1.0,0.20028612303290416,0.0,0.0,0.0,0.024
0.0,0.0,0.0,9.0,176.0,0,0.0,0.0,0.24,none,0,0.0,0.0,1.0,0.0,0.0,0.0,0.0,0.024
0.0,0.0,0.0,9.0,171.0,0,0.0,0.24,0.22,none,0,0.0,0.0,1.0,0.37037037037037035,0.0,0.0,0.0,0.022
0.0,0.0,0.0,9.0,428.0,0,0.0,1.05,0.22,none,0,0.0,0.0,1.0,1.3944223107569722,0.0,0.0,0.0,0.022
0.0,0.0,0.0,9.0,184.0,0,0.0,0.2,0.22,none,0,0.0,0.0,1.0,0.27586206896551724,0.0,0.0,0.0,0.022
0.0,98.0,98.0,9.0,431.0,0,0.0,0.37,0.2,none,0,196.0,5.0,1.0,0.5211267605633803,0.0,0.0,0.0,0.02
0.0,0.0,0.0,9.0,135.0,0,0.0,0.0,0.2,none,0,0.0,0.0,1.0,0.0,0.0,0.0,0.0,0.02
0.0,0.0,0.0,9.0,293.0,0,0.0,0.68,0.2,none,0,0.0,0.0,1.0,0.918918918918919,0.0,0.0,0.0,0.02
0.0,0.0,0.0,9.0,116.0,0,0.0,0.0,0.2,none,0,0.0,0.0,1.0,0.0,0.0,0.0,0.0,0.02
0.0,0.0,0.0,9.0,216.0,0,0.0,0.25,0.18,none,0,0.0,0.0,1.0,0.8532423208191126,0.0,0.0,0.0,0.018
0.0,928.0,928.0,13.0,448.0,1,0.0,4.88,0.32,none,0,1856.0,9.044834307992204,1.3829787234042552,6.36245110821382,0.0,0.0,0.07142857142857142,0.022857142857142857
0.0,928.0,928.0,13.0,297.0,1,0.0,2.52,0.32,none,0,1856.0,4.749232343909928,1.3265306122448979,2.473012757605496,0.0,0.0,0.07142857142857142,0.022857142857142857
0.0,928.0,928.0,13.0,320.0,1,0.0,1.83,0.32,none,0,1856.0,3.2199861207494798,1.2745098039215688,1.5534804753820035,0.0,0.0,0.07142857142857142,0.022857142857142857
0.0,928.0,928.0,13.0,463.0,1,0.0,1.08,0.37,none,0,1856.0,2.4356955380577427,1.2264150943396226,0.9144792548687554,0.0,0.0,0.07142857142857142,0.02642857142857143
0.0,928.0,928.0,13.0,258.0,1,0.0,1.78,0.37,none,0,1856.0,1.9586323343182777,1.1818181818181819,1.3293502613890964,0.0,0.0,0.07142857142857142,0.02642857142857143
0.0,0.0,0.0,13.0,238.0,1,0.0,0.48,0.37,none,0,0.0,0.0,1.1403508771929824,0.3555555555555555,0.0,0.0,0.07142857142857142,0.02642857142857143
0.0,1026.0,1026.0,12.0,376.0,1,0.0,1.62,0.37,none,0,2052.0,1.8108012707377337,1.0256410256410258,1.0714285714285714,0.0,0.0,0.07692307692307693,0.02846153846153846
0.0,928.0,928.0,13.0,448.0,1,0.0,2.68,0.37,none,0,1856.0,1.4073400060661208,1.0743801652892562,1.5654205607476634,0.0,0.0,0.07142857142857142,0.02642857142857143
0.0,928.0,928.0,13.0,345.0,1,0.0,2.54,0.34,none,0,1856.0,1.2337144376495612,1.04,1.2919633774160733,0.0,0.0,0.07142857142857142,0.02428571428571429
0.0,928.0,928.0,13.0,276.0,1,0.0,1.31,0.34,none,0,1856.0,1.0982248520710058,1.0077519379844961,0.6322393822393823,0.0,0.0,0.07142857142857142,0.02428571428571429
0.0,0.0,0.0,13.0,102.0,1,0.0,0.25,0.34,none,0,0.0,0.0,1.0077519379844961,0.15537600994406464,0.0,0.0,0.07142857142857142,0.02428571428571429
0.0,928.0,928.0,13.0,290.0,1,0.0,3.29,0.34,none,0,1856.0,1.2337144376495612,1.0077519379844961,1.9513641755634639,0.0,0.0,0.07142857142857142,0.02428571428571429
0.0,928.0,928.0,13.0,261.0,1,0.0,0.78,0.39,none,0,1856.0,1.2337144376495612,1.0077519379844961,0.4933586337760911,0.0,0.0,0.07142857142857142,0.027857142857142858
0.0,0.0,0.0,13.0,309.0,1,0.0,2.26,0.39,none,0,0.0,0.0,1.0077519379844961,1.330194231901118,0.0,0.0,0.07142857142857142,0.027857142857142858
0.0,928.0,928.0,13.0,279.0,1,0.0,2.53,0.39,none,0,1856.0,1.4073400060661208,1.0077519379844961,1.4261555806087938,0.0,0.0,0.07142857142857142,0.027857142857142858
0.0,928.0,928.0,13.0,255.0,1,0.0,0.78,0.39,none,0,1856.0,1.2337144376495612,1.0077519379844961,0.4323725055432373,0.0,0.0,0.07142857142857142,0.027857142857142858
0.0,98.0,98.0,13.0,229.0,1,0.0,0.77,0.39,none,0,196.0,0.14861995753715498,1.0,0.447934845840605,0.0,0.0,0.07142857142857142,0.027857142857142858
0.0,928.0,928.0,13.0,249.0,1,0.0,2.75,0.36,none,0,1856.0,1.4073400060661208,1.0,1.5932792584009272,0.0,0.0,0.07142857142857142,0.025714285714285714
0.0,928.0,928.0,13.0,216.0,1,0.0,0.26,0.36,none,0,1856.0,1.4073400060661208,1.0,0.17356475300400534,0.0,0.0,0.07142857142857142,0.025714285714285714
0.0,0.0,0.0,13.0,432.0,1,0.0,1.53,0.36,none,0,0.0,0.0,1.0,1.006578947368421,0.0,0.0,0.07142857142857142,0.025714285714285714
0.0,928.0,928.0,13.0,278.0,1,0.0,3.03,0.36,none,0,1856.0,1.4073400060661208,1.0,1.6852057842046717,0.0,0.0,0.07142857142857142,0.025714285714285714
0.0,970.0,970.0,13.0,345.0,1,0.0,3.55,0.36,none,0,1940.0,1.4617239300783604,1.0,1.9462719298245614,0.0,0.0,0.07142857142857142,0.025714285714285714
0.0,928.0,928.0,13.0,300.0,1,0.0,3.78,0.33,none,0,1856.0,1.398432790837854,1.0,1.7796610169491527,0.0,0.0,0.07142857142857142,0.023571428571428573
0.0,928.0,928.0,13.0,183.0,1,0.0,2.04,0.33,none,0,1856.0,1.2268640930724484,1.0,0.9705042816365367,0.0,0.0,0.07142857142857142,0.023571428571428573
0.0,0.0,0.0,13.0,419.0,1,0.0,3.26,0.33,none,0,0.0,0.0,1.0,1.4988505747126437,0.0,0.0,0.07142857142857142,0.023571428571428573
0.0,928.0,928.0,13.0,323.0,1,0.0,2.53,0.33,none,0,1856.0,1.398432790837854,1.0,1.076595744680851,0.0,0.0,0.07142857142857142,0.023571428571428573
0.0,1026.0,1026.0,13.0,466.0,1,0.0,3.61,0.33,none,0,2052.0,1.3564251718667373,1.0,1.3705391040242976,0.0,0.0,0.07142857142857142,0.023571428571428573
0.0,928.0,928.0,13.0,288.0,1,0.0,3.54,0.31,none,0,1856.0,1.2268640930724484,1.0,1.3048286030224845,0.0,0.0,0.07142857142857142,0.02214285714285714
0.0,0.0,0.0,13.0,562.0,1,0.0,2.84,0.31,none,0,0.0,0.0,1.0,0.9559071019858633,0.0,0.0,0.07142857142857142,0.02214285714285714
0.0,928.0,928.0,13.0,483.0,1,0.0,2.74,0.31,none,0,1856.0,1.2268640930724484,1.0,0.886157826649418,0.0,0.0,0.07142857142857142,0.02214285714285714
0.0,928.0,928.0,13.0,287.0,1,0.0,2.12,0.31,none,0,1856.0,1.2268640930724484,1.0,0.7064311896034655,0.0,0.0,0.07142857142857142,0.02214285714285714
0.0,970.0,970.0,13.0,268.0,1,0.0,0.74,0.28,none,0,1940.0,1.2823902696985723,1.0,0.2720588235294118,0.0,0.0,0.07142857142857142,0.02
0.0,928.0,928.0,13.0,370.0,1,0.0,1.57,0.28,none,0,1856.0,1.2268640930724484,1.0,0.6282513005202082,0.0,0.0,0.07142857142857142,0.02
0.0,928.0,928.0,13.0,168.0,1,0.0,0.51,0.28,none,0,1856.0,1.2268640930724484,1.0,0.21739130434782608,0.0,0.0,0.07142857142857142,0.02
0.0,0.0,0.0,13.0,463.0,1,0.0,1.05,0.28,none,0,0.0,0.0,1.0,0.49411764705882355,0.0,0.0,0.07142857142857142,0.02
0.0,928.0,928.0,13.0,325.0,1,0.0,2.49,0.28,none,0,1856.0,1.2268640930724484,1.0,1.173974540311174,0.0,0.0,0.07142857142857142,0.02
0.0,1026.0,1026.0,13.0,426.0,1,0.0,2.53,0.26,none,0,2052.0,1.3564251718667373,1.0,1.2568306010928958,0.0,0.0,0.07142857142857142,0.018571428571428572
0.0,928.0,928.0,13.0,334.0,1,0.0,0.44,0.26,none,0,1856.0,1.2268640930724484,1.0,0.25836758661186143,0.0,0.0,0.07142857142857142,0.018571428571428572
0.0,0.0,0.0,13.0,286.0,1,0.0,0.51,0.26,none,0,0.0,0.0,1.0,0.346938775510204,0.0,0.0,0.07142857142857142,0.018571428571428572
0.0,1856.0,1856.0,13.0,514.0,1,0.0,1.77,0.26,none,0,3712.0,2.1855864342910976,1.0,1.2891478514202477,0.0,0.0,0.07142857142857142,0.018571428571428572
0.0,0.0,0.0,13.0,200.0,1,0.0,0.42,0.24,none,0,0.0,0.0,1.0,0.3491271820448878,0.0,0.0,0.07142857142857142,0.017142857142857144
0.0,928.0,928.0,12.0,337.0,1,0.0,3.2,0.24,none,0,1856.0,1.2337144376495612,0.9302325581395349,2.208419599723947,0.0,0.0,0.07692307692307693,0.01846153846153846
0.0,928.0,928.0,13.0,205.0,1,0.0,0.47,0.24,none,0,1856.0,1.2337144376495612,1.0077519379844961,0.351008215085885,0.0,0.0,0.07142857142857142,0.017142857142857144
0.0,0.0,0.0,13.0,158.0,1,0.0,0.0,0.24,none,0,0.0,0.0,1.0077519379844961,0.0,0.0,0.0,0.07142857142857142,0.017142857142857144
0.0,1026.0,1026.0,13.0,312.0,1,0.0,1.37,0.24,none,0,2052.0,1.3464566929133859,1.0077519379844961,1.0378787878787878,0.0,0.0,0.07142857142857142,0.017142857142857144
0.0,0.0,0.0,13.0,166.0,1,0.0,1.25,0.22,none,0,0.0,0.0,1.0077519379844961,1.0451505016722407,0.0,0.0,0.07142857142857142,0.015714285714285715
0.0,928.0,928.0,13.0,304.0,1,0.0,1.52,0.22,none,0,1856.0,1.4073400060661208,1.0077519379844961,1.3881278538812782,0.0,0.0,0.07142857142857142,0.015714285714285715
0.0,928.0,928.0,13.0,269.0,1,0.0,3.06,0.22,none,0,1856.0,1.4073400060661208,1.0077519379844961,2.254974207811349,0.0,0.0,0.07142857142857142,0.015714285714285715
0.0,928.0,928.0,13.0,196.0,1,0.0,0.78,0.22,none,0,1856.0,1.2337144376495612,1.0077519379844961,0.5635838150289018,0.0,0.0,0.07142857142857142,0.015714285714285715
0.0,928.0,928.0,13.0,405.0,1,0.0,1.88,0.28,none,0,1856.0,1.4073400060661208,1.0077519379844961,1.3476702508960572,0.0,0.0,0.07142857142857142,0.02
0.0,928.0,928.0,13.0,272.0,1,0.0,1.31,0.28,none,0,1856.0,1.2337144376495612,1.0077519379844961,0.8827493261455526,0.0,0.0,0.07142857142857142,0.02
0.0,0.0,0.0,13.0,149.0,1,0.0,0.25,0.28,none,0,0.0,0.0,1.0,0.21026072329688814,0.0,0.0,0.07142857142857142,0.02
0.0,928.0,928.0,13.0,421.0,1,0.0,3.06,0.28,none,0,1856.0,1.4073400060661208,1.0,2.1132596685082876,0.0,0.0,0.07142857142857142,0.02
0.0,928.0,928.0,13.0,337.0,1,0.0,3.3,0.28,none,0,1856.0,1.2337144376495612,1.0,1.856017997750281,0.0,0.0,0.07142857142857142,0.02
0.0,1026.0,1026.0,13.0,422.0,1,0.0,5.9,0.26,none,0,2052.0,1.363998936453071,1.0,2.644554011653967,0.0,0.0,0.07142857142857142,0.018571428571428572
0.0,0.0,0.0,13.0,302.0,1,0.0,1.28,0.26,none,0,0.0,0.0,1.0,0.5729632945389436,0.0,0.0,0.07142857142857142,0.018571428571428572
0.0,928.0,928.0,13.0,452.0,1,0.0,4.66,0.26,none,0,1856.0,1.2337144376495612,1.0,1.8288854003139718,0.0,0.0,0.07142857142857142,0.018571428571428572
0.0,928.0,928.0,13.0,268.0,1,0.0,3.04,0.26,none,0,1856.0,1.2337144376495612,1.0,1.1940298507462686,0.0,0.0,0.07142857142857142,0.018571428571428572
0.0,928.0,928.0,13.0,306.0,1,0.0,3.77,0.26,none,0,1856.0,1.2337144376495612,1.0,1.3251318101933218,0.0,0.0,0.07142857142857142,0.018571428571428572
0.0,928.0,928.0,13.0,1478.0,1,0.0,3.39,0.24,none,0,1856.0,1.2337144376495612,1.0,1.1315086782376502,0.0,0.0,0.07142857142857142,0.017142857142857144
0.0,0.0,0.0,13.0,735.0,1,0.0,1.77,0.24,none,0,0.0,0.0,1.0,0.581854043392505,0.0,0.0,0.07142857142857142,0.017142857142857144
0.0,0.0,0.0,13.0,94.0,1,0.0,0.0,0.24,none,0,0.0,0.0,1.0,0.0,0.0,0.0,0.07142857142857142,0.017142857142857144
0.0,0.0,0.0,13.0,76.0,1,0.0,0.0,0.24,none,0,0.0,0.0,1.0,0.0,0.0,0.0,0.07142857142857142,0.017142857142857144
0.0,928.0,928.0,13.0,255.0,1,0.0,0.26,0.24,none,0,1856.0,1.6378397458524532,1.0,0.1080182800166182,0.0,0.0,0.07142857142857142,0.017142857142857144
0.0,1026.0,1026.0,13.0,610.0,1,0.0,4.8,0.38,none,0,2052.0,1.8108012707377337,1.0,2.0896821941663037,0.0,0.0,0.07142857142857142,0.027142857142857142
0.0,928.0,928.0,13.0,444.0,1,0.0,3.62,0.38,none,0,1856.0,1.4073400060661208,1.0,1.4302647175029632,0.0,0.0,0.07142857142857142,0.027142857142857142
0.0,0.0,0.0,13.0,281.0,1,0.0,1.5,0.38,none,0,0.0,0.0,1.0,0.6772009029345373,0.0,0.0,0.07142857142857142,0.027142857142857142
0.0,928.0,928.0,13.0,277.0,1,0.0,2.43,0.38,none,0,1856.0,1.6378397458524532,1.0,1.1281337047353759,0.0,0.0,0.07142857142857142,0.027142857142857142
0.0,928.0,928.0,13.0,325.0,1,0.0,0.35,0.43,none,0,1856.0,1.6378397458524532,1.0,0.19315673289183222,0.0,0.0,0.07142857142857142,0.030714285714285715
0.0,970.0,970.0,13.0,473.0,1,0.0,3.35,0.43,none,0,1940.0,1.6993693062368607,1.0,1.8528761061946901,0.0,0.0,0.07142857142857142,0.030714285714285715
0.0,928.0,928.0,13.0,360.0,1,0.0,2.03,0.43,none,0,1856.0,1.398432790837854,1.0,1.1068702290076333,0.0,0.0,0.07142857142857142,0.030714285714285715
0.0,928.0,928.0,13.0,370.0,1,0.0,1.55,0.43,none,0,1856.0,1.2268640930724484,1.0,0.7792860734037205,0.0,0.0,0.07142857142857142,0.030714285714285715
0.0,928.0,928.0,13.0,228.0,1,0.0,0.62,0.43,none,0,1856.0,1.0927932171455488,1.0,0.3022915650901999,0.0,0.0,0.07142857142857142,0.030714285714285715
0.0,1026.0,1026.0,13.0,481.0,1,0.0,4.93,0.39,none,0,2052.0,1.1944121071012805,1.0,1.9579030976965845,0.0,0.0,0.07142857142857142,0.027857142857142858
0.0,928.0,928.0,13.0,550.0,1,0.0,4.62,0.39,none,0,1856.0,1.0927932171455488,1.0,1.848,0.0,0.0,0.07142857142857142,0.027857142857142858
0.0,928.0,928.0,13.0,320.0,1,0.0,0.22,0.39,none,0,1856.0,1.0927932171455488,1.0,0.10185185185185185,0.0,0.0,0.07142857142857142,0.027857142857142858
0.0,928.0,928.0,13.0,404.0,1,0.0,1.74,0.39,none,0,1856.0,0.9851380042462845,1.0,0.7967032967032966,0.0,0.0,0.07142857142857142,0.027857142857142858
0.0,1898.0,1898.0,13.0,817.0,1,0.0,0.92,0.36,none,0,3796.0,1.8267564966313763,1.0,0.45253320216428927,0.0,0.0,0.07142857142857142,0.025714285714285714
0.0,0.0,0.0,13.0,110.0,1,0.0,0.0,0.36,none,0,0.0,0.0,1.0,0.0,0.0,0.0,0.07142857142857142,0.025714285714285714
0.0,1026.0,928.0,13.0,565.0,1,0.0,2.29,0.33,none,0,1954.0,1.031787939592354,1.0,1.2103594080338267,0.0,0.0,0.07142857142857142,0.023571428571428573
0.0,928.0,1026.0,13.0,437.0,1,0.0,3.76,0.33,none,0,1954.0,1.0264761504517756,1.0,1.8208232445520576,0.0,0.0,0.07142857142857142,0.023571428571428573
0.0,928.0,928.0,13.0,584.0,1,0.0,4.86,0.33,none,0,1856.0,0.9749947467955453,1.0,2.0283806343906514,0.0,0.0,0.07142857142857142,0.023571428571428573
0.0,928.0,928.0,13.0,443.0,1,0.0,3.04,0.33,none,0,1856.0,0.9749947467955453,1.0,1.152388172858226,0.0,0.0,0.07142857142857142,0.023571428571428573
0.0,928.0,928.0,13.0,273.0,1,0.0,0.78,0.33,none,0,1856.0,0.9851380042462845,1.0,0.3508771929824562,0.0,0.0,0.07142857142857142,0.023571428571428573
0.0,928.0,928.0,13.0,329.0,1,0.0,0.41,0.31,none,0,1856.0,0.9851380042462845,1.0,0.22752497225305215,0.0,0.0,0.07142857142857142,0.02214285714285714
0.0,0.0,0.0,13.0,95.0,1,0.0,0.49,0.31,none,0,0.0,0.0,1.0,0.26790595954073265,0.0,0.0,0.07142857142857142,0.02214285714285714
0.0,928.0,928.0,13.0,369.0,1,0.0,1.88,0.31,none,0,1856.0,1.0927932171455488,1.0,1.0200759631036354,0.0,0.0,0.07142857142857142,0.02214285714285714
0.0,928.0,928.0,13.0,305.0,1,0.0,1.55,0.31,none,0,1856.0,1.2337144376495612,1.0,0.8132214060860441,0.0,0.0,0.07142857142857142,0.02214285714285714
0.0,928.0,928.0,13.0,356.0,1,0.0,0.78,0.44,none,0,1856.0,1.0982248520710058,1.0,0.3931451612903226,0.0,0.0,0.07142857142857142,0.03142857142857143
0.0,98.0,98.0,13.0,384.0,1,0.0,2.55,0.44,none,0,196.0,0.12944128912957337,1.0,1.2686567164179101,0.0,0.0,0.07142857142857142,0.03142857142857143
0.0,0.0,0.0,13.0,179.0,1,0.0,0.25,0.44,none,0,0.0,0.0,1.0,0.1506931886678722,0.0,0.0,0.07142857142857142,0.03142857142857143
0.0,928.0,928.0,13.0,353.0,1,0.0,3.16,0.44,none,0,1856.0,1.4073400060661208,1.0,2.122229684351914,0.0,0.0,0.07142857142857142,0.03142857142857143
0.0,928.0,928.0,13.0,392.0,1,0.0,2.82,0.44,none,0,1856.0,1.4073400060661208,1.0,1.9222903885480571,0.0,0.0,0.07142857142857142,0.03142857142857143
0.0,928.0,928.0,13.0,749.0,1,0.0,0.78,0.41,none,0,1856.0,1.4073400060661208,1.0,0.5316973415132924,0.0,0.0,0.07142857142857142,0.029285714285714283
0.0,0.0,0.0,13.0,215.0,1,0.0,0.24,0.41,none,0,0.0,0.0,1.0,0.16551724137931034,0.0,0.0,0.07142857142857142,0.029285714285714283
0.0,824.0,824.0,13.0,296.0,2,0.0,0.26,0.41,none,0,1648.0,1.2696456086286594,1.0,0.18220042046250876,0.0,0.0,0.14285714285714285,0.029285714285714283
0.0,104.0,104.0,13.0,352.0,1,0.0,1.03,0.41,none,0,208.0,0.18355100600070595,1.0,0.767511177347243,0.0,0.0,0.07142857142857142,0.029285714285714283
0.0,928.0,928.0,13.0,214.0,1,0.0,1.02,0.41,none,0,1856.0,1.6378397458524532,1.0,0.791311093871218,0.0,0.0,0.07142857142857142,0.029285714285714283
0.0,928.0,928.0,13.0,397.0,1,0.0,1.81,0.37,none,0,1856.0,1.6378397458524532,1.0,1.3002873563218391,0.0,0.0,0.07142857142857142,0.02642857142857143
0.0,98.0,98.0,13.0,416.0,1,0.0,2.57,0.37,none,0,196.0,0.1729615248852806,1.0,1.8436154949784789,0.0,0.0,0.07142857142857142,0.02642857142857143
0.0,928.0,928.0,13.0,212.0,1,0.0,2.01,0.37,none,0,1856.0,1.4073400060661208,1.0,1.2802547770700634,0.0,0.0,0.07142857142857142,0.02642857142857143
0.0,928.0,928.0,13.0,413.0,1,0.0,2.64,0.37,none,0,1856.0,1.4073400060661208,1.0,1.7391304347826089,0.0,0.0,0.07142857142857142,0.02642857142857143
0.0,928.0,928.0,13.0,297.0,1,0.0,2.79,0.37,none,0,1856.0,1.4073400060661208,1.0,1.8415841584158414,0.0,0.0,0.07142857142857142,0.02642857142857143
0.0,928.0,928.0,13.0,335.0,1,0.0,3.24,0.34,none,0,1856.0,1.4073400060661208,1.0,1.8398637137989782,0.0,0.0,0.07142857142857142,0.02428571428571429
0.0,0.0,0.0,13.0,243.0,1,0.0,1.78,0.34,none,0,0.0,0.0,1.0,0.929503916449086,0.0,0.0,0.07142857142857142,0.02428571428571429
0.0,928.0,928.0,13.0,235.0,1,0.0,1.77,0.34,none,0,1856.0,1.3854882054344582,1.0,0.856727976766699,0.0,0.0,0.07142857142857142,0.02428571428571429
0.0,928.0,928.0,13.0,429.0,1,0.0,4.26,0.34,none,0,1856.0,1.2337144376495612,1.0,1.7831728756802006,0.0,0.0,0.07142857142857142,0.02428571428571429
0.0,928.0,928.0,13.0,292.0,1,0.0,0.69,0.34,none,0,1856.0,1.2337144376495612,1.0,0.2928692699490662,0.0,0.0,0.07142857142857142,0.02428571428571429
0.0,98.0,98.0,13.0,138.0,1,0.0,0.0,0.32,none,0,196.0,0.14644351464435146,1.0,0.0,0.0,0.0,0.07142857142857142,0.022857142857142857
0.0,928.0,928.0,13.0,482.0,1,0.0,5.01,0.32,none,0,1856.0,1.2337144376495612,1.0,2.0711037618850767,0.0,0.0,0.07142857142857142,0.022857142857142857
0.0,0.0,0.0,13.0,92.0,1,0.0,0.25,0.32,none,0,0.0,0.0,1.0,0.11145786892554616,0.0,0.0,0.07142857142857142,0.022857142857142857
0.0,928.0,928.0,13.0,473.0,1,0.0,4.92,0.32,none,0,1856.0,1.4073400060661208,1.0,1.991096721974909,0.0,0.0,0.07142857142857142,0.022857142857142857
0.0,0.0,0.0,13.0,81.0,1,0.0,0.0,0.29,none,0,0.0,0.0,1.0,0.0,0.0,0.0,0.07142857142857142,0.020714285714285713
0.0,1012.0,1012.0,13.0,321.0,1,0.0,0.52,0.29,none,0,2024.0,1.76,1.0,0.27083333333333337,0.0,0.0,0.07142857142857142,0.020714285714285713
0.0,928.0,928.0,13.0,197.0,1,0.0,1.28,0.29,none,0,1856.0,1.3896376160527104,1.0,0.6844919786096257,0.0,0.0,0.07142857142857142,0.020714285714285713
0.0,0.0,0.0,13.0,220.0,1,0.0,0.26,0.29,none,0,0.0,0.0,1.0,0.15125072716695756,0.0,0.0,0.07142857142857142,0.020714285714285713
0.0,928.0,928.0,13.0,238.0,1,0.0,3.48,0.29,none,0,1856.0,1.613913043478261,1.0,2.1206581352833638,0.0,0.0,0.07142857142857142,0.020714285714285713
0.0,928.0,928.0,13.0,409.0,1,0.0,1.32,0.27,none,0,1856.0,1.613913043478261,1.0,0.7746478873239437,0.0,0.0,0.07142857142857142,0.019285714285714288
0.0,1026.0,1026.0,13.0,466.0,1,0.0,3.13,0.27,none,0,2052.0,1.5363881401617252,1.0,1.551809618244918,0.0,0.0,0.07142857142857142,0.019285714285714288
0.0,928.0,928.0,13.0,227.0,1,0.0,1.29,0.27,none,0,1856.0,1.3896376160527104,1.0,0.78419452887538,0.0,0.0,0.07142857142857142,0.019285714285714288
0.0,0.0,0.0,13.0,190.0,1,0.0,0.76,0.27,none,0,0.0,0.0,1.0,0.44811320754716977,0.0,0.0,0.07142857142857142,0.019285714285714288
0.0,928.0,928.0,13.0,224.0,1,0.0,2.26,0.27,none,0,1856.0,1.3896376160527104,1.0,1.5804195804195802,0.0,0.0,0.07142857142857142,0.019285714285714288
0.0,928.0,928.0,13.0,452.0,1,0.0,1.07,0.25,none,0,1856.0,1.2200894031028136,1.0,0.6961613532856215,0.0,0.0,0.07142857142857142,0.017857142857142856
0.0,928.0,928.0,13.0,343.0,1,0.0,3.05,0.25,none,0,1856.0,1.2337144376495612,1.0,1.7039106145251397,0.0,0.0,0.07142857142857142,0.017857142857142856
0.0,0.0,0.0,13.0,100.0,1,0.0,0.25,0.25,none,0,0.0,0.0,1.0,0.14819205690574985,0.0,0.0,0.07142857142857142,0.017857142857142856
0.0,928.0,928.0,13.0,333.0,1,0.0,1.45,0.25,none,0,1856.0,1.2337144376495612,1.0,0.8028792912513841,0.0,0.0,0.07142857142857142,0.017857142857142856
0.0,1856.0,1856.0,13.0,673.0,1,0.0,3.22,0.23,none,0,3712.0,2.1964497041420117,1.0,1.8089887640449438,0.0,0.0,0.07142857142857142,0.016428571428571428
0.0,1026.0,1026.0,13.0,398.0,1,0.0,1.34,0.23,none,0,2052.0,1.2002807674309781,1.0,0.7519640852974186,0.0,0.0,0.07142857142857142,0.016428571428571428
0.0,928.0,928.0,13.0,299.0,1,0.0,0.47,0.23,none,0,1856.0,1.0982248520710058,1.0,0.3100263852242744,0.0,0.0,0.07142857142857142,0.016428571428571428
0.0,0.0,0.0,13.0,161.0,1,0.0,0.0,0.23,none,0,0.0,0.0,1.0,0.0,0.0,0.0,0.07142857142857142,0.016428571428571428
0.0,1856.0,1856.0,13.0,709.0,1,0.0,1.77,0.21,none,0,3712.0,1.9791000213265089,1.0,1.189516129032258,0.0,0.0,0.07142857142857142,0.015
0.0,0.0,0.0,13.0,122.0,1,0.0,0.73,0.21,none,0,0.0,0.0,1.0,0.546816479400749,0.0,0.0,0.07142857142857142,0.015
0.0,928.0,928.0,13.0,268.0,1,0.0,2.78,0.21,none,0,1856.0,1.0982248520710058,1.0,1.845949535192563,0.0,0.0,0.07142857142857142,0.015
0.0,928.0,928.0,13.0,366.0,1,0.0,1.79,0.21,none,0,1856.0,1.0982248520710058,1.0,1.2971014492753623,0.0,0.0,0.07142857142857142,0.015
0.0,0.0,0.0,13.0,331.0,1,0.0,1.54,0.19,none,0,0.0,0.0,1.0,1.020543406229291,0.0,0.0,0.07142857142857142,0.013571428571428571
0.0,1026.0,1026.0,13.0,484.0,1,0.0,4.37,0.19,none,0,2052.0,1.2002807674309781,1.0,2.4264297612437535,0.0,0.0,0.07142857142857142,0.013571428571428571
0.0,928.0,928.0,13.0,351.0,1,0.0,2.43,0.19,none,0,1856.0,1.2178477690288714,1.0,1.4111498257839723,0.0,0.0,0.07142857142857142,0.013571428571428571
0.0,0.0,0.0,13.0,176.0,1,0.0,0.39,0.19,none,0,0.0,0.0,1.0,0.23970497848801475,0.0,0.0,0.07142857142857142,0.013571428571428571
0.0,928.0,928.0,13.0,281.0,1,0.0,2.19,0.17,none,0,1856.0,1.4073400060661208,1.0,1.217342968315731,0.0,0.0,0.07142857142857142,0.012142857142857144
0.0,1898.0,1898.0,13.0,624.0,1,0.0,1.81,0.17,none,0,3796.0,2.2350447479981157,1.0,0.9141414141414141,0.0,0.0,0.07142857142857142,0.012142857142857144
0.0,354.0,354.0,13.0,240.0,2,0.0,0.76,0.17,none,0,708.0,0.5064377682403434,1.0,0.40447046301224054,0.0,0.0,0.14285714285714285,0.012142857142857144
0.0,1502.0,1502.0,13.0,410.0,1,0.0,1.43,0.17,none,0,3004.0,1.7687235044747998,1.0,0.7337095946639303,0.0,0.0,0.07142857142857142,0.012142857142857144
0.0,928.0,928.0,13.0,411.0,1,0.0,0.48,0.24,none,0,1856.0,1.0927932171455488,1.0,0.2792321116928447,0.0,0.0,0.07142857142857142,0.017142857142857144
0.0,0.0,0.0,13.0,440.0,1,0.0,1.13,0.24,none,0,0.0,0.0,1.0,0.6836055656382335,0.0,0.0,0.07142857142857142,0.017142857142857144
0.0,1026.0,1026.0,13.0,477.0,1,0.0,1.21,0.24,none,0,2052.0,1.1944121071012805,1.0,0.7469135802469136,0.0,0.0,0.07142857142857142,0.017142857142857144
0.0,928.0,928.0,13.0,369.0,1,0.0,2.56,0.24,none,0,1856.0,1.0927932171455488,1.0,1.7790132036136208,0.0,0.0,0.07142857142857142,0.017142857142857144
0.0,928.0,928.0,13.0,404.0,1,0.0,2.1,0.22,none,0,1856.0,1.0927932171455488,1.0,1.4935988620199148,0.0,0.0,0.07142857142857142,0.015714285714285715
0.0,0.0,0.0,13.0,94.0,1,0.0,0.25,0.22,none,0,0.0,0.0,1.0,0.17959770114942528,0.0,0.0,0.07142857142857142,0.015714285714285715
0.0,970.0,970.0,13.0,479.0,1,0.0,3.17,0.22,none,0,1940.0,1.136629950785095,1.0,2.12751677852349,0.0,0.0,0.07142857142857142,0.015714285714285715
0.0,928.0,928.0,13.0,396.0,1,0.0,3.23,0.22,none,0,1856.0,1.2268640930724484,1.0,1.9791666666666665,0.0,0.0,0.07142857142857142,0.015714285714285715
0.0,1856.0,1856.0,13.0,482.0,1,0.0,1.44,0.2,none,0,3712.0,2.047209353628943,1.0,0.8470588235294118,0.0,0.0,0.07142857142857142,0.014285714285714287
0.0,1026.0,1026.0,13.0,511.0,1,0.0,4.27,0.2,none,0,2052.0,1.1944121071012805,1.0,2.1522177419354835,0.0,0.0,0.07142857142857142,0.014285714285714287
0.0,928.0,928.0,13.0,140.0,1,0.0,1.03,0.2,none,0,1856.0,1.080325960419092,1.0,0.5051495831289848,0.0,0.0,0.07142857142857142,0.014285714285714287
0.0,928.0,928.0,13.0,249.0,1,0.0,2.43,0.2,none,0,1856.0,0.9749947467955453,1.0,1.1203319502074691,0.0,0.0,0.07142857142857142,0.014285714285714287
0.0,0.0,0.0,13.0,218.0,1,0.0,0.36,0.19,none,0,0.0,0.0,1.0,0.1727447216890595,0.0,0.0,0.07142857142857142,0.013571428571428571
0.0,928.0,928.0,13.0,179.0,1,0.0,0.52,0.19,none,0,1856.0,1.0927932171455488,1.0,0.2765957446808511,0.0,0.0,0.07142857142857142,0.013571428571428571
0.0,928.0,928.0,13.0,353.0,1,0.0,2.03,0.19,none,0,1856.0,1.0927932171455488,1.0,1.0838227442605446,0.0,0.0,0.07142857142857142,0.013571428571428571
0.0,928.0,928.0,13.0,290.0,1,0.0,2.73,0.19,none,0,1856.0,0.9851380042462845,1.0,1.2871287128712874,0.0,0.0,0.07142857142857142,0.013571428571428571
0.0,1752.0,1752.0,13.0,425.0,2,0.0,0.29,0.17,none,0,3504.0,1.7173103313075866,1.0,0.15821058374249863,0.0,0.0,0.14285714285714285,0.012142857142857144
0.0,104.0,104.0,13.0,252.0,1,0.0,0.99,0.17,none,0,208.0,0.1108978460226061,1.0,0.615288999378496,0.0,0.0,0.07142857142857142,0.012142857142857144
0.0,928.0,928.0,13.0,492.0,1,0.0,4.31,0.17,none,0,1856.0,1.0982248520710058,1.0,2.2732067510548526,0.0,0.0,0.07142857142857142,0.012142857142857144
0.0,1026.0,1026.0,13.0,513.0,1,0.0,6.91,0.17,none,0,2052.0,1.2142011834319526,1.0,3.1990740740740744,0.0,0.0,0.07142857142857142,0.012142857142857144
0.0,928.0,928.0,13.0,215.0,1,0.0,2.22,0.16,none,0,1856.0,1.0982248520710058,1.0,0.9741114523913996,0.0,0.0,0.07142857142857142,0.011428571428571429
0.0,928.0,928.0,13.0,376.0,1,0.0,3.28,0.16,none,0,1856.0,1.0982248520710058,1.0,1.3874788494077834,0.0,0.0,0.07142857142857142,0.011428571428571429
0.0,928.0,928.0,13.0,314.0,1,0.0,2.81,0.16,none,0,1856.0,0.9895500106632544,1.0,1.0770410118819471,0.0,0.0,0.07142857142857142,0.011428571428571429
0.0,970.0,970.0,13.0,505.0,1,0.0,4.92,0.16,none,0,1940.0,1.029723991507431,1.0,1.6136438176451295,0.0,0.0,0.07142857142857142,0.011428571428571429
0.0,928.0,928.0,13.0,525.0,1,0.0,0.61,0.16,none,0,1856.0,0.9851380042462845,1.0,0.20983832129342964,0.0,0.0,0.07142857142857142,0.011428571428571429
0.0,928.0,928.0,13.0,280.0,1,0.0,2.76,0.15,none,0,1856.0,0.9851380042462845,1.0,0.9484536082474225,0.0,0.0,0.07142857142857142,0.010714285714285714
0.0,928.0,928.0,13.0,489.0,1,0.0,1.48,0.15,none,0,1856.0,1.0795718939041414,1.0,0.4886101023440079,0.0,0.0,0.07142857142857142,0.010714285714285714
0.0,0.0,0.0,13.0,175.0,1,0.0,0.23,0.15,none,0,0.0,0.0,1.0,0.07788689468337284,0.0,0.0,0.07142857142857142,0.010714285714285714
0.0,1026.0,1026.0,13.0,525.0,1,0.0,2.93,0.15,none,0,2052.0,1.1944121071012805,1.0,1.0408525754884548,0.0,0.0,0.07142857142857142,0.010714285714285714
0.0,928.0,928.0,13.0,339.0,1,0.0,1.03,0.37,none,0,1856.0,1.0927932171455488,1.0,0.46250561293219583,0.0,0.0,0.07142857142857142,0.02642857142857143
0.0,928.0,928.0,13.0,375.0,1,0.0,3.15,0.37,none,0,1856.0,1.0927932171455488,1.0,1.3577586206896555,0.0,0.0,0.07142857142857142,0.02642857142857143
0.0,928.0,928.0,13.0,231.0,1,0.0,1.53,0.37,none,0,1856.0,1.0927932171455488,1.0,0.7132867132867133,0.0,0.0,0.07142857142857142,0.02642857142857143
0.0,928.0,928.0,13.0,550.0,1,0.0,5.66,0.37,none,0,1856.0,1.0927932171455488,1.0,2.329218106995885,0.0,0.0,0.07142857142857142,0.02642857142857143
0.0,928.0,928.0,13.0,436.0,1,0.0,2.01,0.34,none,0,1856.0,1.0982248520710058,1.0,0.9396914446002803,0.0,0.0,0.07142857142857142,0.02428571428571429
0.0,928.0,928.0,13.0,310.0,1,0.0,2.77,0.34,none,0,1856.0,1.0982248520710058,1.0,1.1762208067940552,0.0,0.0,0.07142857142857142,0.02428571428571429
0.0,928.0,928.0,13.0,420.0,1,0.0,1.3,0.34,none,0,1856.0,1.0982248520710058,1.0,0.5885015844273427,0.0,0.0,0.07142857142857142,0.02428571428571429
0.0,1026.0,1026.0,13.0,663.0,1,0.0,6.9,0.34,none,0,2052.0,1.2002807674309781,1.0,2.5081788440567068,0.0,0.0,0.07142857142857142,0.02428571428571429
0.0,0.0,0.0,13.0,120.0,1,0.0,0.23,0.34,none,0,0.0,0.0,1.0,0.08360596146855688,0.0,0.0,0.07142857142857142,0.02428571428571429
0.0,928.0,928.0,13.0,279.0,1,0.0,0.9,0.32,none,0,1856.0,1.0982248520710058,1.0,0.3532182103610675,0.0,0.0,0.07142857142857142,0.022857142857142857
0.0,928.0,928.0,13.0,422.0,1,0.0,2.49,0.32,none,0,1856.0,1.0982248520710058,1.0,0.9242761692650335,0.0,0.0,0.07142857142857142,0.022857142857142857
0.0,928.0,928.0,13.0,359.0,1,0.0,1.79,0.32,none,0,1856.0,1.0982248520710058,1.0,0.6997654417513683,0.0,0.0,0.07142857142857142,0.022857142857142857
0.0,970.0,970.0,13.0,532.0,1,0.0,4.66,0.32,none,0,1940.0,1.1422515308525671,1.0,1.6231278300243819,0.0,0.0,0.07142857142857142,0.022857142857142857
0.0,928.0,928.0,13.0,338.0,1,0.0,2.93,0.29,none,0,1856.0,1.0927932171455488,1.0,1.1277906081601232,0.0,0.0,0.07142857142857142,0.020714285714285713
0.0,928.0,928.0,13.0,409.0,1,0.0,3.2,0.29,none,0,1856.0,1.0927932171455488,1.0,1.1777695988222305,0.0,0.0,0.07142857142857142,0.020714285714285713
0.0,928.0,928.0,13.0,229.0,1,0.0,0.78,0.29,none,0,1856.0,1.0927932171455488,1.0,0.30976965845909454,0.0,0.0,0.07142857142857142,0.020714285714285713
0.0,1026.0,1026.0,13.0,416.0,1,0.0,3.96,0.29,none,0,2052.0,1.1944121071012805,1.0,1.4224137931034484,0.0,0.0,0.07142857142857142,0.020714285714285713
0.0,0.0,0.0,13.0,396.0,1,0.0,3.31,0.29,none,0,0.0,0.0,1.0,1.3649484536082475,0.0,0.0,0.07142857142857142,0.020714285714285713
0.0,1856.0,1856.0,13.0,548.0,1,0.0,0.4,0.35,none,0,3712.0,1.970276008492569,1.0,0.1638001638001638,0.0,0.0,0.07142857142857142,0.024999999999999998
0.0,0.0,0.0,13.0,162.0,1,0.0,0.0,0.35,none,0,0.0,0.0,1.0,0.0,0.0,0.0,0.07142857142857142,0.024999999999999998
0.0,928.0,928.0,13.0,440.0,1,0.0,2.4,0.35,none,0,1856.0,1.0927932171455488,1.0,1.0243277848911652,0.0,0.0,0.07142857142857142,0.024999999999999998
0.0,970.0,970.0,13.0,639.0,1,0.0,5.35,0.32,none,0,1940.0,1.136629950785095,1.0,1.9822156354205258,0.0,0.0,0.07142857142857142,0.022857142857142857
0.0,928.0,928.0,13.0,299.0,1,0.0,1.16,0.32,none,0,1856.0,1.0927932171455488,1.0,0.4938271604938272,0.0,0.0,0.07142857142857142,0.022857142857142857
0.0,928.0,928.0,13.0,192.0,1,0.0,0.77,0.32,none,0,1856.0,1.0927932171455488,1.0,0.36099390529770276,0.0,0.0,0.07142857142857142,0.022857142857142857
0.0,928.0,928.0,13.0,314.0,1,0.0,1.05,0.32,none,0,1856.0,1.0927932171455488,1.0,0.5474452554744527,0.0,0.0,0.07142857142857142,0.022857142857142857
0.0,1026.0,1026.0,13.0,652.0,1,0.0,3.9,0.32,none,0,2052.0,1.1944121071012805,1.0,1.748878923766816,0.0,0.0,0.07142857142857142,0.022857142857142857
0.0,0.0,0.0,13.0,137.0,1,0.0,0.16,0.29,none,0,0.0,0.0,1.0,0.08648648648648648,0.0,0.0,0.07142857142857142,0.020714285714285713
0.0,1856.0,1856.0,13.0,566.0,1,0.0,0.92,0.29,none,0,3712.0,1.970276008492569,1.0,0.5710738671632527,0.0,0.0,0.07142857142857142,0.020714285714285713
0.0,0.0,0.0,13.0,277.0,1,0.0,1.01,0.29,none,0,0.0,0.0,1.0,0.6040669856459331,0.0,0.0,0.07142857142857142,0.020714285714285713
0.0,928.0,928.0,13.0,393.0,1,0.0,2.86,0.29,none,0,1856.0,1.0927932171455488,1.0,1.460674157303371,0.0,0.0,0.07142857142857142,0.020714285714285713
0.0,928.0,928.0,13.0,295.0,1,0.0,3.02,0.43,none,0,1856.0,1.0927932171455488,1.0,1.495049504950495,0.0,0.0,0.07142857142857142,0.030714285714285715
0.0,928.0,928.0,13.0,415.0,1,0.0,2.81,0.43,none,0,1856.0,1.0982248520710058,1.0,1.5911664779161947,0.0,0.0,0.07142857142857142,0.030714285714285715
0.0,928.0,928.0,13.0,332.0,1,0.0,1.03,0.43,none,0,1856.0,1.0982248520710058,1.0,0.587564175698802,0.0,0.0,0.07142857142857142,0.030714285714285715
0.0,0.0,0.0,13.0,80.0,1,0.0,0.25,0.43,none,0,0.0,0.0,1.0,0.14697236919459142,0.0,0.0,0.07142857142857142,0.030714285714285715
0.0,1026.0,1026.0,13.0,542.0,1,0.0,4.79,0.43,none,0,2052.0,1.3464566929133859,1.0,2.308433734939759,0.0,0.0,0.07142857142857142,0.030714285714285715
0.0,928.0,928.0,13.0,288.0,1,0.0,1.77,0.4,none,0,1856.0,1.2337144376495612,1.0,0.9505907626208377,0.0,0.0,0.07142857142857142,0.028571428571428574
0.0,928.0,928.0,13.0,413.0,1,0.0,2.56,0.4,none,0,1856.0,1.0982248520710058,1.0,1.2178877259752614,0.0,0.0,0.07142857142857142,0.028571428571428574
0.0,0.0,0.0,13.0,166.0,1,0.0,0.75,0.4,none,0,0.0,0.0,1.0,0.3597122302158273,0.0,0.0,0.07142857142857142,0.028571428571428574
0.0,928.0,928.0,13.0,316.0,1,0.0,2.32,0.4,none,0,1856.0,1.2337144376495612,1.0,1.046931407942238,0.0,0.0,0.07142857142857142,0.028571428571428574
0.0,928.0,928.0,13.0,567.0,1,0.0,3.44,0.44,none,0,1856.0,1.2337144376495612,1.0,1.5127528583992964,0.0,0.0,0.07142857142857142,0.03142857142857143
0.0,928.0,928.0,13.0,319.0,1,0.0,2.76,0.44,none,0,1856.0,1.2337144376495612,1.0,1.2277580071174377,0.0,0.0,0.07142857142857142,0.03142857142857143
0.0,0.0,0.0,13.0,155.0,1,0.0,0.25,0.44,none,0,0.0,0.0,1.0,0.1255020080321285,0.0,0.0,0.07142857142857142,0.03142857142857143
0.0,0.0,0.0,13.0,79.0,1,0.0,0.0,0.44,none,0,0.0,0.0,1.0,0.0,0.0,0.0,0.07142857142857142,0.03142857142857143
0.0,0.0,0.0,13.0,81.0,1,0.0,0.0,0.44,none,0,0.0,0.0,1.0,0.0,0.0,0.0,0.07142857142857142,0.03142857142857143
0.0,1026.0,1026.0,13.0,654.0,1,0.0,8.73,0.49,none,0,2052.0,1.8108012707377337,1.0,3.8662533215234722,0.0,0.0,0.07142857142857142,0.034999999999999996
0.0,0.0,0.0,13.0,119.0,1,0.0,0.25,0.49,none,0,0.0,0.0,1.0,0.11870845204178536,0.0,0.0,0.07142857142857142,0.034999999999999996
0.0,928.0,928.0,13.0,302.0,1,0.0,2.78,0.49,none,0,1856.0,1.9586323343182777,1.0,1.306390977443609,0.0,0.0,0.07142857142857142,0.034999999999999996
0.0,0.0,0.0,13.0,252.0,1,0.0,0.25,0.49,none,0,0.0,0.0,1.0,0.1203079884504331,0.0,0.0,0.07142857142857142,0.034999999999999996
0.0,928.0,928.0,13.0,269.0,1,0.0,0.51,0.49,none,0,1856.0,1.9586323343182777,1.0,0.2688455455983131,0.0,0.0,0.07142857142857142,0.034999999999999996
0.0,1012.0,1012.0,13.0,345.0,1,0.0,1.8,0.45,none,0,2024.0,2.098714226462049,1.0,1.03866128101558,0.0,0.0,0.07142857142857142,0.03214285714285715
0.0,928.0,928.0,13.0,494.0,1,0.0,5.68,0.45,none,0,1856.0,1.924512650352551,1.0,2.8049382716049385,0.0,0.0,0.07142857142857142,0.03214285714285715
0.0,928.0,928.0,13.0,312.0,1,0.0,3.02,0.45,none,0,1856.0,1.613913043478261,1.0,1.311902693310165,0.0,0.0,0.07142857142857142,0.03214285714285715
0.0,928.0,928.0,13.0,241.0,1,0.0,1.04,0.45,none,0,1856.0,1.3896376160527104,1.0,0.43225270157938495,0.0,0.0,0.07142857142857142,0.03214285714285715
0.0,928.0,928.0,13.0,267.0,1,0.0,2.29,0.45,none,0,1856.0,1.2200894031028136,1.0,0.8690702087286527,0.0,0.0,0.07142857142857142,0.03214285714285715
0.0,98.0,98.0,13.0,316.0,1,0.0,1.79,0.41,none,0,196.0,0.14675052410901468,1.0,0.9222050489438434,0.0,0.0,0.07142857142857142,0.029285714285714283
0.0,928.0,928.0,13.0,442.0,1,0.0,4.4,0.41,none,0,1856.0,1.2200894031028136,1.0,1.8675721561969438,0.0,0.0,0.07142857142857142,0.029285714285714283
0.0,928.0,928.0,13.0,325.0,1,0.0,3.77,0.41,none,0,1856.0,1.2200894031028136,1.0,1.535641547861507,0.0,0.0,0.07142857142857142,0.029285714285714283
0.0,928.0,928.0,13.0,358.0,1,0.0,0.75,0.41,none,0,1856.0,1.0874150456995548,1.0,0.29940119760479045,0.0,0.0,0.07142857142857142,0.029285714285714283
0.0,0.0,0.0,13.0,153.0,1,0.0,0.49,0.38,none,0,0.0,0.0,1.0,0.19576508190171793,0.0,0.0,0.07142857142857142,0.027142857142857142
0.0,928.0,928.0,13.0,576.0,1,0.0,4.96,0.38,none,0,1856.0,1.2337144376495612,1.0,1.7594891805604824,0.0,0.0,0.07142857142857142,0.027142857142857142
0.0,928.0,928.0,13.0,357.0,1,0.0,2.31,0.38,none,0,1856.0,1.2337144376495612,1.0,0.9307010475423045,0.0,0.0,0.07142857142857142,0.027142857142857142
0.0,0.0,0.0,13.0,131.0,1,0.0,0.25,0.38,none,0,0.0,0.0,1.0,0.11337868480725623,0.0,0.0,0.07142857142857142,0.027142857142857142
0.0,928.0,928.0,13.0,318.0,1,0.0,0.52,0.38,none,0,1856.0,1.4073400060661208,1.0,0.24152345564328845,0.0,0.0,0.07142857142857142,0.027142857142857142
0.0,0.0,0.0,13.0,217.0,1,0.0,0.5,0.35,none,0,0.0,0.0,1.0,0.25329280648429586,0.0,0.0,0.07142857142857142,0.024999999999999998
0.0,1026.0,1026.0,13.0,217.0,1,0.0,0.53,0.35,none,0,2052.0,1.5559599636032757,1.0,0.28679653679653677,0.0,0.0,0.07142857142857142,0.024999999999999998
0.0,928.0,928.0,13.0,472.0,1,0.0,4.43,0.35,none,0,1856.0,1.4073400060661208,1.0,2.3933009184224745,0.0,0.0,0.07142857142857142,0.024999999999999998
0.0,0.0,0.0,13.0,147.0,1,0.0,0.0,0.35,none,0,0.0,0.0,1.0,0.0,0.0,0.0,0.07142857142857142,0.024999999999999998
0.0,928.0,928.0,13.0,398.0,1,0.0,0.78,0.35,none,0,1856.0,1.6378397458524532,1.0,0.5280974949221395,0.0,0.0,0.07142857142857142,0.024999999999999998
0.0,0.0,0.0,13.0,91.0,1,0.0,0.0,0.32,none,0,0.0,0.0,1.0,0.0,0.0,0.0,0.07142857142857142,0.022857142857142857
0.0,928.0,928.0,13.0,384.0,1,0.0,3.32,0.32,none,0,1856.0,1.6378397458524532,1.0,2.6265822784810124,0.0,0.0,0.07142857142857142,0.022857142857142857
0.0,928.0,928.0,13.0,402.0,1,0.0,5.05,0.32,none,0,1856.0,1.6378397458524532,1.0,3.2834850455136544,0.0,0.0,0.07142857142857142,0.022857142857142857
0.0,0.0,0.0,13.0,138.0,1,0.0,0.25,0.32,none,0,0.0,0.0,1.0,0.16254876462938883,0.0,0.0,0.07142857142857142,0.022857142857142857
0.0,928.0,928.0,13.0,193.0,1,0.0,0.77,0.32,none,0,1856.0,1.6378397458524532,1.0,0.49264235444657706,0.0,0.0,0.07142857142857142,0.022857142857142857
0.0,1026.0,1026.0,13.0,553.0,1,0.0,8.0,0.3,none,0,2052.0,1.5331739390316794,1.0,3.458711629917856,0.0,0.0,0.07142857142857142,0.02142857142857143
0.0,928.0,928.0,13.0,225.0,1,0.0,0.51,0.3,none,0,1856.0,1.4073400060661208,1.0,0.22068368671570746,0.0,0.0,0.07142857142857142,0.02142857142857143
0.0,928.0,928.0,13.0,388.0,1,0.0,4.4,0.3,none,0,1856.0,1.4073400060661208,1.0,1.9064124783362222,0.0,0.0,0.07142857142857142,0.02142857142857143
0.0,0.0,0.0,13.0,135.0,1,0.0,0.25,0.3,none,0,0.0,0.0,1.0,0.10715816545220747,0.0,0.0,0.07142857142857142,0.02142857142857143
0.0,928.0,928.0,13.0,301.0,1,0.0,0.78,0.3,none,0,1856.0,1.4073400060661208,1.0,0.33433347621088727,0.0,0.0,0.07142857142857142,0.02142857142857143
0.0,928.0,928.0,13.0,273.0,1,0.0,3.31,0.27,none,0,1856.0,1.2337144376495612,1.0,1.2424924924924925,0.0,0.0,0.07142857142857142,0.019285714285714288
0.0,970.0,970.0,13.0,130.0,1,0.0,0.0,0.27,none,0,1940.0,1.2823902696985723,1.0,0.0,0.0,0.0,0.07142857142857142,0.019285714285714288
0.0,928.0,928.0,13.0,356.0,1,0.0,2.08,0.27,none,0,1856.0,1.2268640930724484,1.0,1.0221130221130221,0.0,0.0,0.07142857142857142,0.019285714285714288
0.0,928.0,928.0,13.0,428.0,1,0.0,2.36,0.27,none,0,1856.0,1.0927932171455488,1.0,1.0507569011576134,0.0,0.0,0.07142857142857142,0.019285714285714288
0.0,928.0,928.0,13.0,256.0,1,0.0,0.23,0.25,none,0,1856.0,1.0927932171455488,1.0,0.10492700729927007,0.0,0.0,0.07142857142857142,0.017857142857142856
0.0,1026.0,1026.0,13.0,372.0,1,0.0,1.57,0.25,none,0,2052.0,1.2081959491285916,1.0,1.013557133634603,0.0,0.0,0.07142857142857142,0.017857142857142856
0.0,928.0,928.0,13.0,279.0,1,0.0,0.24,0.25,none,0,1856.0,1.0927932171455488,1.0,0.15768725361366623,0.0,0.0,0.07142857142857142,0.017857142857142856
0.0,0.0,0.0,13.0,242.0,1,0.0,0.9,0.25,none,0,0.0,0.0,1.0,0.7679180887372012,0.0,0.0,0.07142857142857142,0.017857142857142856
0.0,928.0,928.0,13.0,345.0,1,0.0,3.23,0.25,none,0,1856.0,1.0927932171455488,1.0,2.197278911564626,0.0,0.0,0.07142857142857142,0.017857142857142856
0.0,928.0,928.0,13.0,307.0,1,0.0,0.52,0.23,none,0,1856.0,1.0927932171455488,1.0,0.36011080332409967,0.0,0.0,0.07142857142857142,0.016428571428571428
0.0,970.0,970.0,13.0,244.0,1,0.0,0.47,0.23,none,0,1940.0,1.136629950785095,1.0,0.4051724137931035,0.0,0.0,0.07142857142857142,0.016428571428571428
0.0,928.0,928.0,13.0,346.0,1,0.0,3.82,0.23,none,0,1856.0,1.0927932171455488,1.0,2.4773022049286637,0.0,0.0,0.07142857142857142,0.016428571428571428
0.0,928.0,928.0,13.0,392.0,1,0.0,1.99,0.23,none,0,1856.0,1.0927932171455488,1.0,1.2981082844096543,0.0,0.0,0.07142857142857142,0.016428571428571428
0.0,928.0,928.0,13.0,350.0,1,0.0,3.08,0.21,none,0,1856.0,1.0927932171455488,1.0,1.9190031152647975,0.0,0.0,0.07142857142857142,0.015
0.0,98.0,98.0,13.0,286.0,1,0.0,0.77,0.21,none,0,196.0,0.12790394152962672,1.0,0.4641350210970464,0.0,0.0,0.07142857142857142,0.015
0.0,928.0,928.0,13.0,164.0,1,0.0,0.75,0.21,none,0,1856.0,1.2268640930724484,1.0,0.4755865567533291,0.0,0.0,0.07142857142857142,0.015
0.0,928.0,928.0,13.0,283.0,1,0.0,0.45,0.21,none,0,1856.0,1.2268640930724484,1.0,0.2816020025031289,0.0,0.0,0.07142857142857142,0.015
0.0,928.0,928.0,12.0,591.0,1,0.0,4.09,0.19,none,0,1856.0,1.0927932171455488,0.9302325581395349,2.1335419926969226,0.0,0.0,0.07692307692307693,0.014615384615384615
0.0,928.0,928.0,13.0,357.0,1,0.0,1.31,0.19,none,0,1856.0,1.0927932171455488,1.0077519379844961,0.7594202898550725,0.0,0.0,0.07142857142857142,0.013571428571428571
0.0,100.0,100.0,12.0,246.0,0,0.0,1.05,0.29,none,0,200.0,0.1304801670146138,0.9375,0.5905511811023623,0.0,0.0,0.0,0.022307692307692306
0.0,100.0,100.0,12.0,249.0,0,0.0,1.31,0.29,none,0,200.0,0.14718869590815425,0.9448818897637796,0.703544575725027,0.0,0.0,0.0,0.022307692307692306
0.0,100.0,100.0,12.0,431.0,0,0.0,3.47,0.29,none,0,200.0,0.16761649346295676,0.9523809523809524,1.8992884510125891,0.0,0.0,0.0,0.022307692307692306
0.0,100.0,100.0,12.0,348.0,0,0.0,3.66,0.29,none,0,200.0,0.1946282600233554,0.96,1.835506519558676,0.0,0.0,0.0,0.022307692307692306
0.0,100.0,100.0,12.0,312.0,0,0.0,4.36,0.26,none,0,200.0,0.23201856148491878,0.9677419354838709,2.0546654099905752,0.0,0.0,0.0,0.02
0.0,98.0,98.0,12.0,316.0,0,0.0,4.65,0.26,none,0,196.0,0.2273781902552204,0.975609756097561,1.8525896414342629,0.0,0.0,0.0,0.02
0.0,100.0,100.0,12.0,240.0,0,0.0,0.79,0.26,none,0,200.0,0.2871912693854107,0.9836065573770493,0.3142402545743834,0.0,0.0,0.0,0.02
0.0,100.0,100.0,12.0,448.0,0,0.0,5.5,0.26,none,0,200.0,0.3767897513187642,0.9917355371900827,1.82179529645578,0.0,0.0,0.0,0.02
0.0,100.0,100.0,12.0,289.0,0,0.0,3.34,0.26,none,0,200.0,0.547645125958379,0.9917355371900827,1.1345108695652173,0.0,0.0,0.0,0.02
0.0,100.0,100.0,12.0,331.0,0,0.0,3.39,0.32,none,0,200.0,1.0020040080160322,1.0,1.075507614213198,0.0,0.0,0.0,0.024615384615384615
0.0,100.0,100.0,12.0,258.0,0,0.0,2.86,0.32,none,0,200.0,1.0020040080160322,1.0,0.8580858085808579,0.0,0.0,0.0,0.024615384615384615
0.0,100.0,100.0,12.0,403.0,0,0.0,3.12,0.32,none,0,200.0,1.0020040080160322,1.0,0.8878770631758679,0.0,0.0,0.0,0.024615384615384615
0.0,0.0,0.0,12.0,431.0,0,0.0,4.65,0.32,none,0,0.0,0.0,1.0,1.2802863436123348,0.0,0.0,0.0,0.024615384615384615
0.0,100.0,100.0,12.0,220.0,0,0.0,3.34,0.32,none,0,200.0,1.1135857461024499,1.0,0.9277777777777777,0.0,0.0,0.0,0.024615384615384615
0.0,100.0,100.0,12.0,260.0,0,0.0,2.37,0.3,none,0,200.0,1.1135857461024499,1.0,0.6968538665098502,0.0,0.0,0.0,0.023076923076923075
0.0,198.0,198.0,12.0,433.0,0,0.0,5.5,0.3,none,0,396.0,1.9839679358717435,1.0,1.5777395295467587,0.0,0.0,0.0,0.023076923076923075
0.0,100.0,100.0,12.0,194.0,0,0.0,1.05,0.3,none,0,200.0,1.0020040080160322,1.0,0.29897494305239175,0.0,0.0,0.0,0.023076923076923075
0.0,0.0,0.0,12.0,412.0,0,0.0,3.66,0.3,none,0,0.0,0.0,1.0,1.0997596153846154,0.0,0.0,0.0,0.023076923076923075
0.0,100.0,100.0,12.0,322.0,0,0.0,3.59,0.3,none,0,200.0,1.1135857461024499,1.0,1.070682970474202,0.0,0.0,0.0,0.023076923076923075
0.0,100.0,100.0,12.0,301.0,0,0.0,3.06,0.35,none,0,200.0,1.1135857461024499,1.0,0.9216867469879517,0.0,0.0,0.0,0.02692307692307692
0.0,142.0,142.0,12.0,400.0,0,0.0,1.83,0.35,none,0,284.0,1.5106382978723405,1.0,0.5688529686042897,0.0,0.0,0.0,0.02692307692307692
0.0,0.0,0.0,12.0,294.0,0,0.0,2.34,0.35,none,0,0.0,0.0,1.0,0.7454603376871615,0.0,0.0,0.0,0.02692307692307692
0.0,100.0,100.0,12.0,369.0,0,0.0,2.14,0.35,none,0,200.0,1.0638297872340425,1.0,0.7409972299168974,0.0,0.0,0.0,0.02692307692307692
0.0,100.0,100.0,12.0,408.0,0,0.0,2.61,0.35,none,0,200.0,1.0638297872340425,1.0,0.9271758436944938,0.0,0.0,0.0,0.02692307692307692
0.0,100.0,100.0,12.0,258.0,0,0.0,2.06,0.33,none,0,200.0,1.0638297872340425,1.0,0.7399425287356323,0.0,0.0,0.0,0.025384615384615387
0.0,198.0,198.0,12.0,379.0,0,0.0,3.65,0.33,none,0,396.0,2.106382978723404,1.0,1.404386302424009,0.0,0.0,0.0,0.025384615384615387
0.0,0.0,0.0,12.0,193.0,0,0.0,0.51,0.33,none,0,0.0,0.0,1.0,0.20039292730844796,0.0,0.0,0.0,0.025384615384615387
0.0,100.0,100.0,12.0,507.0,0,0.0,4.5,0.33,none,0,200.0,1.0638297872340425,1.0,1.711677443895017,0.0,0.0,0.0,0.025384615384615387
0.0,100.0,100.0,12.0,275.0,0,0.0,2.58,0.33,none,0,200.0,1.0638297872340425,1.0,1.0205696202531647,0.0,0.0,0.0,0.025384615384615387
0.0,100.0,100.0,12.0,384.0,0,0.0,2.88,0.3,none,0,200.0,1.0638297872340425,1.0,1.147410358565737,0.0,0.0,0.0,0.023076923076923075
0.0,100.0,100.0,12.0,281.0,0,0.0,1.84,0.3,none,0,200.0,1.1135857461024499,1.0,0.7327757865392274,0.0,0.0,0.0,0.023076923076923075
0.0,100.0,100.0,12.0,236.0,0,0.0,2.55,0.3,none,0,200.0,1.0020040080160322,1.0,1.0071090047393365,0.0,0.0,0.0,0.023076923076923075
0.0,0.0,0.0,12.0,427.0,0,0.0,3.64,0.3,none,0,0.0,0.0,1.0,1.3571961222967934,0.0,0.0,0.0,0.023076923076923075
0.0,100.0,100.0,12.0,299.0,0,0.0,3.51,0.3,none,0,200.0,1.1135857461024499,1.0,1.2662337662337662,0.0,0.0,0.0,0.023076923076923075
0.0,100.0,100.0,12.0,270.0,0,0.0,2.52,0.35,none,0,200.0,1.1135857461024499,1.0,0.8942512420156139,0.0,0.0,0.0,0.02692307692307692
0.0,198.0,198.0,12.0,338.0,0,0.0,1.3,0.35,none,0,396.0,2.2048997772828507,1.0,0.5032907471931863,0.0,0.0,0.0,0.02692307692307692
0.0,100.0,100.0,12.0,404.0,0,0.0,2.16,0.35,none,0,200.0,1.0020040080160322,1.0,0.7860262008733624,0.0,0.0,0.0,0.02692307692307692
0.0,0.0,0.0,12.0,306.0,0,0.0,1.74,0.35,none,0,0.0,0.0,1.0,0.7038834951456311,0.0,0.0,0.0,0.02692307692307692
0.0,100.0,100.0,12.0,257.0,0,0.0,0.8,0.33,none,0,200.0,1.1135857461024499,1.0,0.3487358326068004,0.0,0.0,0.0,0.025384615384615387
0.0,100.0,100.0,12.0,272.0,0,0.0,3.59,0.33,none,0,200.0,1.1135857461024499,1.0,1.517970401691332,0.0,0.0,0.0,0.025384615384615387
0.0,142.0,142.0,12.0,325.0,0,0.0,3.36,0.33,none,0,284.0,1.5106382978723405,1.0,1.3349225268176401,0.0,0.0,0.0,0.025384615384615387
0.0,100.0,100.0,12.0,420.0,0,0.0,3.59,0.33,none,0,200.0,1.0638297872340425,1.0,1.3697062190003817,0.0,0.0,0.0,0.025384615384615387
0.0,100.0,100.0,12.0,395.0,0,0.0,2.35,0.3,none,0,200.0,0.9615384615384616,1.0,0.9430176565008026,0.0,0.0,0.0,0.023076923076923075
0.0,100.0,100.0,12.0,334.0,0,0.0,4.09,0.3,none,0,200.0,0.9615384615384616,1.0,1.603921568627451,0.0,0.0,0.0,0.023076923076923075
0.0,198.0,198.0,12.0,345.0,0,0.0,3.03,0.3,none,0,396.0,1.7398945518453428,1.0,1.1649365628604382,0.0,0.0,0.0,0.023076923076923075
0.0,100.0,100.0,12.0,346.0,0,0.0,1.96,0.3,none,0,200.0,0.9615384615384616,1.0,0.7349081364829396,0.0,0.0,0.0,0.023076923076923075
0.0,0.0,0.0,12.0,368.0,0,0.0,2.6,0.3,none,0,0.0,0.0,1.0,0.9590556990040576,0.0,0.0,0.0,0.023076923076923075
0.0,100.0,100.0,12.0,231.0,0,0.0,2.55,0.28,none,0,200.0,0.9615384615384616,1.0,0.9133237822349569,0.0,0.0,0.0,0.02153846153846154
0.0,100.0,100.0,12.0,300.0,0,0.0,2.08,0.28,none,0,200.0,0.9615384615384616,1.0,0.7123287671232877,0.0,0.0,0.0,0.02153846153846154
0.0,100.0,100.0,12.0,399.0,0,0.0,2.69,0.28,none,0,200.0,0.9615384615384616,1.0,0.950530035335689,0.0,0.0,0.0,0.02153846153846154
0.0,100.0,100.0,12.0,266.0,0,0.0,0.78,0.28,none,0,200.0,1.0020040080160322,1.0,0.3032659409020218,0.0,0.0,0.0,0.02153846153846154
0.0,0.0,0.0,12.0,165.0,0,0.0,0.51,0.28,none,0,0.0,0.0,1.0,0.2252650176678445,0.0,0.0,0.0,0.02153846153846154
0.0,100.0,100.0,12.0,381.0,0,0.0,3.45,0.25,none,0,200.0,1.1135857461024499,1.0,1.453243470935131,0.0,0.0,0.0,0.019230769230769232
0.0,100.0,100.0,12.0,211.0,0,0.0,1.05,0.25,none,0,200.0,1.1135857461024499,1.0,0.5072463768115942,0.0,0.0,0.0,0.019230769230769232
0.0,98.0,98.0,12.0,307.0,0,0.0,2.04,0.25,none,0,196.0,1.2280701754385965,1.0,1.035007610350076,0.0,0.0,0.0,0.019230769230769232
0.0,100.0,100.0,12.0,346.0,0,0.0,0.26,0.25,none,0,200.0,1.2531328320802007,1.0,0.14436424208772902,0.0,0.0,0.0,0.019230769230769232
0.0,100.0,100.0,12.0,201.0,0,0.0,1.54,0.25,none,0,200.0,1.1135857461024499,1.0,0.9085545722713866,0.0,0.0,0.0,0.019230769230769232
0.0,100.0,100.0,12.0,365.0,0,0.0,2.89,0.23,none,0,200.0,1.1135857461024499,1.0,1.6714864083285137,0.0,0.0,0.0,0.017692307692307695
0.0,42.0,42.0,12.0,288.0,0,0.0,0.78,0.23,none,0,84.0,0.5,1.0,0.4878048780487804,0.0,0.0,0.0,0.017692307692307695
0.0,100.0,100.0,12.0,292.0,0,0.0,2.32,0.23,none,0,200.0,1.1904761904761905,1.0,1.4852752880921893,0.0,0.0,0.0,0.017692307692307695
0.0,100.0,100.0,12.0,295.0,0,0.0,2.82,0.23,none,0,200.0,1.1904761904761905,1.0,1.59682899207248,0.0,0.0,0.0,0.017692307692307695
0.0,100.0,100.0,12.0,389.0,0,0.0,2.35,0.23,none,0,200.0,1.0638297872340425,1.0,1.2051282051282053,0.0,0.0,0.0,0.017692307692307695
0.0,100.0,100.0,12.0,417.0,0,0.0,3.41,0.21,none,0,200.0,1.0638297872340425,1.0,1.7523124357656732,0.0,0.0,0.0,0.016153846153846154
0.0,0.0,0.0,12.0,199.0,0,10.8,0.52,0.21,none,0,0.0,0.0,1.0,0.27469624933967246,20.768831368627527,0.0,0.0,0.016153846153846154
0.0,198.0,198.0,12.0,288.0,0,0.0,1.08,0.21,none,0,396.0,2.106382978723404,1.0,0.6010016694490818,0.0,0.0,0.0,0.016153846153846154
0.0,100.0,100.0,12.0,431.0,0,0.0,4.62,0.21,none,0,200.0,1.0638297872340425,1.0,2.06896551724138,0.0,0.0,0.0,0.016153846153846154
0.0,100.0,100.0,12.0,354.0,0,0.0,1.05,0.21,none,0,200.0,1.0638297872340425,1.0,0.4807692307692307,0.0,0.0,0.0,0.016153846153846154
0.0,100.0,100.0,12.0,442.0,0,0.0,3.99,0.28,none,0,200.0,1.0638297872340425,1.0,1.739319965126417,0.0,0.0,0.0,0.02153846153846154
0.0,0.0,0.0,12.0,124.0,0,0.0,0.25,0.28,none,0,0.0,0.0,1.0,0.11155734047300311,0.0,0.0,0.0,0.02153846153846154
0.0,100.0,100.0,12.0,356.0,0,0.0,3.59,0.28,none,0,200.0,1.1135857461024499,1.0,1.5160472972972974,0.0,0.0,0.0,0.02153846153846154
0.0,100.0,100.0,12.0,287.0,0,0.0,3.84,0.28,none,0,200.0,1.1135857461024499,1.0,1.5546558704453441,0.0,0.0,0.0,0.02153846153846154
0.0,100.0,100.0,12.0,323.0,0,0.0,3.15,0.33,none,0,200.0,1.1135857461024499,1.0,1.2352941176470589,0.0,0.0,0.0,0.025384615384615387
0.0,100.0,100.0,12.0,363.0,0,0.0,3.99,0.33,none,0,200.0,1.1135857461024499,1.0,1.529907975460123,0.0,0.0,0.0,0.025384615384615387
0.0,98.0,98.0,12.0,274.0,0,0.0,1.8,0.33,none,0,196.0,0.9839357429718876,1.0,0.6578947368421053,0.0,0.0,0.0,0.025384615384615387
0.0,100.0,100.0,12.0,378.0,0,0.0,3.32,0.33,none,0,200.0,1.1135857461024499,1.0,1.1216216216216215,0.0,0.0,0.0,0.025384615384615387
0.0,100.0,100.0,12.0,280.0,0,0.0,3.08,0.33,none,0,200.0,1.1135857461024499,1.0,1.0976478973627941,0.0,0.0,0.0,0.025384615384615387
0.0,100.0,100.0,12.0,283.0,0,0.0,3.11,0.31,none,0,200.0,1.1135857461024499,1.0,1.0325365205843295,0.0,0.0,0.0,0.023846153846153847
0.0,100.0,100.0,12.0,484.0,0,0.0,5.21,0.31,none,0,200.0,1.1135857461024499,1.0,1.662412252712189,0.0,0.0,0.0,0.023846153846153847
0.0,100.0,100.0,12.0,343.0,0,0.0,2.91,0.31,none,0,200.0,1.0020040080160322,1.0,0.8558823529411765,0.0,0.0,0.0,0.023846153846153847
0.0,100.0,100.0,12.0,461.0,0,0.0,4.22,0.31,none,0,200.0,1.0020040080160322,1.0,1.2185965925498121,0.0,0.0,0.0,0.023846153846153847
0.0,0.0,0.0,12.0,246.0,0,0.0,1.02,0.31,none,0,0.0,0.0,1.0,0.3206538824269098,0.0,0.0,0.0,0.023846153846153847
0.0,100.0,100.0,12.0,228.0,0,0.0,1.04,0.28,none,0,200.0,1.1135857461024499,1.0,0.3501683501683502,0.0,0.0,0.0,0.02153846153846154
0.0,100.0,100.0,12.0,361.0,0,0.0,4.36,0.28,none,0,200.0,1.1135857461024499,1.0,1.449950116395078,0.0,0.0,0.0,0.02153846153846154
0.0,198.0,198.0,12.0,587.0,0,0.0,6.91,0.28,none,0,396.0,1.9839679358717435,1.0,1.9641841955656625,0.0,0.0,0.0,0.02153846153846154
0.0,100.0,100.0,12.0,302.0,0,0.0,3.1,0.28,none,0,200.0,1.0020040080160322,1.0,0.8867276887871853,0.0,0.0,0.0,0.02153846153846154
0.0,100.0,100.0,12.0,283.0,0,0.0,1.32,0.28,none,0,200.0,1.0020040080160322,1.0,0.39759036144578314,0.0,0.0,0.0,0.02153846153846154
0.0,0.0,0.0,12.0,230.0,0,0.0,2.27,0.26,none,0,0.0,0.0,1.0,0.7014833127317677,0.0,0.0,0.0,0.02
0.0,100.0,100.0,12.0,191.0,0,0.0,1.54,0.26,none,0,200.0,1.1135857461024499,1.0,0.5367723945625653,0.0,0.0,0.0,0.02
0.0,142.0,142.0,12.0,455.0,0,0.0,5.25,0.26,none,0,284.0,1.5106382978723405,1.0,1.6919110538188848,0.0,0.0,0.0,0.02
0.0,100.0,100.0,12.0,378.0,0,0.0,3.63,0.26,none,0,200.0,1.0638297872340425,1.0,1.1925098554533509,0.0,0.0,0.0,0.02
0.0,0.0,0.0,12.0,198.0,0,0.0,1.32,0.26,none,0,0.0,0.0,1.0,0.4294079375406636,0.0,0.0,0.0,0.02
0.0,100.0,100.0,12.0,300.0,0,0.0,1.52,0.24,none,0,200.0,1.0638297872340425,1.0,0.48686739269698914,0.0,0.0,0.0,0.01846153846153846
0.0,100.0,100.0,12.0,348.0,0,0.0,2.45,0.24,none,0,200.0,1.0638297872340425,1.0,0.8358921869669056,0.0,0.0,0.0,0.01846153846153846
0.0,198.0,198.0,12.0,543.0,0,0.0,6.36,0.24,none,0,396.0,2.106382978723404,1.0,2.211404728789986,0.0,0.0,0.0,0.01846153846153846
0.0,100.0,100.0,12.0,334.0,0,0.0,1.04,0.24,none,0,200.0,1.0638297872340425,1.0,0.3895131086142322,0.0,0.0,0.0,0.01846153846153846
0.0,100.0,100.0,12.0,291.0,0,0.0,1.19,0.22,none,0,200.0,1.0638297872340425,1.0,0.44787354158825743,0.0,0.0,0.0,0.016923076923076923
0.0,100.0,100.0,12.0,289.0,0,0.0,3.85,0.22,none,0,200.0,0.9615384615384616,1.0,1.3676731793960923,0.0,0.0,0.0,0.016923076923076923
0.0,100.0,100.0,12.0,221.0,0,0.0,0.79,0.22,none,0,200.0,0.9615384615384616,1.0,0.2883211678832117,0.0,0.0,0.0,0.016923076923076923
0.0,142.0,142.0,12.0,463.0,0,0.0,4.51,0.22,none,0,284.0,1.3653846153846154,1.0,1.6916729182295573,0.0,0.0,0.0,0.016923076923076923
0.0,100.0,100.0,12.0,300.0,0,0.0,3.84,0.22,none,0,200.0,0.9615384615384616,1.0,1.4291030889467806,0.0,0.0,0.0,0.016923076923076923
0.0,100.0,100.0,12.0,300.0,0,0.0,1.3,0.2,none,0,200.0,0.8771929824561403,1.0,0.48417132216014896,0.0,0.0,0.0,0.015384615384615385
0.0,100.0,100.0,12.0,200.0,0,0.0,0.49,0.2,none,0,200.0,0.8771929824561403,1.0,0.1897753679318358,0.0,0.0,0.0,0.015384615384615385
0.0,98.0,98.0,12.0,267.0,0,0.0,2.34,0.2,none,0,196.0,0.8611599297012302,1.0,0.9101516919486582,0.0,0.0,0.0,0.015384615384615385
0.0,100.0,100.0,12.0,460.0,0,0.0,3.2,0.2,none,0,200.0,0.9615384615384616,1.0,1.419068736141907,0.0,0.0,0.0,0.015384615384615385
0.0,100.0,100.0,12.0,287.0,0,0.0,2.31,0.2,none,0,200.0,0.9615384615384616,1.0,0.9697732997481108,0.0,0.0,0.0,0.015384615384615385
0.0,100.0,100.0,12.0,202.0,0,0.0,1.05,0.19,none,0,200.0,0.9615384615384616,1.0,0.4434121621621622,0.0,0.0,0.0,0.014615384615384615
0.0,100.0,100.0,12.0,314.0,0,0.0,4.36,0.19,none,0,200.0,0.9615384615384616,1.0,1.8023976849937993,0.0,0.0,0.0,0.014615384615384615
0.0,100.0,100.0,12.0,406.0,0,0.0,3.97,0.19,none,0,200.0,0.9615384615384616,1.0,1.450493240774571,0.0,0.0,0.0,0.014615384615384615
0.0,0.0,0.0,12.0,407.0,0,0.0,3.36,0.19,none,0,0.0,0.0,1.0,1.2814645308924486,0.0,0.0,0.0,0.014615384615384615
0.0,100.0,100.0,12.0,270.0,0,0.0,2.03,0.17,none,0,200.0,1.1135857461024499,1.0,0.8316263826300696,0.0,0.0,0.0,0.013076923076923078
0.0,100.0,100.0,12.0,299.0,0,0.0,2.02,0.17,none,0,200.0,1.1135857461024499,1.0,0.8038201352964585,0.0,0.0,0.0,0.013076923076923078
0.0,100.0,100.0,12.0,207.0,0,0.0,0.5,0.17,none,0,200.0,1.1135857461024499,1.0,0.19888623707239458,0.0,0.0,0.0,0.013076923076923078
0.0,198.0,198.0,12.0,445.0,0,0.0,2.69,0.17,none,0,396.0,1.9839679358717435,1.0,1.0553158101216162,0.0,0.0,0.0,0.013076923076923078
0.0,100.0,100.0,12.0,376.0,0,0.0,2.92,0.17,none,0,200.0,1.0020040080160322,1.0,1.1582705275684253,0.0,0.0,0.0,0.013076923076923078
0.0,100.0,100.0,12.0,285.0,0,0.0,2.62,0.16,none,0,200.0,1.0020040080160322,1.0,1.0266457680250785,0.0,0.0,0.0,0.012307692307692308
0.0,0.0,0.0,12.0,208.0,0,0.0,1.03,0.16,none,0,0.0,0.0,1.0,0.40392156862745104,0.0,0.0,0.0,0.012307692307692308
0.0,100.0,100.0,12.0,241.0,0,0.0,2.04,0.16,none,0,200.0,1.1135857461024499,1.0,0.8800690250215704,0.0,0.0,0.0,0.012307692307692308
0.0,100.0,100.0,12.0,294.0,0,0.0,1.04,0.16,none,0,200.0,1.1135857461024499,1.0,0.5135802469135803,0.0,0.0,0.0,0.012307692307692308
0.0,100.0,100.0,12.0,426.0,0,0.0,2.62,0.16,none,0,200.0,1.0020040080160322,1.0,1.3429010763710918,0.0,0.0,0.0,0.012307692307692308
0.0,100.0,100.0,12.0,369.0,0,0.0,3.64,0.14,none,0,200.0,1.0020040080160322,1.0,1.7234848484848484,0.0,0.0,0.0,0.01076923076923077
0.0,100.0,100.0,12.0,309.0,0,0.0,3.75,0.14,none,0,200.0,1.0020040080160322,1.0,1.6411378555798686,0.0,0.0,0.0,0.01076923076923077
0.0,0.0,0.0,12.0,235.0,0,0.0,2.06,0.14,none,0,0.0,0.0,1.0,0.8439164276935683,0.0,0.0,0.0,0.01076923076923077
0.0,198.0,198.0,12.0,482.0,0,0.0,4.53,0.14,none,0,396.0,2.2048997772828507,1.0,1.7257142857142858,0.0,0.0,0.0,0.01076923076923077
0.0,100.0,100.0,12.0,365.0,0,0.0,3.92,0.14,none,0,200.0,1.1135857461024499,1.0,1.438532110091743,0.0,0.0,0.0,0.01076923076923077
0.0,100.0,100.0,12.0,331.0,0,0.0,4.25,0.29,none,0,200.0,1.1135857461024499,1.0,1.4716066481994459,0.0,0.0,0.0,0.022307692307692306
0.0,100.0,100.0,12.0,357.0,0,0.0,3.76,0.29,none,0,200.0,1.0020040080160322,1.0,1.189496994621955,0.0,0.0,0.0,0.022307692307692306
0.0,100.0,100.0,12.0,310.0,0,0.0,4.09,0.29,none,0,200.0,1.0020040080160322,1.0,1.2150920974450388,0.0,0.0,0.0,0.022307692307692306
0.0,100.0,100.0,12.0,495.0,0,0.0,6.56,0.29,none,0,200.0,1.0020040080160322,1.0,1.6743236345074015,0.0,0.0,0.0,0.022307692307692306
0.0,0.0,0.0,12.0,212.0,0,0.0,0.78,0.29,none,0,0.0,0.0,1.0,0.20889126941617567,0.0,0.0,0.0,0.022307692307692306
0.0,100.0,100.0,12.0,250.0,0,0.0,2.86,0.35,none,0,200.0,1.1135857461024499,1.0,0.7822757111597374,0.0,0.0,0.0,0.02692307692307692
0.0,100.0,100.0,12.0,295.0,0,0.0,2.87,0.35,none,0,200.0,1.1135857461024499,1.0,0.804372197309417,0.0,0.0,0.0,0.02692307692307692
0.0,100.0,100.0,12.0,355.0,0,0.0,2.6,0.35,none,0,200.0,1.0020040080160322,1.0,0.7178354500276091,0.0,0.0,0.0,0.02692307692307692
0.0,198.0,198.0,12.0,600.0,0,0.0,6.93,0.35,none,0,396.0,1.9839679358717435,1.0,1.7944070429829104,0.0,0.0,0.0,0.02692307692307692
0.0,100.0,100.0,12.0,359.0,0,0.0,1.85,0.4,none,0,200.0,1.0020040080160322,1.0,0.5061559507523941,0.0,0.0,0.0,0.03076923076923077
0.0,0.0,0.0,12.0,204.0,0,0.0,0.75,0.4,none,0,0.0,0.0,1.0,0.22692889561270804,0.0,0.0,0.0,0.03076923076923077
0.0,100.0,100.0,12.0,268.0,0,0.0,0.79,0.4,none,0,200.0,1.1135857461024499,1.0,0.26263297872340424,0.0,0.0,0.0,0.03076923076923077
0.0,100.0,100.0,12.0,425.0,0,0.0,6.04,0.4,none,0,200.0,1.1135857461024499,1.0,1.8857321261317512,0.0,0.0,0.0,0.03076923076923077
0.0,184.0,184.0,12.0,557.0,0,0.0,3.75,0.4,none,0,368.0,1.8737270875763747,1.0,1.2833675564681726,0.0,0.0,0.0,0.03076923076923077
0.0,100.0,100.0,12.0,270.0,0,0.0,1.85,0.37,none,0,200.0,0.9242144177449167,1.0,0.6107626279300099,0.0,0.0,0.0,0.02846153846153846
0.0,100.0,100.0,12.0,322.0,0,0.0,1.82,0.37,none,0,200.0,0.9242144177449167,1.0,0.6222222222222222,0.0,0.0,0.0,0.02846153846153846
0.0,100.0,100.0,12.0,315.0,0,0.0,3.39,0.37,none,0,200.0,0.9242144177449167,1.0,1.13873026536782,0.0,0.0,0.0,0.02846153846153846
0.0,0.0,0.0,12.0,247.0,0,0.0,1.27,0.37,none,0,0.0,0.0,1.0,0.4465541490857946,0.0,0.0,0.0,0.02846153846153846
0.0,198.0,198.0,12.0,495.0,0,0.0,4.38,0.37,none,0,396.0,2.016293279022403,1.0,1.6917728852838934,0.0,0.0,0.0,0.02846153846153846
0.0,100.0,100.0,12.0,3233.0,0,0.0,9.94,0.42,none,0,200.0,1.0183299389002036,1.0,2.925250147145379,0.0,0.0,0.0,0.03230769230769231
0.0,100.0,100.0,12.0,312.0,0,0.0,2.87,0.42,none,0,200.0,0.9242144177449167,1.0,0.7950138504155124,0.0,0.0,0.0,0.03230769230769231
0.0,100.0,100.0,12.0,216.0,0,0.0,1.05,0.42,none,0,200.0,0.9242144177449167,1.0,0.2887788778877888,0.0,0.0,0.0,0.03230769230769231
0.0,0.0,0.0,12.0,211.0,0,0.0,0.42,0.42,none,0,0.0,0.0,1.0,0.13662979830839295,0.0,0.0,0.0,0.03230769230769231
0.0,100.0,100.0,12.0,596.0,0,0.0,3.77,0.42,none,0,200.0,1.1135857461024499,1.0,1.2256176853055916,0.0,0.0,0.0,0.03230769230769231
0.0,100.0,100.0,12.0,351.0,0,0.0,2.7,0.47,none,0,200.0,1.1135857461024499,1.0,0.8541600759253402,0.0,0.0,0.0,0.036153846153846154
0.0,100.0,100.0,12.0,322.0,0,0.0,2.48,0.47,none,0,200.0,1.1135857461024499,1.0,0.7685156492097923,0.0,0.0,0.0,0.036153846153846154
0.0,0.0,0.0,12.0,182.0,0,10.1,0.44,0.47,none,0,0.0,0.0,1.0,0.15006821282401092,22.954023772186993,0.0,0.0,0.036153846153846154
0.0,198.0,198.0,12.0,642.0,0,0.0,1.46,0.47,none,0,396.0,1.9879518072289157,1.0,0.494747543205693,0.0,0.0,0.0,0.036153846153846154
0.0,100.0,100.0,12.0,399.0,0,0.0,4.25,0.67,none,0,200.0,1.1135857461024499,1.0,1.4465622872702517,0.0,0.0,0.0,0.05153846153846154
0.0,100.0,100.0,12.0,297.0,0,0.0,1.26,0.67,none,0,200.0,1.1135857461024499,1.0,0.6086956521739131,0.0,0.0,0.0,0.05153846153846154
0.0,100.0,100.0,12.0,267.0,0,0.0,2.3,0.67,none,0,200.0,1.1135857461024499,1.0,1.1425732737208147,0.0,0.0,0.0,0.05153846153846154
0.0,0.0,0.0,12.0,273.0,0,0.0,1.03,0.67,none,0,0.0,0.0,1.0,0.5121829935355544,0.0,0.0,0.0,0.05153846153846154
0.0,100.0,100.0,12.0,198.0,0,0.0,0.79,0.62,none,0,200.0,1.1135857461024499,1.0,0.3857421875,0.0,0.0,0.0,0.047692307692307694
0.0,100.0,100.0,12.0,440.0,0,0.0,3.69,0.62,none,0,200.0,1.1135857461024499,1.0,1.8088235294117647,0.0,0.0,0.0,0.047692307692307694
0.0,100.0,100.0,12.0,315.0,0,0.0,2.59,0.62,none,0,200.0,1.1135857461024499,1.0,1.2764908822079841,0.0,0.0,0.0,0.047692307692307694
0.0,100.0,100.0,12.0,335.0,0,0.0,3.39,0.62,none,0,200.0,1.1135857461024499,1.0,1.599056603773585,0.0,0.0,0.0,0.047692307692307694
0.0,198.0,198.0,12.0,405.0,0,0.0,5.24,0.62,none,0,396.0,1.8065693430656935,1.0,2.0153846153846153,0.0,0.0,0.0,0.047692307692307694
0.0,100.0,100.0,12.0,385.0,0,0.0,3.88,0.65,none,0,200.0,1.0020040080160322,1.0,1.3652357494722027,0.0,0.0,0.0,0.05
0.0,100.0,100.0,12.0,395.0,0,0.0,4.92,0.65,none,0,200.0,1.0020040080160322,1.0,1.691302853214163,0.0,0.0,0.0,0.05
0.0,0.0,0.0,12.0,170.0,0,0.0,1.03,0.65,none,0,0.0,0.0,1.0,0.3568953568953569,0.0,0.0,0.0,0.05
0.0,100.0,100.0,12.0,449.0,0,0.0,4.2,0.65,none,0,200.0,1.1135857461024499,1.0,1.3654096228868662,0.0,0.0,0.0,0.05
0.0,100.0,100.0,12.0,425.0,0,0.0,3.58,0.65,none,0,200.0,1.0020040080160322,1.0,1.0747523266286398,0.0,0.0,0.0,0.05
0.0,100.0,100.0,12.0,290.0,0,0.0,2.32,0.6,none,0,200.0,1.0020040080160322,1.0,0.6659012629161881,0.0,0.0,0.0,0.04615384615384615
0.0,100.0,100.0,12.0,550.0,0,0.0,5.74,0.6,none,0,200.0,1.0020040080160322,1.0,1.555977229601518,0.0,0.0,0.0,0.04615384615384615
0.0,100.0,100.0,12.0,325.0,0,0.0,2.83,0.6,none,0,200.0,1.0020040080160322,1.0,0.7621869108537571,0.0,0.0,0.0,0.04615384615384615
0.0,0.0,0.0,12.0,326.0,0,0.0,1.29,0.6,none,0,0.0,0.0,1.0,0.3682557807593491,0.0,0.0,0.0,0.04615384615384615
0.0,198.0,198.0,12.0,460.0,0,0.0,2.07,0.6,none,0,396.0,2.2048997772828507,1.0,0.6497175141242938,0.0,0.0,0.0,0.04615384615384615
0.0,100.0,100.0,12.0,383.0,0,0.0,0.71,0.55,none,0,200.0,1.1135857461024499,1.0,0.24747298710352036,0.0,0.0,0.0,0.04230769230769231
0.0,100.0,100.0,12.0,459.0,0,0.0,4.87,0.55,none,0,200.0,1.1135857461024499,1.0,1.7004189944134078,0.0,0.0,0.0,0.04230769230769231
0.0,100.0,100.0,12.0,362.0,0,0.0,1.65,0.55,none,0,200.0,1.0020040080160322,1.0,0.5639097744360901,0.0,0.0,0.0,0.04230769230769231
0.0,142.0,142.0,12.0,456.0,0,0.0,2.46,0.55,none,0,284.0,1.3653846153846154,1.0,0.8938953488372093,0.0,0.0,0.0,0.04230769230769231
0.0,100.0,100.0,12.0,313.0,0,0.0,3.12,0.5,none,0,200.0,0.9615384615384616,1.0,1.1529933481152994,0.0,0.0,0.0,0.038461538461538464
0.0,100.0,100.0,12.0,488.0,0,0.0,4.75,0.5,none,0,200.0,0.9615384615384616,1.0,1.6107154967785688,0.0,0.0,0.0,0.038461538461538464
0.0,100.0,100.0,12.0,340.0,0,0.0,2.84,0.5,none,0,200.0,0.9615384615384616,1.0,1.0680707032719068,0.0,0.0,0.0,0.038461538461538464
0.0,0.0,0.0,11.0,197.0,0,0.0,0.21,0.5,none,0,0.0,0.0,0.9243697478991596,0.08760951188986234,0.0,0.0,0.0,0.041666666666666664
0.0,198.0,198.0,12.0,450.0,0,0.0,4.96,0.5,none,0,396.0,1.7398945518453428,1.0084033613445378,1.7945007235890014,0.0,0.0,0.0,0.038461538461538464
0.0,100.0,100.0,12.0,269.0,0,0.0,1.2,0.46,none,0,200.0,0.9615384615384616,1.0084033613445378,0.4482629809488233,0.0,0.0,0.0,0.03538461538461539
0.0,100.0,100.0,12.0,516.0,0,0.0,4.67,0.46,none,0,200.0,0.9615384615384616,1.0084033613445378,1.5196876016921574,0.0,0.0,0.0,0.03538461538461539
0.0,100.0,100.0,12.0,399.0,0,0.0,2.13,0.46,none,0,200.0,0.9615384615384616,1.0084033613445378,0.7609860664523044,0.0,0.0,0.0,0.03538461538461539
0.0,100.0,100.0,12.0,282.0,0,0.0,1.29,0.46,none,0,200.0,0.9615384615384616,1.0084033613445378,0.4668838219326819,0.0,0.0,0.0,0.03538461538461539
0.0,142.0,142.0,12.0,350.0,0,0.0,3.35,0.43,none,0,284.0,1.3653846153846154,1.0084033613445378,1.1746143057503506,0.0,0.0,0.0,0.03307692307692307
0.0,0.0,0.0,12.0,282.0,0,0.0,1.28,0.43,none,0,0.0,0.0,1.0084033613445378,0.47976011994003,0.0,0.0,0.0,0.03307692307692307
0.0,100.0,100.0,11.0,348.0,0,0.0,1.51,0.43,none,0,200.0,1.0638297872340425,0.9322033898305084,0.6441979522184301,0.0,0.0,0.0,0.035833333333333335
0.0,100.0,100.0,12.0,315.0,0,0.0,3.86,0.43,none,0,200.0,1.0638297872340425,1.0169491525423728,1.5780866721177431,0.0,0.0,0.0,0.03307692307692307
0.0,198.0,198.0,12.0,360.0,0,0.0,1.36,0.43,none,0,396.0,1.7398945518453428,1.0084033613445378,0.5310425614994143,0.0,0.0,0.0,0.03307692307692307
0.0,100.0,100.0,12.0,223.0,0,0.0,1.8,0.47,none,0,200.0,0.9615384615384616,1.0084033613445378,0.8017817371937639,0.0,0.0,0.0,0.036153846153846154
0.0,100.0,100.0,12.0,496.0,0,0.0,3.2,0.47,none,0,200.0,0.9615384615384616,1.0084033613445378,1.3087934560327197,0.0,0.0,0.0,0.036153846153846154
0.0,0.0,0.0,12.0,207.0,0,0.0,0.25,0.47,none,0,0.0,0.0,1.0084033613445378,0.12481278082875685,0.0,0.0,0.0,0.036153846153846154
0.0,100.0,100.0,12.0,395.0,0,0.0,4.99,0.47,none,0,200.0,1.0638297872340425,1.0084033613445378,2.17999126256007,0.0,0.0,0.0,0.036153846153846154
0.0,0.0,0.0,12.0,371.0,0,0.0,1.81,0.47,none,0,0.0,0.0,1.0084033613445378,0.773173857325929,0.0,0.0,0.0,0.036153846153846154
0.0,100.0,100.0,12.0,367.0,0,0.0,1.67,0.43,none,0,200.0,1.2531328320802007,1.0084033613445378,0.7685227795674182,0.0,0.0,0.0,0.03307692307692307
0.0,100.0,100.0,12.0,331.0,0,0.0,2.38,0.43,none,0,200.0,1.1135857461024499,1.0084033613445378,1.0424879544459045,0.0,0.0,0.0,0.03307692307692307
0.0,100.0,100.0,12.0,513.0,0,0.0,3.72,0.43,none,0,200.0,1.1135857461024499,1.0,1.4856230031948883,0.0,0.0,0.0,0.03307692307692307
0.0,100.0,100.0,12.0,390.0,0,0.0,2.84,0.43,none,0,200.0,1.1135857461024499,1.0,1.1823480432972522,0.0,0.0,0.0,0.03307692307692307
0.0,198.0,198.0,12.0,471.0,0,0.0,5.99,0.43,none,0,396.0,2.2048997772828507,1.0,2.0907504363001745,0.0,0.0,0.0,0.03307692307692307
0.0,0.0,0.0,12.0,236.0,0,0.0,0.7,0.4,none,0,0.0,0.0,1.0,0.2540834845735027,0.0,0.0,0.0,0.03076923076923077
0.0,100.0,100.0,12.0,434.0,0,0.0,2.17,0.4,none,0,200.0,1.2531328320802007,1.0,0.8182503770739065,0.0,0.0,0.0,0.03076923076923077
0.0,100.0,100.0,12.0,337.0,0,0.0,1.55,0.4,none,0,200.0,1.1135857461024499,1.0,0.5571531272465852,0.0,0.0,0.0,0.03076923076923077
0.0,100.0,100.0,12.0,570.0,0,0.0,4.13,0.4,none,0,200.0,1.1135857461024499,1.0,1.5318991097922847,0.0,0.0,0.0,0.03076923076923077
0.0,100.0,100.0,12.0,327.0,0,0.0,2.11,0.37,none,0,200.0,1.0020040080160322,1.0,0.7740278796771827,0.0,0.0,0.0,0.02846153846153846
0.0,100.0,100.0,12.0,203.0,0,0.0,0.95,0.37,none,0,200.0,1.0020040080160322,1.0,0.3579502637528259,0.0,0.0,0.0,0.02846153846153846
0.0,0.0,0.0,12.0,389.0,0,0.0,2.33,0.37,none,0,0.0,0.0,1.0,0.8795771989429974,0.0,0.0,0.0,0.02846153846153846
0.0,100.0,100.0,12.0,429.0,0,0.0,3.15,0.37,none,0,200.0,1.1135857461024499,1.0,1.2152777777777777,0.0,0.0,0.0,0.02846153846153846
0.0,100.0,100.0,12.0,271.0,0,0.0,0.79,0.37,none,0,200.0,1.1135857461024499,1.0,0.3309593632174278,0.0,0.0,0.0,0.02846153846153846
0.0,198.0,198.0,12.0,439.0,0,0.0,2.12,0.34,none,0,396.0,2.2048997772828507,1.0,1.06,0.0,0.0,0.0,0.026153846153846156
0.0,100.0,100.0,12.0,340.0,0,0.0,1.81,0.34,none,0,200.0,1.0020040080160322,1.0,0.8574135480814781,0.0,0.0,0.0,0.026153846153846156
0.0,100.0,100.0,12.0,906.0,0,0.0,1.36,0.34,none,0,200.0,1.0020040080160322,1.0,0.6699507389162562,0.0,0.0,0.0,0.026153846153846156
0.0,100.0,100.0,12.0,3076.0,0,0.0,6.53,0.34,none,0,200.0,1.0020040080160322,1.0,2.583069620253165,0.0,0.0,0.0,0.026153846153846156
0.0,100.0,100.0,12.0,860.0,0,0.0,1.0,0.34,none,0,200.0,1.0020040080160322,1.0,0.4514672686230249,0.0,0.0,0.0,0.026153846153846156
0.0,142.0,142.0,12.0,323.0,0,0.0,2.43,0.31,none,0,284.0,1.3653846153846154,1.0,1.081441922563418,0.0,0.0,0.0,0.023846153846153847
0.0,100.0,100.0,12.0,693.0,0,0.0,1.59,0.31,none,0,200.0,0.9615384615384616,1.0,0.6880138468195587,0.0,0.0,0.0,0.023846153846153847
0.0,0.0,0.0,12.0,593.0,0,0.0,2.65,0.31,none,0,0.0,0.0,1.0,1.131028595817328,0.0,0.0,0.0,0.023846153846153847
0.0,100.0,100.0,12.0,887.0,0,0.0,4.64,0.31,none,0,200.0,0.9615384615384616,1.0,1.8619582664526484,0.0,0.0,0.0,0.023846153846153847
0.0,198.0,198.0,12.0,1315.0,0,0.0,6.56,0.45,none,0,396.0,1.7398945518453428,1.0,2.137504072987944,0.0,0.0,0.0,0.03461538461538462
0.0,100.0,100.0,12.0,590.0,0,0.0,3.39,0.45,none,0,200.0,0.9615384615384616,1.0,1.0607008760951189,0.0,0.0,0.0,0.03461538461538462
0.0,100.0,100.0,12.0,5742.0,0,0.0,20.99,0.45,none,0,200.0,0.9615384615384616,1.0,4.104419241298396,0.0,0.0,0.0,0.03461538461538462
0.0,0.0,0.0,12.0,9166.0,0,0.0,28.52,0.45,none,0,0.0,0.0,1.0,3.6424010217113665,0.0,0.0,0.0,0.03461538461538462
0.0,100.0,100.0,12.0,2586.0,0,0.0,8.52,0.45,none,0,200.0,1.0638297872340425,1.0,1.0611533192178353,0.0,0.0,0.0,0.03461538461538462
0.0,100.0,100.0,12.0,234.0,0,0.0,1.78,0.41,none,0,200.0,1.0638297872340425,1.0,0.21956334032317754,0.0,0.0,0.0,0.031538461538461536
0.0,100.0,100.0,12.0,461.0,0,0.0,3.89,0.41,none,0,200.0,1.1135857461024499,1.0,0.471343753786502,0.0,0.0,0.0,0.031538461538461536
0.0,100.0,100.0,12.0,340.0,0,0.0,3.32,0.41,none,0,200.0,1.1135857461024499,1.0,0.39401851412295275,0.0,0.0,0.0,0.031538461538461536
0.0,100.0,100.0,12.0,502.0,0,0.0,4.69,0.41,none,0,200.0,1.0020040080160322,1.0,0.5434530706836618,0.0,0.0,0.0,0.031538461538461536
0.0,0.0,0.0,12.0,369.0,0,0.0,1.79,0.41,none,0,0.0,0.0,1.0,0.2144997004194128,0.0,0.0,0.0,0.031538461538461536
0.0,198.0,198.0,12.0,554.0,0,0.0,4.46,0.38,none,0,396.0,2.2048997772828507,1.0,0.5482483097725876,0.0,0.0,0.0,0.02923076923076923
0.0,100.0,100.0,12.0,377.0,0,0.0,4.1,0.38,none,0,200.0,1.1135857461024499,1.0,0.49963441384352913,0.0,0.0,0.0,0.02923076923076923
0.0,100.0,100.0,12.0,835.0,0,0.0,3.15,0.38,none,0,200.0,1.1135857461024499,1.0,0.49050140143257553,0.0,0.0,0.0,0.02923076923076923
0.0,100.0,100.0,12.0,476.0,0,0.0,2.99,0.38,none,0,200.0,1.0020040080160322,1.0,0.77280951150168,0.0,0.0,0.0,0.02923076923076923
0.0,100.0,100.0,12.0,461.0,0,0.0,1.78,0.35,none,0,200.0,1.0020040080160322,1.0,0.5571205007824727,0.0,0.0,0.0,0.02692307692307692
0.0,142.0,142.0,12.0,381.0,0,0.0,3.84,0.35,none,0,284.0,1.3653846153846154,1.0,1.1290796824463394,0.0,0.0,0.0,0.02692307692307692
0.0,100.0,100.0,12.0,350.0,0,0.0,2.03,0.35,none,0,200.0,0.9615384615384616,1.0,0.6314152410575428,0.0,0.0,0.0,0.02692307692307692
0.0,0.0,0.0,12.0,181.0,0,0.0,0.66,0.35,none,0,0.0,0.0,1.0,0.22380467955239064,0.0,0.0,0.0,0.02692307692307692
0.0,100.0,100.0,12.0,503.0,0,0.0,6.76,0.35,none,0,200.0,1.0638297872340425,1.0,2.1419518377693283,0.0,0.0,0.0,0.02692307692307692
0.0,198.0,198.0,12.0,441.0,0,0.0,5.22,0.32,none,0,396.0,1.7398945518453428,1.0,1.4918548156616176,0.0,0.0,0.0,0.024615384615384615
0.0,100.0,100.0,12.0,276.0,0,0.0,0.77,0.32,none,0,200.0,0.9615384615384616,1.0,0.24600638977635783,0.0,0.0,0.0,0.024615384615384615
0.0,100.0,100.0,12.0,340.0,0,0.0,2.36,0.32,none,0,200.0,0.9615384615384616,1.0,0.7983761840324765,0.0,0.0,0.0,0.024615384615384615
0.0,0.0,0.0,12.0,313.0,0,0.0,1.01,0.32,none,0,0.0,0.0,1.0,0.36834427425237054,0.0,0.0,0.0,0.024615384615384615
0.0,100.0,100.0,12.0,503.0,0,0.0,5.5,0.29,none,0,200.0,1.0638297872340425,1.0,1.837621115937187,0.0,0.0,0.0,0.022307692307692306
0.0,100.0,100.0,12.0,341.0,0,0.0,3.92,0.29,none,0,200.0,1.0638297872340425,1.0,1.2223261615216714,0.0,0.0,0.0,0.022307692307692306
0.0,100.0,100.0,12.0,307.0,0,0.0,3.98,0.29,none,0,200.0,1.1135857461024499,1.0,1.2356411052468177,0.0,0.0,0.0,0.022307692307692306
0.0,100.0,100.0,12.0,380.0,0,0.0,3.63,0.29,none,0,200.0,1.1135857461024499,1.0,1.0736468500443657,0.0,0.0,0.0,0.022307692307692306
0.0,100.0,100.0,12.0,346.0,0,0.0,3.15,0.29,none,0,200.0,1.0020040080160322,1.0,0.8677685950413223,0.0,0.0,0.0,0.022307692307692306
0.0,100.0,100.0,12.0,479.0,0,0.0,5.24,0.27,none,0,200.0,1.0020040080160322,1.0,1.506612995974698,0.0,0.0,0.0,0.02076923076923077
0.0,98.0,98.0,12.0,325.0,0,0.0,1.54,0.27,none,0,196.0,1.0913140311804008,1.0,0.495176848874598,0.0,0.0,0.0,0.02076923076923077
0.0,100.0,100.0,12.0,300.0,0,0.0,3.59,0.27,none,0,200.0,1.1135857461024499,1.0,1.0583726415094339,0.0,0.0,0.0,0.02076923076923077
0.0,100.0,100.0,12.0,254.0,0,0.0,1.31,0.27,none,0,200.0,1.1135857461024499,1.0,0.3985397018557955,0.0,0.0,0.0,0.02076923076923077
0.0,100.0,100.0,12.0,784.0,0,0.0,5.28,0.27,none,0,200.0,1.0020040080160322,1.0,1.4216478190630049,0.0,0.0,0.0,0.02076923076923077
0.0,142.0,142.0,12.0,309.0,0,0.0,3.36,0.25,none,0,284.0,1.3653846153846154,1.0,0.96,0.0,0.0,0.0,0.019230769230769232
0.0,100.0,100.0,12.0,297.0,0,0.0,2.33,0.25,none,0,200.0,0.9615384615384616,1.0,0.6973959892247831,0.0,0.0,0.0,0.019230769230769232
0.0,0.0,0.0,12.0,224.0,0,0.0,1.29,0.25,none,0,0.0,0.0,1.0,0.419921875,0.0,0.0,0.0,0.019230769230769232
0.0,100.0,100.0,12.0,300.0,0,0.0,2.35,0.25,none,0,200.0,1.0638297872340425,1.0,0.798233695652174,0.0,0.0,0.0,0.019230769230769232
0.0,100.0,100.0,12.0,650.0,0,0.0,6.3,0.25,none,0,200.0,1.0638297872340425,1.0,1.933108315434182,0.0,0.0,0.0,0.019230769230769232
0.0,198.0,198.0,12.0,430.0,0,0.0,4.77,0.23,none,0,396.0,1.907514450867052,1.0,1.4850560398505603,0.0,0.0,0.0,0.017692307692307695
0.0,100.0,100.0,12.0,304.0,0,0.0,4.09,0.23,none,0,200.0,0.9615384615384616,1.0,1.1796942601672915,0.0,0.0,0.0,0.017692307692307695
0.0,100.0,100.0,12.0,346.0,0,0.0,1.85,0.23,none,0,200.0,0.9615384615384616,1.0,0.5617977528089888,0.0,0.0,0.0,0.017692307692307695
0.0,0.0,0.0,12.0,234.0,0,0.0,1.54,0.23,none,0,0.0,0.0,1.0,0.4644149577804584,0.0,0.0,0.0,0.017692307692307695
0.0,100.0,100.0,12.0,478.0,0,0.0,5.32,0.23,none,0,200.0,1.0638297872340425,1.0,1.6024096385542168,0.0,0.0,0.0,0.017692307692307695
0.0,100.0,100.0,12.0,251.0,0,0.0,1.6,0.21,none,0,200.0,1.1135857461024499,1.0,0.5089058524173028,0.0,0.0,0.0,0.016153846153846154
0.0,100.0,100.0,12.0,328.0,0,0.0,3.9,0.21,none,0,200.0,1.1135857461024499,1.0,1.181460163586792,0.0,0.0,0.0,0.016153846153846154
0.0,100.0,100.0,12.0,293.0,0,0.0,3.74,0.21,none,0,200.0,1.0020040080160322,1.0,1.0547095318668922,0.0,0.0,0.0,0.016153846153846154
0.0,100.0,100.0,12.0,348.0,0,0.0,3.61,0.21,none,0,200.0,1.0020040080160322,1.0,0.9831154684095861,0.0,0.0,0.0,0.016153846153846154
0.0,100.0,100.0,12.0,481.0,0,0.0,6.79,0.27,none,0,200.0,1.0020040080160322,1.0,1.8247782854071486,0.0,0.0,0.0,0.02076923076923077
0.0,98.0,98.0,12.0,284.0,0,0.0,1.82,0.27,none,0,196.0,1.0913140311804008,1.0,0.5312317571511967,0.0,0.0,0.0,0.02076923076923077
0.0,100.0,100.0,12.0,268.0,0,0.0,2.51,0.27,none,0,200.0,1.1135857461024499,1.0,0.7680538555691554,0.0,0.0,0.0,0.02076923076923077
0.0,100.0,100.0,12.0,325.0,0,0.0,4.39,0.27,none,0,200.0,1.1135857461024499,1.0,1.246450880181715,0.0,0.0,0.0,0.02076923076923077
0.0,100.0,100.0,12.0,322.0,0,0.0,3.37,0.27,none,0,200.0,1.0020040080160322,1.0,0.9095816464237518,0.0,0.0,0.0,0.02076923076923077
0.0,100.0,100.0,12.0,387.0,0,0.0,2.7,0.57,none,0,200.0,1.0020040080160322,1.0,0.7841998257333721,0.0,0.0,0.0,0.04384615384615384
0.0,100.0,100.0,12.0,364.0,0,0.0,4.69,0.57,none,0,200.0,1.0020040080160322,1.0,1.2500000000000002,0.0,0.0,0.0,0.04384615384615384
0.0,0.0,0.0,12.0,167.0,0,0.0,1.54,0.57,none,0,0.0,0.0,1.0,0.43799772468714443,0.0,0.0,0.0,0.04384615384615384
0.0,100.0,100.0,12.0,311.0,0,0.0,3.42,0.57,none,0,200.0,1.1135857461024499,1.0,0.9816303099885191,0.0,0.0,0.0,0.04384615384615384
0.0,100.0,100.0,12.0,402.0,0,0.0,3.38,0.57,none,0,200.0,1.1135857461024499,1.0,0.9765963594336897,0.0,0.0,0.0,0.04384615384615384
0.0,100.0,100.0,12.0,455.0,0,0.0,5.03,0.52,none,0,200.0,1.1135857461024499,1.0,1.5312024353120244,0.0,0.0,0.0,0.04
0.0,198.0,198.0,12.0,401.0,0,0.0,2.17,0.52,none,0,396.0,1.9839679358717435,1.0,0.6536144578313252,0.0,0.0,0.0,0.04
0.0,100.0,100.0,12.0,242.0,0,0.0,1.85,0.52,none,0,200.0,1.0020040080160322,1.0,0.5685310387215735,0.0,0.0,0.0,0.04
0.0,100.0,100.0,12.0,237.0,0,0.0,2.86,0.52,none,0,200.0,1.0020040080160322,1.0,0.9222831344727507,0.0,0.0,0.0,0.04
0.0,0.0,0.0,12.0,450.0,0,0.0,4.42,0.52,none,0,0.0,0.0,1.0,1.3786650031191514,0.0,0.0,0.0,0.04
0.0,100.0,100.0,12.0,372.0,0,0.0,2.68,0.48,none,0,200.0,1.1135857461024499,1.0,0.8364544319600501,0.0,0.0,0.0,0.03692307692307692
0.0,142.0,142.0,12.0,272.0,0,0.0,3.2,0.48,none,0,284.0,1.5106382978723405,1.0,1.0474631751227497,0.0,0.0,0.0,0.03692307692307692
0.0,100.0,100.0,12.0,238.0,0,0.0,0.68,0.48,none,0,200.0,0.9615384615384616,1.0,0.22903334456045807,0.0,0.0,0.0,0.03692307692307692
0.0,100.0,100.0,12.0,228.0,0,0.0,1.26,0.48,none,0,200.0,0.9615384615384616,1.0,0.4576825281511079,0.0,0.0,0.0,0.03692307692307692
0.0,100.0,100.0,12.0,337.0,0,0.0,4.08,0.48,none,0,200.0,0.9615384615384616,1.0,1.4452709883103083,0.0,0.0,0.0,0.03692307692307692
0.0,1794.0,1794.0,16.0,416.0,1,0.0,2.43,0.31,none,0,3588.0,6.561814191660571,1.2903225806451613,0.9481076863051113,0.0,0.0,0.058823529411764705,0.018235294117647058
0.0,1856.0,1856.0,16.0,585.0,1,0.0,7.98,0.31,none,0,3712.0,4.225865209471767,1.25,2.5381679389312977,0.0,0.0,0.058823529411764705,0.018235294117647058
0.0,1856.0,1856.0,16.0,443.0,1,0.0,7.47,0.28,none,0,3712.0,3.018867924528302,1.2121212121212122,2.015650296815974,0.0,0.0,0.058823529411764705,0.01647058823529412
0.0,1856.0,1856.0,16.0,338.0,1,0.0,3.24,0.28,none,0,3712.0,2.348178137651822,1.1764705882352942,0.8653846153846155,0.0,0.0,0.058823529411764705,0.01647058823529412
0.0,1954.0,1954.0,16.0,519.0,1,0.0,2.47,0.28,none,0,3908.0,1.9821464800162305,1.1428571428571428,0.6959706959706959,0.0,0.0,0.058823529411764705,0.01647058823529412
0.0,1856.0,1856.0,16.0,561.0,1,0.0,5.35,0.28,none,0,3712.0,1.598071293266747,1.1111111111111112,1.4019916142557651,0.0,0.0,0.058823529411764705,0.01647058823529412
0.0,928.0,928.0,16.0,464.0,1,0.0,2.75,0.42,none,0,1856.0,0.7483870967741936,1.081081081081081,0.7292495359321135,0.0,0.0,0.058823529411764705,0.024705882352941175
0.0,928.0,928.0,16.0,437.0,1,0.0,4.75,0.42,none,0,1856.0,0.7015421832476565,1.0526315789473684,1.1369076112972714,0.0,0.0,0.058823529411764705,0.024705882352941175
0.0,1856.0,1856.0,16.0,457.0,1,0.0,5.68,0.42,none,0,3712.0,1.2386545648691938,1.0256410256410258,1.2294372294372296,0.0,0.0,0.058823529411764705,0.024705882352941175
0.0,1856.0,1856.0,16.0,408.0,1,0.0,1.89,0.42,none,0,3712.0,1.108721624850657,1.0,0.4294478527607362,0.0,0.0,0.058823529411764705,0.024705882352941175
0.0,1908.0,1908.0,16.0,596.0,1,0.0,2.17,0.42,none,0,3816.0,1.1320754716981132,1.0,0.496,0.0,0.0,0.058823529411764705,0.024705882352941175
0.0,1856.0,1856.0,16.0,602.0,1,0.0,6.49,0.47,none,0,3712.0,1.1012222617776195,1.0,1.5357311878845243,0.0,0.0,0.058823529411764705,0.02764705882352941
0.0,1856.0,1856.0,16.0,442.0,1,0.0,5.5,0.47,none,0,3712.0,1.1012222617776195,1.0,1.3651030032266072,0.0,0.0,0.058823529411764705,0.02764705882352941
0.0,0.0,0.0,16.0,184.0,1,0.0,0.77,0.47,none,0,0.0,0.0,1.0,0.20359598096245374,0.0,0.0,0.058823529411764705,0.02764705882352941
0.0,1954.0,1954.0,16.0,631.0,1,0.0,4.01,0.47,none,0,3908.0,1.3028403787171623,1.0,1.01880081300813,0.0,0.0,0.058823529411764705,0.02764705882352941
0.0,1856.0,1856.0,16.0,633.0,1,0.0,8.16,0.47,none,0,3712.0,1.2374983331110816,1.0,1.935024899217453,0.0,0.0,0.058823529411764705,0.02764705882352941
0.0,1856.0,1856.0,16.0,341.0,1,0.0,1.91,0.43,none,0,3712.0,1.1653899284189377,1.0,0.46213404306798933,0.0,0.0,0.058823529411764705,0.025294117647058825
0.0,1856.0,1856.0,16.0,427.0,1,0.0,6.39,0.43,none,0,3712.0,1.1012222617776195,1.0,1.4870840121014661,0.0,0.0,0.058823529411764705,0.025294117647058825
0.0,1856.0,1856.0,16.0,475.0,1,0.0,6.35,0.43,none,0,3712.0,1.1012222617776195,1.0,1.4550870760769936,0.0,0.0,0.058823529411764705,0.025294117647058825
0.0,1856.0,1856.0,16.0,447.0,1,0.0,3.95,0.43,none,0,3712.0,1.1012222617776195,1.0,0.8643326039387308,0.0,0.0,0.058823529411764705,0.025294117647058825
0.0,0.0,0.0,16.0,325.0,1,0.0,1.82,0.43,none,0,0.0,0.0,1.0,0.4013230429988975,0.0,0.0,0.058823529411764705,0.025294117647058825
0.0,2784.0,2784.0,16.0,591.0,1,0.0,2.25,0.71,none,0,5568.0,1.7538112637016503,1.0,0.5473120895159329,0.0,0.0,0.058823529411764705,0.04176470588235294
0.0,928.0,928.0,16.0,402.0,1,0.0,3.87,0.71,none,0,1856.0,0.6209019135554664,1.0,0.980243161094225,0.0,0.0,0.058823529411764705,0.04176470588235294
0.0,1954.0,1954.0,16.0,541.0,1,0.0,4.32,0.71,none,0,3908.0,1.1562130177514793,1.0,1.0039507320474088,0.0,0.0,0.058823529411764705,0.04176470588235294
0.0,1856.0,1856.0,16.0,506.0,1,0.0,5.07,0.71,none,0,3712.0,1.104630401142721,1.0,1.1499206169199365,0.0,0.0,0.058823529411764705,0.04176470588235294
0.0,1856.0,1856.0,16.0,693.0,1,0.0,8.53,0.66,none,0,3712.0,1.104630401142721,1.0,1.918578497525866,0.0,0.0,0.058823529411764705,0.03882352941176471
0.0,1856.0,1856.0,16.0,464.0,1,0.0,6.74,0.66,none,0,3712.0,1.104630401142721,1.0,1.3674173260296205,0.0,0.0,0.058823529411764705,0.03882352941176471
0.0,1856.0,1856.0,16.0,516.0,1,0.0,7.03,0.66,none,0,3712.0,1.104630401142721,1.0,1.4079711596234727,0.0,0.0,0.058823529411764705,0.03882352941176471
0.0,1012.0,1012.0,16.0,467.0,1,0.0,2.09,0.66,none,0,2024.0,0.634164682291014,1.0,0.45763082986643305,0.0,0.0,0.058823529411764705,0.03882352941176471
0.0,928.0,928.0,16.0,265.0,1,0.0,0.76,0.6,none,0,1856.0,0.6174318030605456,1.0,0.17890772128060267,0.0,0.0,0.058823529411764705,0.03529411764705882
0.0,1856.0,1856.0,16.0,589.0,1,0.0,2.97,0.6,none,0,3712.0,1.0991353784199929,1.0,0.6807242722897089,0.0,0.0,0.058823529411764705,0.03529411764705882
0.0,1856.0,1856.0,16.0,436.0,1,0.0,2.2,0.6,none,0,3712.0,1.1630530141621758,1.0,0.5048187241854062,0.0,0.0,0.058823529411764705,0.03529411764705882
0.0,1954.0,1856.0,16.0,402.0,1,0.0,7.05,0.6,none,0,3810.0,1.12488928255093,1.0,1.5076988879384088,0.0,0.0,0.058823529411764705,0.03529411764705882
0.0,1856.0,1954.0,16.0,599.0,1,0.0,8.36,0.6,none,0,3810.0,1.1281534999407794,1.0,1.6456692913385826,0.0,0.0,0.058823529411764705,0.03529411764705882
0.0,1856.0,1856.0,16.0,566.0,1,0.0,5.63,0.72,none,0,3712.0,1.0991353784199929,1.0,1.0961838006230529,0.0,0.0,0.058823529411764705,0.042352941176470586
0.0,0.0,0.0,16.0,153.0,1,0.0,1.25,0.72,none,0,0.0,0.0,1.0,0.2835753176043557,0.0,0.0,0.058823529411764705,0.042352941176470586
0.0,1856.0,1856.0,16.0,453.0,1,0.0,4.01,0.72,none,0,3712.0,1.2348636061210911,1.0,0.9697702539298669,0.0,0.0,0.058823529411764705,0.042352941176470586
0.0,1856.0,1856.0,16.0,337.0,1,0.0,1.01,0.72,none,0,3712.0,1.2348636061210911,1.0,0.28587602604019247,0.0,0.0,0.058823529411764705,0.042352941176470586
0.0,928.0,928.0,16.0,510.0,1,0.0,2.94,0.72,none,0,1856.0,0.6209019135554664,1.0,0.8126036484245439,0.0,0.0,0.058823529411764705,0.042352941176470586
0.0,1856.0,1856.0,16.0,380.0,1,0.0,4.31,0.66,none,0,3712.0,1.1692075091344336,1.0,1.0848225522275357,0.0,0.0,0.058823529411764705,0.03882352941176471
0.0,1856.0,1856.0,16.0,618.0,1,0.0,9.28,0.66,none,0,3712.0,1.1692075091344336,1.0,2.015638575152042,0.0,0.0,0.058823529411764705,0.03882352941176471
0.0,928.0,928.0,16.0,398.0,1,0.0,5.34,0.66,none,0,1856.0,0.6209019135554664,1.0,1.0858072387149247,0.0,0.0,0.058823529411764705,0.03882352941176471
0.0,1954.0,1954.0,16.0,593.0,1,0.0,7.05,0.66,none,0,3908.0,1.3031010336778925,1.0,1.4335095567303784,0.0,0.0,0.058823529411764705,0.03882352941176471
0.0,1856.0,1856.0,16.0,494.0,1,0.0,4.23,0.66,none,0,3712.0,1.2418038271109328,1.0,0.9389567147613763,0.0,0.0,0.058823529411764705,0.03882352941176471
0.0,928.0,928.0,16.0,352.0,1,0.0,2.62,0.61,none,0,1856.0,0.66200599229562,1.0,0.6232159847764035,0.0,0.0,0.058823529411764705,0.03588235294117647
0.0,1856.0,1856.0,16.0,594.0,1,0.0,5.48,0.61,none,0,3712.0,1.1692075091344336,1.0,1.1843527123406095,0.0,0.0,0.058823529411764705,0.03588235294117647
0.0,1856.0,1856.0,16.0,454.0,1,0.0,2.17,0.61,none,0,3712.0,1.1692075091344336,1.0,0.4884087328381723,0.0,0.0,0.058823529411764705,0.03588235294117647
0.0,1856.0,1856.0,16.0,335.0,1,0.0,1.21,0.61,none,0,3712.0,1.1692075091344336,1.0,0.2711180820076182,0.0,0.0,0.058823529411764705,0.03588235294117647
0.0,928.0,928.0,16.0,406.0,1,0.0,2.34,0.61,none,0,1856.0,0.5846037545672168,1.0,0.5314558255734726,0.0,0.0,0.058823529411764705,0.03588235294117647
0.0,1856.0,1856.0,16.0,567.0,1,0.0,6.33,0.64,none,0,3712.0,1.1692075091344336,1.0,1.3745928338762217,0.0,0.0,0.058823529411764705,0.037647058823529415
0.0,1856.0,1856.0,16.0,508.0,1,0.0,3.94,0.64,none,0,3712.0,1.1692075091344336,1.0,0.9678211741586834,0.0,0.0,0.058823529411764705,0.037647058823529415
0.0,928.0,928.0,16.0,324.0,1,0.0,2.36,0.64,none,0,1856.0,0.5846037545672168,1.0,0.6254969520275642,0.0,0.0,0.058823529411764705,0.037647058823529415
0.0,1954.0,1954.0,16.0,611.0,1,0.0,4.57,0.64,none,0,3908.0,1.2309436814917474,1.0,1.29645390070922,0.0,0.0,0.058823529411764705,0.037647058823529415
0.0,1856.0,1856.0,16.0,500.0,1,0.0,3.52,0.59,none,0,3712.0,1.1692075091344336,1.0,1.019108280254777,0.0,0.0,0.058823529411764705,0.03470588235294118
0.0,1856.0,1856.0,16.0,436.0,1,0.0,3.23,0.59,none,0,3712.0,1.104630401142721,1.0,0.9189189189189187,0.0,0.0,0.058823529411764705,0.03470588235294118
0.0,1856.0,1856.0,16.0,601.0,1,0.0,7.12,0.59,none,0,3712.0,1.104630401142721,1.0,1.9353085077466705,0.0,0.0,0.058823529411764705,0.03470588235294118
0.0,928.0,928.0,15.0,300.0,1,0.0,1.0,0.59,none,0,1856.0,0.5846037545672168,0.9433962264150944,0.2807411566535654,0.0,0.0,0.0625,0.036875
0.0,928.0,928.0,16.0,400.0,1,0.0,2.35,0.59,none,0,1856.0,0.6209019135554664,1.0062893081761006,0.6392818280739934,0.0,0.0,0.058823529411764705,0.03470588235294118
0.0,1856.0,1856.0,16.0,394.0,1,0.0,1.9,0.54,none,0,3712.0,1.1692075091344336,1.0062893081761006,0.5231277533039648,0.0,0.0,0.058823529411764705,0.031764705882352945
0.0,1856.0,1856.0,16.0,421.0,1,0.0,5.51,0.54,none,0,3712.0,1.1692075091344336,1.0062893081761006,1.552112676056338,0.0,0.0,0.058823529411764705,0.031764705882352945
0.0,1856.0,1856.0,16.0,449.0,1,0.0,1.66,0.54,none,0,3712.0,1.1692075091344336,1.0062893081761006,0.49969897652016854,0.0,0.0,0.058823529411764705,0.031764705882352945
0.0,1856.0,1856.0,16.0,550.0,1,0.0,7.44,0.54,none,0,3712.0,1.104630401142721,1.0062893081761006,1.9425587467362928,0.0,0.0,0.058823529411764705,0.031764705882352945
0.0,98.0,98.0,16.0,461.0,1,0.0,2.06,0.54,none,0,196.0,0.06556938311253847,1.0062893081761006,0.5755797708857223,0.0,0.0,0.058823529411764705,0.031764705882352945
0.0,1856.0,1856.0,16.0,533.0,1,0.0,4.09,0.5,none,0,3712.0,1.2418038271109328,1.0062893081761006,1.1248624862486247,0.0,0.0,0.058823529411764705,0.029411764705882353
0.0,1856.0,1856.0,16.0,496.0,1,0.0,6.53,0.5,none,0,3712.0,1.2418038271109328,1.0062893081761006,1.6464952092788703,0.0,0.0,0.058823529411764705,0.029411764705882353
0.0,1856.0,1856.0,16.0,697.0,1,0.0,10.08,0.5,none,0,3712.0,1.2418038271109328,1.0062893081761006,2.365086813702487,0.0,0.0,0.058823529411764705,0.029411764705882353
0.0,1856.0,1856.0,16.0,467.0,1,0.0,3.93,0.5,none,0,3712.0,1.1692075091344336,1.0,0.8627881448957189,0.0,0.0,0.058823529411764705,0.029411764705882353
0.0,84.0,84.0,16.0,528.0,1,0.0,0.25,0.5,none,0,168.0,0.05588822355289421,1.0,0.0575373993095512,0.0,0.0,0.058823529411764705,0.029411764705882353
0.0,1856.0,1856.0,16.0,578.0,1,0.0,6.44,0.62,none,0,3712.0,1.2348636061210911,1.0,1.3419462387997496,0.0,0.0,0.058823529411764705,0.036470588235294116
0.0,1856.0,1856.0,16.0,459.0,1,0.0,4.7,0.62,none,0,3712.0,1.2348636061210911,1.0,0.9961848240779992,0.0,0.0,0.058823529411764705,0.036470588235294116
0.0,1856.0,1856.0,16.0,566.0,1,0.0,3.05,0.62,none,0,3712.0,1.2348636061210911,1.0,0.6279596458719372,0.0,0.0,0.058823529411764705,0.036470588235294116
0.0,270.0,172.0,16.0,714.0,2,0.0,2.08,0.62,none,0,442.0,0.16498693542366555,1.0,0.4813700532284193,0.0,0.0,0.11764705882352941,0.036470588235294116
0.0,1684.0,1782.0,16.0,361.0,1,0.0,1.77,0.62,none,0,3466.0,1.1530272787757818,1.0,0.4123951537744641,0.0,0.0,0.058823529411764705,0.036470588235294116
0.0,1856.0,1856.0,16.0,485.0,1,0.0,5.03,0.65,none,0,3712.0,1.2348636061210911,1.0,1.1468308253533972,0.0,0.0,0.058823529411764705,0.03823529411764706
0.0,1856.0,1856.0,16.0,433.0,1,0.0,6.51,0.65,none,0,3712.0,1.2348636061210911,1.0,1.4849452554744524,0.0,0.0,0.058823529411764705,0.03823529411764706
0.0,1856.0,1856.0,16.0,504.0,2,0.0,5.66,0.65,none,0,3712.0,1.2348636061210911,1.0,1.4358193810248605,0.0,0.0,0.11764705882352941,0.03823529411764706
0.0,928.0,928.0,16.0,356.0,3,0.0,5.58,0.65,none,0,1856.0,0.6580626861438094,1.0,1.3586559532505478,0.0,0.0,0.17647058823529413,0.03823529411764706
0.0,1856.0,1856.0,16.0,419.0,2,0.0,2.52,0.59,none,0,3712.0,1.1692075091344336,1.0,0.5814490078449469,0.0,0.0,0.11764705882352941,0.03470588235294118
0.0,1856.0,1856.0,16.0,496.0,2,0.0,2.0,0.59,none,0,3712.0,1.1692075091344336,1.0,0.5141388174807198,0.0,0.0,0.11764705882352941,0.03470588235294118
0.0,1856.0,1856.0,16.0,647.0,2,0.0,5.88,0.59,none,0,3712.0,1.1692075091344336,1.0,1.467065868263473,0.0,0.0,0.11764705882352941,0.03470588235294118
0.0,1026.0,1026.0,15.0,445.0,2,0.0,2.33,0.59,none,0,2052.0,0.6819994682265355,0.9433962264150944,0.591971544715447,0.0,0.0,0.125,0.036875
0.0,1856.0,1856.0,16.0,544.0,2,0.0,3.24,0.55,none,0,3712.0,1.1127765453564362,1.0062893081761006,0.7996051332675224,0.0,0.0,0.11764705882352941,0.03235294117647059
0.0,1856.0,1856.0,16.0,484.0,2,0.0,4.42,0.55,none,0,3712.0,1.104630401142721,1.0062893081761006,1.023859161454714,0.0,0.0,0.11764705882352941,0.03235294117647059
0.0,1856.0,1856.0,16.0,455.0,2,0.0,4.23,0.55,none,0,3712.0,1.104630401142721,1.0062893081761006,0.9983478876563607,0.0,0.0,0.11764705882352941,0.03235294117647059
0.0,1856.0,1926.0,16.0,645.0,2,0.0,4.92,0.55,none,0,3782.0,1.1231216962641801,1.0062893081761006,1.2064737616478665,0.0,0.0,0.11764705882352941,0.03235294117647059
0.0,928.0,928.0,16.0,357.0,2,0.0,1.81,0.55,none,0,1856.0,0.5833176189578226,1.0062893081761006,0.4901164365014893,0.0,0.0,0.11764705882352941,0.03235294117647059
0.0,928.0,928.0,16.0,295.0,2,0.0,2.56,0.5,none,0,1856.0,0.5833176189578226,1.0062893081761006,0.7549395458566793,0.0,0.0,0.11764705882352941,0.029411764705882353
0.0,1856.0,1856.0,16.0,414.0,2,0.0,2.37,0.5,none,0,3712.0,1.1666352379156453,1.0062893081761006,0.7020142180094787,0.0,0.0,0.11764705882352941,0.029411764705882353
0.0,928.0,928.0,16.0,224.0,2,0.0,0.5,0.5,none,0,1856.0,0.6194513049863161,1.0062893081761006,0.15499070055796652,0.0,0.0,0.11764705882352941,0.029411764705882353
0.0,1856.0,1856.0,16.0,783.0,2,0.0,6.7,0.5,none,0,3712.0,1.2389026099726321,1.0062893081761006,2.025392986698912,0.0,0.0,0.11764705882352941,0.029411764705882353
0.0,1954.0,1954.0,16.0,651.0,2,0.0,6.08,0.5,none,0,3908.0,1.2282355899176567,1.0,1.6508281292424651,0.0,0.0,0.11764705882352941,0.029411764705882353
0.0,1856.0,1856.0,16.0,565.0,2,0.0,4.55,0.54,none,0,3712.0,1.1666352379156453,1.0,1.192973256423702,0.0,0.0,0.11764705882352941,0.031764705882352945
0.0,928.0,928.0,16.0,483.0,2,0.0,3.94,0.54,none,0,1856.0,0.6194513049863161,1.0,1.0462028677642061,0.0,0.0,0.11764705882352941,0.031764705882352945
0.0,2784.0,2784.0,16.0,487.0,2,0.0,4.53,0.54,none,0,5568.0,1.7499528568734677,1.0,1.1933614330874605,0.0,0.0,0.11764705882352941,0.031764705882352945
0.0,928.0,928.0,16.0,937.0,2,0.0,6.12,0.54,none,0,1856.0,0.6209019135554664,1.0,1.5628192032686414,0.0,0.0,0.11764705882352941,0.031764705882352945
0.0,1898.0,1898.0,16.0,498.0,2,0.0,4.17,0.5,none,0,3796.0,1.1925106810756472,1.0,1.004335260115607,0.0,0.0,0.11764705882352941,0.029411764705882353
0.0,928.0,928.0,16.0,412.0,2,0.0,4.1,0.5,none,0,1856.0,0.5830610706207591,1.0,0.9521597770552717,0.0,0.0,0.11764705882352941,0.029411764705882353
0.0,1856.0,1856.0,16.0,373.0,2,0.0,4.42,0.5,none,0,3712.0,1.1661221412415181,1.0,0.9798270893371758,0.0,0.0,0.11764705882352941,0.029411764705882353
0.0,1856.0,1856.0,16.0,347.0,2,0.0,2.14,0.5,none,0,3712.0,1.1018760389456186,1.0,0.45775401069518723,0.0,0.0,0.11764705882352941,0.029411764705882353
0.0,1856.0,1856.0,16.0,586.0,2,0.0,2.49,0.5,none,0,3712.0,1.1018760389456186,1.0,0.5853314527503526,0.0,0.0,0.11764705882352941,0.029411764705882353
0.0,1850.0,1850.0,16.0,378.0,3,0.0,3.89,0.46,none,0,3700.0,1.1051373954599761,1.0,0.9640644361833955,0.0,0.0,0.17647058823529413,0.027058823529411767
0.0,104.0,104.0,16.0,373.0,2,0.0,2.01,0.46,none,0,208.0,0.06938884440886042,1.0,0.5316053953980427,0.0,0.0,0.11764705882352941,0.027058823529411767
0.0,1856.0,1856.0,16.0,520.0,2,0.0,4.51,0.46,none,0,3712.0,1.1661221412415181,1.0,1.1750911933298591,0.0,0.0,0.11764705882352941,0.027058823529411767
0.0,1282.0,1282.0,16.0,414.0,3,0.0,5.14,0.46,none,0,2564.0,0.8894130706257805,1.0,1.3182867401897922,0.0,0.0,0.17647058823529413,0.027058823529411767
0.0,2472.0,2472.0,16.0,773.0,2,0.0,3.66,0.46,none,0,4944.0,1.5490662990349668,1.0,1.0019162332329594,0.0,0.0,0.11764705882352941,0.027058823529411767
0.0,1856.0,1856.0,16.0,578.0,2,0.0,7.07,0.42,none,0,3712.0,1.1661221412415181,1.0,1.793050976413898,0.0,0.0,0.11764705882352941,0.024705882352941175
0.0,928.0,928.0,16.0,418.0,2,0.0,3.89,0.42,none,0,1856.0,0.5830610706207591,1.0,0.991840897501275,0.0,0.0,0.11764705882352941,0.024705882352941175
0.0,1856.0,1856.0,16.0,416.0,2,0.0,4.38,0.42,none,0,3712.0,1.1661221412415181,1.0,1.11791730474732,0.0,0.0,0.11764705882352941,0.024705882352941175
0.0,928.0,928.0,16.0,559.0,2,0.0,5.25,0.42,none,0,1856.0,0.6191619962636776,1.0,1.2414282336249705,0.0,0.0,0.11764705882352941,0.024705882352941175
0.0,1954.0,1954.0,16.0,628.0,2,0.0,3.9,0.39,none,0,3908.0,1.2952406204427946,1.0,0.8924485125858125,0.0,0.0,0.11764705882352941,0.022941176470588236
0.0,1856.0,1856.0,16.0,508.0,2,0.0,3.45,0.39,none,0,3712.0,1.2297906175457196,1.0,0.79750346740638,0.0,0.0,0.11764705882352941,0.022941176470588236
0.0,1856.0,1856.0,16.0,501.0,2,0.0,3.02,0.39,none,0,3712.0,1.1018760389456186,1.0,0.6821775468714706,0.0,0.0,0.11764705882352941,0.022941176470588236
0.0,1856.0,1856.0,16.0,488.0,2,0.0,4.38,0.39,none,0,3712.0,1.1018760389456186,1.0,0.9922972360670594,0.0,0.0,0.11764705882352941,0.022941176470588236
0.0,1856.0,1856.0,16.0,507.0,2,0.0,3.0,0.39,none,0,3712.0,1.065564358709381,1.0,0.7142857142857143,0.0,0.0,0.11764705882352941,0.022941176470588236
0.0,1856.0,1856.0,16.0,553.0,2,0.0,7.79,0.36,none,0,3712.0,1.104630401142721,1.0,1.6887058313461953,0.0,0.0,0.11764705882352941,0.021176470588235293
0.0,0.0,0.0,16.0,260.0,2,0.0,2.02,0.36,none,0,0.0,0.0,1.0,0.49172346640701065,0.0,0.0,0.11764705882352941,0.021176470588235293
0.0,1856.0,1856.0,16.0,336.0,2,0.0,1.66,0.36,none,0,3712.0,1.1692075091344336,1.0,0.4272844272844272,0.0,0.0,0.11764705882352941,0.021176470588235293
0.0,1856.0,1856.0,16.0,408.0,2,0.0,1.86,0.36,none,0,3712.0,1.1692075091344336,1.0,0.5119735755573906,0.0,0.0,0.11764705882352941,0.021176470588235293
0.0,1954.0,1856.0,16.0,510.0,2,0.0,4.72,0.36,none,0,3810.0,1.1304967064269182,1.0,1.3184357541899443,0.0,0.0,0.11764705882352941,0.021176470588235293
0.0,1856.0,1954.0,16.0,525.0,2,0.0,7.24,0.49,none,0,3810.0,1.1337935960004761,1.0,1.8497700562084824,0.0,0.0,0.11764705882352941,0.028823529411764706
0.0,1856.0,1856.0,16.0,574.0,2,0.0,8.0,0.49,none,0,3712.0,1.104630401142721,1.0,1.8310826276035708,0.0,0.0,0.11764705882352941,0.028823529411764706
0.0,1856.0,1856.0,16.0,379.0,2,0.0,6.41,0.49,none,0,3712.0,1.104630401142721,1.0,1.3615123194562446,0.0,0.0,0.11764705882352941,0.028823529411764706
0.0,928.0,928.0,16.0,265.0,2,0.0,0.26,0.49,none,0,1856.0,0.5846037545672168,1.0,0.06052141527001862,0.0,0.0,0.11764705882352941,0.028823529411764706
0.0,928.0,928.0,16.0,577.0,2,0.0,2.89,0.49,none,0,1856.0,0.6209019135554664,1.0,0.6744457409568262,0.0,0.0,0.11764705882352941,0.028823529411764706
0.0,1898.0,1898.0,16.0,478.0,2,0.0,4.96,0.61,none,0,3796.0,1.2663464104617028,1.0,1.2393803098450773,0.0,0.0,0.11764705882352941,0.03588235294117647
0.0,1856.0,1856.0,16.0,492.0,2,0.0,6.99,0.61,none,0,3712.0,1.1018760389456186,1.0,1.5536785952433876,0.0,0.0,0.11764705882352941,0.03588235294117647
0.0,1856.0,1856.0,16.0,442.0,2,0.0,6.99,0.61,none,0,3712.0,1.1018760389456186,1.0,1.3891096979332274,0.0,0.0,0.11764705882352941,0.03588235294117647
0.0,1856.0,1856.0,16.0,395.0,2,0.0,5.94,0.61,none,0,3712.0,1.1018760389456186,1.0,1.0919117647058822,0.0,0.0,0.11764705882352941,0.03588235294117647
0.0,1026.0,1026.0,16.0,489.0,2,0.0,4.76,0.61,none,0,2052.0,0.6426558095834638,1.0,0.8743570903747243,0.0,0.0,0.11764705882352941,0.03588235294117647
0.0,928.0,928.0,16.0,365.0,2,0.0,2.11,0.56,none,0,1856.0,0.6191619962636776,1.0,0.4279050902453863,0.0,0.0,0.11764705882352941,0.03294117647058824
0.0,1856.0,1856.0,16.0,469.0,2,0.0,2.45,0.56,none,0,3712.0,1.2383239925273553,1.0,0.5598720292504572,0.0,0.0,0.11764705882352941,0.03294117647058824
0.0,1856.0,1856.0,16.0,441.0,2,0.0,3.74,0.56,none,0,3712.0,1.2383239925273553,1.0,0.91019712825505,0.0,0.0,0.11764705882352941,0.03294117647058824
0.0,1856.0,1856.0,16.0,379.0,2,0.0,4.19,0.56,none,0,3712.0,1.1661221412415181,1.0,0.9306974677920925,0.0,0.0,0.11764705882352941,0.03294117647058824
0.0,1856.0,1856.0,16.0,591.0,2,0.0,8.66,0.52,none,0,3712.0,1.1018760389456186,1.0,1.7050600511911795,0.0,0.0,0.11764705882352941,0.03058823529411765
0.0,1856.0,1856.0,16.0,458.0,1,0.0,6.79,0.52,none,0,3712.0,1.104630401142721,1.0,1.29038388445458,0.0,0.0,0.058823529411764705,0.03058823529411765
0.0,0.0,0.0,16.0,180.0,1,0.0,0.76,0.52,none,0,0.0,0.0,1.0,0.16382841129553782,0.0,0.0,0.058823529411764705,0.03058823529411765
0.0,1856.0,1856.0,16.0,299.0,1,0.0,2.17,0.52,none,0,3712.0,1.2418038271109328,1.0,0.5220110656723599,0.0,0.0,0.058823529411764705,0.03058823529411765
0.0,1856.0,1856.0,16.0,462.0,1,0.0,7.77,0.52,none,0,3712.0,1.2418038271109328,1.0,1.7903225806451613,0.0,0.0,0.058823529411764705,0.03058823529411765
0.0,1954.0,1954.0,16.0,571.0,1,0.0,5.99,0.55,none,0,3908.0,1.2309436814917474,1.0,1.3421465382030027,0.0,0.0,0.058823529411764705,0.03235294117647059
0.0,1856.0,1856.0,16.0,545.0,1,0.0,7.05,0.55,none,0,3712.0,1.104630401142721,1.0,1.4222311882186807,0.0,0.0,0.058823529411764705,0.03235294117647059
0.0,1856.0,1856.0,16.0,415.0,1,0.0,5.25,0.55,none,0,3712.0,1.104630401142721,1.0,1.0024823372159632,0.0,0.0,0.058823529411764705,0.03235294117647059
0.0,0.0,0.0,16.0,222.0,1,0.0,2.51,0.55,none,0,0.0,0.0,1.0,0.4908095424325381,0.0,0.0,0.058823529411764705,0.03235294117647059
0.0,1856.0,1856.0,16.0,648.0,1,0.0,4.55,0.55,none,0,3712.0,1.2418038271109328,1.0,0.8834951456310679,0.0,0.0,0.058823529411764705,0.03235294117647059
0.0,1898.0,1898.0,16.0,598.0,1,0.0,8.47,0.51,none,0,3796.0,1.2663464104617028,1.0,1.65075034106412,0.0,0.0,0.058823529411764705,0.03
0.0,0.0,0.0,16.0,195.0,1,0.0,0.51,0.51,none,0,0.0,0.0,1.0,0.11325782811459027,0.0,0.0,0.058823529411764705,0.03
0.0,1856.0,1856.0,16.0,534.0,1,0.0,6.02,0.51,none,0,3712.0,1.2383239925273553,1.0,1.197057068999801,0.0,0.0,0.058823529411764705,0.03
0.0,1856.0,1856.0,16.0,415.0,1,0.0,4.74,0.51,none,0,3712.0,1.2383239925273553,1.0,0.8967082860385927,0.0,0.0,0.058823529411764705,0.03
0.0,928.0,928.0,16.0,417.0,1,0.0,1.08,0.51,none,0,1856.0,0.6600284495021337,1.0,0.23391812865497083,0.0,0.0,0.058823529411764705,0.03
0.0,1026.0,1026.0,16.0,3824.0,1,0.0,15.38,0.55,none,0,2052.0,0.7812975936643314,1.0,2.7681785457163426,0.0,0.0,0.058823529411764705,0.03235294117647059
0.0,1856.0,1856.0,16.0,646.0,1,0.0,5.91,0.55,none,0,3712.0,1.4133414559853792,1.0,1.0859977949283353,0.0,0.0,0.058823529411764705,0.03235294117647059
0.0,1856.0,1856.0,16.0,491.0,1,0.0,4.72,0.55,none,0,3712.0,1.4133414559853792,1.0,0.875858229727222,0.0,0.0,0.058823529411764705,0.03235294117647059
0.0,1856.0,1856.0,16.0,607.0,1,0.0,8.36,0.55,none,0,3712.0,1.2383239925273553,1.0,1.3993973886842987,0.0,0.0,0.058823529411764705,0.03235294117647059
0.0,1856.0,1856.0,16.0,526.0,1,0.0,5.31,0.55,none,0,3712.0,1.2383239925273553,1.0,0.8776859504132231,0.0,0.0,0.058823529411764705,0.03235294117647059
0.0,970.0,970.0,16.0,593.0,1,0.0,8.05,0.51,none,0,1940.0,0.689900426742532,1.0,1.3398801597869507,0.0,0.0,0.058823529411764705,0.03
0.0,1856.0,1856.0,16.0,434.0,1,0.0,2.91,0.51,none,0,3712.0,1.1661221412415181,1.0,0.46574903969270176,0.0,0.0,0.058823529411764705,0.03
0.0,928.0,928.0,16.0,324.0,1,0.0,2.37,0.51,none,0,1856.0,0.6191619962636776,1.0,0.40285568587455384,0.0,0.0,0.058823529411764705,0.03
0.0,1856.0,1856.0,16.0,421.0,1,0.0,2.97,0.51,none,0,3712.0,1.2383239925273553,1.0,0.5205047318611987,0.0,0.0,0.058823529411764705,0.03
0.0,1856.0,1856.0,16.0,563.0,1,0.0,7.75,0.51,none,0,3712.0,1.1661221412415181,1.0,1.2160677859720697,0.0,0.0,0.058823529411764705,0.03
0.0,1954.0,1954.0,16.0,775.0,1,0.0,8.36,0.55,none,0,3908.0,1.1600569935882212,1.0,1.4741668136131194,0.0,0.0,0.058823529411764705,0.03235294117647059
0.0,1856.0,1856.0,16.0,498.0,1,0.0,3.24,0.55,none,0,3712.0,1.1018760389456186,1.0,0.5995558845299779,0.0,0.0,0.058823529411764705,0.03235294117647059
0.0,1282.0,1282.0,16.0,193.0,2,0.0,1.57,0.55,none,0,2564.0,0.7879532882606023,1.0,0.3085085478483003,0.0,0.0,0.11764705882352941,0.03235294117647059
0.0,574.0,574.0,16.0,285.0,1,0.0,0.99,0.55,none,0,1148.0,0.3829730451027489,1.0,0.2274816176470588,0.0,0.0,0.058823529411764705,0.03235294117647059
0.0,2784.0,2784.0,16.0,699.0,1,0.0,3.06,0.5,none,0,5568.0,1.749183211862277,1.0,0.7414586866973587,0.0,0.0,0.058823529411764705,0.029411764705882353
0.0,928.0,928.0,16.0,525.0,1,0.0,5.24,0.5,none,0,1856.0,0.5846037545672168,1.0,1.3624544981799276,0.0,0.0,0.058823529411764705,0.029411764705882353
0.0,1856.0,1856.0,16.0,499.0,1,0.0,4.23,0.5,none,0,3712.0,1.1692075091344336,1.0,1.0633484162895928,0.0,0.0,0.058823529411764705,0.029411764705882353
0.0,1856.0,1856.0,16.0,419.0,1,0.0,1.61,0.5,none,0,3712.0,1.104630401142721,1.0,0.41260891850333165,0.0,0.0,0.058823529411764705,0.029411764705882353
0.0,1856.0,1856.0,16.0,418.0,1,0.0,1.64,0.5,none,0,3712.0,1.104630401142721,1.0,0.4351286813478376,0.0,0.0,0.058823529411764705,0.029411764705882353
0.0,1954.0,1954.0,16.0,592.0,1,0.0,5.12,0.46,none,0,3908.0,1.1562130177514793,1.0,1.4603536794067313,0.0,0.0,0.058823529411764705,0.027058823529411767
0.0,1856.0,1856.0,16.0,617.0,1,0.0,4.72,0.46,none,0,3712.0,1.104630401142721,1.0,1.5022278803309992,0.0,0.0,0.058823529411764705,0.027058823529411767
0.0,1856.0,1856.0,16.0,403.0,1,0.0,2.71,0.46,none,0,3712.0,1.104630401142721,1.0,0.8773065717060538,0.0,0.0,0.058823529411764705,0.027058823529411767
0.0,928.0,928.0,16.0,246.0,1,0.0,2.07,0.46,none,0,1856.0,0.5642023346303502,1.0,0.6594456833386427,0.0,0.0,0.058823529411764705,0.027058823529411767
0.0,928.0,928.0,16.0,340.0,1,0.0,2.63,0.42,none,0,1856.0,0.5523152005713605,1.0,0.7962458371177717,0.0,0.0,0.058823529411764705,0.024705882352941175
0.0,1856.0,1856.0,15.0,535.0,1,0.0,6.22,0.42,none,0,3712.0,1.1692075091344336,0.9433962264150944,1.7187068250898039,0.0,0.0,0.0625,0.02625
0.0,1856.0,1856.0,16.0,608.0,1,0.0,8.49,0.42,none,0,3712.0,1.104630401142721,1.0062893081761006,2.1526369168357,0.0,0.0,0.058823529411764705,0.024705882352941175
0.0,1856.0,1856.0,16.0,433.0,1,0.0,2.17,0.42,none,0,3712.0,1.104630401142721,1.0062893081761006,0.5805243445692883,0.0,0.0,0.058823529411764705,0.024705882352941175
0.0,1752.0,1752.0,16.0,481.0,1,0.0,2.45,0.42,none,0,3504.0,1.0492274523895078,1.0062893081761006,0.641025641025641,0.0,0.0,0.058823529411764705,0.024705882352941175
0.0,1856.0,1856.0,16.0,397.0,1,0.0,2.7,0.39,none,0,3712.0,1.1115103605222183,1.0062893081761006,0.6873727087576376,0.0,0.0,0.058823529411764705,0.022941176470588236
0.0,1954.0,1954.0,16.0,717.0,1,0.0,5.62,0.39,none,0,3908.0,1.1702000239549648,1.0062893081761006,1.412770236299648,0.0,0.0,0.058823529411764705,0.022941176470588236
0.0,0.0,0.0,16.0,370.0,1,0.0,1.85,0.39,none,0,0.0,0.0,1.0062893081761006,0.501219181793552,0.0,0.0,0.058823529411764705,0.022941176470588236
0.0,1856.0,1856.0,16.0,333.0,1,0.0,1.89,0.39,none,0,3712.0,1.2505053227327854,1.0062893081761006,0.5236907730673317,0.0,0.0,0.058823529411764705,0.022941176470588236
0.0,1856.0,1856.0,16.0,578.0,2,0.0,1.66,0.39,none,0,3712.0,1.1769181991122384,1.0062893081761006,0.4652466367713004,0.0,0.0,0.11764705882352941,0.022941176470588236
0.0,1856.0,1856.0,16.0,592.0,2,0.0,5.87,0.44,none,0,3712.0,1.1115103605222183,1.0062893081761006,1.5082219938335044,0.0,0.0,0.11764705882352941,0.02588235294117647
0.0,1856.0,1856.0,16.0,448.0,2,0.0,6.02,0.44,none,0,3712.0,1.1115103605222183,1.0,1.5547520661157022,0.0,0.0,0.11764705882352941,0.02588235294117647
0.0,928.0,928.0,16.0,420.0,2,0.0,4.74,0.44,none,0,1856.0,0.5884590995561192,1.0,1.355447526451244,0.0,0.0,0.11764705882352941,0.02588235294117647
0.0,928.0,928.0,16.0,286.0,2,0.0,1.32,0.44,none,0,1856.0,0.6252526613663927,1.0,0.38686987104337633,0.0,0.0,0.11764705882352941,0.02588235294117647
0.0,1856.0,1856.0,16.0,493.0,2,0.0,7.71,0.44,none,0,3712.0,1.2418038271109328,1.0,1.9578466226510918,0.0,0.0,0.11764705882352941,0.02588235294117647
0.0,1954.0,1954.0,16.0,595.0,2,0.0,8.02,0.4,none,0,3908.0,1.298856687051316,1.0,1.7941834451901562,0.0,0.0,0.11764705882352941,0.023529411764705882
0.0,1856.0,1856.0,16.0,466.0,2,0.0,5.61,0.4,none,0,3712.0,1.2418038271109328,1.0,1.2553143880062654,0.0,0.0,0.11764705882352941,0.023529411764705882
0.0,1856.0,1856.0,16.0,600.0,2,0.0,7.3,0.4,none,0,3712.0,1.104630401142721,1.0,1.4559234144395692,0.0,0.0,0.11764705882352941,0.023529411764705882
0.0,1856.0,1856.0,16.0,463.0,2,0.0,7.37,0.4,none,0,3712.0,1.104630401142721,1.0,1.3250629270046748,0.0,0.0,0.11764705882352941,0.023529411764705882
0.0,0.0,0.0,16.0,209.0,2,0.0,1.79,0.4,none,0,0.0,0.0,1.0,0.3210762331838565,0.0,0.0,0.11764705882352941,0.023529411764705882
0.0,1898.0,1898.0,16.0,400.0,2,0.0,5.75,0.53,none,0,3796.0,1.2663464104617028,1.0,1.0336149559590149,0.0,0.0,0.11764705882352941,0.031176470588235295
0.0,1856.0,1856.0,16.0,556.0,2,0.0,7.41,0.53,none,0,3712.0,1.2383239925273553,1.0,1.2995440196422308,0.0,0.0,0.11764705882352941,0.031176470588235295
0.0,1856.0,1856.0,16.0,732.0,2,0.0,10.77,0.53,none,0,3712.0,1.1661221412415181,1.0,1.7081681205392545,0.0,0.0,0.11764705882352941,0.031176470588235295
0.0,1856.0,1856.0,16.0,442.0,2,0.0,7.4,0.53,none,0,3712.0,1.1018760389456186,1.0,1.0704469839432953,0.0,0.0,0.11764705882352941,0.031176470588235295
0.0,1856.0,1856.0,16.0,435.0,2,0.0,5.54,0.49,none,0,3712.0,1.1018760389456186,1.0,0.8273596176821983,0.0,0.0,0.11764705882352941,0.028823529411764706
0.0,1954.0,1954.0,16.0,616.0,2,0.0,6.79,0.49,none,0,3908.0,1.1600569935882212,1.0,1.033013844515442,0.0,0.0,0.11764705882352941,0.028823529411764706
0.0,1856.0,1856.0,16.0,538.0,2,0.0,8.24,0.49,none,0,3712.0,1.1018760389456186,1.0,1.2053832650672909,0.0,0.0,0.11764705882352941,0.028823529411764706
0.0,1856.0,1856.0,16.0,335.0,2,0.0,1.35,0.49,none,0,3712.0,1.1018760389456186,1.0,0.21631148854350263,0.0,0.0,0.11764705882352941,0.028823529411764706
0.0,0.0,0.0,16.0,416.0,2,0.0,3.5,0.49,none,0,0.0,0.0,1.0,0.5978817902289032,0.0,0.0,0.11764705882352941,0.028823529411764706
0.0,1856.0,1856.0,16.0,382.0,2,0.0,3.46,0.45,none,0,3712.0,1.1018760389456186,1.0,0.574655372861651,0.0,0.0,0.11764705882352941,0.026470588235294117
0.0,1898.0,1898.0,16.0,479.0,2,0.0,6.77,0.45,none,0,3796.0,1.1268107337924482,1.0,1.1056671566225706,0.0,0.0,0.11764705882352941,0.026470588235294117
0.0,1856.0,1856.0,16.0,569.0,2,0.0,4.95,0.45,none,0,3712.0,1.1018760389456186,1.0,0.8422664624808576,0.0,0.0,0.11764705882352941,0.026470588235294117
0.0,1856.0,1856.0,16.0,387.0,2,0.0,2.96,0.45,none,0,3712.0,1.1018760389456186,1.0,0.5808477237048666,0.0,0.0,0.11764705882352941,0.026470588235294117
0.0,1856.0,1856.0,16.0,348.0,2,0.0,1.85,0.45,none,0,3712.0,1.1018760389456186,1.0,0.407399251266241,0.0,0.0,0.11764705882352941,0.026470588235294117
0.0,0.0,0.0,16.0,266.0,2,0.0,1.53,0.41,none,0,0.0,0.0,1.0,0.3695652173913044,0.0,0.0,0.11764705882352941,0.02411764705882353
0.0,1954.0,1954.0,16.0,563.0,2,0.0,3.99,0.41,none,0,3908.0,1.303709634374166,1.0,1.0336787564766838,0.0,0.0,0.11764705882352941,0.02411764705882353
0.0,1856.0,1856.0,16.0,685.0,2,0.0,8.11,0.41,none,0,3712.0,1.2383239925273553,1.0,2.1081362100337926,0.0,0.0,0.11764705882352941,0.02411764705882353
0.0,1856.0,1856.0,16.0,466.0,2,0.0,3.0,0.41,none,0,3712.0,1.2383239925273553,1.0,0.7477567298105684,0.0,0.0,0.11764705882352941,0.02411764705882353
0.0,1856.0,1856.0,16.0,535.0,2,0.0,6.12,0.41,none,0,3712.0,1.1018760389456186,1.0,1.4319138979878336,0.0,0.0,0.11764705882352941,0.02411764705882353
0.0,1856.0,1856.0,16.0,461.0,2,0.0,4.28,0.38,none,0,3712.0,1.1018760389456186,1.0,0.982552800734619,0.0,0.0,0.11764705882352941,0.02235294117647059
0.0,1856.0,1856.0,16.0,397.0,2,0.0,4.75,0.38,none,0,3712.0,1.104630401142721,1.0,1.14347616754935,0.0,0.0,0.11764705882352941,0.02235294117647059
0.0,928.0,928.0,16.0,433.0,2,0.0,4.48,0.38,none,0,1856.0,0.5846037545672168,1.0,1.0908205502800097,0.0,0.0,0.11764705882352941,0.02235294117647059
0.0,928.0,928.0,16.0,333.0,2,0.0,1.07,0.38,none,0,1856.0,0.6209019135554664,1.0,0.2730985196528841,0.0,0.0,0.11764705882352941,0.02235294117647059
0.0,1856.0,1856.0,16.0,410.0,2,0.0,5.14,0.35,none,0,3712.0,1.2418038271109328,1.0,1.2102660701671766,0.0,0.0,0.11764705882352941,0.020588235294117647
0.0,1856.0,1856.0,16.0,561.0,2,0.0,8.09,0.35,none,0,3712.0,1.104630401142721,1.0,1.6500101978380581,0.0,0.0,0.11764705882352941,0.020588235294117647
0.0,1954.0,1954.0,16.0,569.0,3,0.0,5.54,0.35,none,0,3908.0,1.1629567908582312,1.0,1.0952945828390668,0.0,0.0,0.17647058823529413,0.020588235294117647
0.0,1856.0,1856.0,16.0,611.0,3,0.0,4.35,0.35,none,0,3712.0,1.104630401142721,1.0,0.9290901324220417,0.0,0.0,0.17647058823529413,0.020588235294117647
0.0,1856.0,1856.0,16.0,337.0,3,0.0,1.81,0.35,none,0,3712.0,1.104630401142721,1.0,0.39666885820731973,0.0,0.0,0.17647058823529413,0.020588235294117647
0.0,928.0,928.0,16.0,1753.0,3,0.0,3.68,0.32,none,0,1856.0,0.5846037545672168,1.0,0.8520490854364435,0.0,0.0,0.17647058823529413,0.018823529411764708
0.0,2784.0,2784.0,16.0,1796.0,3,0.0,4.07,0.32,none,0,5568.0,1.6569456017140816,1.0,0.9469520707305724,0.0,0.0,0.17647058823529413,0.018823529411764708
0.0,0.0,0.0,16.0,486.0,3,0.0,1.3,0.32,none,0,0.0,0.0,1.0,0.328864153807235,0.0,0.0,0.17647058823529413,0.018823529411764708
0.0,1856.0,1856.0,16.0,1010.0,3,0.0,2.36,0.32,none,0,3712.0,1.1692075091344336,1.0,0.6308473670141673,0.0,0.0,0.17647058823529413,0.018823529411764708
0.0,1856.0,1856.0,16.0,957.0,3,0.0,3.54,0.32,none,0,3712.0,1.104630401142721,1.0,0.8876629889669008,0.0,0.0,0.17647058823529413,0.018823529411764708
0.0,1856.0,1856.0,16.0,984.0,3,0.0,3.61,0.29,none,0,3712.0,1.104630401142721,1.0,0.941329856584094,0.0,0.0,0.17647058823529413,0.017058823529411765
0.0,1954.0,1954.0,16.0,1284.0,3,0.0,6.37,0.29,none,0,3908.0,1.1562130177514793,1.0,1.739011739011739,0.0,0.0,0.17647058823529413,0.017058823529411765
0.0,1856.0,1856.0,16.0,8388.0,3,0.0,28.44,0.29,none,0,3712.0,1.104630401142721,1.0,4.777423147992609,0.0,0.0,0.17647058823529413,0.017058823529411765
0.0,928.0,928.0,16.0,7350.0,3,0.0,25.27,0.29,none,0,1856.0,0.5846037545672168,1.0,3.1410814170292105,0.0,0.0,0.17647058823529413,0.017058823529411765
0.0,928.0,928.0,16.0,2483.0,3,0.0,6.12,0.29,none,0,1856.0,0.6209019135554664,1.0,0.7220386974988203,0.0,0.0,0.17647058823529413,0.017058823529411765
0.0,1856.0,1856.0,16.0,703.0,3,0.0,6.99,0.35,none,0,3712.0,1.1692075091344336,1.0,0.7936868400136255,0.0,0.0,0.17647058823529413,0.020588235294117647
0.0,1856.0,1856.0,16.0,1116.0,3,0.0,8.01,0.35,none,0,3712.0,1.2418038271109328,1.0,0.8705575480925988,0.0,0.0,0.17647058823529413,0.020588235294117647
0.0,1856.0,1856.0,16.0,481.0,3,0.0,2.69,0.35,none,0,3712.0,1.104630401142721,1.0,0.2880085653104925,0.0,0.0,0.17647058823529413,0.020588235294117647
0.0,1856.0,1856.0,16.0,660.0,3,0.0,7.8,0.35,none,0,3712.0,1.104630401142721,1.0,0.7891541885876163,0.0,0.0,0.17647058823529413,0.020588235294117647
0.0,1856.0,1856.0,16.0,721.0,3,0.0,9.14,0.4,none,0,3712.0,1.104630401142721,1.0,0.8751436231328994,0.0,0.0,0.17647058823529413,0.023529411764705882
0.0,928.0,928.0,16.0,493.0,3,0.0,6.43,0.4,none,0,1856.0,0.5846037545672168,1.0,0.5994779041581205,0.0,0.0,0.17647058823529413,0.023529411764705882
0.0,1026.0,1026.0,16.0,664.0,3,0.0,5.97,0.4,none,0,2052.0,0.6864712966680049,1.0,0.5586749017405952,0.0,0.0,0.17647058823529413,0.023529411764705882
0.0,1856.0,1856.0,16.0,905.0,3,0.0,7.0,0.4,none,0,3712.0,1.2418038271109328,1.0,0.8194802154062283,0.0,0.0,0.17647058823529413,0.023529411764705882
0.0,1856.0,1856.0,16.0,858.0,3,0.0,9.73,0.4,none,0,3712.0,1.1692075091344336,1.0,1.3923869490555238,0.0,0.0,0.17647058823529413,0.023529411764705882
0.0,1856.0,1856.0,16.0,397.0,3,0.0,3.79,0.37,none,0,3712.0,1.104630401142721,1.0,0.5610658771280533,0.0,0.0,0.17647058823529413,0.02176470588235294
0.0,1856.0,1856.0,16.0,460.0,2,0.0,4.04,0.37,none,0,3712.0,1.104630401142721,1.0,0.6253869969040249,0.0,0.0,0.11764705882352941,0.02176470588235294
0.0,1856.0,1856.0,16.0,535.0,2,0.0,7.35,0.37,none,0,3712.0,1.104630401142721,1.0,1.1495151704723177,0.0,0.0,0.11764705882352941,0.02176470588235294
0.0,1856.0,1856.0,16.0,493.0,2,0.0,6.81,0.37,none,0,3712.0,1.104630401142721,1.0,1.0005877167205406,0.0,0.0,0.11764705882352941,0.02176470588235294
0.0,1856.0,1856.0,16.0,457.0,2,0.0,3.27,0.37,none,0,3712.0,1.104630401142721,1.0,0.5147174563198489,0.0,0.0,0.11764705882352941,0.02176470588235294
0.0,0.0,0.0,16.0,270.0,2,0.0,2.33,0.34,none,0,0.0,0.0,1.0,0.4107898448519041,0.0,0.0,0.11764705882352941,0.02
0.0,1856.0,1856.0,16.0,511.0,2,0.0,8.5,0.34,none,0,3712.0,1.1692075091344336,1.0,1.4458241197482566,0.0,0.0,0.11764705882352941,0.02
0.0,1954.0,1954.0,16.0,619.0,2,0.0,11.23,0.34,none,0,3908.0,1.1629567908582312,1.0,1.7533177205308355,0.0,0.0,0.11764705882352941,0.02
0.0,1856.0,1856.0,16.0,403.0,2,0.0,3.81,0.34,none,0,3712.0,1.104630401142721,1.0,0.6260269470916858,0.0,0.0,0.11764705882352941,0.02
0.0,1856.0,1856.0,16.0,611.0,2,0.0,9.9,0.34,none,0,3712.0,1.104630401142721,1.0,1.6221530394887762,0.0,0.0,0.11764705882352941,0.02
0.0,1856.0,1856.0,16.0,643.0,2,0.0,8.14,0.31,none,0,3712.0,1.104630401142721,1.0,1.2450290608748855,0.0,0.0,0.11764705882352941,0.018235294117647058
0.0,1856.0,1856.0,16.0,534.0,2,0.0,4.53,0.31,none,0,3712.0,1.104630401142721,1.0,0.6877182328829512,0.0,0.0,0.11764705882352941,0.018235294117647058
0.0,84.0,84.0,16.0,233.0,2,0.0,0.76,0.31,none,0,168.0,0.05588822355289421,1.0,0.1282051282051282,0.0,0.0,0.11764705882352941,0.018235294117647058
0.0,1856.0,1856.0,16.0,503.0,2,0.0,7.21,0.31,none,0,3712.0,1.2348636061210911,1.0,1.2081099195710454,0.0,0.0,0.11764705882352941,0.018235294117647058
0.0,1856.0,1856.0,16.0,640.0,2,0.0,5.1,0.29,none,0,3712.0,1.2348636061210911,1.0,0.8291334742318321,0.0,0.0,0.11764705882352941,0.017058823529411765
0.0,1856.0,1856.0,16.0,438.0,2,0.0,2.51,0.29,none,0,3712.0,1.0991353784199929,1.0,0.4068730750526828,0.0,0.0,0.11764705882352941,0.017058823529411765
0.0,1954.0,1954.0,16.0,517.0,2,0.0,3.64,0.29,none,0,3908.0,1.15049458313707,1.0,0.6405067745908851,0.0,0.0,0.11764705882352941,0.017058823529411765
0.0,1856.0,1856.0,15.0,685.0,2,0.0,4.56,0.29,none,0,3712.0,1.0991353784199929,0.9433962264150944,0.9090909090909091,0.0,0.0,0.125,0.018125
0.0,1856.0,1856.0,16.0,651.0,2,0.0,1.98,0.27,none,0,3712.0,1.0991353784199929,1.0062893081761006,0.40968342644320294,0.0,0.0,0.11764705882352941,0.015882352941176472
0.0,1856.0,1856.0,16.0,510.0,2,0.0,2.92,0.27,none,0,3712.0,1.0991353784199929,1.0062893081761006,0.7061668681983072,0.0,0.0,0.11764705882352941,0.015882352941176472
0.0,1856.0,1856.0,16.0,431.0,2,0.0,6.84,0.27,none,0,3712.0,1.0991353784199929,1.0062893081761006,1.7078651685393258,0.0,0.0,0.11764705882352941,0.015882352941176472
0.0,1856.0,1856.0,16.0,558.0,2,0.0,4.27,0.27,none,0,3712.0,1.0991353784199929,1.0062893081761006,1.0731339532545865,0.0,0.0,0.11764705882352941,0.015882352941176472
0.0,928.0,928.0,16.0,184.0,2,0.0,0.72,0.27,none,0,1856.0,0.5234066553863508,1.0062893081761006,0.18113207547169816,0.0,0.0,0.11764705882352941,0.015882352941176472
0.0,1856.0,1856.0,16.0,645.0,2,0.0,3.0,0.24,none,0,3712.0,1.0468133107727016,1.0062893081761006,0.8441193021947103,0.0,0.0,0.11764705882352941,0.014117647058823528
0.0,928.0,928.0,16.0,440.0,2,0.0,5.04,0.24,none,0,1856.0,0.5523152005713605,1.0062893081761006,1.4205186020293121,0.0,0.0,0.11764705882352941,0.014117647058823528
0.0,1954.0,1954.0,16.0,559.0,2,0.0,6.93,0.24,none,0,3908.0,1.1562130177514793,1.0062893081761006,1.7368421052631582,0.0,0.0,0.11764705882352941,0.014117647058823528
0.0,1856.0,1856.0,16.0,527.0,2,0.0,7.73,0.24,none,0,3712.0,1.104630401142721,1.0062893081761006,1.7572175494430553,0.0,0.0,0.11764705882352941,0.014117647058823528
0.0,1856.0,1856.0,16.0,559.0,2,0.0,6.35,0.24,none,0,3712.0,1.104630401142721,1.0,1.387068588903451,0.0,0.0,0.11764705882352941,0.014117647058823528
0.0,1856.0,1856.0,16.0,679.0,2,0.0,5.13,0.22,none,0,3712.0,1.104630401142721,1.0,1.0484365419987738,0.0,0.0,0.11764705882352941,0.012941176470588235
0.0,1856.0,1856.0,16.0,476.0,2,0.0,6.44,0.22,none,0,3712.0,1.104630401142721,1.0,1.2278360343183985,0.0,0.0,0.11764705882352941,0.012941176470588235
0.0,1856.0,1856.0,16.0,528.0,2,0.0,5.58,0.22,none,0,3712.0,1.104630401142721,1.0,1.0900566516897832,0.0,0.0,0.11764705882352941,0.012941176470588235
0.0,1856.0,1856.0,16.0,465.0,2,0.0,6.48,0.22,none,0,3712.0,1.104630401142721,1.0,1.2134831460674156,0.0,0.0,0.11764705882352941,0.012941176470588235
0.0,1856.0,1856.0,16.0,606.0,2,0.0,7.98,0.21,none,0,3712.0,1.0468133107727016,1.0,1.3155291790306627,0.0,0.0,0.11764705882352941,0.012352941176470587
0.0,1856.0,1856.0,16.0,516.0,2,0.0,6.75,0.21,none,0,3712.0,1.0468133107727016,1.0,1.047973917093619,0.0,0.0,0.11764705882352941,0.012352941176470587
0.0,1954.0,1954.0,16.0,485.0,2,0.0,6.67,0.21,none,0,3908.0,1.0417999573469823,1.0,1.0099939430648093,0.0,0.0,0.11764705882352941,0.012352941176470587
0.0,0.0,0.0,16.0,207.0,1,0.0,0.74,0.21,none,0,0.0,0.0,1.0,0.12364243943191311,0.0,0.0,0.058823529411764705,0.012352941176470587
0.0,1856.0,1856.0,16.0,343.0,1,0.0,1.36,0.21,none,0,3712.0,1.104630401142721,1.0,0.2543006731488407,0.0,0.0,0.058823529411764705,0.012352941176470587
0.0,1856.0,1856.0,16.0,490.0,1,0.0,1.13,0.19,none,0,3712.0,1.104630401142721,1.0,0.23414836303356817,0.0,0.0,0.058823529411764705,0.011176470588235295
0.0,1856.0,1856.0,16.0,387.0,1,0.0,3.22,0.19,none,0,3712.0,1.104630401142721,1.0,0.6947141316073355,0.0,0.0,0.058823529411764705,0.011176470588235295
0.0,928.0,928.0,16.0,263.0,1,0.0,0.79,0.19,none,0,1856.0,0.5846037545672168,1.0,0.1941031941031941,0.0,0.0,0.058823529411764705,0.011176470588235295
0.0,1856.0,1856.0,16.0,445.0,1,0.0,2.44,0.19,none,0,3712.0,1.1692075091344336,1.0,0.6496272630457933,0.0,0.0,0.058823529411764705,0.011176470588235295
0.0,1856.0,1856.0,16.0,340.0,1,0.0,1.88,0.17,none,0,3712.0,1.1692075091344336,1.0,0.5703883495145631,0.0,0.0,0.058823529411764705,0.01
0.0,928.0,928.0,16.0,619.0,1,0.0,6.25,0.17,none,0,1856.0,0.6209019135554664,1.0,2.0012808197246237,0.0,0.0,0.058823529411764705,0.01
0.0,1856.0,1856.0,16.0,377.0,1,0.0,2.44,0.17,none,0,3712.0,1.2418038271109328,1.0,0.9063893016344724,0.0,0.0,0.058823529411764705,0.01
0.0,200.0,200.0,24.0,514.0,0,0.0,9.35,1.82,none,0,400.0,0.15160703456640387,1.4285714285714286,3.1587837837837838,0.0,0.0,0.0,0.0728
0.0,298.0,298.0,24.0,437.0,0,0.0,4.24,1.83,none,0,596.0,0.22090437361008153,1.3636363636363635,1.2809667673716012,0.0,0.0,0.0,0.0732
0.0,200.0,200.0,24.0,274.0,0,0.0,2.15,1.83,none,0,400.0,0.1690045631232043,1.3043478260869565,0.6344054293301858,0.0,0.0,0.0,0.0732
0.0,200.0,200.0,24.0,651.0,0,0.0,13.35,1.83,none,0,400.0,0.19650225977598743,1.25,2.8952504879635654,0.0,0.0,0.0,0.0732
0.0,0.0,0.0,24.0,293.0,0,0.0,4.23,1.83,none,0,0.0,0.0,1.2,0.8977079796264857,0.0,0.0,0.0,0.0732
0.0,298.0,298.0,24.0,464.0,0,0.0,6.56,1.83,none,0,596.0,0.3874154966198648,1.1538461538461537,1.2403100775193798,0.0,0.0,0.0,0.0732
0.0,200.0,200.0,24.0,350.0,0,0.0,2.71,1.69,none,0,400.0,0.3313452617627568,1.111111111111111,0.5097817908201655,0.0,0.0,0.0,0.0676
0.0,200.0,200.0,24.0,486.0,0,0.0,7.75,1.69,none,0,400.0,0.45662100456621,1.0714285714285714,1.3128917499576485,0.0,0.0,0.0,0.0676
0.0,0.0,0.0,24.0,607.0,0,0.0,5.85,1.69,none,0,0.0,0.0,1.0344827586206897,0.9977827050997783,0.0,0.0,0.0,0.0676
0.0,400.0,400.0,27.0,1323.0,0,0.0,18.97,1.69,none,0,800.0,2.0040080160320644,1.1111111111111112,2.5239489089941456,0.0,0.0,0.0,0.06035714285714285
0.0,200.0,200.0,27.0,436.0,0,96.4,14.51,1.63,none,0,400.0,1.0020040080160322,1.097560975609756,1.8065239043824701,6.643689425438025,0.0,0.0,0.05821428571428571
0.0,98.0,98.0,27.0,492.0,0,25.8,7.14,1.63,none,0,196.0,0.5456570155902004,1.0843373493975905,0.8579668348954579,3.6134403173104803,0.0,0.0,0.05821428571428571
0.0,200.0,200.0,27.0,692.0,0,0.0,10.86,1.63,none,0,400.0,1.1135857461024499,1.0714285714285714,1.1813336234091154,0.0,0.0,0.0,0.05821428571428571
0.0,200.0,200.0,27.0,616.0,0,0.0,10.27,1.63,none,0,400.0,1.1135857461024499,1.0588235294117647,1.1558806978052898,0.0,0.0,0.0,0.05821428571428571
0.0,298.0,298.0,27.0,651.0,0,0.0,13.03,1.63,none,0,596.0,1.423113658070678,1.0465116279069766,1.334357398873528,0.0,0.0,0.0,0.05821428571428571
0.0,200.0,200.0,27.0,449.0,0,0.0,6.63,1.5,none,0,400.0,1.0020040080160322,1.0344827586206895,0.6784690953745395,0.0,0.0,0.0,0.05357142857142857
0.0,200.0,200.0,27.0,370.0,0,0.0,8.38,1.5,none,0,400.0,1.0020040080160322,1.0227272727272727,0.8105232614372765,0.0,0.0,0.0,0.05357142857142857
0.0,0.0,0.0,27.0,631.0,0,0.0,6.83,1.5,none,0,0.0,0.0,1.0112359550561798,0.6665365472821314,0.0,0.0,0.0,0.05357142857142857
0.0,200.0,200.0,27.0,444.0,0,0.0,9.66,1.5,none,0,400.0,1.0020040080160322,1.0,0.9089198343996989,0.0,0.0,0.0,0.05357142857142857
0.0,242.0,242.0,27.0,545.0,0,0.0,11.32,1.5,none,0,484.0,1.3166485310119695,1.0,1.1477238162830783,0.0,0.0,0.0,0.05357142857142857
0.0,200.0,200.0,27.0,415.0,0,0.0,4.18,1.38,none,0,400.0,1.088139281828074,1.0,0.47338618346545863,0.0,0.0,0.0,0.04928571428571428
0.0,298.0,298.0,27.0,495.0,0,0.0,4.0,1.38,none,0,596.0,1.4622178606476937,1.0,0.4697040864255519,0.0,0.0,0.0,0.04928571428571428
0.0,100.0,100.0,27.0,610.0,0,0.0,6.67,1.38,none,0,200.0,0.5159958720330237,1.0,0.8237618871186859,0.0,0.0,0.0,0.04928571428571428
0.0,100.0,100.0,27.0,357.0,0,10.4,3.98,1.38,none,0,200.0,0.544069640914037,1.0,0.5329405463310124,2.6130587611588916,0.0,0.0,0.04928571428571428
0.0,298.0,298.0,27.0,549.0,0,0.0,8.15,1.27,none,0,596.0,1.6213275299238301,1.0,1.1676217765042982,0.0,0.0,0.0,0.04535714285714286
0.0,200.0,200.0,27.0,419.0,0,0.0,8.49,1.27,none,0,400.0,1.088139281828074,1.0,1.184761373150991,0.0,0.0,0.0,0.04535714285714286
0.0,200.0,200.0,27.0,528.0,0,0.0,9.71,1.27,none,0,400.0,1.088139281828074,1.0,1.330319221811207,0.0,0.0,0.0,0.04535714285714286
0.0,200.0,200.0,27.0,819.0,0,0.0,15.26,1.27,none,0,400.0,0.9813542688910696,1.0,1.874232375337755,0.0,0.0,0.0,0.04535714285714286
0.0,200.0,200.0,27.0,400.0,0,0.0,9.04,1.27,none,0,400.0,0.9813542688910696,1.0,1.1188118811881185,0.0,0.0,0.0,0.04535714285714286
0.0,0.0,0.0,27.0,480.0,0,0.0,3.68,1.17,none,0,0.0,0.0,1.0,0.5030071077091307,0.0,0.0,0.0,0.04178571428571428
0.0,298.0,298.0,27.0,483.0,0,0.0,3.51,1.17,none,0,596.0,1.573389651531151,1.0,0.484204717892123,0.0,0.0,0.0,0.04178571428571428
0.0,200.0,200.0,26.0,347.0,0,0.0,2.22,1.17,none,0,400.0,1.1135857461024499,0.966542750929368,0.31395842172252864,0.0,0.0,0.0,0.04333333333333333
0.0,200.0,200.0,27.0,699.0,0,0.0,6.81,1.17,none,0,400.0,1.0548523206751055,1.0037174721189592,0.9611856033874381,0.0,0.0,0.0,0.04178571428571428
0.0,298.0,298.0,27.0,653.0,0,0.0,10.5,1.17,none,0,596.0,1.423113658070678,1.0037174721189592,1.3571151609150833,0.0,0.0,0.0,0.04178571428571428
0.0,200.0,200.0,27.0,567.0,0,0.0,11.38,1.07,none,0,400.0,1.0020040080160322,1.0037174721189592,1.4119106699751864,0.0,0.0,0.0,0.038214285714285715
0.0,242.0,242.0,27.0,419.0,0,0.0,7.92,1.07,none,0,484.0,1.1874386653581943,1.0037174721189592,0.9896288891665626,0.0,0.0,0.0,0.038214285714285715
0.0,100.0,100.0,27.0,531.0,0,0.0,4.58,1.07,none,0,200.0,0.5159958720330237,1.0037174721189592,0.6114819759679574,0.0,0.0,0.0,0.038214285714285715
0.0,100.0,100.0,27.0,752.0,0,10.3,9.94,1.07,none,0,200.0,0.544069640914037,1.0037174721189592,1.4285714285714284,1.03621626135185,0.0,0.0,0.038214285714285715
0.0,200.0,200.0,27.0,512.0,0,0.0,8.02,0.99,none,0,400.0,1.088139281828074,1.0037174721189592,1.1697782963827303,0.0,0.0,0.0,0.03535714285714286
0.0,200.0,200.0,27.0,420.0,0,0.0,5.18,0.99,none,0,400.0,0.9813542688910696,1.0037174721189592,0.7393662574935769,0.0,0.0,0.0,0.03535714285714286
0.0,298.0,298.0,27.0,572.0,0,0.0,6.41,0.99,none,0,596.0,1.4622178606476937,1.0037174721189592,0.878563596491228,0.0,0.0,0.0,0.03535714285714286
0.0,200.0,200.0,27.0,828.0,0,0.0,16.0,0.99,none,0,400.0,0.9813542688910696,1.0,1.8445930366612864,0.0,0.0,0.0,0.03535714285714286
0.0,200.0,200.0,27.0,503.0,0,0.0,8.04,0.99,none,0,400.0,0.9813542688910696,1.0,0.9139479367966351,0.0,0.0,0.0,0.03535714285714286
0.0,198.0,198.0,27.0,441.0,0,0.0,4.81,1.15,none,0,396.0,1.021671826625387,1.0,0.5845892075838599,0.0,0.0,0.0,0.04107142857142857
0.0,100.0,100.0,26.0,326.0,0,0.0,3.93,1.15,none,0,200.0,0.544069640914037,0.966542750929368,0.5251904316450622,0.0,0.0,0.0,0.04259259259259259
0.0,200.0,200.0,27.0,394.0,0,0.0,4.09,1.15,none,0,400.0,1.1135857461024499,1.0037174721189592,0.5760563380281691,0.0,0.0,0.0,0.04107142857142857
0.0,200.0,200.0,27.0,774.0,0,0.0,11.89,1.15,none,0,400.0,1.0548523206751055,1.0037174721189592,1.5183246073298433,0.0,0.0,0.0,0.04107142857142857
0.0,200.0,200.0,27.0,475.0,0,0.0,6.79,1.15,none,0,400.0,1.0020040080160322,1.0037174721189592,0.9034060670569452,0.0,0.0,0.0,0.04107142857142857
0.0,200.0,200.0,27.0,568.0,0,0.0,7.45,1.22,none,0,400.0,1.0020040080160322,1.0037174721189592,0.998793403941547,0.0,0.0,0.0,0.04357142857142857
0.0,98.0,98.0,27.0,577.0,0,0.0,3.24,1.22,none,0,196.0,0.5174234424498416,1.0037174721189592,0.44597384721266353,0.0,0.0,0.0,0.04357142857142857
0.0,200.0,200.0,27.0,301.0,0,0.0,2.2,1.22,none,0,400.0,1.1135857461024499,1.0037174721189592,0.3214494447691409,0.0,0.0,0.0,0.04357142857142857
0.0,200.0,200.0,27.0,855.0,0,0.0,13.46,1.22,none,0,400.0,1.1135857461024499,1.0037174721189592,2.0424886191198786,0.0,0.0,0.0,0.04357142857142857
0.0,298.0,298.0,27.0,726.0,0,0.0,10.19,1.12,none,0,596.0,1.573389651531151,1.0037174721189592,1.4974283614988975,0.0,0.0,0.0,0.04
0.0,200.0,200.0,27.0,475.0,0,0.0,10.16,1.12,none,0,400.0,1.0548523206751055,1.0037174721189592,1.3841961852861033,0.0,0.0,0.0,0.04
0.0,242.0,242.0,27.0,452.0,0,0.0,10.0,1.12,none,0,484.0,1.1874386653581943,1.0,1.2583364791745313,0.0,0.0,0.0,0.04
0.0,0.0,0.0,27.0,364.0,0,10.5,3.09,1.12,none,0,0.0,0.0,1.0,0.39378106282655784,3.3980472555105,0.0,0.0,0.04
0.0,200.0,200.0,27.0,759.0,0,0.0,12.36,1.12,none,0,400.0,1.088139281828074,1.0,1.565746136306055,0.0,0.0,0.0,0.04
0.0,200.0,200.0,27.0,559.0,0,0.0,6.93,1.03,none,0,400.0,1.088139281828074,1.0,0.8763277693474962,0.0,0.0,0.0,0.03678571428571429
0.0,200.0,200.0,27.0,441.0,0,0.0,3.69,1.03,none,0,400.0,1.088139281828074,1.0,0.4899097185342539,0.0,0.0,0.0,0.03678571428571429
0.0,298.0,298.0,27.0,1154.0,0,0.0,5.19,1.03,none,0,596.0,1.4622178606476937,1.0,0.6716707648505241,0.0,0.0,0.0,0.03678571428571429
0.0,200.0,200.0,27.0,1659.0,0,0.0,12.89,1.03,none,0,400.0,0.9813542688910696,1.0,1.46543883583447,0.0,0.0,0.0,0.03678571428571429
0.0,200.0,200.0,27.0,943.0,0,0.0,19.34,1.03,none,0,400.0,0.9813542688910696,1.0,2.060954816709293,0.0,0.0,0.0,0.03678571428571429
0.0,298.0,298.0,27.0,578.0,0,0.0,9.58,0.95,none,0,596.0,1.4622178606476937,1.0,1.0275662340448355,0.0,0.0,0.0,0.033928571428571426
0.0,0.0,0.0,27.0,292.0,0,11.5,5.28,0.95,none,0,0.0,0.0,1.0,0.5976230899830222,2.1780261779807235,0.0,0.0,0.033928571428571426
0.0,200.0,200.0,27.0,474.0,0,0.0,3.75,0.95,none,0,400.0,1.1135857461024499,1.0,0.4567600487210719,0.0,0.0,0.0,0.033928571428571426
0.0,200.0,200.0,27.0,374.0,0,0.0,2.19,0.95,none,0,400.0,1.0020040080160322,1.0,0.269704433497537,0.0,0.0,0.0,0.033928571428571426
0.0,200.0,200.0,27.0,2071.0,0,0.0,14.41,0.87,none,0,400.0,1.0020040080160322,1.0,1.730930930930931,0.0,0.0,0.0,0.031071428571428573
0.0,242.0,242.0,27.0,2250.0,0,0.0,10.0,0.87,none,0,484.0,1.1874386653581943,1.0,1.1584800741427246,0.0,0.0,0.0,0.031071428571428573
0.0,298.0,298.0,27.0,1207.0,0,0.0,6.72,0.87,none,0,596.0,1.395131086142322,1.0,0.7520984890878567,0.0,0.0,0.0,0.031071428571428573
0.0,200.0,200.0,27.0,820.0,0,0.0,4.35,0.87,none,0,400.0,0.9813542688910696,1.0,0.49146989040786354,0.0,0.0,0.0,0.031071428571428573
0.0,100.0,100.0,27.0,443.0,0,0.0,2.41,0.87,none,0,200.0,0.5159958720330237,1.0,0.3088555683711393,0.0,0.0,0.0,0.031071428571428573
0.0,100.0,100.0,27.0,692.0,0,0.0,4.6,0.8,none,0,200.0,0.544069640914037,1.0,0.7268130826354873,0.0,0.0,0.0,0.028571428571428574
0.0,298.0,298.0,27.0,541.0,0,0.0,5.99,0.8,none,0,596.0,1.6213275299238301,1.0,1.003350083752094,0.0,0.0,0.0,0.028571428571428574
0.0,200.0,200.0,27.0,448.0,0,0.0,4.5,0.8,none,0,400.0,0.9813542688910696,1.0,0.7637474541751528,0.0,0.0,0.0,0.028571428571428574
0.0,200.0,200.0,27.0,562.0,0,0.0,6.6,0.8,none,0,400.0,0.9813542688910696,1.0,1.0684798445847499,0.0,0.0,0.0,0.028571428571428574
0.0,200.0,200.0,26.0,718.0,0,0.0,8.82,0.8,none,0,400.0,0.9813542688910696,0.966542750929368,1.2894736842105263,0.0,0.0,0.0,0.02962962962962963
0.0,242.0,242.0,27.0,524.0,0,0.0,4.37,0.9,none,0,484.0,1.1634615384615385,1.0037174721189592,0.7488005483207676,0.0,0.0,0.0,0.03214285714285715
0.0,0.0,0.0,27.0,397.0,0,0.0,3.57,0.9,none,0,0.0,0.0,1.0037174721189592,0.6874638937030618,0.0,0.0,0.0,0.03214285714285715
0.0,298.0,298.0,27.0,529.0,0,0.0,3.31,0.9,none,0,596.0,1.6213275299238301,1.0037174721189592,0.6821929101401485,0.0,0.0,0.0,0.03214285714285715
0.0,200.0,200.0,27.0,450.0,0,0.0,7.09,0.9,none,0,400.0,1.088139281828074,1.0037174721189592,1.3831447522434646,0.0,0.0,0.0,0.03214285714285715
0.0,200.0,200.0,27.0,698.0,0,0.0,10.99,0.9,none,0,400.0,1.0319917440660473,1.0037174721189592,1.8365641711229947,0.0,0.0,0.0,0.03214285714285715
0.0,298.0,298.0,27.0,594.0,0,0.0,10.16,0.83,none,0,596.0,1.395131086142322,1.0037174721189592,1.5535168195718656,0.0,0.0,0.0,0.02964285714285714
0.0,200.0,200.0,27.0,482.0,0,0.0,7.62,0.83,none,0,400.0,0.9813542688910696,1.0037174721189592,1.1368044159331643,0.0,0.0,0.0,0.02964285714285714
0.0,200.0,200.0,27.0,468.0,0,0.0,7.59,0.83,none,0,400.0,0.9813542688910696,1.0037174721189592,1.0824301197946378,0.0,0.0,0.0,0.02964285714285714
0.0,200.0,200.0,27.0,342.0,0,0.0,3.12,0.83,none,0,400.0,0.9813542688910696,1.0037174721189592,0.46818727490996404,0.0,0.0,0.0,0.02964285714285714
0.0,200.0,200.0,27.0,596.0,0,0.0,5.19,0.84,none,0,400.0,0.9813542688910696,1.0,0.8236787811458499,0.0,0.0,0.0,0.03
0.0,100.0,100.0,27.0,490.0,0,0.0,2.75,0.84,none,0,200.0,0.5274261603375527,1.0,0.44795569310962696,0.0,0.0,0.0,0.03
0.0,100.0,100.0,27.0,363.0,0,0.0,3.72,0.84,none,0,200.0,0.5010020040080161,1.0,0.604484887877803,0.0,0.0,0.0,0.03
0.0,298.0,298.0,27.0,1527.0,0,0.0,11.44,0.84,none,0,596.0,1.4929859719438878,1.0,1.6420266972872108,0.0,0.0,0.0,0.03
0.0,200.0,200.0,27.0,699.0,0,0.0,10.32,0.84,none,0,400.0,1.0020040080160322,1.0,1.4156378600823047,0.0,0.0,0.0,0.03
0.0,200.0,200.0,27.0,795.0,0,0.0,9.09,0.77,none,0,400.0,1.0020040080160322,1.0,1.2802816901408451,0.0,0.0,0.0,0.0275
0.0,298.0,298.0,27.0,634.0,0,0.0,10.05,0.77,none,0,596.0,1.4929859719438878,1.0,1.4176893779094373,0.0,0.0,0.0,0.0275
0.0,200.0,200.0,27.0,554.0,0,0.0,10.13,0.77,none,0,400.0,1.0020040080160322,1.0,1.380108991825613,0.0,0.0,0.0,0.0275
0.0,100.0,100.0,27.0,572.0,0,0.0,7.11,0.77,none,0,200.0,0.5274261603375527,1.0,0.9750411409764126,0.0,0.0,0.0,0.0275
0.0,200.0,200.0,27.0,506.0,0,0.0,5.82,0.77,none,0,400.0,1.0548523206751055,1.0,0.7696376619941815,0.0,0.0,0.0,0.0275
0.0,200.0,200.0,27.0,851.0,0,0.0,6.44,0.79,none,0,400.0,1.0548523206751055,1.0,0.8377780668661376,0.0,0.0,0.0,0.028214285714285716
0.0,100.0,100.0,27.0,414.0,0,0.0,3.16,0.79,none,0,200.0,0.5274261603375527,1.0,0.4089026915113872,0.0,0.0,0.0,0.028214285714285716
0.0,298.0,298.0,27.0,756.0,0,0.0,8.75,0.79,none,0,596.0,1.423113658070678,1.0,1.0630543068885918,0.0,0.0,0.0,0.028214285714285716
0.0,200.0,200.0,27.0,355.0,0,0.0,2.0,0.79,none,0,400.0,1.0020040080160322,1.0,0.2744613695622341,0.0,0.0,0.0,0.028214285714285716
0.0,200.0,200.0,27.0,583.0,0,0.0,5.28,0.89,none,0,400.0,1.0020040080160322,1.0,0.7784166298098187,0.0,0.0,0.0,0.031785714285714285
0.0,298.0,298.0,27.0,793.0,0,0.0,8.59,0.89,none,0,596.0,1.423113658070678,1.0,1.2758057329570769,0.0,0.0,0.0,0.031785714285714285
0.0,200.0,200.0,27.0,379.0,0,0.0,3.76,0.89,none,0,400.0,1.0020040080160322,1.0,0.6159895150720839,0.0,0.0,0.0,0.031785714285714285
0.0,184.0,184.0,27.0,482.0,0,0.0,4.55,0.89,none,0,368.0,0.9292929292929293,1.0,0.8204111071042192,0.0,0.0,0.0,0.031785714285714285
0.0,100.0,100.0,27.0,299.0,0,0.0,3.63,0.89,none,0,200.0,0.5050505050505051,1.0,0.6983455175067335,0.0,0.0,0.0,0.031785714285714285
0.0,200.0,200.0,27.0,428.0,0,0.0,5.01,0.98,none,0,400.0,1.0101010101010102,1.0,0.9790893101426617,0.0,0.0,0.0,0.034999999999999996
0.0,200.0,200.0,27.0,767.0,0,0.0,8.2,0.98,none,0,400.0,1.0101010101010102,1.0,1.549215945588513,0.0,0.0,0.0,0.034999999999999996
0.0,298.0,298.0,27.0,614.0,0,0.0,7.24,0.98,none,0,596.0,1.3682277318640954,1.0,1.2699526398877392,0.0,0.0,0.0,0.034999999999999996
0.0,200.0,200.0,27.0,488.0,0,0.0,5.33,0.98,none,0,400.0,0.9615384615384616,1.0,0.994588542638552,0.0,0.0,0.0,0.034999999999999996
0.0,200.0,200.0,27.0,457.0,0,0.0,6.37,0.9,none,0,400.0,0.9615384615384616,1.0,1.0990338164251208,0.0,0.0,0.0,0.03214285714285715
0.0,298.0,298.0,27.0,734.0,0,0.0,9.76,0.9,none,0,596.0,1.3682277318640954,1.0,1.5631005765534913,0.0,0.0,0.0,0.03214285714285715
0.0,200.0,200.0,27.0,677.0,0,0.0,11.29,0.9,none,0,400.0,0.9615384615384616,1.0,1.7331900521952714,0.0,0.0,0.0,0.03214285714285715
0.0,100.0,100.0,27.0,509.0,0,0.0,2.98,0.9,none,0,200.0,0.5050505050505051,1.0,0.4630205096333126,0.0,0.0,0.0,0.03214285714285715
0.0,100.0,100.0,27.0,433.0,0,0.0,3.24,0.9,none,0,200.0,0.5274261603375527,1.0,0.513877874702617,0.0,0.0,0.0,0.03214285714285715
0.0,200.0,200.0,25.0,852.0,0,0.0,8.11,0.83,none,0,400.0,1.0020040080160322,0.9328358208955224,1.2009477269361764,0.0,0.0,0.0,0.03192307692307692
0.0,200.0,200.0,27.0,1791.0,0,0.0,18.08,0.83,none,0,400.0,1.0020040080160322,1.007462686567164,2.24317617866005,0.0,0.0,0.0,0.02964285714285714
0.0,200.0,200.0,27.0,517.0,0,0.0,5.87,0.83,none,0,400.0,1.0020040080160322,1.007462686567164,0.7499680592819726,0.0,0.0,0.0,0.02964285714285714
0.0,298.0,298.0,27.0,1430.0,0,0.0,12.89,0.83,none,0,596.0,1.4929859719438878,1.007462686567164,1.5359866539561489,0.0,0.0,0.0,0.02964285714285714
0.0,200.0,200.0,27.0,951.0,0,0.0,6.28,0.83,none,0,400.0,1.0020040080160322,1.007462686567164,0.7399552256392129,0.0,0.0,0.0,0.02964285714285714
0.0,200.0,200.0,27.0,533.0,0,0.0,6.22,0.76,none,0,400.0,1.0020040080160322,1.007462686567164,0.7341831916902739,0.0,0.0,0.0,0.027142857142857142
0.0,198.0,198.0,27.0,793.0,0,0.0,9.62,0.76,none,0,396.0,1.0443037974683544,1.007462686567164,1.1373847245211632,0.0,0.0,0.0,0.027142857142857142
0.0,100.0,100.0,27.0,629.0,0,0.0,7.24,0.76,none,0,200.0,0.5567928730512249,1.007462686567164,0.8990438345958027,0.0,0.0,0.0,0.027142857142857142
0.0,200.0,200.0,27.0,991.0,0,0.0,5.29,0.76,none,0,400.0,1.0548523206751055,1.007462686567164,0.6385803959439884,0.0,0.0,0.0,0.027142857142857142
0.0,200.0,200.0,27.0,500.0,0,0.0,5.99,0.7,none,0,400.0,1.0020040080160322,1.007462686567164,0.6998481130973244,0.0,0.0,0.0,0.024999999999999998
0.0,200.0,200.0,27.0,667.0,0,0.0,8.88,0.7,none,0,400.0,1.0020040080160322,1.0,1.028253821213525,0.0,0.0,0.0,0.024999999999999998
0.0,242.0,242.0,27.0,740.0,0,0.0,5.88,0.7,none,0,484.0,1.1874386653581943,1.0,0.7928802588996764,0.0,0.0,0.0,0.024999999999999998
0.0,298.0,298.0,27.0,444.0,0,0.0,5.11,0.7,none,0,596.0,1.395131086142322,1.0,0.6961852861035424,0.0,0.0,0.0,0.024999999999999998
0.0,100.0,100.0,27.0,611.0,0,0.0,3.31,0.7,none,0,200.0,0.5159958720330237,1.0,0.5186461924161705,0.0,0.0,0.0,0.024999999999999998
0.0,100.0,100.0,27.0,651.0,0,0.0,12.18,0.72,none,0,200.0,0.544069640914037,1.0,1.746987951807229,0.0,0.0,0.0,0.025714285714285714
0.0,298.0,298.0,27.0,843.0,0,0.0,18.59,0.72,none,0,596.0,1.5392561983471076,1.0,2.26458764770374,0.0,0.0,0.0,0.025714285714285714
0.0,200.0,200.0,27.0,879.0,0,0.0,21.64,0.72,none,0,400.0,1.0319917440660473,1.0,2.299436829242376,0.0,0.0,0.0,0.025714285714285714
0.0,100.0,100.0,27.0,480.0,0,10.6,9.27,0.72,none,0,200.0,0.5159958720330237,1.0,0.9642188475140419,1.143472337138795,0.0,0.0,0.025714285714285714
0.0,100.0,100.0,27.0,629.0,0,10.5,9.72,0.67,none,0,200.0,0.544069640914037,1.0,0.9664910012926322,1.0802458022162529,0.0,0.0,0.02392857142857143
0.0,242.0,242.0,27.0,757.0,0,0.0,21.04,0.67,none,0,484.0,1.2872340425531914,1.0,1.8197543677564432,0.0,0.0,0.0,0.02392857142857143
0.0,200.0,200.0,27.0,746.0,0,0.0,18.02,0.67,none,0,400.0,1.0638297872340425,1.0,1.4443731965373516,0.0,0.0,0.0,0.02392857142857143
0.0,198.0,198.0,27.0,732.0,0,0.0,11.75,0.67,none,0,396.0,1.0784313725490196,1.0,0.8994871009722116,0.0,0.0,0.0,0.02392857142857143
0.0,200.0,200.0,27.0,593.0,0,0.0,13.02,0.69,none,0,400.0,1.1507479861910241,1.0,0.9398007795582504,0.0,0.0,0.0,0.02464285714285714
0.0,100.0,100.0,27.0,556.0,0,10.9,7.71,0.69,none,0,200.0,0.5753739930955121,1.0,0.5393871554498391,1.413746545075817,0.0,0.0,0.02464285714285714
0.0,298.0,298.0,27.0,686.0,0,0.0,15.41,0.69,none,0,596.0,1.5392561983471076,1.0,1.0542518984743792,0.0,0.0,0.0,0.02464285714285714
0.0,100.0,100.0,27.0,701.0,0,10.8,12.54,0.69,none,0,200.0,0.5753739930955121,1.0,0.8949471881244646,0.8612433323418404,0.0,0.0,0.02464285714285714
0.0,0.0,0.0,9.0,347.0,0,0.0,0.07,0.2,none,0,0.0,0.0,0.35714285714285715,0.005904681568958246,0.0,0.0,0.0,0.02
0.0,98.0,98.0,9.0,333.0,0,0.0,2.34,0.2,none,0,196.0,0.6380208333333334,0.38461538461538464,0.2096398494893388,0.0,0.0,0.0,0.02
0.0,0.0,0.0,9.0,355.0,0,0.0,1.78,0.18,none,0,0.0,0.0,0.41666666666666663,0.17168209876543208,0.0,0.0,0.0,0.018
0.0,0.0,0.0,9.0,94.0,0,0.0,0.25,0.18,none,0,0.0,0.0,0.45454545454545453,0.030160453613222345,0.0,0.0,0.0,0.018
0.0,0.0,0.0,9.0,151.0,0,0.0,0.0,0.18,none,0,0.0,0.0,0.5,0.0,0.0,0.0,0.0,0.018
0.0,0.0,0.0,9.0,112.0,0,0.0,0.25,0.18,none,0,0.0,0.0,0.5555555555555556,0.046842795578040095,0.0,0.0,0.0,0.018
0.0,42.0,42.0,9.0,76.0,0,0.0,0.0,0.17,none,0,84.0,0.658307210031348,0.625,0.0,0.0,0.0,0.0,0.017
0.0,0.0,0.0,9.0,272.0,0,0.0,0.52,0.17,none,0,0.0,0.0,0.7142857142857143,0.15681544028950545,0.0,0.0,0.0,0.017
0.0,0.0,0.0,9.0,85.0,0,0.0,0.0,0.17,none,0,0.0,0.0,0.8333333333333333,0.0,0.0,0.0,0.0,0.017
0.0,0.0,0.0,9.0,125.0,0,0.0,0.0,0.17,none,0,0.0,0.0,1.0,0.0,0.0,0.0,0.0,0.017
0.0,0.0,0.0,9.0,65.0,0,0.0,0.0,0.17,none,0,0.0,0.0,1.0,0.0,0.0,0.0,0.0,0.017
0.0,98.0,98.0,9.0,260.0,0,0.0,0.26,0.16,none,0,196.0,7.0,1.0,0.8496732026143792,0.0,0.0,0.0,0.016
0.0,0.0,0.0,9.0,272.0,0,0.0,1.27,0.16,none,0,0.0,0.0,1.0,4.980392156862745,0.0,0.0,0.0,0.016
0.0,0.0,0.0,9.0,191.0,0,0.0,0.0,0.16,none,0,0.0,0.0,1.0,0.0,0.0,0.0,0.0,0.016
0.0,0.0,0.0,9.0,95.0,0,0.0,0.0,0.16,none,0,0.0,0.0,1.0,0.0,0.0,0.0,0.0,0.016
0.0,0.0,0.0,9.0,112.0,0,0.0,0.25,0.16,none,0,0.0,0.0,1.0,1.0869565217391306,0.0,0.0,0.0,0.016
0.0,0.0,0.0,9.0,87.0,0,0.0,0.0,0.14,none,0,0.0,0.0,1.0,0.0,0.0,0.0,0.0,0.014000000000000002
0.0,0.0,0.0,9.0,513.0,0,0.0,2.31,0.14,none,0,0.0,0.0,1.0,5.647921760391198,0.0,0.0,0.0,0.014000000000000002
0.0,0.0,0.0,9.0,142.0,0,0.0,0.0,0.14,none,0,0.0,0.0,1.0,0.0,0.0,0.0,0.0,0.014000000000000002
0.0,0.0,0.0,9.0,89.0,0,0.0,0.25,0.14,none,0,0.0,0.0,1.0,0.5760368663594471,0.0,0.0,0.0,0.014000000000000002
0.0,0.0,0.0,9.0,79.0,0,0.0,0.0,0.14,none,0,0.0,0.0,1.0,0.0,0.0,0.0,0.0,0.014000000000000002
0.0,0.0,0.0,9.0,52.0,0,0.0,0.0,0.13,none,0,0.0,1.0020040080160322,1.0,0.0,0.0,0.0,0.0,0.013000000000000001
0.0,98.0,98.0,9.0,390.0,0,0.0,2.59,0.13,none,0,196.0,10.0,1.0,4.796296296296296,0.0,0.0,0.0,0.013000000000000001
0.0,0.0,0.0,9.0,171.0,0,0.0,0.0,0.13,none,0,0.0,0.0,1.0,0.0,0.0,0.0,0.0,0.013000000000000001
0.0,0.0,0.0,9.0,112.0,0,0.0,0.0,0.13,none,0,0.0,0.0,1.0,0.0,0.0,0.0,0.0,0.013000000000000001
0.0,0.0,0.0,9.0,167.0,0,0.0,0.0,0.13,none,0,0.0,0.0,1.0,0.0,0.0,0.0,0.0,0.013000000000000001
0.0,0.0,0.0,9.0,227.0,0,0.0,0.5,0.12,none,0,0.0,0.0,1.0,0.8849557522123893,0.0,0.0,0.0,0.012
0.0,0.0,0.0,9.0,323.0,0,0.0,1.54,0.12,none,0,0.0,0.0,1.0,3.155737704918032,0.0,0.0,0.0,0.012
0.0,0.0,0.0,9.0,131.0,0,0.0,0.0,0.12,none,0,0.0,0.0,1.0,0.0,0.0,0.0,0.0,0.012
0.0,0.0,0.0,9.0,207.0,0,0.0,0.5,0.12,none,0,0.0,0.0,1.0,0.9746588693957112,0.0,0.0,0.0,0.012
0.0,0.0,0.0,9.0,240.0,0,0.0,2.03,0.12,none,0,0.0,0.0,1.0,2.835195530726257,0.0,0.0,0.0,0.012
0.0,0.0,0.0,9.0,204.0,0,0.0,1.01,0.11,none,0,0.0,0.0,1.0,1.2362301101591189,0.0,0.0,0.0,0.011
0.0,98.0,98.0,9.0,452.0,0,0.0,2.87,0.11,none,0,196.0,10.0,1.0,3.396449704142012,0.0,0.0,0.0,0.011
0.0,0.0,0.0,9.0,277.0,0,0.0,0.0,0.11,none,0,0.0,0.0,1.0,0.0,0.0,0.0,0.0,0.011
0.0,0.0,0.0,9.0,141.0,0,0.0,0.24,0.11,none,0,0.0,0.0,1.0,0.2761795166858458,0.0,0.0,0.0,0.011
0.0,0.0,0.0,9.0,212.0,0,0.0,0.0,0.11,none,0,0.0,0.0,1.0,0.0,0.0,0.0,0.0,0.011
0.0,0.0,0.0,9.0,156.0,0,0.0,0.25,0.1,none,0,0.0,0.0,1.0,0.2962085308056872,0.0,0.0,0.0,0.01
0.0,84.0,84.0,9.0,374.0,0,0.0,1.29,0.1,none,0,168.0,4.615384615384616,1.0,1.5750915750915753,0.0,0.0,0.0,0.01
0.0,0.0,0.0,9.0,110.0,0,0.0,0.25,0.1,none,0,0.0,0.0,1.0,0.2962085308056872,0.0,0.0,0.0,0.01
0.0,0.0,0.0,9.0,199.0,0,0.0,0.0,0.1,none,0,0.0,0.0,1.0,0.0,0.0,0.0,0.0,0.01
0.0,0.0,0.0,9.0,180.0,0,0.0,0.25,0.09,none,0,0.0,0.0,1.0,0.40584415584415584,0.0,0.0,0.0,0.009
0.0,0.0,0.0,9.0,177.0,0,0.0,0.0,0.09,none,0,0.0,0.0,1.0,0.0,0.0,0.0,0.0,0.009
0.0,98.0,98.0,9.0,381.0,0,0.0,3.86,0.09,none,0,196.0,5.384615384615385,1.0,6.286644951140065,0.0,0.0,0.0,0.009
0.0,0.0,0.0,9.0,163.0,0,0.0,0.25,0.09,none,0,0.0,0.0,1.0,0.39123630672926446,0.0,0.0,0.0,0.009
0.0,0.0,0.0,9.0,135.0,0,0.0,0.25,0.09,none,0,0.0,0.0,1.0,0.39062500000000006,0.0,0.0,0.0,0.009
0.0,0.0,0.0,9.0,162.0,0,0.0,0.0,0.17,none,0,0.0,0.0,1.0,0.0,0.0,0.0,0.0,0.017
0.0,0.0,0.0,9.0,137.0,0,0.0,0.0,0.17,none,0,0.0,0.0,1.0,0.0,0.0,0.0,0.0,0.017
0.0,0.0,0.0,9.0,210.0,0,0.0,0.25,0.17,none,0,0.0,0.0,1.0,0.4892367906066537,0.0,0.0,0.0,0.017
0.0,0.0,0.0,9.0,389.0,0,0.0,1.53,0.17,none,0,0.0,0.0,1.0,2.3943661971830985,0.0,0.0,0.0,0.017
0.0,0.0,0.0,9.0,135.0,0,0.0,0.25,0.17,none,0,0.0,0.0,1.0,0.37650602409638556,0.0,0.0,0.0,0.017
0.0,0.0,0.0,9.0,202.0,0,0.0,0.0,0.15,none,0,0.0,0.0,1.0,0.0,0.0,0.0,0.0,0.015
0.0,0.0,0.0,9.0,72.0,0,0.0,0.0,0.15,none,0,0.0,0.0,1.0,0.0,0.0,0.0,0.0,0.015
0.0,98.0,98.0,9.0,259.0,0,0.0,1.51,0.15,none,0,196.0,10.0,1.0,3.7376237623762374,0.0,0.0,0.0,0.015
0.0,0.0,0.0,9.0,260.0,0,0.0,1.02,0.15,none,0,0.0,0.0,1.0,2.1205821205821205,0.0,0.0,0.0,0.015
0.0,0.0,0.0,9.0,144.0,0,0.0,0.25,0.15,none,0,0.0,0.0,1.0,0.5197505197505197,0.0,0.0,0.0,0.015
0.0,0.0,0.0,9.0,218.0,0,0.0,0.0,0.14,none,0,0.0,0.0,1.0,0.0,0.0,0.0,0.0,0.014000000000000002
0.0,0.0,0.0,9.0,73.0,0,0.0,0.25,0.14,none,0,0.0,0.0,1.0,0.49407114624505927,0.0,0.0,0.0,0.014000000000000002
0.0,0.0,0.0,9.0,191.0,0,0.0,0.0,0.14,none,0,0.0,0.0,1.0,0.0,0.0,0.0,0.0,0.014000000000000002
0.0,0.0,0.0,9.0,369.0,0,0.0,1.53,0.14,none,0,0.0,0.0,1.0,3.180873180873181,0.0,0.0,0.0,0.014000000000000002
0.0,0.0,0.0,9.0,113.0,0,0.0,0.0,0.14,none,0,0.0,0.0,1.0,0.0,0.0,0.0,0.0,0.014000000000000002
0.0,0.0,0.0,9.0,260.0,0,0.0,1.28,0.21,none,0,0.0,0.0,1.0,2.1917808219178085,0.0,0.0,0.0,0.020999999999999998
0.0,0.0,0.0,9.0,91.0,0,0.0,0.0,0.21,none,0,0.0,0.0,1.0,0.0,0.0,0.0,0.0,0.020999999999999998
0.0,98.0,98.0,9.0,263.0,0,0.0,1.78,0.21,none,0,196.0,10.0,1.0,2.9132569558101475,0.0,0.0,0.0,0.020999999999999998
0.0,0.0,0.0,9.0,297.0,0,0.0,1.03,0.21,none,0,0.0,0.0,1.0,1.6830065359477129,0.0,0.0,0.0,0.020999999999999998
0.0,0.0,0.0,9.0,111.0,0,0.0,0.0,0.21,none,0,0.0,0.0,1.0,0.0,0.0,0.0,0.0,0.020999999999999998
0.0,0.0,0.0,9.0,157.0,0,0.0,0.5,0.19,none,0,0.0,0.0,1.0,0.7849293563579279,0.0,0.0,0.0,0.019
0.0,0.0,0.0,9.0,52.0,0,0.0,0.0,0.19,none,0,0.0,0.0,1.0,0.0,0.0,0.0,0.0,0.019
0.0,42.0,42.0,9.0,104.0,0,0.0,0.25,0.19,none,0,84.0,3.0,1.0,0.39246467817896397,0.0,0.0,0.0,0.019
0.0,0.0,0.0,9.0,152.0,0,0.0,0.0,0.19,none,0,0.0,0.0,1.0,0.0,0.0,0.0,0.0,0.019
0.0,0.0,0.0,9.0,223.0,0,0.0,0.66,0.18,none,0,0.0,0.0,1.0,1.2,0.0,0.0,0.0,0.018
0.0,0.0,0.0,9.0,142.0,0,0.0,0.0,0.18,none,0,0.0,0.0,1.0,0.0,0.0,0.0,0.0,0.018
0.0,98.0,98.0,9.0,253.0,0,0.0,1.01,0.18,none,0,196.0,4.117647058823529,1.0,1.9311663479923518,0.0,0.0,0.0,0.018
0.0,0.0,0.0,9.0,136.0,0,0.0,0.25,0.18,none,0,0.0,0.0,1.0,0.6756756756756757,0.0,0.0,0.0,0.018
0.0,42.0,42.0,9.0,602.0,0,0.0,0.2,0.16,none,0,84.0,2.307692307692308,1.0,0.6968641114982578,0.0,0.0,0.0,0.016
0.0,0.0,0.0,9.0,330.0,0,0.0,1.48,0.16,none,0,0.0,0.0,1.0,3.402298850574713,0.0,0.0,0.0,0.016
0.0,0.0,0.0,9.0,364.0,0,0.0,0.0,0.15,none,0,0.0,0.0,1.0,0.0,0.0,0.0,0.0,0.015
0.0,98.0,98.0,9.0,296.0,0,0.0,0.77,0.15,none,0,196.0,3.5,1.0,1.6666666666666665,0.0,0.0,0.0,0.015
0.0,0.0,0.0,9.0,115.0,0,0.0,0.0,0.15,none,0,0.0,0.0,1.0,0.0,0.0,0.0,0.0,0.015
0.0,0.0,0.0,9.0,558.0,0,0.0,2.27,0.14,none,0,0.0,0.0,1.0,3.418674698795181,0.0,0.0,0.0,0.014000000000000002
0.0,0.0,0.0,9.0,183.0,0,0.0,0.0,0.14,none,0,0.0,0.0,1.0,0.0,0.0,0.0,0.0,0.014000000000000002
0.0,0.0,0.0,9.0,202.0,0,0.0,0.0,0.14,none,0,0.0,0.0,1.0,0.0,0.0,0.0,0.0,0.014000000000000002
0.0,0.0,0.0,9.0,122.0,0,0.0,0.25,0.14,none,0,0.0,0.0,1.0,0.4789272030651341,0.0,0.0,0.0,0.014000000000000002
0.0,0.0,0.0,9.0,449.0,0,0.0,0.63,0.21,none,0,0.0,0.0,1.0,1.1250000000000002,0.0,0.0,0.0,0.020999999999999998
0.0,98.0,98.0,9.0,513.0,0,0.0,0.26,0.21,none,0,196.0,5.0,1.0,0.4593639575971732,0.0,0.0,0.0,0.020999999999999998
0.0,0.0,0.0,9.0,310.0,0,0.0,0.08,0.19,none,0,0.0,0.0,1.0,0.18779342723004697,0.0,0.0,0.0,0.019
0.0,0.0,0.0,9.0,368.0,0,0.0,1.24,0.19,none,0,0.0,0.0,1.0,2.2545454545454544,0.0,0.0,0.0,0.019
0.0,0.0,0.0,9.0,73.0,0,0.0,0.0,0.19,none,0,0.0,0.0,1.0,0.0,0.0,0.0,0.0,0.019
0.0,42.0,42.0,9.0,173.0,0,0.0,0.15,0.17,none,0,84.0,3.0,1.0,0.3073770491803279,0.0,0.0,0.0,0.017
0.0,0.0,0.0,9.0,250.0,0,0.0,0.0,0.17,none,0,0.0,0.0,1.0,0.0,0.0,0.0,0.0,0.017
0.0,98.0,98.0,9.0,365.0,0,0.0,1.13,0.16,none,0,196.0,4.117647058823529,1.0,3.0213903743315504,0.0,0.0,0.0,0.016
0.0,0.0,0.0,9.0,217.0,0,0.0,0.0,0.16,none,0,0.0,0.0,1.0,0.0,0.0,0.0,0.0,0.016
0.0,0.0,0.0,9.0,128.0,0,0.0,0.18,0.16,none,0,0.0,0.0,1.0,0.49046321525885556,0.0,0.0,0.0,0.016
0.0,0.0,0.0,9.0,386.0,0,0.0,1.57,0.15,none,0,0.0,0.0,1.0,3.4056399132321045,0.0,0.0,0.0,0.015
0.0,0.0,0.0,9.0,393.0,0,0.0,0.0,0.15,none,0,0.0,0.0,1.0,0.0,0.0,0.0,0.0,0.015
0.0,98.0,98.0,9.0,569.0,0,0.0,0.19,0.13,none,0,196.0,4.117647058823529,1.0,0.4260089686098655,0.0,0.0,0.0,0.013000000000000001
0.0,0.0,0.0,9.0,185.0,0,0.0,0.22,0.13,none,0,0.0,0.0,1.0,0.6395348837209303,0.0,0.0,0.0,0.013000000000000001
0.0,0.0,0.0,9.0,138.0,0,0.0,0.0,0.13,none,0,0.0,0.0,1.0,0.0,0.0,0.0,0.0,0.013000000000000001
0.0,0.0,0.0,9.0,196.0,0,0.0,0.0,0.13,none,0,0.0,0.0,1.0,0.0,0.0,0.0,0.0,0.013000000000000001
0.0,42.0,42.0,9.0,210.0,0,0.0,0.5,0.2,none,0,84.0,1.7647058823529411,1.0,1.3192612137203166,0.0,0.0,0.0,0.02
0.0,0.0,0.0,9.0,341.0,0,0.0,2.99,0.2,none,0,0.0,0.0,1.0,5.292035398230088,0.0,0.0,0.0,0.02
0.0,0.0,0.0,9.0,161.0,0,0.0,0.0,0.2,none,0,0.0,0.0,1.0,0.0,0.0,0.0,0.0,0.02
0.0,98.0,98.0,9.0,515.0,0,0.0,0.16,0.19,none,0,196.0,4.117647058823529,1.0,0.2841918294849023,0.0,0.0,0.0,0.019
0.0,0.0,0.0,9.0,188.0,0,0.0,0.25,0.19,none,0,0.0,0.0,1.0,0.5800464037122969,0.0,0.0,0.0,0.019
0.0,0.0,0.0,9.0,204.0,0,0.0,0.25,0.19,none,0,0.0,0.0,1.0,0.5482456140350876,0.0,0.0,0.0,0.019
0.0,0.0,0.0,9.0,104.0,0,0.0,0.25,0.19,none,0,0.0,0.0,1.0,0.5411255411255411,0.0,0.0,0.0,0.019
0.0,0.0,0.0,9.0,167.0,0,0.0,0.0,0.19,none,0,0.0,0.0,1.0,0.0,0.0,0.0,0.0,0.019
0.0,42.0,42.0,9.0,108.0,0,0.0,0.0,0.17,none,0,84.0,2.307692307692308,1.0,0.0,0.0,0.0,0.0,0.017
0.0,0.0,0.0,9.0,264.0,0,0.0,1.04,0.17,none,0,0.0,0.0,1.0,1.9117647058823528,0.0,0.0,0.0,0.017
0.0,0.0,0.0,9.0,101.0,0,0.0,0.0,0.17,none,0,0.0,0.0,1.0,0.0,0.0,0.0,0.0,0.017
0.0,0.0,0.0,9.0,138.0,0,0.0,0.0,0.17,none,0,0.0,0.0,1.0,0.0,0.0,0.0,0.0,0.017
0.0,0.0,0.0,9.0,409.0,0,0.0,0.25,0.17,none,0,0.0,0.0,1.0,1.1363636363636362,0.0,0.0,0.0,0.017
0.0,98.0,98.0,9.0,497.0,0,0.0,2.02,0.24,none,0,196.0,7.0,1.0,4.975369458128079,0.0,0.0,0.0,0.024
0.0,0.0,0.0,9.0,337.0,0,0.0,1.03,0.24,none,0,0.0,0.0,1.0,2.128099173553719,0.0,0.0,0.0,0.024
0.0,0.0,0.0,9.0,98.0,0,0.0,0.25,0.24,none,0,0.0,0.0,1.0,0.5165289256198348,0.0,0.0,0.0,0.024
0.0,0.0,0.0,9.0,100.0,0,0.0,0.0,0.24,none,0,0.0,0.0,1.0,0.0,0.0,0.0,0.0,0.024
0.0,0.0,0.0,9.0,248.0,0,0.0,0.25,0.24,none,0,0.0,0.0,1.0,0.5165289256198348,0.0,0.0,0.0,0.024
0.0,0.0,0.0,9.0,84.0,0,0.0,0.0,0.22,none,0,0.0,0.0,1.0,0.0,0.0,0.0,0.0,0.022
0.0,0.0,0.0,9.0,293.0,0,0.0,2.27,0.22,none,0,0.0,0.0,1.0,3.739703459637562,0.0,0.0,0.0,0.022
0.0,0.0,0.0,9.0,114.0,0,0.0,0.25,0.22,none,0,0.0,0.0,1.0,0.3955696202531646,0.0,0.0,0.0,0.022
0.0,0.0,0.0,9.0,226.0,0,0.0,0.25,0.22,none,0,0.0,0.0,1.0,0.3805175038051751,0.0,0.0,0.0,0.022
0.0,0.0,0.0,9.0,90.0,0,0.0,0.0,0.22,none,0,0.0,0.0,1.0,0.0,0.0,0.0,0.0,0.022
0.0,98.0,98.0,9.0,280.0,0,0.0,0.77,0.36,none,0,196.0,10.0,1.0,1.5187376725838264,0.0,0.0,0.0,0.036
0.0,0.0,0.0,9.0,319.0,0,0.0,1.67,0.36,none,0,0.0,0.0,1.0,2.924693520140105,0.0,0.0,0.0,0.036
0.0,0.0,0.0,9.0,194.0,0,0.0,0.0,0.36,none,0,0.0,0.0,1.0,0.0,0.0,0.0,0.0,0.036
0.0,0.0,0.0,9.0,268.0,0,0.0,0.0,0.36,none,0,0.0,0.0,1.0,0.0,0.0,0.0,0.0,0.036
0.0,0.0,0.0,9.0,477.0,0,0.0,0.51,0.49,none,0,0.0,0.0,1.0,0.8916083916083917,0.0,0.0,0.0,0.049
0.0,0.0,0.0,9.0,303.0,0,0.0,0.62,0.49,none,0,0.0,0.0,1.0,0.9779179810725552,0.0,0.0,0.0,0.049
0.0,0.0,0.0,8.0,119.0,0,0.0,0.23,0.45,none,0,0.0,0.0,0.898876404494382,0.5348837209302326,0.0,0.0,0.0,0.05
0.0,98.0,98.0,9.0,280.0,0,0.0,1.02,0.45,none,0,196.0,5.0,1.0112359550561798,2.0118343195266273,0.0,0.0,0.0,0.045
0.0,0.0,0.0,9.0,154.0,0,0.0,0.25,0.45,none,0,0.0,0.0,1.0112359550561798,0.4930966469428008,0.0,0.0,0.0,0.045
0.0,0.0,0.0,9.0,243.0,0,0.0,1.26,0.45,none,0,0.0,0.0,1.0112359550561798,1.990521327014218,0.0,0.0,0.0,0.045
0.0,0.0,0.0,9.0,167.0,0,0.0,0.0,0.45,none,0,0.0,0.0,1.0112359550561798,0.0,0.0,0.0,0.0,0.045
0.0,0.0,0.0,9.0,123.0,0,0.0,0.25,0.42,none,0,0.0,0.0,1.0112359550561798,0.6038647342995168,0.0,0.0,0.0,0.041999999999999996
0.0,84.0,84.0,9.0,111.0,0,0.0,0.0,0.42,none,0,168.0,4.615384615384616,1.0112359550561798,0.0,0.0,0.0,0.0,0.041999999999999996
0.0,0.0,0.0,9.0,158.0,0,0.0,0.0,0.42,none,0,0.0,0.0,1.0112359550561798,0.0,0.0,0.0,0.0,0.041999999999999996
0.0,0.0,0.0,9.0,308.0,0,0.0,1.02,0.42,none,0,0.0,0.0,1.0112359550561798,2.193548387096774,0.0,0.0,0.0,0.041999999999999996
0.0,0.0,0.0,9.0,189.0,0,0.0,0.5,0.42,none,0,0.0,0.0,1.0112359550561798,1.1037527593818983,0.0,0.0,0.0,0.041999999999999996
0.0,0.0,0.0,9.0,96.0,0,0.0,0.25,0.38,none,0,0.0,0.0,1.0,0.5494505494505495,0.0,0.0,0.0,0.038
0.0,98.0,98.0,9.0,238.0,0,0.0,0.26,0.38,none,0,196.0,5.384615384615385,1.0,0.6860158311345647,0.0,0.0,0.0,0.038
0.0,0.0,0.0,9.0,143.0,0,0.0,0.5,0.38,none,0,0.0,0.0,1.0,1.2376237623762376,0.0,0.0,0.0,0.038
0.0,0.0,0.0,9.0,119.0,0,0.0,0.25,0.38,none,0,0.0,0.0,1.0,0.825082508250825,0.0,0.0,0.0,0.038
0.0,0.0,0.0,9.0,263.0,0,0.0,0.26,0.38,none,0,0.0,0.0,1.0,0.790273556231003,0.0,0.0,0.0,0.038
0.0,0.0,0.0,9.0,148.0,0,0.0,0.49,0.35,none,0,0.0,0.0,1.0,1.3881019830028327,0.0,0.0,0.0,0.034999999999999996
0.0,0.0,0.0,9.0,131.0,0,0.0,0.0,0.35,none,0,0.0,0.0,1.0,0.0,0.0,0.0,0.0,0.034999999999999996
0.0,0.0,0.0,9.0,122.0,0,0.0,0.0,0.35,none,0,0.0,0.0,1.0,0.0,0.0,0.0,0.0,0.034999999999999996
0.0,0.0,0.0,9.0,169.0,0,0.0,0.25,0.35,none,0,0.0,0.0,1.0,0.9057971014492755,0.0,0.0,0.0,0.034999999999999996
0.0,0.0,0.0,9.0,315.0,0,0.0,0.52,0.35,none,0,0.0,0.0,1.0,1.870503597122302,0.0,0.0,0.0,0.034999999999999996
0.0,0.0,0.0,9.0,124.0,0,0.0,0.25,0.32,none,0,0.0,0.0,1.0,0.8992805755395683,0.0,0.0,0.0,0.032
0.0,0.0,0.0,9.0,193.0,0,0.0,1.01,0.32,none,0,0.0,1.0020040080160322,1.0,2.8611898016997164,0.0,0.0,0.0,0.032
0.0,98.0,98.0,9.0,247.0,0,0.0,0.78,0.32,none,0,196.0,10.0,1.0,2.047244094488189,0.0,0.0,0.0,0.032
0.0,0.0,0.0,9.0,284.0,0,0.0,1.03,0.32,none,0,0.0,0.0,1.0,2.24400871459695,0.0,0.0,0.0,0.032
0.0,0.0,0.0,9.0,210.0,0,0.0,0.38,0.3,none,0,0.0,0.0,1.0,0.8067940552016983,0.0,0.0,0.0,0.03
0.0,0.0,0.0,9.0,187.0,0,0.0,0.17,0.3,none,0,0.0,0.0,1.0,0.38724373576309795,0.0,0.0,0.0,0.03
0.0,0.0,0.0,9.0,352.0,0,0.0,2.02,0.3,none,0,0.0,0.0,1.0,3.1513260530421214,0.0,0.0,0.0,0.03
0.0,0.0,0.0,9.0,350.0,0,0.0,1.44,0.27,none,0,0.0,0.0,1.0,1.8343949044585988,0.0,0.0,0.0,0.027000000000000003
0.0,0.0,0.0,9.0,171.0,0,0.0,0.44,0.27,none,0,0.0,0.0,1.0,0.5472636815920398,0.0,0.0,0.0,0.027000000000000003
0.0,98.0,98.0,9.0,222.0,0,0.0,0.68,0.27,none,0,196.0,5.0,1.0,0.8292682926829269,0.0,0.0,0.0,0.027000000000000003
0.0,0.0,0.0,8.0,487.0,0,0.0,0.0,0.25,none,0,0.0,0.0,0.898876404494382,0.0,0.0,0.0,0.0,0.027777777777777776
0.0,42.0,42.0,9.0,335.0,0,0.0,0.66,0.25,none,0,84.0,1.7647058823529411,1.0112359550561798,0.868421052631579,0.0,0.0,0.0,0.025
0.0,0.0,0.0,9.0,902.0,0,0.0,0.26,0.23,none,0,0.0,0.0,1.0112359550561798,0.36723163841807915,0.0,0.0,0.0,0.023
0.0,0.0,0.0,9.0,265.0,0,0.0,0.2,0.23,none,0,0.0,0.0,1.0112359550561798,0.32,0.0,0.0,0.0,0.023
0.0,98.0,98.0,9.0,405.0,0,0.0,1.05,0.23,none,0,196.0,4.117647058823529,1.0112359550561798,1.517341040462428,0.0,0.0,0.0,0.023
0.0,0.0,0.0,9.0,101.0,0,0.0,0.0,0.21,none,0,0.0,0.0,1.0112359550561798,0.0,0.0,0.0,0.0,0.020999999999999998
0.0,0.0,0.0,9.0,240.0,0,0.0,0.0,0.21,none,0,0.0,0.0,1.0112359550561798,0.0,0.0,0.0,0.0,0.020999999999999998
0.0,0.0,0.0,9.0,93.0,0,0.0,0.24,0.21,none,0,0.0,0.0,1.0112359550561798,0.6798866855524078,0.0,0.0,0.0,0.020999999999999998
0.0,42.0,42.0,9.0,220.0,0,0.0,2.26,0.21,none,0,84.0,1.5,1.0112359550561798,4.224299065420561,0.0,0.0,0.0,0.020999999999999998
0.0,0.0,0.0,9.0,77.0,0,0.0,0.0,0.21,none,0,0.0,0.0,1.0112359550561798,0.0,0.0,0.0,0.0,0.020999999999999998
0.0,0.0,0.0,9.0,229.0,0,0.0,0.5,0.2,none,0,0.0,0.0,1.0,0.9671179883945841,0.0,0.0,0.0,0.02
0.0,0.0,0.0,9.0,238.0,0,0.0,0.0,0.2,none,0,0.0,0.0,1.0,0.0,0.0,0.0,0.0,0.02
0.0,0.0,0.0,9.0,89.0,0,0.0,0.0,0.2,none,0,0.0,0.0,1.0,0.0,0.0,0.0,0.0,0.02
0.0,98.0,98.0,9.0,359.0,0,0.0,0.79,0.2,none,0,196.0,4.117647058823529,1.0,1.632231404958678,0.0,0.0,0.0,0.02
0.0,0.0,0.0,9.0,168.0,0,0.0,0.5,0.2,none,0,0.0,0.0,1.0,1.1655011655011658,0.0,0.0,0.0,0.02
0.0,0.0,0.0,9.0,170.0,0,0.0,0.0,0.18,none,0,0.0,0.0,1.0,0.0,0.0,0.0,0.0,0.018
0.0,0.0,0.0,9.0,97.0,0,0.0,0.0,0.18,none,0,0.0,0.0,1.0,0.0,0.0,0.0,0.0,0.018
0.0,0.0,0.0,9.0,157.0,0,0.0,0.25,0.18,none,0,0.0,0.0,1.0,0.5813953488372094,0.0,0.0,0.0,0.018
0.0,0.0,0.0,9.0,339.0,0,0.0,1.32,0.18,none,0,0.0,0.0,1.0,3.9285714285714284,0.0,0.0,0.0,0.018
0.0,0.0,0.0,9.0,173.0,0,0.0,0.51,0.18,none,0,0.0,0.0,1.0,1.317829457364341,0.0,0.0,0.0,0.018
0.0,0.0,0.0,9.0,102.0,0,0.0,0.24,0.17,none,0,0.0,0.0,1.0,0.6648199445983378,0.0,0.0,0.0,0.017
0.0,0.0,0.0,9.0,124.0,0,0.0,0.46,0.17,none,0,0.0,0.0,1.0,1.1302211302211302,0.0,0.0,0.0,0.017
0.0,0.0,0.0,9.0,174.0,0,0.0,0.0,0.17,none,0,0.0,0.0,1.0,0.0,0.0,0.0,0.0,0.017
0.0,98.0,98.0,9.0,383.0,0,0.0,1.69,0.17,none,0,196.0,10.0,1.0,3.4004024144869214,0.0,0.0,0.0,0.017
0.0,0.0,0.0,9.0,130.0,0,0.0,0.0,0.15,none,0,0.0,0.0,1.0,0.0,0.0,0.0,0.0,0.015
0.0,0.0,0.0,9.0,251.0,0,0.0,0.13,0.15,none,0,0.0,0.0,1.0,0.28260869565217395,0.0,0.0,0.0,0.015
0.0,0.0,0.0,9.0,248.0,0,0.0,0.19,0.15,none,0,0.0,0.0,1.0,0.3966597077244259,0.0,0.0,0.0,0.015
0.0,0.0,0.0,9.0,289.0,0,0.0,1.1,0.15,none,0,0.0,0.0,1.0,1.950354609929078,0.0,0.0,0.0,0.015
0.0,0.0,0.0,9.0,116.0,0,0.0,0.0,0.14,none,0,0.0,0.0,1.0,0.0,0.0,0.0,0.0,0.014000000000000002
0.0,0.0,0.0,9.0,137.0,0,0.0,0.23,0.14,none,0,0.0,0.0,1.0,0.5693069306930693,0.0,0.0,0.0,0.014000000000000002
0.0,0.0,0.0,9.0,125.0,0,0.0,0.0,0.14,none,0,0.0,0.0,1.0,0.0,0.0,0.0,0.0,0.014000000000000002
0.0,98.0,98.0,9.0,305.0,0,0.0,0.6,0.14,none,0,196.0,5.0,1.0,1.5228426395939085,0.0,0.0,0.0,0.014000000000000002
0.0,0.0,0.0,9.0,334.0,0,0.0,1.13,0.13,none,0,0.0,0.0,1.0,2.2287968441814594,0.0,0.0,0.0,0.013000000000000001
0.0,0.0,0.0,9.0,153.0,0,0.0,0.0,0.13,none,0,0.0,0.0,1.0,0.0,0.0,0.0,0.0,0.013000000000000001
0.0,0.0,0.0,9.0,211.0,0,0.0,0.2,0.13,none,0,0.0,0.0,1.0,0.558659217877095,0.0,0.0,0.0,0.013000000000000001
0.0,0.0,0.0,9.0,79.0,0,0.0,0.0,0.13,none,0,0.0,0.0,1.0,0.0,0.0,0.0,0.0,0.013000000000000001
0.0,0.0,0.0,9.0,436.0,0,0.0,0.79,0.12,none,0,0.0,0.0,1.0,1.9506172839506175,0.0,0.0,0.0,0.012
0.0,0.0,0.0,9.0,218.0,0,0.0,0.0,0.12,none,0,0.0,0.0,1.0,0.0,0.0,0.0,0.0,0.012
0.0,98.0,98.0,9.0,249.0,0,0.0,0.96,0.12,none,0,196.0,5.0,1.0,2.4552429667519178,0.0,0.0,0.0,0.012
0.0,0.0,0.0,9.0,278.0,0,0.0,0.75,0.11,none,0,0.0,0.0,1.0,1.6930022573363432,0.0,0.0,0.0,0.011
0.0,0.0,0.0,9.0,120.0,0,0.0,0.0,0.11,none,0,0.0,0.0,1.0,0.0,0.0,0.0,0.0,0.011
0.0,84.0,84.0,9.0,196.0,0,0.0,0.0,0.11,none,0,168.0,4.615384615384616,1.0,0.0,0.0,0.0,0.0,0.011
0.0,0.0,0.0,9.0,305.0,0,0.0,2.02,0.11,none,0,0.0,0.0,1.0,4.279661016949153,0.0,0.0,0.0,0.011
0.0,0.0,0.0,9.0,290.0,0,0.0,0.77,0.1,none,0,0.0,0.0,1.0,1.402550091074681,0.0,0.0,0.0,0.01
0.0,0.0,0.0,9.0,90.0,0,0.0,0.0,0.1,none,0,0.0,0.0,1.0,0.0,0.0,0.0,0.0,0.01
0.0,0.0,0.0,9.0,142.0,0,0.0,0.25,0.1,none,0,0.0,0.0,1.0,0.4512635379061372,0.0,0.0,0.0,0.01
0.0,98.0,98.0,9.0,313.0,0,0.0,1.02,0.1,none,0,196.0,3.5,1.0,1.7677642980935877,0.0,0.0,0.0,0.01
0.0,0.0,0.0,9.0,115.0,0,0.0,0.0,0.1,none,0,0.0,0.0,1.0,0.0,0.0,0.0,0.0,0.01
0.0,0.0,0.0,9.0,262.0,0,0.0,1.75,0.17,none,0,0.0,0.0,1.0,2.6676829268292686,0.0,0.0,0.0,0.017
0.0,0.0,0.0,9.0,109.0,0,0.0,0.0,0.17,none,0,0.0,0.0,1.0,0.0,0.0,0.0,0.0,0.017
0.0,0.0,0.0,9.0,82.0,0,0.0,0.24,0.17,none,0,0.0,0.0,1.0,0.39669421487603307,0.0,0.0,0.0,0.017
0.0,0.0,0.0,9.0,142.0,0,0.0,0.0,0.17,none,0,0.0,0.0,1.0,0.0,0.0,0.0,0.0,0.017
0.0,0.0,0.0,9.0,215.0,0,0.0,0.0,0.16,none,0,0.0,0.0,1.0,0.0,0.0,0.0,0.0,0.016
0.0,0.0,0.0,9.0,310.0,0,0.0,1.28,0.16,none,0,0.0,0.0,1.0,2.8193832599118944,0.0,0.0,0.0,0.016
0.0,0.0,0.0,9.0,96.0,0,0.0,0.0,0.16,none,0,0.0,0.0,1.0,0.0,0.0,0.0,0.0,0.016
0.0,0.0,0.0,9.0,71.0,0,0.0,0.0,0.16,none,0,0.0,0.0,1.0,0.0,0.0,0.0,0.0,0.016
0.0,0.0,0.0,9.0,92.0,0,0.0,0.25,0.16,none,0,0.0,1.0020040080160322,1.0,0.7102272727272728,0.0,0.0,0.0,0.016
0.0,98.0,98.0,9.0,255.0,0,0.0,0.26,0.14,none,0,196.0,10.0,1.0,0.6878306878306879,0.0,0.0,0.0,0.014000000000000002
0.0,0.0,0.0,9.0,335.0,0,0.0,2.26,0.14,none,0,0.0,0.0,1.0,5.268065268065268,0.0,0.0,0.0,0.014000000000000002
0.0,0.0,0.0,9.0,105.0,0,0.0,0.0,0.14,none,0,0.0,0.0,1.0,0.0,0.0,0.0,0.0,0.014000000000000002
0.0,0.0,0.0,9.0,89.0,0,0.0,0.0,0.14,none,0,0.0,0.0,1.0,0.0,0.0,0.0,0.0,0.014000000000000002
0.0,0.0,0.0,9.0,124.0,0,0.0,0.25,0.14,none,0,0.0,0.0,1.0,0.5813953488372093,0.0,0.0,0.0,0.014000000000000002
0.0,0.0,0.0,9.0,152.0,0,0.0,0.0,0.13,none,0,0.0,0.0,1.0,0.0,0.0,0.0,0.0,0.013000000000000001
0.0,0.0,0.0,9.0,289.0,0,0.0,1.79,0.13,none,0,0.0,0.0,1.0,3.7214137214137213,0.0,0.0,0.0,0.013000000000000001
0.0,0.0,0.0,9.0,139.0,0,0.0,0.0,0.13,none,0,0.0,0.0,1.0,0.0,0.0,0.0,0.0,0.013000000000000001
0.0,0.0,0.0,9.0,212.0,0,0.0,0.25,0.13,none,0,0.0,0.0,1.0,0.49407114624505927,0.0,0.0,0.0,0.013000000000000001
0.0,0.0,0.0,9.0,120.0,0,0.0,0.0,0.13,none,0,0.0,0.0,1.0,0.0,0.0,0.0,0.0,0.013000000000000001
0.0,98.0,98.0,9.0,283.0,0,0.0,1.53,0.28,none,0,196.0,10.0,1.0,2.5164473684210527,0.0,0.0,0.0,0.028000000000000004
0.0,0.0,0.0,9.0,251.0,0,0.0,1.53,0.28,none,0,0.0,0.0,1.0,2.8598130841121496,0.0,0.0,0.0,0.028000000000000004
0.0,0.0,0.0,9.0,103.0,0,0.0,0.25,0.28,none,0,0.0,0.0,1.0,0.4464285714285714,0.0,0.0,0.0,0.028000000000000004
0.0,0.0,0.0,9.0,64.0,0,0.0,0.0,0.28,none,0,0.0,0.0,1.0,0.0,0.0,0.0,0.0,0.028000000000000004
0.0,0.0,0.0,9.0,368.0,0,0.0,1.29,0.28,none,0,0.0,0.0,1.0,1.9427710843373494,0.0,0.0,0.0,0.028000000000000004
0.0,0.0,0.0,9.0,175.0,0,0.0,0.0,0.26,none,0,0.0,0.0,1.0,0.0,0.0,0.0,0.0,0.026000000000000002
0.0,0.0,0.0,9.0,3711.0,0,0.0,6.1,0.26,none,0,0.0,0.0,1.0,5.570776255707762,0.0,0.0,0.0,0.026000000000000002
0.0,0.0,0.0,9.0,277.0,0,0.0,0.0,0.26,none,0,0.0,0.0,1.0,0.0,0.0,0.0,0.0,0.026000000000000002
0.0,0.0,0.0,9.0,158.0,0,0.0,0.25,0.26,none,0,0.0,0.0,1.0,0.22831050228310504,0.0,0.0,0.0,0.026000000000000002
0.0,0.0,0.0,9.0,243.0,0,0.0,0.0,0.26,none,0,0.0,0.0,1.0,0.0,0.0,0.0,0.0,0.026000000000000002
0.0,928.0,928.0,13.0,273.0,1,0.0,0.51,0.4,none,0,1856.0,10.0,1.3829787234042552,0.5135951661631419,0.0,0.0,0.07142857142857142,0.028571428571428574
0.0,928.0,928.0,13.0,593.0,1,0.0,3.41,0.4,none,0,1856.0,5.0,1.3265306122448979,2.887383573243015,0.0,0.0,0.07142857142857142,0.028571428571428574
0.0,0.0,0.0,13.0,111.0,1,0.0,0.24,0.4,none,0,0.0,0.0,1.2745098039215688,0.2033898305084746,0.0,0.0,0.07142857142857142,0.028571428571428574
0.0,928.0,928.0,13.0,355.0,1,0.0,2.23,0.4,none,0,1856.0,3.3333333333333335,1.2264150943396226,1.5894511760513186,0.0,0.0,0.07142857142857142,0.028571428571428574
0.0,928.0,928.0,13.0,441.0,1,0.0,0.21,0.36,none,0,1856.0,2.5,1.1818181818181819,0.16216216216216214,0.0,0.0,0.07142857142857142,0.025714285714285714
0.0,928.0,928.0,13.0,345.0,1,0.0,1.03,0.36,none,0,1856.0,2.0,1.1403508771929824,0.7367668097281831,0.0,0.0,0.07142857142857142,0.025714285714285714
0.0,1026.0,1026.0,13.0,519.0,1,0.0,5.03,0.36,none,0,2052.0,1.8108012707377337,1.1016949152542372,3.8962044926413637,0.0,0.0,0.07142857142857142,0.025714285714285714
0.0,928.0,928.0,13.0,210.0,1,0.0,0.52,0.36,none,0,1856.0,1.4073400060661208,1.0655737704918034,0.387192851824274,0.0,0.0,0.07142857142857142,0.025714285714285714
0.0,0.0,0.0,13.0,173.0,1,0.0,0.0,0.36,none,0,0.0,0.0,1.0317460317460319,0.0,0.0,0.0,0.07142857142857142,0.025714285714285714
0.0,928.0,928.0,13.0,380.0,1,0.0,0.78,0.33,none,0,1856.0,1.2337144376495612,1.0,0.5587392550143266,0.0,0.0,0.07142857142857142,0.023571428571428573
0.0,928.0,928.0,13.0,311.0,1,0.0,2.84,0.33,none,0,1856.0,1.2337144376495612,1.0,1.7434008594229589,0.0,0.0,0.07142857142857142,0.023571428571428573
0.0,84.0,84.0,13.0,255.0,1,0.0,1.01,0.33,none,0,168.0,0.12578616352201258,1.0,0.7271418286537077,0.0,0.0,0.07142857142857142,0.023571428571428573
0.0,928.0,928.0,13.0,257.0,1,0.0,1.03,0.33,none,0,1856.0,1.2200894031028136,1.0,0.7016348773841962,0.0,0.0,0.07142857142857142,0.023571428571428573
0.0,928.0,928.0,13.0,507.0,1,0.0,4.2,0.33,none,0,1856.0,1.2200894031028136,1.0,2.522522522522523,0.0,0.0,0.07142857142857142,0.023571428571428573
0.0,928.0,928.0,13.0,313.0,1,0.0,0.78,0.39,none,0,1856.0,1.2200894031028136,1.0,0.4529616724738676,0.0,0.0,0.07142857142857142,0.027857142857142858
0.0,1026.0,1026.0,13.0,434.0,1,0.0,1.59,0.39,none,0,2052.0,1.3317757009345794,1.0,0.8942632170978628,0.0,0.0,0.07142857142857142,0.027857142857142858
0.0,928.0,928.0,13.0,503.0,1,0.0,3.32,0.39,none,0,1856.0,1.2200894031028136,1.0,2.0659614187927815,0.0,0.0,0.07142857142857142,0.027857142857142858
0.0,0.0,0.0,13.0,132.0,1,0.0,0.25,0.39,none,0,0.0,0.0,1.0,0.1582278481012658,0.0,0.0,0.07142857142857142,0.027857142857142858
0.0,928.0,928.0,13.0,1676.0,1,0.0,2.62,0.39,none,0,1856.0,1.2200894031028136,1.0,1.4223669923995657,0.0,0.0,0.07142857142857142,0.027857142857142858
0.0,928.0,928.0,13.0,1171.0,1,0.0,2.84,0.36,none,0,1856.0,1.2200894031028136,1.0,1.38671875,0.0,0.0,0.07142857142857142,0.025714285714285714
0.0,928.0,928.0,13.0,702.0,1,0.0,2.62,0.36,none,0,1856.0,1.2200894031028136,1.0,1.293188548864758,0.0,0.0,0.07142857142857142,0.025714285714285714
0.0,928.0,928.0,13.0,903.0,1,0.0,5.29,0.36,none,0,1856.0,1.0982248520710058,1.0,2.1556642216788915,0.0,0.0,0.07142857142857142,0.025714285714285714
0.0,0.0,0.0,13.0,865.0,1,0.0,1.29,0.36,none,0,0.0,0.0,1.0,0.5201612903225806,0.0,0.0,0.07142857142857142,0.025714285714285714
0.0,928.0,928.0,13.0,855.0,1,0.0,1.3,0.36,none,0,1856.0,1.2337144376495612,1.0,0.593607305936073,0.0,0.0,0.07142857142857142,0.025714285714285714
0.0,928.0,928.0,13.0,1099.0,1,0.0,4.11,0.33,none,0,1856.0,1.2337144376495612,1.0,1.629013079667063,0.0,0.0,0.07142857142857142,0.023571428571428573
0.0,1026.0,1026.0,13.0,7198.0,1,0.0,19.17,0.33,none,0,2052.0,1.363998936453071,1.0,4.477925718290119,0.0,0.0,0.07142857142857142,0.023571428571428573
0.0,928.0,928.0,13.0,7273.0,1,0.0,26.92,0.33,none,0,1856.0,1.2337144376495612,1.0,4.053606384580636,0.0,0.0,0.07142857142857142,0.023571428571428573
0.0,928.0,928.0,13.0,3111.0,1,0.0,7.05,0.33,none,0,1856.0,1.0982248520710058,1.0,0.9629831990165277,0.0,0.0,0.07142857142857142,0.023571428571428573
0.0,0.0,0.0,13.0,550.0,1,0.0,2.12,0.38,none,0,0.0,0.0,1.0,0.2915692476963279,0.0,0.0,0.07142857142857142,0.027142857142857142
0.0,928.0,928.0,13.0,239.0,1,0.0,1.02,0.38,none,0,1856.0,1.2337144376495612,1.0,0.1438848920863309,0.0,0.0,0.07142857142857142,0.027142857142857142
0.0,928.0,928.0,13.0,486.0,1,0.0,2.07,0.38,none,0,1856.0,1.2337144376495612,1.0,0.29428490190503265,0.0,0.0,0.07142857142857142,0.027142857142857142
0.0,928.0,928.0,13.0,437.0,1,0.0,2.65,0.38,none,0,1856.0,1.2337144376495612,1.0,0.39143279172821266,0.0,0.0,0.07142857142857142,0.027142857142857142
0.0,824.0,824.0,13.0,200.0,2,0.0,1.99,0.38,none,0,1648.0,0.9872993050563144,1.0,0.2909356725146198,0.0,0.0,0.14285714285714285,0.027142857142857142
0.0,104.0,104.0,13.0,308.0,1,0.0,0.55,0.35,none,0,208.0,0.1382611007710715,1.0,0.08130081300813008,0.0,0.0,0.07142857142857142,0.024999999999999998
0.0,928.0,928.0,13.0,467.0,1,0.0,0.47,0.35,none,0,1856.0,1.2337144376495612,1.0,0.0734260271832526,0.0,0.0,0.07142857142857142,0.024999999999999998
0.0,98.0,98.0,13.0,791.0,1,0.0,3.57,0.35,none,0,196.0,0.14861995753715498,1.0,0.7374509398884528,0.0,0.0,0.07142857142857142,0.024999999999999998
0.0,928.0,928.0,13.0,597.0,1,0.0,3.66,0.35,none,0,1856.0,1.4073400060661208,1.0,1.455268389662028,0.0,0.0,0.07142857142857142,0.024999999999999998
0.0,928.0,928.0,13.0,346.0,1,0.0,1.55,0.35,none,0,1856.0,1.4073400060661208,1.0,0.7888040712468194,0.0,0.0,0.07142857142857142,0.024999999999999998
0.0,928.0,928.0,13.0,521.0,1,0.0,2.6,0.32,none,0,1856.0,1.2337144376495612,1.0,1.2916045702930947,0.0,0.0,0.07142857142857142,0.022857142857142857
0.0,970.0,970.0,13.0,323.0,1,0.0,0.4,0.32,none,0,1940.0,1.2823902696985723,1.0,0.20502306509482318,0.0,0.0,0.07142857142857142,0.022857142857142857
0.0,928.0,928.0,13.0,385.0,1,0.0,1.12,0.32,none,0,1856.0,1.2268640930724484,1.0,0.6034482758620691,0.0,0.0,0.07142857142857142,0.022857142857142857
0.0,1856.0,1856.0,13.0,576.0,1,0.0,2.2,0.38,none,0,3712.0,2.1855864342910976,1.0,1.214798453892877,0.0,0.0,0.07142857142857142,0.027142857142857142
0.0,928.0,928.0,13.0,254.0,1,0.0,1.74,0.38,none,0,1856.0,1.0795718939041414,1.0,0.9742441209406494,0.0,0.0,0.07142857142857142,0.027142857142857142
0.0,928.0,928.0,13.0,335.0,1,0.0,1.23,0.38,none,0,1856.0,0.9851380042462845,1.0,0.6634304207119741,0.0,0.0,0.07142857142857142,0.027142857142857142
0.0,1026.0,1026.0,13.0,455.0,1,0.0,3.92,0.38,none,0,2052.0,1.077957554108006,1.0,1.7826284674852202,0.0,0.0,0.07142857142857142,0.027142857142857142
0.0,928.0,928.0,13.0,474.0,1,0.0,2.38,0.38,none,0,1856.0,0.8967916505604948,1.0,1.1442307692307692,0.0,0.0,0.07142857142857142,0.027142857142857142
0.0,928.0,928.0,13.0,202.0,1,0.0,0.48,0.43,none,0,1856.0,0.8967916505604948,1.0,0.2724177071509648,0.0,0.0,0.07142857142857142,0.030714285714285715
0.0,0.0,0.0,13.0,320.0,1,0.0,0.26,0.43,none,0,0.0,0.0,1.0,0.159216166564605,0.0,0.0,0.07142857142857142,0.030714285714285715
0.0,928.0,928.0,13.0,259.0,1,0.0,0.77,0.43,none,0,1856.0,0.9851380042462845,1.0,0.5310344827586208,0.0,0.0,0.07142857142857142,0.030714285714285715
0.0,970.0,970.0,13.0,278.0,1,0.0,2.07,0.43,none,0,1940.0,1.029723991507431,1.0,1.2801484230055655,0.0,0.0,0.07142857142857142,0.030714285714285715
0.0,928.0,928.0,13.0,309.0,1,0.0,1.55,0.47,none,0,1856.0,0.9851380042462845,1.0,0.9337349397590361,0.0,0.0,0.07142857142857142,0.03357142857142857
0.0,0.0,0.0,13.0,209.0,1,0.0,0.75,0.47,none,0,0.0,0.0,1.0,0.495049504950495,0.0,0.0,0.07142857142857142,0.03357142857142857
0.0,928.0,928.0,13.0,337.0,1,0.0,0.26,0.47,none,0,1856.0,1.2268640930724484,1.0,0.19019751280175567,0.0,0.0,0.07142857142857142,0.03357142857142857
0.0,1026.0,1026.0,13.0,329.0,1,0.0,2.07,0.47,none,0,2052.0,1.3390759592795614,1.0,1.426602343211578,0.0,0.0,0.07142857142857142,0.03357142857142857
0.0,928.0,928.0,13.0,361.0,1,0.0,3.33,0.47,none,0,1856.0,1.2268640930724484,1.0,2.392241379310345,0.0,0.0,0.07142857142857142,0.03357142857142857
0.0,928.0,928.0,13.0,444.0,1,0.0,2.38,0.44,none,0,1856.0,1.2268640930724484,1.0,1.7097701149425288,0.0,0.0,0.07142857142857142,0.03142857142857143
0.0,0.0,0.0,13.0,213.0,1,0.0,0.5,0.44,none,0,0.0,0.0,1.0,0.35868005738880915,0.0,0.0,0.07142857142857142,0.03142857142857143
0.0,928.0,928.0,13.0,413.0,1,0.0,0.53,0.44,none,0,1856.0,1.2268640930724484,1.0,0.3729767769176636,0.0,0.0,0.07142857142857142,0.03142857142857143
0.0,928.0,928.0,13.0,295.0,1,0.0,3.76,0.44,none,0,1856.0,1.2268640930724484,1.0,2.186046511627907,0.0,0.0,0.07142857142857142,0.03142857142857143
0.0,928.0,928.0,13.0,247.0,1,0.0,1.79,0.44,none,0,1856.0,1.2337144376495612,1.0,1.0579196217494091,0.0,0.0,0.07142857142857142,0.03142857142857143
0.0,0.0,0.0,13.0,581.0,1,0.0,1.81,0.4,none,0,0.0,0.0,1.0,1.0535506402793946,0.0,0.0,0.07142857142857142,0.028571428571428574
0.0,928.0,928.0,13.0,299.0,1,0.0,3.99,0.4,none,0,1856.0,1.2337144376495612,1.0,1.9539666993143976,0.0,0.0,0.07142857142857142,0.028571428571428574
0.0,928.0,928.0,13.0,481.0,1,0.0,2.3,0.4,none,0,1856.0,1.2337144376495612,1.0,1.0240427426536065,0.0,0.0,0.07142857142857142,0.028571428571428574
0.0,922.0,922.0,13.0,272.0,2,0.0,3.32,0.4,none,0,1844.0,1.242922620652467,1.0,1.4002530577815266,0.0,0.0,0.14285714285714285,0.028571428571428574
0.0,104.0,104.0,13.0,228.0,1,0.0,2.01,0.4,none,0,208.0,0.15771913861085837,1.0,0.8977221974095578,0.0,0.0,0.07142857142857142,0.028571428571428574
0.0,928.0,928.0,13.0,418.0,1,0.0,1.84,0.37,none,0,1856.0,1.4073400060661208,1.0,0.8421052631578948,0.0,0.0,0.07142857142857142,0.02642857142857143
0.0,928.0,928.0,13.0,261.0,1,0.0,1.79,0.37,none,0,1856.0,1.2337144376495612,1.0,0.773552290406223,0.0,0.0,0.07142857142857142,0.02642857142857143
0.0,0.0,0.0,13.0,113.0,1,0.0,0.25,0.37,none,0,0.0,0.0,1.0,0.10936132983377078,0.0,0.0,0.07142857142857142,0.02642857142857143
0.0,928.0,928.0,13.0,324.0,1,0.0,3.55,0.37,none,0,1856.0,1.4073400060661208,1.0,1.5673289183222956,0.0,0.0,0.07142857142857142,0.02642857142857143
0.0,970.0,970.0,13.0,319.0,1,0.0,2.83,0.37,none,0,1940.0,1.4617239300783604,1.0,1.1945968763191221,0.0,0.0,0.07142857142857142,0.02642857142857143
0.0,928.0,928.0,13.0,505.0,1,0.0,2.34,0.34,none,0,1856.0,1.2268640930724484,1.0,0.9661436829066887,0.0,0.0,0.07142857142857142,0.02428571428571429
0.0,0.0,0.0,13.0,311.0,1,0.0,0.5,0.34,none,0,0.0,0.0,1.0,0.24119633381572606,0.0,0.0,0.07142857142857142,0.02428571428571429
0.0,0.0,0.0,13.0,87.0,1,0.0,0.0,0.34,none,0,0.0,0.0,1.0,0.0,0.0,0.0,0.07142857142857142,0.02428571428571429
0.0,1026.0,1026.0,13.0,482.0,1,0.0,4.43,0.34,none,0,2052.0,1.7653131452167927,1.0,2.267144319344933,0.0,0.0,0.07142857142857142,0.02428571428571429
0.0,928.0,928.0,13.0,391.0,1,0.0,1.8,0.34,none,0,1856.0,1.398432790837854,1.0,0.9311950336264875,0.0,0.0,0.07142857142857142,0.02428571428571429
0.0,0.0,0.0,13.0,256.0,1,0.0,1.01,0.31,none,0,0.0,0.0,1.0,0.5459459459459459,0.0,0.0,0.07142857142857142,0.02214285714285714
0.0,928.0,928.0,13.0,376.0,1,0.0,3.05,0.31,none,0,1856.0,1.6257883672039244,1.0,1.543522267206478,0.0,0.0,0.07142857142857142,0.02214285714285714
0.0,0.0,0.0,13.0,189.0,1,0.0,1.25,0.31,none,0,0.0,0.0,1.0,0.6021194605009635,0.0,0.0,0.07142857142857142,0.02214285714285714
0.0,980.0,980.0,13.0,317.0,1,0.0,1.56,0.31,none,0,1960.0,1.7013888888888888,1.0,0.8311134789557806,0.0,0.0,0.07142857142857142,0.02214285714285714
0.0,928.0,928.0,13.0,370.0,1,0.0,3.37,0.31,none,0,1856.0,1.6229450856942989,1.0,1.7452097358881407,0.0,0.0,0.07142857142857142,0.02214285714285714
0.0,928.0,928.0,13.0,409.0,1,0.0,4.4,0.37,none,0,1856.0,1.6229450856942989,1.0,2.0589611605053815,0.0,0.0,0.07142857142857142,0.02642857142857143
0.0,928.0,928.0,13.0,328.0,1,0.0,0.77,0.37,none,0,1856.0,1.396328618718026,1.0,0.355822550831793,0.0,0.0,0.07142857142857142,0.02642857142857143
0.0,0.0,0.0,13.0,224.0,1,0.0,1.5,0.37,none,0,0.0,0.0,1.0,0.648228176318064,0.0,0.0,0.07142857142857142,0.02642857142857143
0.0,0.0,0.0,13.0,135.0,1,0.0,0.75,0.37,none,0,0.0,0.0,1.0,0.38540596094552926,0.0,0.0,0.07142857142857142,0.02642857142857143
0.0,1026.0,1026.0,12.0,683.0,1,0.0,0.5,0.34,none,0,2052.0,1.7943336831059813,0.9302325581395349,0.2753303964757709,0.0,0.0,0.07692307692307693,0.026153846153846156
0.0,928.0,928.0,13.0,472.0,1,0.0,1.85,0.34,none,0,1856.0,1.396328618718026,1.0077519379844961,0.9736842105263159,0.0,0.0,0.07142857142857142,0.02428571428571429
0.0,42.0,42.0,13.0,111.0,1,0.0,0.0,0.31,none,0,84.0,0.07291666666666667,1.0077519379844961,0.0,0.0,0.0,0.07142857142857142,0.02214285714285714
0.0,928.0,928.0,13.0,293.0,1,0.0,1.69,0.31,none,0,1856.0,1.3875598086124403,1.0077519379844961,1.031116534472239,0.0,0.0,0.07142857142857142,0.02214285714285714
0.0,928.0,928.0,13.0,329.0,1,0.0,1.79,0.31,none,0,1856.0,1.398432790837854,1.0077519379844961,1.0770156438026472,0.0,0.0,0.07142857142857142,0.02214285714285714
0.0,928.0,928.0,13.0,513.0,1,0.0,6.39,0.31,none,0,1856.0,1.398432790837854,1.0077519379844961,3.2535641547861505,0.0,0.0,0.07142857142857142,0.02214285714285714
0.0,1026.0,1026.0,13.0,313.0,1,0.0,2.09,0.36,none,0,2052.0,1.5236115236115237,1.0077519379844961,1.20600115406809,0.0,0.0,0.07142857142857142,0.025714285714285714
0.0,928.0,928.0,13.0,275.0,1,0.0,0.51,0.36,none,0,1856.0,1.378081378081378,1.0077519379844961,0.29876977152899825,0.0,0.0,0.07142857142857142,0.025714285714285714
0.0,0.0,0.0,13.0,144.0,1,0.0,0.5,0.36,none,0,0.0,0.0,1.0077519379844961,0.3111387678904792,0.0,0.0,0.07142857142857142,0.025714285714285714
0.0,928.0,928.0,13.0,281.0,1,0.0,1.8,0.36,none,0,1856.0,1.2111720177499348,1.0077519379844961,1.0514018691588785,0.0,0.0,0.07142857142857142,0.025714285714285714
0.0,928.0,928.0,13.0,437.0,1,0.0,4.94,0.36,none,0,1856.0,1.2268640930724484,1.0,2.2912801484230054,0.0,0.0,0.07142857142857142,0.025714285714285714
0.0,928.0,928.0,13.0,435.0,1,0.0,4.85,0.34,none,0,1856.0,1.2268640930724484,1.0,1.9747557003257328,0.0,0.0,0.07142857142857142,0.02428571428571429
0.0,928.0,928.0,13.0,373.0,1,0.0,2.81,0.34,none,0,1856.0,1.0982248520710058,1.0,1.0266715381804898,0.0,0.0,0.07142857142857142,0.02428571428571429
0.0,0.0,0.0,13.0,228.0,1,0.0,0.87,0.34,none,0,0.0,0.0,1.0,0.327683615819209,0.0,0.0,0.07142857142857142,0.02428571428571429
0.0,928.0,928.0,13.0,289.0,1,0.0,1.38,0.34,none,0,1856.0,1.2337144376495612,1.0,0.5279265493496557,0.0,0.0,0.07142857142857142,0.02428571428571429
0.0,1026.0,928.0,13.0,449.0,1,0.0,2.57,0.31,none,0,1954.0,1.2904504028529917,1.0,1.1514336917562722,0.0,0.0,0.07142857142857142,0.02214285714285714
0.0,928.0,1026.0,13.0,408.0,1,0.0,1.49,0.31,none,0,1954.0,1.298856687051316,1.0,0.6860036832412524,0.0,0.0,0.07142857142857142,0.02214285714285714
0.0,928.0,928.0,12.0,397.0,1,0.0,0.23,0.31,none,0,1856.0,1.2337144376495612,0.9302325581395349,0.10727611940298508,0.0,0.0,0.07692307692307693,0.023846153846153847
0.0,928.0,928.0,13.0,300.0,1,0.0,3.19,0.31,none,0,1856.0,1.0982248520710058,1.0077519379844961,1.3220058019063408,0.0,0.0,0.07142857142857142,0.02214285714285714
0.0,1856.0,1856.0,13.0,586.0,1,0.0,0.91,0.28,none,0,3712.0,1.9791000213265089,1.0077519379844961,0.391566265060241,0.0,0.0,0.07142857142857142,0.02
0.0,928.0,928.0,13.0,376.0,1,0.0,0.37,0.28,none,0,1856.0,0.9895500106632544,1.0077519379844961,0.1981788966256026,0.0,0.0,0.07142857142857142,0.02
0.0,928.0,928.0,13.0,244.0,1,0.0,1.28,0.28,none,0,1856.0,0.9895500106632544,1.0077519379844961,0.847682119205298,0.0,0.0,0.07142857142857142,0.02
0.0,0.0,0.0,13.0,179.0,1,0.0,0.96,0.28,none,0,0.0,0.0,1.0077519379844961,0.7245283018867924,0.0,0.0,0.07142857142857142,0.02
0.0,1026.0,1026.0,13.0,626.0,1,0.0,6.13,0.34,none,0,2052.0,1.0827353313634445,1.0077519379844961,3.3117233927606704,0.0,0.0,0.07142857142857142,0.02428571428571429
0.0,928.0,928.0,13.0,365.0,1,0.0,2.1,0.34,none,0,1856.0,0.9793161671591388,1.0077519379844961,1.0920436817472698,0.0,0.0,0.07142857142857142,0.02428571428571429
0.0,928.0,928.0,13.0,226.0,1,0.0,0.89,0.34,none,0,1856.0,0.9844064919910894,1.0077519379844961,0.5071225071225071,0.0,0.0,0.07142857142857142,0.02428571428571429
0.0,928.0,928.0,13.0,363.0,1,0.0,1.36,0.34,none,0,1856.0,0.9895500106632544,1.0077519379844961,0.780711825487945,0.0,0.0,0.07142857142857142,0.02428571428571429
0.0,84.0,84.0,13.0,373.0,1,0.0,0.13,0.31,none,0,168.0,0.09842981017108039,1.0,0.07505773672055428,0.0,0.0,0.07142857142857142,0.02214285714285714
0.0,928.0,928.0,13.0,409.0,1,0.0,0.68,0.31,none,0,1856.0,1.0874150456995548,1.0,0.45914922349763676,0.0,0.0,0.07142857142857142,0.02214285714285714
0.0,0.0,0.0,12.0,165.0,1,0.0,0.0,0.31,none,0,0.0,0.0,0.9302325581395349,0.0,0.0,0.0,0.07692307692307693,0.023846153846153847
0.0,1856.0,1856.0,13.0,522.0,1,0.0,2.93,0.29,none,0,3712.0,2.440178806205627,1.0077519379844961,1.7800729040097205,0.0,0.0,0.07142857142857142,0.020714285714285713
0.0,1026.0,1026.0,13.0,498.0,1,0.0,4.72,0.29,none,0,2052.0,1.3317757009345794,1.0077519379844961,2.371859296482412,0.0,0.0,0.07142857142857142,0.020714285714285713
0.0,0.0,0.0,12.0,222.0,1,0.0,0.95,0.29,none,0,0.0,0.0,0.9375,0.4776269482151835,0.0,0.0,0.07692307692307693,0.022307692307692306
0.0,1856.0,1856.0,13.0,455.0,1,0.0,0.94,0.29,none,0,3712.0,2.1748300913991097,1.015625,0.6394557823129251,0.0,0.0,0.07142857142857142,0.020714285714285713
0.0,928.0,928.0,13.0,500.0,1,0.0,1.15,0.26,none,0,1856.0,1.0874150456995548,1.015625,0.8363636363636363,0.0,0.0,0.07142857142857142,0.018571428571428572
0.0,0.0,0.0,13.0,412.0,1,0.0,1.62,0.26,none,0,0.0,0.0,1.015625,1.1187845303867405,0.0,0.0,0.07142857142857142,0.018571428571428572
0.0,928.0,928.0,13.0,389.0,1,0.0,3.4,0.26,none,0,1856.0,1.2200894031028136,1.015625,2.0581113801452786,0.0,0.0,0.07142857142857142,0.018571428571428572
0.0,0.0,0.0,13.0,111.0,1,0.0,0.0,0.26,none,0,0.0,0.0,1.015625,0.0,0.0,0.0,0.07142857142857142,0.018571428571428572
0.0,928.0,928.0,13.0,278.0,1,0.0,0.47,0.32,none,0,1856.0,1.2337144376495612,1.015625,0.2904820766378245,0.0,0.0,0.07142857142857142,0.022857142857142857
0.0,1026.0,1026.0,12.0,643.0,1,0.0,5.95,0.32,none,0,2052.0,1.2002807674309781,0.9375,2.6886579304112064,0.0,0.0,0.07692307692307693,0.024615384615384615
0.0,928.0,928.0,13.0,331.0,1,0.0,2.76,0.32,none,0,1856.0,1.2178477690288714,1.015625,1.256830601092896,0.0,0.0,0.07142857142857142,0.022857142857142857
0.0,928.0,928.0,13.0,345.0,1,0.0,1.57,0.32,none,0,1856.0,1.2337144376495612,1.015625,0.834662413609782,0.0,0.0,0.07142857142857142,0.022857142857142857
0.0,928.0,928.0,13.0,264.0,1,0.0,2.97,0.3,none,0,1856.0,1.0982248520710058,1.0077519379844961,1.4258281325012006,0.0,0.0,0.07142857142857142,0.02142857142857143
0.0,0.0,0.0,13.0,180.0,1,0.0,0.24,0.3,none,0,0.0,0.0,1.0077519379844961,0.11922503725782414,0.0,0.0,0.07142857142857142,0.02142857142857143
0.0,928.0,928.0,13.0,416.0,1,0.0,6.92,0.3,none,0,1856.0,1.4073400060661208,1.0077519379844961,2.671814671814672,0.0,0.0,0.07142857142857142,0.02142857142857143
0.0,928.0,928.0,13.0,272.0,1,0.0,1.98,0.3,none,0,1856.0,1.2337144376495612,1.0077519379844961,0.7539984767707539,0.0,0.0,0.07142857142857142,0.02142857142857143
0.0,928.0,928.0,13.0,257.0,1,0.0,0.26,0.27,none,0,1856.0,1.2337144376495612,1.0077519379844961,0.1124567474048443,0.0,0.0,0.07142857142857142,0.019285714285714288
0.0,0.0,0.0,12.0,157.0,1,0.0,0.0,0.27,none,0,0.0,0.0,0.9375,0.0,0.0,0.0,0.07692307692307693,0.02076923076923077
0.0,1026.0,1026.0,13.0,308.0,1,0.0,2.33,0.27,none,0,2052.0,1.3464566929133859,1.015625,0.932746196957566,0.0,0.0,0.07142857142857142,0.019285714285714288
0.0,928.0,928.0,13.0,425.0,1,0.0,3.86,0.27,none,0,1856.0,1.2337144376495612,1.0077519379844961,1.6863259065093925,0.0,0.0,0.07142857142857142,0.019285714285714288
0.0,928.0,928.0,13.0,326.0,1,0.0,0.77,0.27,none,0,1856.0,1.2337144376495612,1.0077519379844961,0.368421052631579,0.0,0.0,0.07142857142857142,0.019285714285714288
0.0,928.0,928.0,13.0,291.0,1,0.0,2.87,0.25,none,0,1856.0,1.2337144376495612,1.0077519379844961,1.292792792792793,0.0,0.0,0.07142857142857142,0.017857142857142856
0.0,928.0,928.0,13.0,350.0,1,0.0,1.99,0.25,none,0,1856.0,1.2337144376495612,1.0077519379844961,0.937794533459001,0.0,0.0,0.07142857142857142,0.017857142857142856
0.0,970.0,970.0,12.0,542.0,1,0.0,3.77,0.25,none,0,1940.0,1.1422515308525671,0.9375,1.5232323232323233,0.0,0.0,0.07692307692307693,0.019230769230769232
0.0,928.0,928.0,13.0,342.0,1,0.0,1.78,0.39,none,0,1856.0,1.0927932171455488,1.015625,0.907700152983172,0.0,0.0,0.07142857142857142,0.027857142857142858
0.0,928.0,928.0,13.0,299.0,1,0.0,0.58,0.39,none,0,1856.0,1.0927932171455488,1.015625,0.31850631521142225,0.0,0.0,0.07142857142857142,0.027857142857142858
0.0,1026.0,1026.0,13.0,404.0,1,0.0,3.84,0.39,none,0,2052.0,1.1944121071012805,1.015625,1.762276273519963,0.0,0.0,0.07142857142857142,0.027857142857142858
0.0,928.0,928.0,13.0,509.0,1,0.0,5.61,0.39,none,0,1856.0,0.9749947467955453,1.0077519379844961,2.0474452554744524,0.0,0.0,0.07142857142857142,0.027857142857142858
0.0,928.0,928.0,13.0,341.0,1,0.0,1.51,0.39,none,0,1856.0,0.9851380042462845,1.0077519379844961,0.5680963130173061,0.0,0.0,0.07142857142857142,0.027857142857142858
0.0,928.0,928.0,13.0,549.0,1,0.0,2.67,0.36,none,0,1856.0,0.9851380042462845,1.0077519379844961,1.0515951161874753,0.0,0.0,0.07142857142857142,0.025714285714285714
0.0,928.0,928.0,13.0,318.0,1,0.0,2.06,0.36,none,0,1856.0,0.9851380042462845,1.0077519379844961,0.7721139430284857,0.0,0.0,0.07142857142857142,0.025714285714285714
0.0,824.0,824.0,13.0,279.0,2,0.0,0.95,0.36,none,0,1648.0,0.884499785315586,1.0077519379844961,0.38368336025848143,0.0,0.0,0.14285714285714285,0.025714285714285714
0.0,1032.0,1032.0,13.0,303.0,1,0.0,1.68,0.36,none,0,2064.0,1.0955414012738853,1.0077519379844961,0.6871165644171778,0.0,0.0,0.07142857142857142,0.025714285714285714
0.0,0.0,0.0,13.0,240.0,1,0.0,0.17,0.33,none,0,0.0,0.0,1.0,0.0815347721822542,0.0,0.0,0.07142857142857142,0.023571428571428573
0.0,928.0,928.0,13.0,297.0,1,0.0,2.48,0.33,none,0,1856.0,1.0982248520710058,1.0,1.1508120649651972,0.0,0.0,0.07142857142857142,0.023571428571428573
0.0,1026.0,1026.0,13.0,353.0,1,0.0,4.19,0.33,none,0,2052.0,1.2002807674309781,1.0,1.665341812400636,0.0,0.0,0.07142857142857142,0.023571428571428573
0.0,928.0,928.0,13.0,425.0,1,0.0,2.81,0.33,none,0,1856.0,1.0982248520710058,1.0,1.164525486945711,0.0,0.0,0.07142857142857142,0.023571428571428573
0.0,928.0,928.0,13.0,301.0,1,0.0,3.54,0.3,none,0,1856.0,1.0982248520710058,1.0,1.6047144152311876,0.0,0.0,0.07142857142857142,0.02142857142857143
0.0,928.0,928.0,13.0,377.0,1,0.0,3.06,0.3,none,0,1856.0,1.0982248520710058,1.0,1.296060991105464,0.0,0.0,0.07142857142857142,0.02142857142857143
0.0,0.0,0.0,13.0,180.0,1,0.0,0.0,0.3,none,0,0.0,0.0,1.0,0.0,0.0,0.0,0.07142857142857142,0.02142857142857143
0.0,970.0,970.0,13.0,255.0,1,0.0,1.77,0.3,none,0,1940.0,1.2823902696985723,1.0,0.857142857142857,0.0,0.0,0.07142857142857142,0.02142857142857143
0.0,928.0,928.0,13.0,567.0,1,0.0,3.67,0.3,none,0,1856.0,1.2102243088158582,1.0,1.5703893881044075,0.0,0.0,0.07142857142857142,0.02142857142857143
0.0,928.0,928.0,13.0,355.0,1,0.0,0.51,0.36,none,0,1856.0,1.2268640930724484,1.0,0.22972972972972977,0.0,0.0,0.07142857142857142,0.025714285714285714
0.0,928.0,928.0,13.0,267.0,1,0.0,3.02,0.36,none,0,1856.0,1.0927932171455488,1.0,1.2055888223552895,0.0,0.0,0.07142857142857142,0.025714285714285714
0.0,98.0,98.0,13.0,281.0,1,0.0,1.54,0.36,none,0,196.0,0.12790394152962672,1.0,0.6387391124014932,0.0,0.0,0.07142857142857142,0.025714285714285714
0.0,928.0,928.0,13.0,351.0,1,0.0,3.32,0.36,none,0,1856.0,1.2268640930724484,1.0,1.4285714285714286,0.0,0.0,0.07142857142857142,0.025714285714285714
0.0,928.0,928.0,13.0,396.0,1,0.0,3.4,0.36,none,0,1856.0,1.2268640930724484,1.0,1.4267729752412925,0.0,0.0,0.07142857142857142,0.025714285714285714
0.0,928.0,928.0,13.0,335.0,1,0.0,1.03,0.33,none,0,1856.0,1.2268640930724484,1.0,0.48311444652908064,0.0,0.0,0.07142857142857142,0.023571428571428573
0.0,928.0,928.0,13.0,312.0,1,0.0,2.08,0.33,none,0,1856.0,1.2268640930724484,1.0,1.0226155358898723,0.0,0.0,0.07142857142857142,0.023571428571428573
0.0,42.0,42.0,13.0,109.0,1,0.0,0.49,0.33,none,0,84.0,0.05521956350249803,1.0,0.23523763802208356,0.0,0.0,0.07142857142857142,0.023571428571428573
0.0,928.0,928.0,13.0,289.0,1,0.0,1.52,0.33,none,0,1856.0,1.2268640930724484,1.0,0.7385811467444121,0.0,0.0,0.07142857142857142,0.023571428571428573
0.0,0.0,0.0,13.0,260.0,1,0.0,0.77,0.33,none,0,0.0,0.0,1.0,0.43552036199095023,0.0,0.0,0.07142857142857142,0.023571428571428573
0.0,928.0,928.0,13.0,221.0,1,0.0,1.29,0.3,none,0,1856.0,1.398432790837854,1.0,0.6988082340195017,0.0,0.0,0.07142857142857142,0.02142857142857143
0.0,0.0,0.0,13.0,142.0,1,0.0,0.25,0.3,none,0,0.0,0.0,1.0,0.15933715742511154,0.0,0.0,0.07142857142857142,0.02142857142857143
0.0,928.0,928.0,13.0,224.0,1,0.0,0.78,0.3,none,0,1856.0,1.4193943101866016,1.0,0.5224380442062961,0.0,0.0,0.07142857142857142,0.02142857142857143
0.0,928.0,928.0,13.0,206.0,1,0.0,0.77,0.3,none,0,1856.0,1.4193943101866016,1.0,0.6219709208400647,0.0,0.0,0.07142857142857142,0.02142857142857143
0.0,1026.0,1026.0,13.0,672.0,1,0.0,6.35,0.3,none,0,2052.0,1.546112115732369,1.0,4.142204827136334,0.0,0.0,0.07142857142857142,0.02142857142857143
0.0,928.0,928.0,13.0,215.0,1,0.0,0.75,0.36,none,0,1856.0,1.398432790837854,1.0,0.4983388704318937,0.0,0.0,0.07142857142857142,0.025714285714285714
0.0,0.0,0.0,13.0,297.0,1,0.0,2.3,0.36,none,0,0.0,0.0,1.0,1.5062213490504257,0.0,0.0,0.07142857142857142,0.025714285714285714
0.0,928.0,928.0,13.0,237.0,1,0.0,0.26,0.36,none,0,1856.0,1.4073400060661208,1.0,0.17287234042553193,0.0,0.0,0.07142857142857142,0.025714285714285714
0.0,0.0,0.0,13.0,118.0,1,0.0,0.25,0.36,none,0,0.0,0.0,1.0,0.18155410312273057,0.0,0.0,0.07142857142857142,0.025714285714285714
0.0,928.0,928.0,13.0,244.0,1,0.0,1.03,0.36,none,0,1856.0,1.4073400060661208,1.0,0.7341411261582323,0.0,0.0,0.07142857142857142,0.025714285714285714
0.0,0.0,0.0,13.0,216.0,1,0.0,0.77,0.33,none,0,0.0,0.0,1.0,0.5699481865284974,0.0,0.0,0.07142857142857142,0.023571428571428573
0.0,928.0,928.0,13.0,284.0,1,0.0,1.26,0.33,none,0,1856.0,1.4073400060661208,1.0,0.8677685950413223,0.0,0.0,0.07142857142857142,0.023571428571428573
0.0,0.0,0.0,13.0,66.0,1,0.0,0.0,0.33,none,0,0.0,0.0,1.0,0.0,0.0,0.0,0.07142857142857142,0.023571428571428573
0.0,0.0,0.0,13.0,131.0,1,0.0,0.25,0.33,none,0,0.0,0.0,1.0,0.18910741301059003,0.0,0.0,0.07142857142857142,0.023571428571428573
0.0,1026.0,1026.0,13.0,370.0,1,0.0,1.34,0.3,none,0,2052.0,2.165470662726889,1.0,1.6321559074299634,0.0,0.0,0.07142857142857142,0.02142857142857143
0.0,0.0,0.0,13.0,195.0,1,0.0,0.25,0.3,none,0,0.0,0.0,1.0,0.324254215304799,0.0,0.0,0.07142857142857142,0.02142857142857143
0.0,0.0,0.0,13.0,183.0,1,0.0,0.0,0.3,none,0,0.0,0.0,1.0,0.0,0.0,0.0,0.07142857142857142,0.02142857142857143
0.0,928.0,928.0,13.0,310.0,1,0.0,1.8,0.3,none,0,1856.0,2.4356955380577427,1.0,2.5899280575539567,0.0,0.0,0.07142857142857142,0.02142857142857143
0.0,928.0,928.0,13.0,296.0,1,0.0,3.29,0.3,none,0,1856.0,1.9586323343182777,1.0,3.2932932932932935,0.0,0.0,0.07142857142857142,0.02142857142857143
0.0,928.0,928.0,13.0,320.0,1,0.0,2.06,0.44,none,0,1856.0,1.9586323343182777,1.0,1.8693284936479129,0.0,0.0,0.07142857142857142,0.03142857142857143
0.0,0.0,0.0,13.0,294.0,1,0.0,1.76,0.44,none,0,0.0,0.0,1.0,1.4654454621149042,0.0,0.0,0.07142857142857142,0.03142857142857143
0.0,928.0,928.0,13.0,315.0,1,0.0,2.03,0.44,none,0,1856.0,1.9586323343182777,1.0,1.5884194053208136,0.0,0.0,0.07142857142857142,0.03142857142857143
0.0,928.0,928.0,13.0,213.0,1,0.0,0.78,0.44,none,0,1856.0,1.6378397458524532,1.0,0.5752212389380532,0.0,0.0,0.07142857142857142,0.03142857142857143
0.0,0.0,0.0,13.0,230.0,1,0.0,1.77,0.44,none,0,0.0,0.0,1.0,1.1737400530503979,0.0,0.0,0.07142857142857142,0.03142857142857143
0.0,1026.0,1026.0,13.0,275.0,1,0.0,2.55,0.4,none,0,2052.0,1.8108012707377337,1.0,1.5653775322283607,0.0,0.0,0.07142857142857142,0.028571428571428574
0.0,928.0,928.0,13.0,411.0,1,0.0,4.39,0.4,none,0,1856.0,1.4073400060661208,1.0,2.148800783162016,0.0,0.0,0.07142857142857142,0.028571428571428574
0.0,928.0,928.0,13.0,332.0,1,0.0,0.26,0.4,none,0,1856.0,1.2337144376495612,1.0,0.12566457225712904,0.0,0.0,0.07142857142857142,0.028571428571428574
0.0,0.0,0.0,13.0,152.0,1,0.0,0.75,0.4,none,0,0.0,0.0,1.0,0.38187372708757644,0.0,0.0,0.07142857142857142,0.028571428571428574
0.0,928.0,928.0,13.0,283.0,1,0.0,2.26,0.4,none,0,1856.0,1.4073400060661208,1.0,1.2144008597528209,0.0,0.0,0.07142857142857142,0.028571428571428574
0.0,970.0,970.0,13.0,214.0,1,0.0,1.03,0.37,none,0,1940.0,1.4617239300783604,1.0,0.5858930602957908,0.0,0.0,0.07142857142857142,0.02642857142857143
0.0,0.0,0.0,13.0,333.0,1,0.0,1.29,0.37,none,0,0.0,0.0,1.0,0.7539450613676214,0.0,0.0,0.07142857142857142,0.02642857142857143
0.0,928.0,928.0,13.0,406.0,1,0.0,3.78,0.37,none,0,1856.0,1.398432790837854,1.0,2.00424178154825,0.0,0.0,0.07142857142857142,0.02642857142857143
0.0,0.0,0.0,13.0,177.0,1,0.0,0.25,0.37,none,0,0.0,0.0,1.0,0.1363884342607747,0.0,0.0,0.07142857142857142,0.02642857142857143
0.0,928.0,928.0,13.0,249.0,1,0.0,4.01,0.37,none,0,1856.0,1.398432790837854,1.0,1.949440933398153,0.0,0.0,0.07142857142857142,0.02642857142857143
0.0,1026.0,1026.0,13.0,450.0,1,0.0,3.1,0.42,none,0,2052.0,1.546112115732369,1.0,1.4678030303030305,0.0,0.0,0.07142857142857142,0.03
0.0,928.0,928.0,13.0,606.0,1,0.0,4.79,0.42,none,0,1856.0,1.398432790837854,1.0,2.2258364312267656,0.0,0.0,0.07142857142857142,0.03
0.0,0.0,0.0,13.0,166.0,1,0.0,1.25,0.42,none,0,0.0,0.0,1.0,0.5553087516659263,0.0,0.0,0.07142857142857142,0.03
0.0,928.0,928.0,13.0,225.0,1,0.0,1.63,0.42,none,0,1856.0,1.398432790837854,1.0,0.6968790081231296,0.0,0.0,0.07142857142857142,0.03
0.0,928.0,928.0,13.0,344.0,1,0.0,1.07,0.47,none,0,1856.0,1.398432790837854,1.0,0.48198198198198205,0.0,0.0,0.07142857142857142,0.03357142857142857
0.0,1856.0,1856.0,13.0,352.0,1,0.0,2.65,0.47,none,0,3712.0,2.4674288752991225,1.0,1.1125104953820317,0.0,0.0,0.07142857142857142,0.03357142857142857
0.0,0.0,0.0,13.0,306.0,1,0.0,0.98,0.47,none,0,0.0,0.0,1.0,0.41684389621437684,0.0,0.0,0.07142857142857142,0.03357142857142857
0.0,0.0,0.0,9.0,220.0,0,0.0,0.19,0.18,none,0,0.0,0.0,0.7142857142857143,0.09538152610441768,0.0,0.0,0.0,0.018
0.0,0.0,0.0,9.0,339.0,0,0.0,0.48,0.18,none,0,0.0,0.0,0.7377049180327869,0.2382133995037221,0.0,0.0,0.0,0.018
0.0,98.0,98.0,9.0,269.0,0,0.0,1.9,0.18,none,0,196.0,0.17002081887578072,0.7627118644067796,1.0532150776053215,0.0,0.0,0.0,0.018
0.0,0.0,0.0,9.0,133.0,0,0.0,0.0,0.17,none,0,0.0,0.0,0.7894736842105263,0.0,0.0,0.0,0.0,0.017
0.0,0.0,0.0,9.0,136.0,0,0.0,0.24,0.17,none,0,0.0,0.0,0.8181818181818182,0.23099133782483158,0.0,0.0,0.0,0.017
0.0,0.0,0.0,9.0,163.0,0,0.0,0.0,0.17,none,0,0.0,0.0,0.8490566037735849,0.0,0.0,0.0,0.0,0.017
0.0,0.0,0.0,9.0,328.0,0,0.0,1.89,0.17,none,0,0.0,0.0,0.8823529411764707,2.0106382978723407,0.0,0.0,0.0,0.017
0.0,0.0,0.0,9.0,114.0,0,0.0,0.0,0.15,none,0,0.0,0.0,0.9183673469387754,0.0,0.0,0.0,0.0,0.015
0.0,0.0,0.0,9.0,136.0,0,0.0,0.24,0.15,none,0,0.0,0.0,0.9574468085106382,0.40540540540540543,0.0,0.0,0.0,0.015
0.0,0.0,0.0,9.0,141.0,0,0.0,0.0,0.15,none,0,0.0,0.0,1.0,0.0,0.0,0.0,0.0,0.015
0.0,0.0,0.0,9.0,303.0,0,0.0,0.22,0.15,none,0,0.0,0.0,1.0,0.4426559356136821,0.0,0.0,0.0,0.015
0.0,98.0,98.0,8.0,272.0,0,0.0,0.41,0.14,none,0,196.0,5.0,0.898876404494382,0.8367346938775511,0.0,0.0,0.0,0.015555555555555557
0.0,0.0,0.0,9.0,262.0,0,0.0,1.27,0.14,none,0,0.0,0.0,1.0112359550561798,2.974238875878221,0.0,0.0,0.0,0.014000000000000002
0.0,0.0,0.0,9.0,190.0,0,0.0,0.25,0.14,none,0,0.0,0.0,1.0112359550561798,0.5530973451327434,0.0,0.0,0.0,0.014000000000000002
0.0,0.0,0.0,9.0,218.0,0,0.0,0.22,0.14,none,0,0.0,0.0,1.0112359550561798,0.4888888888888889,0.0,0.0,0.0,0.014000000000000002
0.0,42.0,42.0,9.0,312.0,0,0.0,1.18,0.14,none,0,84.0,3.0,1.0112359550561798,2.0774647887323945,0.0,0.0,0.0,0.014000000000000002
0.0,0.0,0.0,9.0,139.0,0,0.0,0.22,0.13,none,0,0.0,0.0,1.0112359550561798,0.5486284289276808,0.0,0.0,0.0,0.013000000000000001
0.0,0.0,0.0,9.0,279.0,0,0.0,0.27,0.13,none,0,0.0,0.0,1.0112359550561798,0.6308411214953271,0.0,0.0,0.0,0.013000000000000001
0.0,0.0,0.0,9.0,255.0,0,0.0,0.51,0.13,none,0,0.0,0.0,1.0112359550561798,1.120879120879121,0.0,0.0,0.0,0.013000000000000001
0.0,98.0,98.0,9.0,377.0,0,0.0,2.18,0.12,none,0,196.0,4.117647058823529,1.0112359550561798,3.239227340267459,0.0,0.0,0.0,0.012
0.0,0.0,0.0,9.0,194.0,0,0.0,0.25,0.12,none,0,0.0,0.0,1.0112359550561798,0.36982248520710065,0.0,0.0,0.0,0.012
0.0,0.0,0.0,9.0,77.0,0,0.0,0.0,0.12,none,0,0.0,0.0,1.0,0.0,0.0,0.0,0.0,0.012
0.0,0.0,0.0,9.0,123.0,0,0.0,0.48,0.12,none,0,0.0,0.0,1.0,0.8633093525179855,0.0,0.0,0.0,0.012
0.0,0.0,0.0,9.0,265.0,0,0.0,1.28,0.12,none,0,0.0,0.0,1.0,1.9423368740515932,0.0,0.0,0.0,0.012
0.0,42.0,42.0,9.0,217.0,0,0.0,0.41,0.11,none,0,84.0,2.307692307692308,1.0,0.6047197640117993,0.0,0.0,0.0,0.011
0.0,0.0,0.0,9.0,219.0,0,0.0,0.18,0.11,none,0,0.0,0.0,1.0,0.3114186851211072,0.0,0.0,0.0,0.011
0.0,0.0,0.0,9.0,234.0,0,0.0,0.35,0.11,none,0,0.0,0.0,1.0,0.5922165820642978,0.0,0.0,0.0,0.011
0.0,0.0,0.0,9.0,255.0,0,0.0,0.22,0.11,none,0,0.0,0.0,1.0,0.37542662116040953,0.0,0.0,0.0,0.011
0.0,98.0,98.0,9.0,416.0,0,0.0,2.25,0.1,none,0,196.0,4.117647058823529,1.0,2.9605263157894735,0.0,0.0,0.0,0.01
0.0,0.0,0.0,9.0,158.0,0,0.0,0.24,0.1,none,0,0.0,0.0,1.0,0.4240282685512367,0.0,0.0,0.0,0.01
0.0,0.0,0.0,9.0,213.0,0,0.0,0.0,0.1,none,0,0.0,0.0,1.0,0.0,0.0,0.0,0.0,0.01
0.0,0.0,0.0,9.0,144.0,0,0.0,0.25,0.1,none,0,0.0,0.0,1.0,0.4416961130742049,0.0,0.0,0.0,0.01
0.0,0.0,0.0,9.0,360.0,0,0.0,1.04,0.09,none,0,0.0,0.0,1.0,1.672025723472669,0.0,0.0,0.0,0.009
0.0,0.0,0.0,9.0,161.0,0,0.0,0.22,0.09,none,0,0.0,0.0,1.0,0.4263565891472868,0.0,0.0,0.0,0.009
0.0,0.0,0.0,9.0,143.0,0,0.0,0.0,0.09,none,0,0.0,0.0,1.0,0.0,0.0,0.0,0.0,0.009
0.0,0.0,0.0,9.0,174.0,0,0.0,0.19,0.09,none,0,0.0,0.0,1.0,0.39915966386554624,0.0,0.0,0.0,0.009
0.0,0.0,0.0,9.0,331.0,0,0.0,0.76,0.25,none,0,0.0,0.0,1.0,1.4700193423597678,0.0,0.0,0.0,0.025
0.0,98.0,98.0,9.0,432.0,0,0.0,1.46,0.25,none,0,196.0,5.0,1.0,2.277691107644306,0.0,0.0,0.0,0.025
0.0,0.0,0.0,9.0,353.0,0,0.0,0.0,0.25,none,0,0.0,0.0,1.0,0.0,0.0,0.0,0.0,0.025
0.0,0.0,0.0,9.0,170.0,0,0.0,0.5,0.23,none,0,0.0,0.0,1.0,1.1312217194570136,0.0,0.0,0.0,0.023
0.0,42.0,42.0,9.0,269.0,0,0.0,1.27,0.23,none,0,84.0,3.0,1.0,2.2319859402460454,0.0,0.0,0.0,0.023
0.0,0.0,0.0,9.0,298.0,0,0.0,0.12,0.23,none,0,0.0,0.0,1.0,0.21582733812949637,0.0,0.0,0.0,0.023
0.0,0.0,0.0,9.0,444.0,0,0.0,0.39,0.21,none,0,0.0,0.0,1.0,0.7942973523421589,0.0,0.0,0.0,0.020999999999999998
0.0,98.0,98.0,9.0,343.0,0,0.0,1.83,0.21,none,0,196.0,4.117647058823529,1.0,2.806748466257669,0.0,0.0,0.0,0.020999999999999998
0.0,0.0,0.0,9.0,165.0,0,0.0,0.0,0.21,none,0,0.0,0.0,1.0,0.0,0.0,0.0,0.0,0.020999999999999998
0.0,0.0,0.0,9.0,142.0,0,0.0,0.25,0.21,none,0,0.0,0.0,1.0,0.37993920972644374,0.0,0.0,0.0,0.020999999999999998
0.0,0.0,0.0,9.0,251.0,0,0.0,0.49,0.19,none,0,0.0,0.0,1.0,0.7765451664025357,0.0,0.0,0.0,0.019
0.0,0.0,0.0,9.0,379.0,0,0.0,2.51,0.19,none,0,0.0,0.0,1.0,3.4103260869565215,0.0,0.0,0.0,0.019
0.0,0.0,0.0,9.0,230.0,0,0.0,0.24,0.19,none,0,0.0,0.0,1.0,0.3157894736842105,0.0,0.0,0.0,0.019
0.0,0.0,0.0,9.0,104.0,0,0.0,0.0,0.19,none,0,0.0,0.0,1.0,0.0,0.0,0.0,0.0,0.019
0.0,0.0,0.0,9.0,206.0,0,0.0,0.25,0.19,none,0,0.0,0.0,1.0,0.4111842105263158,0.0,0.0,0.0,0.019
0.0,0.0,0.0,9.0,117.0,0,0.0,0.0,0.17,none,0,0.0,0.0,1.0,0.0,0.0,0.0,0.0,0.017
0.0,98.0,98.0,9.0,453.0,0,0.0,0.8,0.17,none,0,196.0,5.0,1.0,1.2558869701726845,0.0,0.0,0.0,0.017
0.0,0.0,0.0,9.0,180.0,0,0.0,0.22,0.17,none,0,0.0,0.0,1.0,0.46218487394957986,0.0,0.0,0.0,0.017
0.0,0.0,0.0,9.0,251.0,0,0.0,0.0,0.17,none,0,0.0,0.0,1.0,0.0,0.0,0.0,0.0,0.017
0.0,0.0,0.0,9.0,465.0,0,0.0,0.61,0.16,none,0,0.0,0.0,1.0,1.19140625,0.0,0.0,0.0,0.016
0.0,0.0,0.0,9.0,139.0,0,0.0,0.22,0.16,none,0,0.0,0.0,1.0,0.4536082474226804,0.0,0.0,0.0,0.016
0.0,0.0,0.0,9.0,196.0,0,0.0,0.0,0.16,none,0,0.0,0.0,1.0,0.0,0.0,0.0,0.0,0.016
0.0,0.0,0.0,9.0,177.0,0,0.0,0.42,0.15,none,0,0.0,0.0,1.0,1.666666666666667,0.0,0.0,0.0,0.015
0.0,98.0,98.0,9.0,418.0,0,0.0,2.65,0.15,none,0,196.0,5.0,1.0,5.1257253384912955,0.0,0.0,0.0,0.015
0.0,0.0,0.0,9.0,387.0,0,0.0,1.77,0.15,none,0,0.0,0.0,1.0,2.645739910313902,0.0,0.0,0.0,0.015
0.0,0.0,0.0,9.0,144.0,0,0.0,0.0,0.15,none,0,0.0,0.0,1.0,0.0,0.0,0.0,0.0,0.015
0.0,0.0,0.0,9.0,251.0,0,0.0,0.24,0.14,none,0,0.0,0.0,1.0,0.3915171288743882,0.0,0.0,0.0,0.014000000000000002
0.0,0.0,0.0,9.0,130.0,0,0.0,0.25,0.14,none,0,0.0,0.0,1.0,0.40584415584415584,0.0,0.0,0.0,0.014000000000000002
0.0,84.0,84.0,9.0,149.0,0,0.0,0.0,0.14,none,0,168.0,4.615384615384616,1.0,0.0,0.0,0.0,0.0,0.014000000000000002
0.0,0.0,0.0,9.0,322.0,0,0.0,1.79,0.14,none,0,0.0,0.0,1.0,2.438692098092643,0.0,0.0,0.0,0.014000000000000002
0.0,0.0,0.0,9.0,158.0,0,0.0,0.17,0.14,none,0,0.0,0.0,1.0,0.23319615912208508,0.0,0.0,0.0,0.014000000000000002
0.0,0.0,0.0,9.0,169.0,0,0.0,0.0,0.12,none,0,0.0,0.0,1.0,0.0,0.0,0.0,0.0,0.012
0.0,98.0,98.0,9.0,291.0,0,0.0,0.78,0.12,none,0,196.0,3.5,1.0,1.0196078431372548,0.0,0.0,0.0,0.012
0.0,0.0,0.0,9.0,236.0,0,0.0,0.7,0.12,none,0,0.0,0.0,1.0,1.2280701754385963,0.0,0.0,0.0,0.012
0.0,0.0,0.0,9.0,196.0,0,0.0,0.25,0.12,none,0,0.0,0.0,1.0,0.5980861244019139,0.0,0.0,0.0,0.012
0.0,0.0,0.0,9.0,199.0,0,0.0,0.25,0.11,none,0,0.0,0.0,1.0,0.5643340857787811,0.0,0.0,0.0,0.011
0.0,0.0,0.0,9.0,131.0,0,0.0,0.5,0.11,none,0,0.0,0.0,1.0,1.0660980810234542,0.0,0.0,0.0,0.011
0.0,0.0,0.0,9.0,160.0,0,0.0,0.0,0.11,none,0,0.0,0.0,1.0,0.0,0.0,0.0,0.0,0.011
0.0,0.0,0.0,9.0,345.0,0,0.0,0.78,0.11,none,0,0.0,0.0,1.0,1.4942528735632183,0.0,0.0,0.0,0.011
0.0,0.0,0.0,9.0,154.0,0,0.0,0.0,0.11,none,0,0.0,0.0,1.0,0.0,0.0,0.0,0.0,0.011
0.0,0.0,0.0,9.0,181.0,0,0.0,0.25,0.1,none,0,0.0,0.0,1.0,0.7122507122507123,0.0,0.0,0.0,0.01
0.0,0.0,0.0,9.0,86.0,0,0.0,0.0,0.1,none,0,0.0,0.0,1.0,0.0,0.0,0.0,0.0,0.01
0.0,98.0,98.0,9.0,275.0,0,0.0,0.26,0.1,none,0,196.0,10.0,1.0,0.8695652173913042,0.0,0.0,0.0,0.01
0.0,0.0,0.0,9.0,104.0,0,0.0,0.0,0.1,none,0,0.0,0.0,1.0,0.0,0.0,0.0,0.0,0.01
0.0,0.0,0.0,9.0,325.0,0,0.0,1.03,0.1,none,0,0.0,0.0,1.0,3.3550488599348536,0.0,0.0,0.0,0.01
0.0,0.0,0.0,9.0,155.0,0,0.0,0.25,0.1,none,0,0.0,0.0,1.0,0.8143322475570033,0.0,0.0,0.0,0.01
0.0,0.0,0.0,9.0,105.0,0,0.0,0.25,0.1,none,0,0.0,0.0,1.0,0.8865248226950355,0.0,0.0,0.0,0.01
0.0,0.0,0.0,9.0,111.0,0,0.0,0.0,0.1,none,0,0.0,0.0,1.0,0.0,0.0,0.0,0.0,0.01
0.0,0.0,0.0,9.0,151.0,0,0.0,0.25,0.1,none,0,0.0,0.0,1.0,1.0917030567685588,0.0,0.0,0.0,0.01
0.0,0.0,0.0,9.0,245.0,0,0.0,1.52,0.1,none,0,0.0,0.0,1.0,3.989501312335958,0.0,0.0,0.0,0.01
0.0,0.0,0.0,9.0,171.0,0,0.0,0.25,0.09,none,0,0.0,0.0,1.0,0.6561679790026247,0.0,0.0,0.0,0.009
0.0,0.0,0.0,9.0,322.0,0,0.0,0.78,0.09,none,0,0.0,0.0,1.0,1.6993464052287583,0.0,0.0,0.0,0.009
0.0,98.0,98.0,9.0,279.0,0,0.0,1.52,0.09,none,0,196.0,10.0,1.0,2.598290598290598,0.0,0.0,0.0,0.009
0.0,0.0,0.0,9.0,155.0,0,0.0,0.0,0.09,none,0,0.0,0.0,1.0,0.0,0.0,0.0,0.0,0.009
0.0,0.0,0.0,9.0,110.0,0,0.0,0.0,0.09,none,0,0.0,0.0,1.0,0.0,0.0,0.0,0.0,0.009
0.0,0.0,0.0,9.0,285.0,0,0.0,1.8,0.08,none,0,0.0,0.0,1.0,2.82574568288854,0.0,0.0,0.0,0.008
0.0,0.0,0.0,9.0,189.0,0,0.0,0.0,0.08,none,0,0.0,0.0,1.0,0.0,0.0,0.0,0.0,0.008
0.0,42.0,42.0,9.0,133.0,0,0.0,0.0,0.08,none,0,84.0,3.0,1.0,0.0,0.0,0.0,0.0,0.008
0.0,0.0,0.0,9.0,164.0,0,0.0,0.0,0.08,none,0,0.0,0.0,1.0,0.0,0.0,0.0,0.0,0.008
0.0,0.0,0.0,9.0,2604.0,0,0.0,1.98,0.07,none,0,0.0,0.0,1.0,3.1279620853080567,0.0,0.0,0.0,0.007000000000000001
0.0,0.0,0.0,9.0,295.0,0,0.0,0.25,0.07,none,0,0.0,0.0,1.0,0.3949447077409163,0.0,0.0,0.0,0.007000000000000001
0.0,0.0,0.0,9.0,102.0,0,0.0,0.0,0.07,none,0,0.0,0.0,1.0,0.0,0.0,0.0,0.0,0.007000000000000001
0.0,98.0,98.0,9.0,213.0,0,0.0,0.25,0.07,none,0,196.0,7.0,1.0,0.5841121495327104,0.0,0.0,0.0,0.007000000000000001
0.0,0.0,0.0,9.0,153.0,0,0.0,0.0,0.07,none,0,0.0,0.0,1.0,0.0,0.0,0.0,0.0,0.007000000000000001
0.0,0.0,0.0,9.0,773.0,0,0.0,0.78,0.07,none,0,0.0,0.0,1.0,1.541501976284585,0.0,0.0,0.0,0.007000000000000001
0.0,0.0,0.0,9.0,705.0,0,0.0,2.31,0.07,none,0,0.0,0.0,1.0,4.14721723518851,0.0,0.0,0.0,0.007000000000000001
0.0,0.0,0.0,9.0,542.0,0,0.0,0.26,0.07,none,0,0.0,0.0,1.0,0.4459691252144083,0.0,0.0,0.0,0.007000000000000001
0.0,0.0,0.0,9.0,145.0,0,0.0,0.0,0.07,none,0,0.0,0.0,1.0,0.0,0.0,0.0,0.0,0.007000000000000001
0.0,0.0,0.0,9.0,325.0,0,0.0,0.25,0.07,none,0,0.0,0.0,1.0,0.4111842105263158,0.0,0.0,0.0,0.007000000000000001
0.0,0.0,0.0,9.0,277.0,0,0.0,0.25,0.06,none,0,0.0,0.0,1.0,0.574712643678161,0.0,0.0,0.0,0.006
0.0,0.0,0.0,9.0,736.0,0,0.0,1.81,0.06,none,0,0.0,0.0,1.0,3.0626057529610833,0.0,0.0,0.0,0.006
0.0,0.0,0.0,9.0,424.0,0,0.0,0.25,0.06,none,0,0.0,0.0,1.0,0.40584415584415584,0.0,0.0,0.0,0.006
0.0,98.0,98.0,9.0,1028.0,0,0.0,2.34,0.06,none,0,196.0,10.0,1.0,2.8363636363636364,0.0,0.0,0.0,0.006
0.0,0.0,0.0,9.0,684.0,0,0.0,0.25,0.06,none,0,0.0,0.0,1.0,0.29411764705882354,0.0,0.0,0.0,0.006
0.0,0.0,0.0,9.0,7471.0,0,0.0,20.43,0.22,none,0,0.0,0.0,1.0,7.2575488454706925,0.0,0.0,0.0,0.022
0.0,0.0,0.0,9.0,7078.0,0,0.0,25.98,0.22,none,0,0.0,0.0,1.0,5.013508297954458,0.0,0.0,0.0,0.022
0.0,0.0,0.0,9.0,2457.0,0,0.0,4.43,0.22,none,0,0.0,0.0,1.0,0.791212716556528,0.0,0.0,0.0,0.022
0.0,42.0,42.0,9.0,237.0,0,0.0,0.44,0.22,none,0,84.0,3.0,1.0,0.07797270955165693,0.0,0.0,0.0,0.022
0.0,0.0,0.0,9.0,527.0,0,0.0,0.54,0.2,none,0,0.0,0.0,1.0,0.09520451339915374,0.0,0.0,0.0,0.02
0.0,0.0,0.0,8.0,267.0,0,0.0,0.25,0.2,none,0,0.0,0.0,0.898876404494382,0.044076163610719324,0.0,0.0,0.0,0.022222222222222223
0.0,0.0,0.0,9.0,472.0,0,0.0,1.78,0.2,none,0,0.0,0.0,1.0112359550561798,0.3139883577350503,0.0,0.0,0.0,0.02
0.0,98.0,98.0,9.0,310.0,0,0.0,0.33,0.2,none,0,196.0,4.117647058823529,1.0112359550561798,0.05812929364100758,0.0,0.0,0.0,0.02
0.0,0.0,0.0,9.0,333.0,0,0.0,0.25,0.2,none,0,0.0,0.0,1.0112359550561798,0.0457205559619605,0.0,0.0,0.0,0.02
0.0,0.0,0.0,9.0,551.0,0,0.0,0.48,0.18,none,0,0.0,0.0,1.0112359550561798,0.0874157712620652,0.0,0.0,0.0,0.018
0.0,0.0,0.0,9.0,497.0,0,0.0,1.56,0.18,none,0,0.0,0.0,1.0112359550561798,0.4328523862375139,0.0,0.0,0.0,0.018
0.0,0.0,0.0,9.0,175.0,0,0.0,0.25,0.18,none,0,0.0,0.0,1.0112359550561798,0.2424830261881668,0.0,0.0,0.0,0.018
0.0,42.0,42.0,9.0,279.0,0,0.0,0.24,0.18,none,0,84.0,2.307692307692308,1.0112359550561798,0.39215686274509803,0.0,0.0,0.0,0.018
0.0,0.0,0.0,9.0,256.0,0,0.0,0.0,0.17,none,0,0.0,0.0,1.0112359550561798,0.0,0.0,0.0,0.0,0.017
0.0,0.0,0.0,9.0,229.0,0,0.0,0.24,0.17,none,0,0.0,0.0,1.0112359550561798,0.4460966542750929,0.0,0.0,0.0,0.017
0.0,0.0,0.0,9.0,406.0,0,0.0,1.8,0.17,none,0,0.0,0.0,1.0,2.5974025974025974,0.0,0.0,0.0,0.017
0.0,0.0,0.0,9.0,223.0,0,0.0,0.19,0.17,none,0,0.0,0.0,1.0,0.35580524344569286,0.0,0.0,0.0,0.017
0.0,98.0,98.0,9.0,331.0,0,0.0,0.68,0.15,none,0,196.0,7.0,1.0,1.195079086115993,0.0,0.0,0.0,0.015
0.0,0.0,0.0,9.0,168.0,0,0.0,0.25,0.15,none,0,0.0,0.0,1.0,0.4393673110720562,0.0,0.0,0.0,0.015
0.0,0.0,0.0,9.0,382.0,0,0.0,2.04,0.15,none,0,0.0,0.0,1.0,2.813793103448276,0.0,0.0,0.0,0.015
0.0,0.0,0.0,9.0,158.0,0,0.0,0.0,0.15,none,0,0.0,0.0,1.0,0.0,0.0,0.0,0.0,0.015
0.0,0.0,0.0,9.0,213.0,0,0.0,0.25,0.15,none,0,0.0,0.0,1.0,0.4393673110720562,0.0,0.0,0.0,0.015
0.0,0.0,0.0,9.0,305.0,0,0.0,0.24,0.14,none,0,0.0,0.0,1.0,0.42179261862917394,0.0,0.0,0.0,0.014000000000000002
0.0,0.0,0.0,9.0,148.0,0,0.0,0.0,0.14,none,0,0.0,0.0,1.0,0.0,0.0,0.0,0.0,0.014000000000000002
0.0,0.0,0.0,9.0,316.0,0,0.0,1.34,0.14,none,0,0.0,0.0,1.0,1.9734904270986744,0.0,0.0,0.0,0.014000000000000002
0.0,0.0,0.0,9.0,93.0,0,0.0,0.0,0.14,none,0,0.0,0.0,1.0,0.0,0.0,0.0,0.0,0.014000000000000002
0.0,98.0,98.0,9.0,342.0,0,0.0,0.74,0.29,none,0,196.0,5.0,1.0,1.335740072202166,0.0,0.0,0.0,0.028999999999999998
0.0,0.0,0.0,9.0,186.0,0,0.0,0.18,0.29,none,0,0.0,0.0,1.0,0.35714285714285715,0.0,0.0,0.0,0.028999999999999998
0.0,0.0,0.0,9.0,355.0,0,0.0,2.56,0.29,none,0,0.0,0.0,1.0,3.482993197278912,0.0,0.0,0.0,0.028999999999999998
0.0,0.0,0.0,9.0,115.0,0,0.0,0.0,0.29,none,0,0.0,0.0,1.0,0.0,0.0,0.0,0.0,0.028999999999999998
0.0,0.0,0.0,9.0,286.0,0,0.0,0.23,0.27,none,0,0.0,0.0,1.0,0.41516245487364617,0.0,0.0,0.0,0.027000000000000003
0.0,0.0,0.0,8.0,234.0,0,0.0,0.0,0.27,none,0,0.0,0.0,0.898876404494382,0.0,0.0,0.0,0.0,0.030000000000000002
0.0,0.0,0.0,9.0,442.0,0,0.0,2.55,0.27,none,0,0.0,0.0,1.0112359550561798,3.3552631578947367,0.0,0.0,0.0,0.027000000000000003
0.0,0.0,0.0,9.0,318.0,0,0.0,0.17,0.33,none,0,0.0,0.0,1.0112359550561798,0.21879021879021884,0.0,0.0,0.0,0.033
0.0,98.0,98.0,9.0,411.0,0,0.0,0.29,0.33,none,0,196.0,5.0,1.0112359550561798,0.43154761904761907,0.0,0.0,0.0,0.033
0.0,0.0,0.0,9.0,183.0,0,0.0,0.0,0.33,none,0,0.0,0.0,1.0112359550561798,0.0,0.0,0.0,0.0,0.033
0.0,0.0,0.0,9.0,197.0,0,0.0,0.25,0.3,none,0,0.0,0.0,1.0112359550561798,0.4012841091492777,0.0,0.0,0.0,0.03
0.0,0.0,0.0,9.0,93.0,0,0.0,0.0,0.3,none,0,0.0,0.0,1.0112359550561798,0.0,0.0,0.0,0.0,0.03
0.0,42.0,42.0,9.0,113.0,0,0.0,0.0,0.3,none,0,84.0,3.0,1.0112359550561798,0.0,0.0,0.0,0.0,0.03
0.0,0.0,0.0,9.0,281.0,0,0.0,1.54,0.3,none,0,0.0,0.0,1.0112359550561798,3.0616302186878737,0.0,0.0,0.0,0.03
0.0,0.0,0.0,9.0,85.0,0,0.0,0.0,0.3,none,0,0.0,0.0,1.0112359550561798,0.0,0.0,0.0,0.0,0.03
0.0,0.0,0.0,9.0,246.0,0,0.0,0.25,0.28,none,0,0.0,0.0,1.0,0.49504950495049516,0.0,0.0,0.0,0.028000000000000004
0.0,98.0,98.0,9.0,262.0,0,0.0,1.02,0.28,none,0,196.0,4.117647058823529,1.0,2.897727272727273,0.0,0.0,0.0,0.028000000000000004
0.0,0.0,0.0,9.0,106.0,0,0.0,0.24,0.28,none,0,0.0,0.0,1.0,0.6685236768802229,0.0,0.0,0.0,0.028000000000000004
0.0,0.0,0.0,9.0,54.0,0,0.0,0.24,0.28,none,0,0.0,0.0,1.0,0.6779661016949152,0.0,0.0,0.0,0.028000000000000004
0.0,0.0,0.0,9.0,113.0,0,0.0,0.0,0.28,none,0,0.0,0.0,1.0,0.0,0.0,0.0,0.0,0.028000000000000004
0.0,0.0,0.0,9.0,112.0,0,0.0,0.0,0.25,none,0,0.0,0.0,1.0,0.0,0.0,0.0,0.0,0.025
0.0,0.0,0.0,9.0,253.0,0,0.0,2.26,0.25,none,0,0.0,0.0,1.0,4.072072072072072,0.0,0.0,0.0,0.025
0.0,42.0,42.0,9.0,137.0,0,0.0,0.25,0.25,none,0,84.0,3.0,1.0,0.4310344827586207,0.0,0.0,0.0,0.025
0.0,0.0,0.0,9.0,71.0,0,0.0,0.0,0.25,none,0,0.0,0.0,1.0,0.0,0.0,0.0,0.0,0.025
0.0,0.0,0.0,9.0,97.0,0,0.0,0.25,0.25,none,0,0.0,0.0,1.0,0.5543237250554325,0.0,0.0,0.0,0.025
0.0,0.0,0.0,9.0,216.0,0,0.0,0.48,0.23,none,0,0.0,0.0,1.0,1.0126582278481011,0.0,0.0,0.0,0.023
0.0,0.0,0.0,9.0,73.0,0,0.0,0.0,0.23,none,0,0.0,0.0,1.0,0.0,0.0,0.0,0.0,0.023
0.0,0.0,0.0,9.0,101.0,0,0.0,0.25,0.23,none,0,0.0,0.0,1.0,0.6702412868632709,0.0,0.0,0.0,0.023
0.0,98.0,98.0,9.0,351.0,0,0.0,3.33,0.23,none,0,196.0,7.0,1.0,4.882697947214076,0.0,0.0,0.0,0.023
0.0,0.0,0.0,9.0,102.0,0,0.0,0.24,0.23,none,0,0.0,0.0,1.0,0.33994334277620397,0.0,0.0,0.0,0.023
0.0,0.0,0.0,9.0,187.0,0,0.0,0.0,0.21,none,0,0.0,0.0,1.0,0.0,0.0,0.0,0.0,0.020999999999999998
0.0,0.0,0.0,9.0,104.0,0,0.0,0.0,0.21,none,0,0.0,0.0,1.0,0.0,0.0,0.0,0.0,0.020999999999999998
0.0,0.0,0.0,8.0,228.0,0,0.0,2.47,0.21,none,0,0.0,0.0,0.898876404494382,3.5185185185185186,0.0,0.0,0.0,0.02333333333333333
0.0,0.0,0.0,9.0,297.0,0,0.0,2.0,0.21,none,0,0.0,0.0,1.0112359550561798,2.21729490022173,0.0,0.0,0.0,0.020999999999999998
0.0,0.0,0.0,9.0,95.0,0,0.0,0.0,0.21,none,0,0.0,0.0,1.0112359550561798,0.0,0.0,0.0,0.0,0.020999999999999998
0.0,0.0,0.0,9.0,264.0,0,0.0,0.25,0.36,none,0,0.0,0.0,1.0112359550561798,0.29274004683840754,0.0,0.0,0.0,0.036
0.0,0.0,0.0,9.0,132.0,0,0.0,0.25,0.36,none,0,0.0,0.0,1.0112359550561798,0.28441410693970426,0.0,0.0,0.0,0.036
0.0,0.0,0.0,9.0,109.0,0,0.0,0.25,0.36,none,0,0.0,0.0,1.0112359550561798,0.28441410693970426,0.0,0.0,0.0,0.036
0.0,98.0,98.0,9.0,351.0,0,0.0,4.31,0.36,none,0,196.0,10.0,1.0112359550561798,4.411463664278403,0.0,0.0,0.0,0.036
0.0,0.0,0.0,9.0,148.0,0,0.0,0.0,0.33,none,0,0.0,0.0,1.0112359550561798,0.0,0.0,0.0,0.0,0.033
0.0,0.0,0.0,9.0,113.0,0,0.0,0.49,0.33,none,0,0.0,0.0,1.0112359550561798,0.48902195608782434,0.0,0.0,0.0,0.033
0.0,0.0,0.0,9.0,98.0,0,0.0,0.0,0.33,none,0,0.0,0.0,1.0112359550561798,0.0,0.0,0.0,0.0,0.033
0.0,0.0,0.0,9.0,82.0,0,0.0,0.0,0.33,none,0,0.0,0.0,1.0,0.0,0.0,0.0,0.0,0.033
0.0,42.0,42.0,9.0,222.0,0,0.0,1.26,0.33,none,0,84.0,3.0,1.0,1.8502202643171808,0.0,0.0,0.0,0.033
0.0,0.0,0.0,9.0,177.0,0,0.0,0.25,0.3,none,0,0.0,0.0,1.0,0.3541076487252125,0.0,0.0,0.0,0.03
0.0,0.0,0.0,9.0,135.0,0,0.0,0.25,0.3,none,0,0.0,0.0,1.0,0.3541076487252125,0.0,0.0,0.0,0.03
0.0,0.0,0.0,9.0,139.0,0,0.0,0.25,0.3,none,0,0.0,0.0,1.0,0.3541076487252125,0.0,0.0,0.0,0.03
0.0,0.0,0.0,9.0,100.0,0,0.0,0.0,0.3,none,0,0.0,0.0,1.0,0.0,0.0,0.0,0.0,0.03
0.0,98.0,98.0,9.0,278.0,0,0.0,0.26,0.3,none,0,196.0,7.0,1.0,0.9420289855072466,0.0,0.0,0.0,0.03
0.0,0.0,0.0,9.0,259.0,0,0.0,0.47,0.28,none,0,0.0,0.0,1.0,1.4551083591331269,0.0,0.0,0.0,0.028000000000000004
0.0,0.0,0.0,9.0,190.0,0,0.0,0.0,0.28,none,0,0.0,0.0,1.0,0.0,0.0,0.0,0.0,0.028000000000000004
0.0,0.0,0.0,9.0,134.0,0,0.0,0.25,0.28,none,0,0.0,0.0,1.0,0.8361204013377925,0.0,0.0,0.0,0.028000000000000004
0.0,0.0,0.0,9.0,156.0,0,0.0,0.0,0.28,none,0,0.0,0.0,1.0,0.0,0.0,0.0,0.0,0.028000000000000004
0.0,0.0,0.0,9.0,247.0,0,0.0,0.25,0.25,none,0,0.0,0.0,1.0,1.2626262626262625,0.0,0.0,0.0,0.025
0.0,0.0,0.0,9.0,506.0,0,0.0,0.95,0.25,none,0,0.0,0.0,1.0,3.5447761194029854,0.0,0.0,0.0,0.025
0.0,0.0,0.0,9.0,213.0,0,0.0,0.28,0.25,none,0,0.0,0.0,1.0,1.033210332103321,0.0,0.0,0.0,0.025
0.0,0.0,0.0,9.0,101.0,0,0.0,0.0,0.25,none,0,0.0,0.0,1.0,0.0,0.0,0.0,0.0,0.025
0.0,98.0,98.0,9.0,534.0,0,0.0,2.6,0.31,none,0,196.0,5.0,1.0,5.138339920948617,0.0,0.0,0.0,0.031
0.0,0.0,0.0,8.0,103.0,0,0.0,0.18,0.31,none,0,0.0,0.0,0.898876404494382,0.36144578313253006,0.0,0.0,0.0,0.034444444444444444
0.0,0.0,0.0,9.0,256.0,0,0.0,0.77,0.31,none,0,0.0,0.0,1.0112359550561798,1.4583333333333337,0.0,0.0,0.0,0.031
0.0,0.0,0.0,9.0,253.0,0,0.0,0.87,0.29,none,0,0.0,0.0,1.0112359550561798,1.4146341463414633,0.0,0.0,0.0,0.028999999999999998
0.0,0.0,0.0,9.0,311.0,0,0.0,0.48,0.29,none,0,0.0,0.0,1.0112359550561798,0.7523510971786832,0.0,0.0,0.0,0.028999999999999998
0.0,0.0,0.0,9.0,93.0,0,0.0,0.0,0.29,none,0,0.0,0.0,1.0112359550561798,0.0,0.0,0.0,0.0,0.028999999999999998
0.0,0.0,0.0,9.0,211.0,0,0.0,0.18,0.29,none,0,0.0,0.0,1.0112359550561798,0.28526148969889065,0.0,0.0,0.0,0.028999999999999998
0.0,0.0,0.0,8.0,177.0,0,0.0,0.25,0.27,none,0,0.0,0.0,0.9090909090909091,0.445632798573975,0.0,0.0,0.0,0.030000000000000002
0.0,98.0,98.0,9.0,527.0,0,0.0,2.4,0.27,none,0,196.0,5.0,1.0227272727272727,3.1047865459249673,0.0,0.0,0.0,0.027000000000000003
0.0,0.0,0.0,9.0,160.0,0,0.0,0.0,0.27,none,0,0.0,0.0,1.0227272727272727,0.0,0.0,0.0,0.0,0.027000000000000003
0.0,0.0,0.0,9.0,116.0,0,0.0,0.22,0.27,none,0,0.0,0.0,1.0227272727272727,0.411214953271028,0.0,0.0,0.0,0.027000000000000003
0.0,84.0,84.0,9.0,286.0,0,0.0,0.0,0.24,none,0,168.0,4.615384615384616,1.0112359550561798,0.0,0.0,0.0,0.0,0.024
0.0,928.0,928.0,13.0,281.0,1,0.0,3.74,0.19,none,0,1856.0,8.36036036036036,1.3978494623655913,4.594594594594595,0.0,0.0,0.07142857142857142,0.013571428571428571
0.0,928.0,928.0,13.0,322.0,1,0.0,0.78,0.19,none,0,1856.0,4.553483807654563,1.3402061855670104,0.9689440993788819,0.0,0.0,0.07142857142857142,0.013571428571428571
0.0,928.0,928.0,13.0,537.0,1,0.0,5.97,0.19,none,0,1856.0,3.128792987188132,1.2871287128712872,4.409158050221566,0.0,0.0,0.07142857142857142,0.013571428571428571
0.0,928.0,928.0,13.0,339.0,1,0.0,3.57,0.18,none,0,1856.0,2.383153569594248,1.2380952380952381,2.086499123319696,0.0,0.0,0.07142857142857142,0.012857142857142857
0.0,0.0,0.0,13.0,300.0,1,0.0,1.67,0.18,none,0,0.0,0.0,1.1926605504587156,0.8978494623655913,0.0,0.0,0.07142857142857142,0.012857142857142857
0.0,1026.0,1026.0,13.0,498.0,1,0.0,4.6,0.18,none,0,2052.0,2.0853658536585367,1.1403508771929824,2.0043572984749454,0.0,0.0,0.07142857142857142,0.012857142857142857
0.0,928.0,928.0,13.0,250.0,1,0.0,0.26,0.18,none,0,1856.0,1.613913043478261,1.1016949152542372,0.12493993272465159,0.0,0.0,0.07142857142857142,0.012857142857142857
0.0,928.0,928.0,13.0,492.0,1,0.0,1.6,0.18,none,0,1856.0,1.3896376160527104,1.0655737704918034,0.71396697902722,0.0,0.0,0.07142857142857142,0.012857142857142857
0.0,928.0,928.0,13.0,398.0,1,0.0,1.79,0.16,none,0,1856.0,1.2200894031028136,1.0317460317460319,0.7464553794829025,0.0,0.0,0.07142857142857142,0.011428571428571429
0.0,928.0,928.0,13.0,281.0,1,0.0,2.31,0.16,none,0,1856.0,1.0982248520710058,1.0,0.8786610878661089,0.0,0.0,0.07142857142857142,0.011428571428571429
0.0,42.0,42.0,13.0,149.0,1,0.0,0.5,0.16,none,0,84.0,0.05552617662612375,1.0,0.21691973969631234,0.0,0.0,0.07142857142857142,0.011428571428571429
0.0,928.0,928.0,13.0,297.0,1,0.0,1.04,0.16,none,0,1856.0,1.2268640930724484,1.0,0.4461604461604462,0.0,0.0,0.07142857142857142,0.011428571428571429
0.0,928.0,928.0,13.0,442.0,1,0.0,3.39,0.16,none,0,1856.0,1.2268640930724484,1.0,1.6353111432706224,0.0,0.0,0.07142857142857142,0.011428571428571429
0.0,928.0,928.0,13.0,281.0,1,0.0,0.78,0.15,none,0,1856.0,1.2268640930724484,1.0,0.43478260869565216,0.0,0.0,0.07142857142857142,0.010714285714285714
0.0,0.0,0.0,13.0,93.0,1,0.0,0.0,0.15,none,0,0.0,0.0,1.0,0.0,0.0,0.0,0.07142857142857142,0.010714285714285714
0.0,1026.0,1026.0,13.0,387.0,1,0.0,2.37,0.15,none,0,2052.0,1.3564251718667373,1.0,1.6880341880341883,0.0,0.0,0.07142857142857142,0.010714285714285714
0.0,928.0,928.0,13.0,299.0,1,0.0,2.05,0.15,none,0,1856.0,1.2268640930724484,1.0,1.2950094756790902,0.0,0.0,0.07142857142857142,0.010714285714285714
0.0,928.0,928.0,13.0,387.0,1,0.0,3.62,0.15,none,0,1856.0,1.2268640930724484,1.0,2.0280112044817926,0.0,0.0,0.07142857142857142,0.010714285714285714
0.0,928.0,928.0,13.0,393.0,1,0.0,2.06,0.14,none,0,1856.0,1.2268640930724484,1.0,1.1368653421633554,0.0,0.0,0.07142857142857142,0.01
0.0,0.0,0.0,13.0,190.0,1,0.0,0.25,0.14,none,0,0.0,0.0,1.0,0.15566625155666253,0.0,0.0,0.07142857142857142,0.01
0.0,928.0,928.0,13.0,271.0,1,0.0,1.28,0.14,none,0,1856.0,1.2337144376495612,1.0,0.7600950118764846,0.0,0.0,0.07142857142857142,0.01
0.0,928.0,928.0,13.0,394.0,1,0.0,2.8,0.14,none,0,1856.0,1.2337144376495612,1.0,1.5053763440860213,0.0,0.0,0.07142857142857142,0.01
0.0,928.0,928.0,13.0,403.0,1,0.0,2.09,0.13,none,0,1856.0,1.2337144376495612,1.0,1.208092485549133,0.0,0.0,0.07142857142857142,0.009285714285714286
0.0,0.0,0.0,13.0,238.0,1,0.0,0.25,0.13,none,0,0.0,0.0,1.0,0.14907573047107933,0.0,0.0,0.07142857142857142,0.009285714285714286
0.0,1954.0,1954.0,12.0,432.0,1,0.0,1.53,0.13,none,0,3908.0,2.28591483387927,0.9302325581395349,0.836065573770492,0.0,0.0,0.07692307692307693,0.01
0.0,0.0,0.0,13.0,183.0,1,0.0,1.26,0.13,none,0,0.0,0.0,1.0077519379844961,0.7329842931937173,0.0,0.0,0.07142857142857142,0.009285714285714286
0.0,928.0,928.0,13.0,301.0,1,0.0,1.97,0.13,none,0,1856.0,1.2337144376495612,1.0077519379844961,1.1513734658094683,0.0,0.0,0.07142857142857142,0.009285714285714286
0.0,928.0,928.0,13.0,499.0,1,0.0,2.48,0.12,none,0,1856.0,1.2337144376495612,1.0077519379844961,1.5529117094552285,0.0,0.0,0.07142857142857142,0.008571428571428572
0.0,928.0,928.0,13.0,373.0,1,0.0,3.45,0.12,none,0,1856.0,1.2337144376495612,1.0077519379844961,1.9873271889400923,0.0,0.0,0.07142857142857142,0.008571428571428572
0.0,928.0,928.0,13.0,527.0,1,0.0,3.09,0.12,none,0,1856.0,1.0982248520710058,1.0077519379844961,1.5297029702970297,0.0,0.0,0.07142857142857142,0.008571428571428572
0.0,970.0,970.0,13.0,297.0,1,0.0,1.22,0.12,none,0,1940.0,1.1422515308525671,1.0077519379844961,0.6057596822244289,0.0,0.0,0.07142857142857142,0.008571428571428572
0.0,928.0,928.0,13.0,362.0,1,0.0,1.6,0.12,none,0,1856.0,1.0927932171455488,1.0077519379844961,0.8447729672650475,0.0,0.0,0.07142857142857142,0.008571428571428572
0.0,928.0,928.0,13.0,525.0,1,0.0,5.72,0.11,none,0,1856.0,1.0927932171455488,1.0077519379844961,2.5343376163048292,0.0,0.0,0.07142857142857142,0.007857142857142858
0.0,354.0,354.0,13.0,205.0,2,0.0,1.5,0.11,none,0,708.0,0.40018087271082975,1.0077519379844961,0.6297229219143576,0.0,0.0,0.14285714285714285,0.007857142857142858
0.0,1600.0,1600.0,13.0,405.0,1,0.0,2.39,0.11,none,0,3200.0,1.8841262364578426,1.0,0.9683954619124798,0.0,0.0,0.07142857142857142,0.007857142857142858
0.0,0.0,0.0,13.0,154.0,1,0.0,0.0,0.11,none,0,0.0,0.0,1.0,0.0,0.0,0.0,0.07142857142857142,0.007857142857142858
0.0,928.0,928.0,13.0,495.0,1,0.0,3.43,0.18,none,0,1856.0,1.0927932171455488,1.0,1.3786173633440513,0.0,0.0,0.07142857142857142,0.012857142857142857
0.0,928.0,928.0,13.0,358.0,1,0.0,3.05,0.18,none,0,1856.0,1.0927932171455488,1.0,1.1984282907662083,0.0,0.0,0.07142857142857142,0.012857142857142857
0.0,928.0,928.0,13.0,318.0,1,0.0,1.42,0.18,none,0,1856.0,1.0927932171455488,1.0,0.6063193851409051,0.0,0.0,0.07142857142857142,0.012857142857142857
0.0,970.0,970.0,13.0,383.0,1,0.0,1.45,0.18,none,0,1940.0,1.136629950785095,1.0,0.6657483930211203,0.0,0.0,0.07142857142857142,0.012857142857142857
0.0,0.0,0.0,13.0,332.0,1,0.0,0.12,0.24,none,0,0.0,0.0,1.0,0.058027079303675046,0.0,0.0,0.07142857142857142,0.017142857142857144
0.0,928.0,928.0,13.0,431.0,1,0.0,6.03,0.24,none,0,1856.0,1.2268640930724484,1.0,2.401433691756272,0.0,0.0,0.07142857142857142,0.017142857142857144
0.0,1026.0,1026.0,13.0,1836.0,1,0.0,1.62,0.24,none,0,2052.0,1.3390759592795614,1.0,0.7710613993336507,0.0,0.0,0.07142857142857142,0.017142857142857144
0.0,0.0,0.0,13.0,120.0,1,0.0,0.75,0.24,none,0,0.0,0.0,1.0,0.370187561697927,0.0,0.0,0.07142857142857142,0.017142857142857144
0.0,928.0,928.0,13.0,259.0,1,0.0,2.29,0.22,none,0,1856.0,1.398432790837854,1.0,1.1359126984126982,0.0,0.0,0.07142857142857142,0.015714285714285715
0.0,928.0,928.0,13.0,319.0,1,0.0,3.07,0.22,none,0,1856.0,1.2268640930724484,1.0,1.321566939302626,0.0,0.0,0.07142857142857142,0.015714285714285715
0.0,0.0,0.0,13.0,272.0,1,0.0,1.53,0.22,none,0,0.0,0.0,1.0,0.7172995780590717,0.0,0.0,0.07142857142857142,0.015714285714285715
0.0,928.0,928.0,13.0,198.0,1,0.0,0.25,0.22,none,0,1856.0,1.398432790837854,1.0,0.13491635186184564,0.0,0.0,0.07142857142857142,0.015714285714285715
0.0,928.0,928.0,13.0,361.0,1,0.0,3.05,0.22,none,0,1856.0,1.398432790837854,1.0,1.5128968253968254,0.0,0.0,0.07142857142857142,0.015714285714285715
0.0,0.0,0.0,13.0,183.0,1,0.0,1.25,0.21,none,0,0.0,0.0,1.0,0.62625250501002,0.0,0.0,0.07142857142857142,0.015
0.0,928.0,928.0,13.0,173.0,1,0.0,0.74,0.21,none,0,1856.0,1.4073400060661208,1.0,0.35957240038872695,0.0,0.0,0.07142857142857142,0.015
0.0,928.0,928.0,13.0,492.0,1,0.0,1.57,0.21,none,0,1856.0,1.4073400060661208,1.0,0.9739454094292804,0.0,0.0,0.07142857142857142,0.015
0.0,1026.0,928.0,13.0,369.0,1,0.0,3.12,0.21,none,0,1954.0,1.492742551566081,1.0,1.7707150964812715,0.0,0.0,0.07142857142857142,0.015
0.0,928.0,1026.0,13.0,315.0,1,0.0,4.33,0.21,none,0,1954.0,1.298856687051316,1.0,2.042452830188679,0.0,0.0,0.07142857142857142,0.015
0.0,928.0,928.0,13.0,234.0,1,0.0,2.04,0.19,none,0,1856.0,1.2337144376495612,1.0,0.973747016706444,0.0,0.0,0.07142857142857142,0.013571428571428571
0.0,0.0,0.0,13.0,203.0,1,0.0,1.52,0.19,none,0,0.0,0.0,1.0,0.7835051546391752,0.0,0.0,0.07142857142857142,0.013571428571428571
0.0,928.0,928.0,13.0,339.0,1,0.0,1.07,0.19,none,0,1856.0,1.2337144376495612,1.0,0.5649419218585007,0.0,0.0,0.07142857142857142,0.013571428571428571
0.0,928.0,928.0,13.0,313.0,1,0.0,2.8,0.19,none,0,1856.0,1.2337144376495612,1.0,1.3029315960912051,0.0,0.0,0.07142857142857142,0.013571428571428571
0.0,928.0,928.0,13.0,291.0,1,0.0,1.03,0.19,none,0,1856.0,1.2337144376495612,1.0,0.5290190035952748,0.0,0.0,0.07142857142857142,0.013571428571428571
0.0,928.0,928.0,13.0,3512.0,1,0.0,9.73,0.17,none,0,1856.0,1.0982248520710058,1.0,3.4812164579606435,0.0,0.0,0.07142857142857142,0.012142857142857144
0.0,928.0,928.0,13.0,497.0,1,0.0,4.97,0.17,none,0,1856.0,1.0982248520710058,1.0,1.5444375388440024,0.0,0.0,0.07142857142857142,0.012142857142857144
0.0,928.0,928.0,13.0,603.0,1,0.0,3.17,0.17,none,0,1856.0,1.0982248520710058,1.0,0.9384251036116045,0.0,0.0,0.07142857142857142,0.012142857142857144
0.0,98.0,98.0,13.0,326.0,1,0.0,2.79,0.17,none,0,196.0,0.12944128912957337,1.0,0.8340807174887892,0.0,0.0,0.07142857142857142,0.012142857142857144
0.0,928.0,928.0,13.0,257.0,1,0.0,2.53,0.17,none,0,1856.0,1.2337144376495612,1.0,0.7993680884676144,0.0,0.0,0.07142857142857142,0.012142857142857144
0.0,928.0,928.0,13.0,684.0,1,0.0,1.06,0.24,none,0,1856.0,1.2337144376495612,1.0,0.3456146071079231,0.0,0.0,0.07142857142857142,0.017142857142857144
0.0,928.0,928.0,13.0,365.0,1,0.0,3.77,0.24,none,0,1856.0,1.0982248520710058,1.0,1.1452004860267313,0.0,0.0,0.07142857142857142,0.017142857142857144
0.0,0.0,0.0,13.0,408.0,1,0.0,2.55,0.24,none,0,0.0,0.0,1.0,0.7412790697674418,0.0,0.0,0.07142857142857142,0.017142857142857144
0.0,1012.0,1012.0,13.0,331.0,1,0.0,2.55,0.24,none,0,2024.0,1.3305285301078096,1.0,0.746705710102489,0.0,0.0,0.07142857142857142,0.017142857142857144
0.0,0.0,0.0,13.0,98.0,1,0.0,0.0,0.24,none,0,0.0,0.0,1.0,0.0,0.0,0.0,0.07142857142857142,0.017142857142857144
0.0,928.0,928.0,13.0,404.0,1,0.0,3.8,0.22,none,0,1856.0,1.3896376160527104,1.0,1.3975726369988963,0.0,0.0,0.07142857142857142,0.015714285714285715
0.0,928.0,928.0,13.0,322.0,1,0.0,2.56,0.22,none,0,1856.0,1.3896376160527104,1.0,1.0330912025827281,0.0,0.0,0.07142857142857142,0.015714285714285715
0.0,0.0,0.0,13.0,129.0,1,0.0,0.0,0.22,none,0,0.0,0.0,1.0,0.0,0.0,0.0,0.07142857142857142,0.015714285714285715
0.0,1026.0,1026.0,13.0,564.0,1,0.0,5.84,0.22,none,0,2052.0,1.5363881401617252,1.0,2.368207623682076,0.0,0.0,0.07142857142857142,0.015714285714285715
0.0,928.0,928.0,13.0,394.0,1,0.0,2.08,0.2,none,0,1856.0,1.3896376160527104,1.0,0.859149111937216,0.0,0.0,0.07142857142857142,0.014285714285714287
0.0,928.0,928.0,13.0,347.0,1,0.0,2.54,0.2,none,0,1856.0,1.3896376160527104,1.0,0.9887115609186454,0.0,0.0,0.07142857142857142,0.014285714285714287
0.0,928.0,928.0,13.0,316.0,1,0.0,2.83,0.2,none,0,1856.0,1.3896376160527104,1.0,1.1434343434343435,0.0,0.0,0.07142857142857142,0.014285714285714287
0.0,928.0,928.0,13.0,274.0,1,0.0,0.26,0.2,none,0,1856.0,1.2200894031028136,1.0,0.1157613535173642,0.0,0.0,0.07142857142857142,0.014285714285714287
0.0,0.0,0.0,13.0,375.0,1,0.0,1.28,0.2,none,0,0.0,0.0,1.0,0.6040585181689476,0.0,0.0,0.07142857142857142,0.014285714285714287
0.0,928.0,928.0,13.0,342.0,1,0.0,1.29,0.19,none,0,1856.0,1.2337144376495612,1.0,0.5738434163701067,0.0,0.0,0.07142857142857142,0.013571428571428571
0.0,928.0,928.0,13.0,333.0,1,0.0,3.02,0.19,none,0,1856.0,1.2337144376495612,1.0,1.391705069124424,0.0,0.0,0.07142857142857142,0.013571428571428571
0.0,928.0,928.0,13.0,320.0,1,0.0,3.54,0.19,none,0,1856.0,1.2337144376495612,1.0,1.560846560846561,0.0,0.0,0.07142857142857142,0.013571428571428571
0.0,0.0,0.0,13.0,161.0,1,0.0,0.25,0.19,none,0,0.0,0.0,1.0,0.10902747492368076,0.0,0.0,0.07142857142857142,0.013571428571428571
0.0,1026.0,1026.0,13.0,753.0,1,0.0,6.4,0.19,none,0,2052.0,1.363998936453071,1.0,2.724563644103874,0.0,0.0,0.07142857142857142,0.013571428571428571
0.0,0.0,0.0,13.0,120.0,1,0.0,0.25,0.17,none,0,0.0,0.0,1.0,0.11542012927054479,0.0,0.0,0.07142857142857142,0.012142857142857144
0.0,928.0,928.0,13.0,1254.0,1,0.0,3.19,0.17,none,0,1856.0,1.4073400060661208,1.0,1.4298520842671445,0.0,0.0,0.07142857142857142,0.012142857142857144
0.0,928.0,928.0,13.0,2366.0,1,0.0,4.08,0.17,none,0,1856.0,1.4073400060661208,1.0,1.7317487266553477,0.0,0.0,0.07142857142857142,0.012142857142857144
0.0,928.0,928.0,13.0,971.0,1,0.0,2.66,0.17,none,0,1856.0,1.4073400060661208,1.0,1.024653312788906,0.0,0.0,0.07142857142857142,0.012142857142857144
0.0,928.0,928.0,13.0,783.0,1,0.0,3.05,0.16,none,0,1856.0,1.2337144376495612,1.0,1.0998918139199423,0.0,0.0,0.07142857142857142,0.011428571428571429
0.0,928.0,928.0,13.0,966.0,1,0.0,6.53,0.16,none,0,1856.0,1.2337144376495612,1.0,1.9805884137094332,0.0,0.0,0.07142857142857142,0.011428571428571429
0.0,928.0,928.0,13.0,412.0,1,0.0,2.55,0.16,none,0,1856.0,1.2337144376495612,1.0,0.7846153846153846,0.0,0.0,0.07142857142857142,0.011428571428571429
0.0,0.0,0.0,13.0,603.0,1,0.0,1.03,0.16,none,0,0.0,0.0,1.0,0.3434478159386462,0.0,0.0,0.07142857142857142,0.011428571428571429
0.0,1026.0,1026.0,13.0,897.0,1,0.0,5.68,0.16,none,0,2052.0,1.3464566929133859,1.0,1.6036137775268209,0.0,0.0,0.07142857142857142,0.011428571428571429
0.0,928.0,928.0,13.0,1047.0,1,0.0,3.4,0.14,none,0,1856.0,1.2337144376495612,1.0,1.0487353485502775,0.0,0.0,0.07142857142857142,0.01
0.0,928.0,928.0,13.0,964.0,1,0.0,3.59,0.14,none,0,1856.0,1.0982248520710058,1.0,1.0039149888143177,0.0,0.0,0.07142857142857142,0.01
0.0,928.0,928.0,13.0,1208.0,1,0.0,4.19,0.14,none,0,1856.0,1.0982248520710058,1.0,1.1398258977149074,0.0,0.0,0.07142857142857142,0.01
0.0,928.0,928.0,13.0,10257.0,1,0.0,30.88,0.14,none,0,1856.0,1.0982248520710058,1.0,4.85840151038389,0.0,0.0,0.07142857142857142,0.01
0.0,928.0,928.0,12.0,6317.0,1,0.0,13.06,0.14,none,0,1856.0,1.0982248520710058,0.9302325581395349,1.765819361817199,0.0,0.0,0.07692307692307693,0.01076923076923077
0.0,928.0,928.0,13.0,554.0,1,0.0,1.73,0.13,none,0,1856.0,1.0982248520710058,1.0077519379844961,0.23816079295154183,0.0,0.0,0.07142857142857142,0.009285714285714286
0.0,0.0,0.0,12.0,130.0,1,0.0,0.25,0.13,none,0,0.0,0.0,0.9375,0.03767329716696805,0.0,0.0,0.07692307692307693,0.01
0.0,1856.0,1856.0,13.0,529.0,1,0.0,2.65,0.13,none,0,3712.0,2.1964497041420117,1.015625,0.39873608185374665,0.0,0.0,0.07142857142857142,0.009285714285714286
0.0,0.0,0.0,13.0,235.0,1,0.0,0.5,0.13,none,0,0.0,0.0,1.015625,0.07583801001061734,0.0,0.0,0.07142857142857142,0.009285714285714286
0.0,1026.0,1026.0,13.0,681.0,1,0.0,4.38,0.12,none,0,2052.0,1.2142011834319526,1.015625,0.6777038526999846,0.0,0.0,0.07142857142857142,0.008571428571428572
0.0,928.0,928.0,13.0,361.0,1,0.0,1.79,0.12,none,0,1856.0,1.0982248520710058,1.015625,0.2840368137099334,0.0,0.0,0.07142857142857142,0.008571428571428572
0.0,0.0,0.0,13.0,259.0,1,0.0,0.25,0.12,none,0,0.0,0.0,1.015625,0.041890080428954424,0.0,0.0,0.07142857142857142,0.008571428571428572
0.0,928.0,928.0,13.0,591.0,1,0.0,1.82,0.12,none,0,1856.0,1.2337144376495612,1.015625,0.3175711045192811,0.0,0.0,0.07142857142857142,0.008571428571428572
0.0,928.0,928.0,13.0,374.0,1,0.0,1.04,0.12,none,0,1856.0,1.2337144376495612,1.015625,0.3785948307244267,0.0,0.0,0.07142857142857142,0.008571428571428572
0.0,970.0,970.0,13.0,558.0,1,0.0,4.39,0.19,none,0,1940.0,1.2823902696985723,1.0077519379844961,2.335106382978723,0.0,0.0,0.07142857142857142,0.013571428571428571
0.0,928.0,928.0,12.0,369.0,1,0.0,0.26,0.19,none,0,1856.0,1.2268640930724484,0.9375,0.15002885170225044,0.0,0.0,0.07692307692307693,0.014615384615384615
0.0,0.0,0.0,13.0,175.0,1,0.0,0.25,0.19,none,0,0.0,0.0,1.0077519379844961,0.14425851125216388,0.0,0.0,0.07142857142857142,0.013571428571428571
0.0,928.0,928.0,13.0,338.0,1,0.0,3.05,0.19,none,0,1856.0,1.398432790837854,1.0077519379844961,1.7202481669486744,0.0,0.0,0.07142857142857142,0.013571428571428571
0.0,1026.0,928.0,13.0,360.0,1,0.0,0.78,0.19,none,0,1954.0,1.2833311440956259,1.0077519379844961,0.4330927262631871,0.0,0.0,0.07142857142857142,0.013571428571428571
0.0,928.0,1026.0,13.0,534.0,1,0.0,5.97,0.34,none,0,1954.0,1.291644632469593,1.0077519379844961,3.0459183673469385,0.0,0.0,0.07142857142857142,0.02428571428571429
0.0,928.0,928.0,13.0,334.0,1,0.0,2.31,0.34,none,0,1856.0,1.2268640930724484,1.0077519379844961,1.1481113320079523,0.0,0.0,0.07142857142857142,0.02428571428571429
0.0,928.0,928.0,13.0,365.0,1,0.0,3.05,0.34,none,0,1856.0,1.0927932171455488,1.0077519379844961,1.3307155322862128,0.0,0.0,0.07142857142857142,0.02428571428571429
0.0,0.0,0.0,13.0,369.0,1,0.0,1.52,0.34,none,0,0.0,0.0,1.0077519379844961,0.6719717064544651,0.0,0.0,0.07142857142857142,0.02428571428571429
0.0,928.0,928.0,13.0,221.0,1,0.0,0.77,0.34,none,0,1856.0,1.2268640930724484,1.0077519379844961,0.34451901565995524,0.0,0.0,0.07142857142857142,0.02428571428571429
0.0,970.0,970.0,13.0,502.0,1,0.0,6.89,0.31,none,0,1940.0,1.2823902696985723,1.0077519379844961,2.7726358148893357,0.0,0.0,0.07142857142857142,0.02214285714285714
0.0,928.0,928.0,13.0,384.0,1,0.0,4.44,0.31,none,0,1856.0,1.2268640930724484,1.0,1.529452290733724,0.0,0.0,0.07142857142857142,0.02214285714285714
0.0,0.0,0.0,13.0,115.0,1,0.0,0.25,0.31,none,0,0.0,0.0,1.0,0.0861178091629349,0.0,0.0,0.07142857142857142,0.02214285714285714
0.0,928.0,928.0,13.0,235.0,1,0.0,0.52,0.31,none,0,1856.0,1.2268640930724484,1.0,0.19622641509433966,0.0,0.0,0.07142857142857142,0.02214285714285714
0.0,1026.0,1026.0,13.0,819.0,1,0.0,4.96,0.31,none,0,2052.0,1.347694732694076,1.0,1.6166883963494132,0.0,0.0,0.07142857142857142,0.02214285714285714
0.0,928.0,928.0,13.0,449.0,1,0.0,4.19,0.29,none,0,1856.0,1.2268640930724484,1.0,1.4498269896193772,0.0,0.0,0.07142857142857142,0.020714285714285713
0.0,0.0,0.0,13.0,173.0,1,0.0,1.76,0.29,none,0,0.0,0.0,1.0,0.6208112874779541,0.0,0.0,0.07142857142857142,0.020714285714285713
0.0,928.0,928.0,13.0,259.0,1,0.0,1.52,0.29,none,0,1856.0,1.398432790837854,1.0,0.5667412378821776,0.0,0.0,0.07142857142857142,0.020714285714285713
0.0,928.0,928.0,13.0,471.0,1,0.0,0.77,0.29,none,0,1856.0,1.2268640930724484,1.0,0.29535864978902954,0.0,0.0,0.07142857142857142,0.020714285714285713
0.0,928.0,928.0,13.0,359.0,1,0.0,3.34,0.29,none,0,1856.0,1.2268640930724484,1.0,1.1662011173184357,0.0,0.0,0.07142857142857142,0.020714285714285713
0.0,928.0,928.0,13.0,302.0,1,0.0,2.11,0.26,none,0,1856.0,1.2337144376495612,1.0,0.884325230511316,0.0,0.0,0.07142857142857142,0.018571428571428572
0.0,0.0,0.0,13.0,113.0,1,0.0,0.0,0.26,none,0,0.0,0.0,1.0,0.0,0.0,0.0,0.07142857142857142,0.018571428571428572
0.0,928.0,928.0,13.0,330.0,1,0.0,1.04,0.26,none,0,1856.0,1.2337144376495612,1.0,0.5145967342899556,0.0,0.0,0.07142857142857142,0.018571428571428572
0.0,928.0,928.0,13.0,305.0,1,0.0,2.3,0.26,none,0,1856.0,1.2337144376495612,1.0,1.0459299681673486,0.0,0.0,0.07142857142857142,0.018571428571428572
0.0,928.0,928.0,12.0,348.0,1,0.0,0.73,0.24,none,0,1856.0,1.25,0.9302325581395349,0.41103603603603606,0.0,0.0,0.07692307692307693,0.01846153846153846
0.0,1026.0,1026.0,13.0,556.0,1,0.0,6.8,0.24,none,0,2052.0,1.363998936453071,1.0077519379844961,3.3382425135002456,0.0,0.0,0.07142857142857142,0.017142857142857144
0.0,928.0,928.0,13.0,154.0,1,0.0,0.25,0.24,none,0,1856.0,1.0982248520710058,1.0077519379844961,0.1325556733828208,0.0,0.0,0.07142857142857142,0.017142857142857144
0.0,0.0,0.0,13.0,309.0,1,0.0,0.5,0.24,none,0,0.0,0.0,1.0077519379844961,0.2802690582959641,0.0,0.0,0.07142857142857142,0.017142857142857144
0.0,928.0,928.0,13.0,220.0,1,0.0,1.39,0.24,none,0,1856.0,1.2337144376495612,1.0077519379844961,0.752979414951246,0.0,0.0,0.07142857142857142,0.017142857142857144
0.0,970.0,970.0,13.0,452.0,1,0.0,2.36,0.38,none,0,1940.0,1.2823902696985723,1.0077519379844961,1.3501144164759724,0.0,0.0,0.07142857142857142,0.027142857142857142
0.0,928.0,928.0,13.0,466.0,1,0.0,3.23,0.38,none,0,1856.0,1.2268640930724484,1.0077519379844961,1.736559139784946,0.0,0.0,0.07142857142857142,0.027142857142857142
0.0,1856.0,1856.0,13.0,548.0,1,0.0,1.57,0.38,none,0,3712.0,1.970276008492569,1.0077519379844961,0.7783837382250867,0.0,0.0,0.07142857142857142,0.027142857142857142
0.0,928.0,928.0,13.0,389.0,1,0.0,0.53,0.38,none,0,1856.0,0.9851380042462845,1.0077519379844961,0.2695829094608342,0.0,0.0,0.07142857142857142,0.027142857142857142
0.0,1026.0,1026.0,13.0,285.0,1,0.0,2.3,0.43,none,0,2052.0,1.077957554108006,1.0077519379844961,1.1698880976602237,0.0,0.0,0.07142857142857142,0.030714285714285715
0.0,0.0,0.0,13.0,401.0,1,0.0,3.05,0.43,none,0,0.0,0.0,1.0,1.3876251137397633,0.0,0.0,0.07142857142857142,0.030714285714285715
0.0,928.0,928.0,13.0,281.0,1,0.0,1.28,0.43,none,0,1856.0,1.0927932171455488,1.0,0.7776427703523695,0.0,0.0,0.07142857142857142,0.030714285714285715
0.0,928.0,928.0,13.0,279.0,1,0.0,0.79,0.43,none,0,1856.0,1.0927932171455488,1.0,0.4647058823529412,0.0,0.0,0.07142857142857142,0.030714285714285715
0.0,928.0,928.0,13.0,262.0,1,0.0,0.78,0.4,none,0,1856.0,0.9851380042462845,1.0,0.45138888888888895,0.0,0.0,0.07142857142857142,0.028571428571428574
0.0,0.0,0.0,13.0,73.0,1,0.0,0.0,0.4,none,0,0.0,0.0,1.0,0.0,0.0,0.0,0.07142857142857142,0.028571428571428574
0.0,928.0,928.0,13.0,471.0,1,0.0,4.59,0.4,none,0,1856.0,1.0982248520710058,1.0,2.533112582781457,0.0,0.0,0.07142857142857142,0.028571428571428574
0.0,928.0,928.0,13.0,228.0,1,0.0,0.52,0.4,none,0,1856.0,1.0982248520710058,1.0,0.3374432186891629,0.0,0.0,0.07142857142857142,0.028571428571428574
0.0,0.0,0.0,13.0,185.0,1,0.0,0.5,0.4,none,0,0.0,0.0,1.0,0.3486750348675035,0.0,0.0,0.07142857142857142,0.028571428571428574
0.0,928.0,928.0,13.0,332.0,1,0.0,1.04,0.36,none,0,1856.0,1.4073400060661208,1.0,0.7003367003367004,0.0,0.0,0.07142857142857142,0.025714285714285714
0.0,1026.0,1026.0,13.0,347.0,1,0.0,0.79,0.36,none,0,2052.0,1.5559599636032757,1.0,0.5922038980509745,0.0,0.0,0.07142857142857142,0.025714285714285714
0.0,928.0,928.0,13.0,455.0,1,0.0,5.7,0.36,none,0,1856.0,1.2337144376495612,1.0,3.5647279549718576,0.0,0.0,0.07142857142857142,0.025714285714285714
0.0,928.0,928.0,13.0,364.0,1,0.0,3.3,0.36,none,0,1856.0,1.2337144376495612,1.0,1.832315380344253,0.0,0.0,0.07142857142857142,0.025714285714285714
0.0,928.0,928.0,13.0,216.0,1,0.0,0.45,0.36,none,0,1856.0,1.2337144376495612,1.0,0.2546689303904923,0.0,0.0,0.07142857142857142,0.025714285714285714
0.0,0.0,0.0,13.0,208.0,1,0.0,0.23,0.34,none,0,0.0,0.0,1.0,0.13434579439252337,0.0,0.0,0.07142857142857142,0.02428571428571429
0.0,928.0,928.0,13.0,412.0,1,0.0,2.21,0.34,none,0,1856.0,1.2337144376495612,1.0,1.1433005690636315,0.0,0.0,0.07142857142857142,0.02428571428571429
0.0,928.0,928.0,13.0,485.0,1,0.0,2.2,0.34,none,0,1856.0,1.2337144376495612,1.0,1.2987012987012987,0.0,0.0,0.07142857142857142,0.02428571428571429
0.0,928.0,928.0,13.0,388.0,1,0.0,2.04,0.34,none,0,1856.0,1.2337144376495612,1.0,1.1050920910075839,0.0,0.0,0.07142857142857142,0.02428571428571429
0.0,1954.0,1954.0,13.0,695.0,1,0.0,1.56,0.31,none,0,3908.0,2.0620514985225835,1.0,0.7991803278688523,0.0,0.0,0.07142857142857142,0.02214285714285714
0.0,928.0,928.0,13.0,382.0,1,0.0,0.77,0.31,none,0,1856.0,0.9793161671591388,1.0,0.39999999999999997,0.0,0.0,0.07142857142857142,0.02214285714285714
0.0,0.0,0.0,13.0,214.0,1,0.0,0.99,0.31,none,0,0.0,0.0,1.0,0.5089974293059126,0.0,0.0,0.07142857142857142,0.02214285714285714
0.0,928.0,928.0,13.0,236.0,1,0.0,1.28,0.28,none,0,1856.0,1.0982248520710058,1.0,0.8516300731869594,0.0,0.0,0.07142857142857142,0.02
0.0,928.0,928.0,13.0,372.0,1,0.0,3.32,0.28,none,0,1856.0,1.0982248520710058,1.0,2.205980066445183,0.0,0.0,0.07142857142857142,0.02
0.0,1012.0,1012.0,13.0,252.0,1,0.0,1.05,0.28,none,0,2024.0,1.1858448558706352,1.0,0.670926517571885,0.0,0.0,0.07142857142857142,0.02
0.0,0.0,0.0,13.0,328.0,1,0.0,2.52,0.28,none,0,0.0,0.0,1.0,1.4046822742474918,0.0,0.0,0.07142857142857142,0.02
0.0,928.0,928.0,13.0,392.0,1,0.0,1.04,0.28,none,0,1856.0,1.0874150456995548,1.0,0.6201550387596899,0.0,0.0,0.07142857142857142,0.02
0.0,928.0,928.0,13.0,219.0,1,0.0,1.27,0.26,none,0,1856.0,1.0874150456995548,1.0,0.8017676767676768,0.0,0.0,0.07142857142857142,0.018571428571428572
0.0,824.0,824.0,13.0,166.0,2,0.0,0.25,0.26,none,0,1648.0,0.9774614472123369,1.0,0.17793594306049823,0.0,0.0,0.14285714285714285,0.018571428571428572
0.0,202.0,202.0,13.0,340.0,1,0.0,0.97,0.26,none,0,404.0,0.3024857741838874,1.0,0.7206537890044578,0.0,0.0,0.07142857142857142,0.018571428571428572
0.0,928.0,928.0,13.0,396.0,1,0.0,1.99,0.26,none,0,1856.0,1.3896376160527104,1.0,1.3555858310626703,0.0,0.0,0.07142857142857142,0.018571428571428572
0.0,928.0,928.0,13.0,403.0,1,0.0,1.76,0.32,none,0,1856.0,1.2200894031028136,1.0,1.13915857605178,0.0,0.0,0.07142857142857142,0.022857142857142857
0.0,928.0,928.0,13.0,378.0,1,0.0,4.02,0.32,none,0,1856.0,1.2200894031028136,1.0,2.2100054975261134,0.0,0.0,0.07142857142857142,0.022857142857142857
0.0,928.0,928.0,13.0,557.0,1,0.0,2.7,0.32,none,0,1856.0,1.2200894031028136,1.0,1.5367103016505408,0.0,0.0,0.07142857142857142,0.022857142857142857
0.0,0.0,0.0,12.0,149.0,1,0.0,0.38,0.32,none,0,0.0,0.0,0.9302325581395349,0.22485207100591717,0.0,0.0,0.07692307692307693,0.024615384615384615
0.0,928.0,1035.0,12.0,439.0,1,0.0,1.42,0.29,none,0,1963.0,1.2956240512177415,0.9375,0.8987341772151898,0.0,0.0,0.07692307692307693,0.022307692307692306
0.0,928.0,928.0,13.0,254.0,1,0.0,2.84,0.29,none,0,1856.0,1.225001650056102,1.015625,1.6136363636363633,0.0,0.0,0.07142857142857142,0.020714285714285713
0.0,1026.0,1026.0,13.0,614.0,1,0.0,3.61,0.29,none,0,2052.0,1.3370691340327099,1.015625,1.8104312938816447,0.0,0.0,0.07142857142857142,0.020714285714285713
0.0,928.0,928.0,13.0,313.0,1,0.0,0.43,0.29,none,0,1856.0,1.1931854709096754,1.015625,0.21371769383697814,0.0,0.0,0.07142857142857142,0.020714285714285713
0.0,928.0,928.0,13.0,354.0,1,0.0,0.42,0.27,none,0,1856.0,1.0913153407420473,1.015625,0.2146142054164538,0.0,0.0,0.07142857142857142,0.019285714285714288
0.0,928.0,928.0,13.0,334.0,1,0.0,1.77,0.27,none,0,1856.0,1.0913153407420473,1.015625,0.9147286821705426,0.0,0.0,0.07142857142857142,0.019285714285714288
0.0,928.0,928.0,13.0,345.0,1,0.0,0.99,0.27,none,0,1856.0,1.0913153407420473,1.015625,0.5328310010764263,0.0,0.0,0.07142857142857142,0.019285714285714288
0.0,928.0,928.0,13.0,424.0,1,0.0,3.41,0.27,none,0,1856.0,1.0913153407420473,1.015625,1.8976071229827491,0.0,0.0,0.07142857142857142,0.019285714285714288
0.0,928.0,928.0,13.0,248.0,1,0.0,1.29,0.25,none,0,1856.0,1.0913153407420473,1.015625,0.7789855072463768,0.0,0.0,0.07142857142857142,0.017857142857142856
0.0,0.0,0.0,13.0,206.0,1,0.0,0.48,0.25,none,0,0.0,0.0,1.0077519379844961,0.28811524609843936,0.0,0.0,0.07142857142857142,0.017857142857142856
0.0,928.0,928.0,13.0,294.0,1,0.0,0.44,0.25,none,0,1856.0,1.0982248520710058,1.0,0.28061224489795916,0.0,0.0,0.07142857142857142,0.017857142857142856
0.0,1026.0,1026.0,13.0,319.0,1,0.0,1.6,0.25,none,0,2052.0,1.2002807674309781,1.0,1.10803324099723,0.0,0.0,0.07142857142857142,0.017857142857142856
0.0,0.0,0.0,13.0,184.0,1,0.0,0.23,0.25,none,0,0.0,0.0,1.0,0.20795660036166363,0.0,0.0,0.07142857142857142,0.017857142857142856
0.0,928.0,928.0,12.0,286.0,1,0.0,1.26,0.31,none,0,1856.0,1.2337144376495612,0.9302325581395349,1.059714045416316,0.0,0.0,0.07692307692307693,0.023846153846153847
0.0,928.0,928.0,13.0,320.0,1,0.0,2.01,0.31,none,0,1856.0,1.2337144376495612,1.0077519379844961,1.4910979228486645,0.0,0.0,0.07142857142857142,0.02214285714285714
0.0,1898.0,1898.0,13.0,525.0,1,0.0,1.11,0.31,none,0,3796.0,2.2350447479981157,1.0077519379844961,0.8658346333853355,0.0,0.0,0.07142857142857142,0.02214285714285714
0.0,928.0,928.0,13.0,544.0,1,0.0,0.58,0.36,none,0,1856.0,1.0927932171455488,1.0077519379844961,0.46736502820306197,0.0,0.0,0.07142857142857142,0.025714285714285714
0.0,0.0,0.0,13.0,205.0,1,0.0,0.5,0.36,none,0,0.0,0.0,1.0077519379844961,0.5263157894736842,0.0,0.0,0.07142857142857142,0.025714285714285714
0.0,928.0,928.0,13.0,211.0,1,0.0,0.75,0.36,none,0,1856.0,1.2268640930724484,1.0077519379844961,0.8370535714285713,0.0,0.0,0.07142857142857142,0.025714285714285714
0.0,928.0,928.0,13.0,362.0,1,0.0,0.26,0.36,none,0,1856.0,1.0927932171455488,1.0077519379844961,0.2974828375286041,0.0,0.0,0.07142857142857142,0.025714285714285714
0.0,0.0,0.0,13.0,174.0,1,0.0,0.24,0.36,none,0,0.0,0.0,1.0077519379844961,0.28103044496487123,0.0,0.0,0.07142857142857142,0.025714285714285714
0.0,1026.0,1026.0,13.0,478.0,1,0.0,5.77,0.58,none,0,2052.0,1.3564251718667373,1.0077519379844961,4.539732494099135,0.0,0.0,0.07142857142857142,0.041428571428571426
0.0,928.0,928.0,13.0,315.0,1,0.0,3.52,0.58,none,0,1856.0,1.0927932171455488,1.0077519379844961,2.2,0.0,0.0,0.07142857142857142,0.041428571428571426
0.0,928.0,928.0,13.0,232.0,1,0.0,1.02,0.58,none,0,1856.0,1.0927932171455488,1.0,0.6472081218274113,0.0,0.0,0.07142857142857142,0.041428571428571426
0.0,0.0,0.0,13.0,199.0,1,0.0,1.01,0.58,none,0,0.0,0.0,1.0,0.6842818428184281,0.0,0.0,0.07142857142857142,0.041428571428571426
0.0,928.0,928.0,13.0,395.0,1,0.0,1.77,0.58,none,0,1856.0,1.4073400060661208,1.0,1.1478599221789882,0.0,0.0,0.07142857142857142,0.041428571428571426
0.0,1856.0,1856.0,13.0,604.0,1,0.0,2.79,0.61,none,0,3712.0,2.4674288752991225,1.0,1.58252977878616,0.0,0.0,0.07142857142857142,0.04357142857142857
0.0,0.0,0.0,13.0,162.0,1,0.0,0.0,0.61,none,0,0.0,0.0,1.0,0.0,0.0,0.0,0.07142857142857142,0.04357142857142857
0.0,100.0,100.0,12.0,308.0,0,0.0,1.74,0.44,none,0,200.0,0.14938751120406335,0.9302325581395349,0.9602649006622517,0.0,0.0,0.0,0.033846153846153845
0.0,98.0,98.0,12.0,285.0,0,0.0,2.26,0.44,none,0,196.0,0.16712141882673942,0.9375,1.1232604373757453,0.0,0.0,0.0,0.033846153846153845
0.0,100.0,100.0,12.0,345.0,0,0.0,3.61,0.44,none,0,200.0,0.1676727028839705,0.9448818897637796,1.5368241805023415,0.0,0.0,0.0,0.033846153846153845
0.0,100.0,100.0,12.0,349.0,0,0.0,2.34,0.44,none,0,200.0,0.19849146486701072,0.9523809523809524,1.1665004985044867,0.0,0.0,0.0,0.033846153846153845
0.0,100.0,100.0,12.0,343.0,0,0.0,2.18,0.49,none,0,200.0,0.2375296912114014,0.96,1.1645299145299146,0.0,0.0,0.0,0.03769230769230769
0.0,142.0,142.0,12.0,454.0,0,0.0,2.87,0.49,none,0,284.0,0.41471962616822433,0.9677419354838709,1.3952357802625184,0.0,0.0,0.0,0.03769230769230769
0.0,0.0,0.0,12.0,198.0,0,0.0,0.49,0.49,none,0,0.0,0.0,0.975609756097561,0.24438902743142146,0.0,0.0,0.0,0.03769230769230769
0.0,0.0,0.0,12.0,183.0,0,0.0,0.76,0.49,none,0,0.0,0.0,0.9836065573770493,0.39915966386554624,0.0,0.0,0.0,0.03769230769230769
0.0,100.0,100.0,12.0,333.0,0,0.0,1.42,0.45,none,0,200.0,1.3513513513513513,0.9917355371900827,0.8036219581211091,0.0,0.0,0.0,0.03461538461538462
0.0,100.0,100.0,11.0,344.0,0,0.0,3.16,0.45,none,0,200.0,1.1904761904761905,0.9243697478991596,1.5170427268362938,0.0,0.0,0.0,0.0375
0.0,198.0,198.0,12.0,434.0,0,0.0,3.89,0.45,none,0,396.0,2.1108742004264394,1.0084033613445378,1.6927763272410792,0.0,0.0,0.0,0.03461538461538462
0.0,100.0,100.0,12.0,262.0,0,0.0,1.3,0.45,none,0,200.0,1.0638297872340425,1.0084033613445378,0.5903723887375114,0.0,0.0,0.0,0.03461538461538462
0.0,0.0,0.0,12.0,158.0,0,0.0,0.49,0.45,none,0,0.0,0.0,1.0084033613445378,0.25925925925925924,0.0,0.0,0.0,0.03461538461538462
0.0,200.0,200.0,12.0,361.0,0,0.0,1.65,0.41,none,0,400.0,2.127659574468085,1.0084033613445378,0.9060955518945633,0.0,0.0,0.0,0.031538461538461536
0.0,0.0,0.0,12.0,487.0,0,0.0,1.7,0.41,none,0,0.0,0.0,1.0084033613445378,0.9588268471517202,0.0,0.0,0.0,0.031538461538461536
0.0,100.0,100.0,12.0,339.0,0,0.0,3.63,0.41,none,0,200.0,1.2531328320802007,1.0084033613445378,1.9632233639805297,0.0,0.0,0.0,0.031538461538461536
0.0,100.0,100.0,12.0,219.0,0,0.0,1.04,0.41,none,0,200.0,1.1135857461024499,1.0084033613445378,0.546218487394958,0.0,0.0,0.0,0.031538461538461536
0.0,0.0,0.0,12.0,178.0,0,0.0,0.25,0.38,none,0,0.0,0.0,1.0084033613445378,0.13491635186184564,0.0,0.0,0.0,0.02923076923076923
0.0,100.0,100.0,12.0,293.0,0,0.0,2.08,0.38,none,0,200.0,1.1135857461024499,1.0084033613445378,1.0838978634705578,0.0,0.0,0.0,0.02923076923076923
0.0,198.0,198.0,12.0,583.0,0,0.0,6.42,0.38,none,0,396.0,1.9879518072289157,1.0,2.859688195991091,0.0,0.0,0.0,0.02923076923076923
0.0,100.0,100.0,12.0,246.0,0,0.0,0.53,0.38,none,0,200.0,1.1135857461024499,1.0,0.27763226820324777,0.0,0.0,0.0,0.02923076923076923
0.0,100.0,100.0,12.0,575.0,0,0.0,2.21,0.38,none,0,200.0,1.1135857461024499,1.0,1.105,0.0,0.0,0.0,0.02923076923076923
0.0,100.0,100.0,12.0,302.0,0,0.0,2.63,0.35,none,0,200.0,1.0020040080160322,1.0,1.1878952122854562,0.0,0.0,0.0,0.02692307692307692
0.0,200.0,200.0,12.0,505.0,0,0.0,3.49,0.35,none,0,400.0,2.0040080160320644,1.0,1.4553794829024187,0.0,0.0,0.0,0.02692307692307692
0.0,0.0,0.0,12.0,174.0,0,0.0,0.5,0.35,none,0,0.0,0.0,1.0,0.21949078138718173,0.0,0.0,0.0,0.02692307692307692
0.0,100.0,100.0,12.0,371.0,0,0.0,1.06,0.32,none,0,200.0,1.0020040080160322,1.0,0.5244928253339931,0.0,0.0,0.0,0.024615384615384615
0.0,100.0,100.0,12.0,260.0,0,0.0,2.83,0.32,none,0,200.0,1.0020040080160322,1.0,1.2863636363636364,0.0,0.0,0.0,0.024615384615384615
0.0,198.0,198.0,12.0,385.0,0,0.0,2.7,0.32,none,0,396.0,1.6555183946488294,1.0,1.1042944785276074,0.0,0.0,0.0,0.024615384615384615
0.0,100.0,100.0,12.0,449.0,0,0.0,3.71,0.32,none,0,200.0,0.8361204013377926,1.0,1.422546012269939,0.0,0.0,0.0,0.024615384615384615
0.0,100.0,100.0,12.0,300.0,0,0.0,3.58,0.32,none,0,200.0,0.9107468123861566,1.0,1.5404475043029258,0.0,0.0,0.0,0.024615384615384615
0.0,0.0,0.0,12.0,295.0,0,0.0,1.01,0.29,none,0,0.0,0.0,1.0,0.4258010118043845,0.0,0.0,0.0,0.022307692307692306
0.0,100.0,100.0,12.0,298.0,0,0.0,0.79,0.29,none,0,200.0,1.0020040080160322,1.0,0.35426008968609873,0.0,0.0,0.0,0.022307692307692306
0.0,100.0,100.0,12.0,226.0,0,0.0,1.04,0.29,none,0,200.0,1.0020040080160322,1.0,0.5021728633510382,0.0,0.0,0.0,0.022307692307692306
0.0,100.0,100.0,12.0,546.0,0,0.0,6.54,0.29,none,0,200.0,1.1135857461024499,1.0,2.752525252525252,0.0,0.0,0.0,0.022307692307692306
0.0,100.0,100.0,12.0,367.0,0,0.0,1.57,0.29,none,0,200.0,1.0020040080160322,1.0,0.6322996375352397,0.0,0.0,0.0,0.022307692307692306
0.0,0.0,0.0,12.0,207.0,0,0.0,2.78,0.27,none,0,0.0,0.0,1.0,1.0470809792843692,0.0,0.0,0.0,0.02076923076923077
0.0,100.0,100.0,12.0,343.0,0,0.0,2.3,0.27,none,0,200.0,1.1135857461024499,1.0,0.883935434281322,0.0,0.0,0.0,0.02076923076923077
0.0,198.0,198.0,12.0,336.0,0,0.0,3.42,0.27,none,0,396.0,2.2048997772828507,1.0,1.2789827973074044,0.0,0.0,0.0,0.02076923076923077
0.0,100.0,100.0,12.0,448.0,0,0.0,3.41,0.27,none,0,200.0,1.1135857461024499,1.0,1.2897125567322238,0.0,0.0,0.0,0.02076923076923077
0.0,0.0,0.0,12.0,187.0,0,0.0,0.75,0.27,none,0,0.0,0.0,1.0,0.3176620076238882,0.0,0.0,0.0,0.02076923076923077
0.0,100.0,100.0,12.0,349.0,0,0.0,2.08,0.33,none,0,200.0,1.1135857461024499,1.0,0.8427876823338736,0.0,0.0,0.0,0.025384615384615387
0.0,100.0,100.0,12.0,362.0,0,0.0,4.12,0.33,none,0,200.0,1.1135857461024499,1.0,1.4709032488397,0.0,0.0,0.0,0.025384615384615387
0.0,142.0,142.0,12.0,303.0,0,0.0,1.56,0.33,none,0,284.0,1.5106382978723405,1.0,0.5467928496319664,0.0,0.0,0.0,0.025384615384615387
0.0,0.0,0.0,12.0,402.0,0,0.0,4.12,0.33,none,0,0.0,0.0,1.0,1.577939486786672,0.0,0.0,0.0,0.025384615384615387
0.0,100.0,100.0,12.0,339.0,0,0.0,3.2,0.33,none,0,200.0,1.1904761904761905,1.0,1.1535688536409519,0.0,0.0,0.0,0.025384615384615387
0.0,100.0,100.0,12.0,362.0,0,0.0,0.44,0.38,none,0,200.0,1.0638297872340425,1.0,0.1732283464566929,0.0,0.0,0.0,0.02923076923076923
0.0,200.0,200.0,12.0,411.0,0,0.0,2.76,0.38,none,0,400.0,1.9230769230769231,1.0,1.0672853828306264,0.0,0.0,0.0,0.02923076923076923
0.0,198.0,198.0,12.0,620.0,0,0.0,7.67,0.38,none,0,396.0,1.9038461538461537,1.0,2.547326469611425,0.0,0.0,0.0,0.02923076923076923
0.0,0.0,0.0,12.0,319.0,0,0.0,2.35,0.38,none,0,0.0,0.0,1.0,0.8089500860585197,0.0,0.0,0.0,0.02923076923076923
0.0,200.0,200.0,12.0,446.0,0,0.0,3.07,0.35,none,0,400.0,1.7543859649122806,1.0,0.9786420146636915,0.0,0.0,0.0,0.02692307692307692
0.0,0.0,0.0,12.0,301.0,0,0.0,1.71,0.35,none,0,0.0,0.0,1.0,0.5516129032258065,0.0,0.0,0.0,0.02692307692307692
0.0,242.0,242.0,12.0,580.0,0,0.0,5.49,0.35,none,0,484.0,2.047377326565144,1.0,1.6960148285449492,0.0,0.0,0.0,0.02692307692307692
0.0,0.0,0.0,12.0,165.0,0,0.0,0.51,0.35,none,0,0.0,0.0,1.0,0.16283524904214558,0.0,0.0,0.0,0.02692307692307692
0.0,100.0,100.0,12.0,343.0,0,0.0,3.24,0.32,none,0,200.0,0.8771929824561403,1.0,1.064388961892247,0.0,0.0,0.0,0.024615384615384615
0.0,100.0,100.0,12.0,349.0,0,0.0,0.78,0.32,none,0,200.0,0.8771929824561403,1.0,0.278372591006424,0.0,0.0,0.0,0.024615384615384615
0.0,198.0,100.0,12.0,339.0,0,0.0,2.63,0.32,none,0,298.0,1.2531539108494532,1.0,0.870572658060245,0.0,0.0,0.0,0.024615384615384615
0.0,100.0,198.0,12.0,486.0,0,0.0,7.73,0.32,none,0,298.0,1.3093145869947276,1.0,2.1972711768050033,0.0,0.0,0.0,0.024615384615384615
0.0,100.0,100.0,12.0,322.0,0,0.0,3.97,0.3,none,0,200.0,0.9615384615384616,1.0,1.2611181702668361,0.0,0.0,0.0,0.023076923076923075
0.0,100.0,100.0,12.0,335.0,0,0.0,2.89,0.3,none,0,200.0,0.8771929824561403,1.0,0.9025608994378516,0.0,0.0,0.0,0.023076923076923075
0.0,100.0,100.0,12.0,332.0,0,0.0,4.11,0.3,none,0,200.0,0.9615384615384616,1.0,1.2431941923774956,0.0,0.0,0.0,0.023076923076923075
0.0,0.0,0.0,12.0,257.0,0,0.0,1.29,0.3,none,0,0.0,0.0,1.0,0.3952205882352941,0.0,0.0,0.0,0.023076923076923075
0.0,100.0,100.0,12.0,405.0,0,0.0,4.52,0.3,none,0,200.0,1.1135857461024499,1.0,1.427218187559204,0.0,0.0,0.0,0.023076923076923075
0.0,100.0,100.0,12.0,416.0,0,0.0,3.89,0.27,none,0,200.0,1.0020040080160322,1.0,1.1098430813124107,0.0,0.0,0.0,0.02076923076923077
0.0,100.0,100.0,12.0,335.0,0,0.0,1.05,0.27,none,0,200.0,1.0020040080160322,1.0,0.31953743152769326,0.0,0.0,0.0,0.02076923076923077
0.0,100.0,100.0,12.0,226.0,0,0.0,1.19,0.27,none,0,200.0,1.0020040080160322,1.0,0.3576795912233244,0.0,0.0,0.0,0.02076923076923077
0.0,198.0,198.0,12.0,251.0,0,0.0,2.17,0.27,none,0,396.0,1.8911174785100286,1.0,0.6613837244742456,0.0,0.0,0.0,0.02076923076923077
0.0,100.0,100.0,12.0,472.0,0,0.0,4.25,0.27,none,0,200.0,1.0020040080160322,1.0,1.4490282986703036,0.0,0.0,0.0,0.02076923076923077
0.0,100.0,100.0,12.0,360.0,0,0.0,1.59,0.25,none,0,200.0,1.0020040080160322,1.0,0.5899814471243043,0.0,0.0,0.0,0.019230769230769232
0.0,0.0,0.0,12.0,183.0,0,0.0,0.23,0.25,none,0,0.0,0.0,1.0,0.09468917249897078,0.0,0.0,0.0,0.019230769230769232
0.0,100.0,100.0,11.0,329.0,0,0.0,0.84,0.25,none,0,200.0,1.1135857461024499,0.9243697478991596,0.39961941008563273,0.0,0.0,0.0,0.020833333333333332
0.0,100.0,100.0,12.0,474.0,0,0.0,4.18,0.25,none,0,200.0,1.0020040080160322,1.0084033613445378,1.7482225010455879,0.0,0.0,0.0,0.019230769230769232
0.0,100.0,100.0,12.0,303.0,0,0.0,3.75,0.23,none,0,200.0,1.0020040080160322,1.0084033613445378,1.6205704407951598,0.0,0.0,0.0,0.017692307692307695
0.0,100.0,100.0,12.0,312.0,0,0.0,1.01,0.23,none,0,200.0,1.0020040080160322,1.0084033613445378,0.4985192497532082,0.0,0.0,0.0,0.017692307692307695
0.0,100.0,100.0,12.0,375.0,0,0.0,3.54,0.23,none,0,200.0,1.0020040080160322,1.0084033613445378,1.556043956043956,0.0,0.0,0.0,0.017692307692307695
0.0,198.0,100.0,12.0,272.0,0,0.0,2.09,0.23,none,0,298.0,1.423113658070678,1.0084033613445378,0.8837209302325582,0.0,0.0,0.0,0.017692307692307695
0.0,100.0,198.0,12.0,715.0,0,0.0,5.64,0.23,none,0,298.0,1.4929859719438878,1.0084033613445378,2.079646017699115,0.0,0.0,0.0,0.017692307692307695
0.0,100.0,100.0,12.0,560.0,0,0.0,5.77,0.21,none,0,200.0,1.0020040080160322,1.0084033613445378,2.0146648044692737,0.0,0.0,0.0,0.016153846153846154
0.0,0.0,0.0,12.0,180.0,0,0.0,1.01,0.21,none,0,0.0,0.0,1.0084033613445378,0.35994297933000713,0.0,0.0,0.0,0.016153846153846154
0.0,100.0,100.0,12.0,352.0,0,0.0,3.99,0.21,none,0,200.0,1.0020040080160322,1.0084033613445378,1.253928346951603,0.0,0.0,0.0,0.016153846153846154
0.0,142.0,142.0,12.0,397.0,0,0.0,2.46,0.21,none,0,284.0,1.3653846153846154,1.0,0.7356459330143541,0.0,0.0,0.0,0.016153846153846154
0.0,100.0,100.0,12.0,430.0,0,0.0,3.12,0.21,none,0,200.0,0.9615384615384616,1.0,0.9635577516985793,0.0,0.0,0.0,0.016153846153846154
0.0,200.0,200.0,12.0,543.0,0,0.0,0.93,0.2,none,0,400.0,1.7543859649122806,1.0,0.31461434370771313,0.0,0.0,0.0,0.015384615384615385
0.0,198.0,198.0,12.0,399.0,0,0.0,4.18,0.2,none,0,396.0,1.5993537964458804,1.0,1.2771157959058967,0.0,0.0,0.0,0.015384615384615385
0.0,100.0,100.0,12.0,481.0,0,0.0,7.05,0.2,none,0,200.0,0.8077544426494346,1.0,1.9453642384105962,0.0,0.0,0.0,0.015384615384615385
0.0,0.0,0.0,12.0,158.0,0,0.0,0.76,0.18,none,0,0.0,0.0,1.0,0.2177026639931252,0.0,0.0,0.0,0.013846153846153845
0.0,100.0,100.0,12.0,287.0,0,0.0,3.35,0.18,none,0,200.0,0.9615384615384616,1.0,1.0269773145309629,0.0,0.0,0.0,0.013846153846153845
0.0,100.0,100.0,12.0,330.0,0,0.0,3.12,0.18,none,0,200.0,0.9615384615384616,1.0,1.0410410410410411,0.0,0.0,0.0,0.013846153846153845
0.0,100.0,100.0,12.0,276.0,0,0.0,3.12,0.18,none,0,200.0,0.8771929824561403,1.0,0.9725685785536161,0.0,0.0,0.0,0.013846153846153845
0.0,100.0,100.0,12.0,358.0,0,0.0,2.16,0.18,none,0,200.0,0.8771929824561403,1.0,0.7140495867768596,0.0,0.0,0.0,0.013846153846153845
0.0,100.0,100.0,12.0,203.0,0,0.0,2.31,0.17,none,0,200.0,0.9107468123861566,1.0,0.7674418604651163,0.0,0.0,0.0,0.013076923076923078
0.0,0.0,0.0,12.0,259.0,0,0.0,2.04,0.17,none,0,0.0,0.0,1.0,0.7029634734665747,0.0,0.0,0.0,0.013076923076923078
0.0,100.0,100.0,12.0,304.0,0,0.0,3.8,0.17,none,0,200.0,1.1135857461024499,1.0,1.191596111633741,0.0,0.0,0.0,0.013076923076923078
0.0,198.0,198.0,12.0,395.0,0,0.0,5.44,0.17,none,0,396.0,2.2048997772828507,1.0,1.641025641025641,0.0,0.0,0.0,0.013076923076923078
0.0,100.0,100.0,12.0,445.0,0,0.0,3.64,0.15,none,0,200.0,1.1135857461024499,1.0,1.2239408204438467,0.0,0.0,0.0,0.011538461538461537
0.0,100.0,100.0,12.0,306.0,0,0.0,2.85,0.15,none,0,200.0,1.0020040080160322,1.0,0.8953817153628653,0.0,0.0,0.0,0.011538461538461537
0.0,100.0,100.0,12.0,277.0,0,0.0,1.91,0.15,none,0,200.0,1.0020040080160322,1.0,0.6284962158604803,0.0,0.0,0.0,0.011538461538461537
0.0,100.0,100.0,12.0,294.0,0,0.0,2.6,0.15,none,0,200.0,1.0020040080160322,1.0,0.8704385671242049,0.0,0.0,0.0,0.011538461538461537
0.0,142.0,142.0,12.0,261.0,0,0.0,2.58,0.15,none,0,284.0,1.3653846153846154,1.0,0.8796454142516196,0.0,0.0,0.0,0.011538461538461537
0.0,0.0,0.0,12.0,375.0,0,0.0,2.89,0.14,none,0,0.0,0.0,1.0,0.961410512308716,0.0,0.0,0.0,0.01076923076923077
0.0,100.0,100.0,12.0,408.0,0,0.0,3.11,0.14,none,0,200.0,1.0638297872340425,1.0,1.0077770576798444,0.0,0.0,0.0,0.01076923076923077
0.0,100.0,100.0,12.0,357.0,0,0.0,3.29,0.14,none,0,200.0,0.9615384615384616,1.0,1.0246029274369355,0.0,0.0,0.0,0.01076923076923077
0.0,100.0,100.0,12.0,295.0,0,0.0,2.1,0.14,none,0,200.0,0.9615384615384616,1.0,0.6905623150279514,0.0,0.0,0.0,0.01076923076923077
0.0,198.0,198.0,12.0,405.0,0,0.0,5.97,0.14,none,0,396.0,1.9038461538461537,1.0,1.929541047188106,0.0,0.0,0.0,0.01076923076923077
0.0,100.0,100.0,12.0,696.0,0,0.0,7.08,0.29,none,0,200.0,0.9615384615384616,1.0,2.05933682373473,0.0,0.0,0.0,0.022307692307692306
0.0,0.0,0.0,12.0,183.0,0,0.0,0.47,0.29,none,0,0.0,0.0,1.0,0.146875,0.0,0.0,0.0,0.022307692307692306
0.0,100.0,100.0,12.0,251.0,0,0.0,1.77,0.29,none,0,200.0,1.0638297872340425,1.0,0.5555555555555556,0.0,0.0,0.0,0.022307692307692306
0.0,200.0,200.0,12.0,446.0,0,0.0,0.81,0.29,none,0,400.0,1.9230769230769231,1.0,0.2693714665779847,0.0,0.0,0.0,0.022307692307692306
0.0,0.0,0.0,12.0,299.0,0,0.0,1.27,0.27,none,0,0.0,0.0,1.0,0.4415855354659248,0.0,0.0,0.0,0.02076923076923077
0.0,100.0,100.0,11.0,281.0,0,0.0,0.61,0.27,none,0,200.0,1.0020040080160322,0.9243697478991596,0.23036253776435045,0.0,0.0,0.0,0.022500000000000003
0.0,100.0,100.0,12.0,294.0,0,0.0,0.67,0.27,none,0,200.0,1.0020040080160322,1.0084033613445378,0.2787021630615641,0.0,0.0,0.0,0.02076923076923077
0.0,198.0,198.0,12.0,323.0,0,0.0,2.99,0.27,none,0,396.0,1.8065693430656935,1.0084033613445378,1.2594776748104468,0.0,0.0,0.0,0.02076923076923077
0.0,100.0,100.0,12.0,508.0,0,0.0,4.76,0.24,none,0,200.0,0.9124087591240876,1.0084033613445378,1.8030303030303032,0.0,0.0,0.0,0.01846153846153846
0.0,100.0,100.0,12.0,212.0,0,0.0,1.52,0.24,none,0,200.0,1.0020040080160322,1.0084033613445378,0.6924829157175397,0.0,0.0,0.0,0.01846153846153846
0.0,100.0,100.0,12.0,162.0,0,0.0,0.48,0.24,none,0,200.0,1.0020040080160322,1.0084033613445378,0.3127035830618893,0.0,0.0,0.0,0.01846153846153846
0.0,0.0,0.0,11.0,245.0,0,0.0,1.01,0.24,none,0,0.0,0.0,0.9322033898305084,0.6356198867212083,0.0,0.0,0.0,0.02
0.0,242.0,242.0,12.0,338.0,0,0.0,1.88,0.22,none,0,484.0,2.1228070175438596,1.0169491525423728,1.1749999999999998,0.0,0.0,0.0,0.016923076923076923
0.0,0.0,0.0,12.0,280.0,0,0.0,2.78,0.22,none,0,0.0,0.0,1.0169491525423728,1.547022815804118,0.0,0.0,0.0,0.016923076923076923
0.0,100.0,100.0,12.0,355.0,0,0.0,2.47,0.22,none,0,200.0,0.9615384615384616,1.0169491525423728,1.2884715701617113,0.0,0.0,0.0,0.016923076923076923
0.0,198.0,198.0,12.0,380.0,0,0.0,1.52,0.22,none,0,396.0,1.7398945518453428,1.0084033613445378,0.7569721115537849,0.0,0.0,0.0,0.016923076923076923
0.0,100.0,100.0,12.0,361.0,0,0.0,3.89,0.29,none,0,200.0,0.8787346221441125,1.0084033613445378,1.6695278969957086,0.0,0.0,0.0,0.022307692307692306
0.0,100.0,100.0,12.0,416.0,0,0.0,4.21,0.29,none,0,200.0,0.9615384615384616,1.0084033613445378,1.7169657422512234,0.0,0.0,0.0,0.022307692307692306
0.0,100.0,100.0,12.0,313.0,0,0.0,1.47,0.29,none,0,200.0,0.9615384615384616,1.0084033613445378,0.6924163918982572,0.0,0.0,0.0,0.022307692307692306
0.0,100.0,100.0,12.0,333.0,0,0.0,3.62,0.29,none,0,200.0,0.9615384615384616,1.0084033613445378,1.5516502357479642,0.0,0.0,0.0,0.022307692307692306
0.0,0.0,0.0,12.0,199.0,0,0.0,1.26,0.29,none,0,0.0,0.0,1.0084033613445378,0.5226047283284943,0.0,0.0,0.0,0.022307692307692306
0.0,100.0,100.0,12.0,200.0,0,0.0,2.06,0.26,none,0,200.0,0.9615384615384616,1.0,0.8187599364069953,0.0,0.0,0.0,0.02
0.0,100.0,100.0,12.0,491.0,0,0.0,5.04,0.26,none,0,200.0,1.1135857461024499,1.0,1.7796610169491527,0.0,0.0,0.0,0.02
0.0,100.0,100.0,12.0,391.0,0,0.0,3.15,0.26,none,0,200.0,1.0020040080160322,1.0,1.09794353433252,0.0,0.0,0.0,0.02
0.0,100.0,100.0,12.0,397.0,0,0.0,3.37,0.26,none,0,200.0,1.0020040080160322,1.0,1.1388982764447448,0.0,0.0,0.0,0.02
0.0,198.0,198.0,12.0,427.0,0,0.0,4.44,0.24,none,0,396.0,1.9839679358717435,1.0,1.3657336204244848,0.0,0.0,0.0,0.01846153846153846
0.0,100.0,100.0,12.0,409.0,0,0.0,1.09,0.24,none,0,200.0,1.0020040080160322,1.0,0.3668798384382363,0.0,0.0,0.0,0.01846153846153846
0.0,0.0,0.0,12.0,339.0,0,0.0,1.85,0.24,none,0,0.0,0.0,1.0,0.676416819012797,0.0,0.0,0.0,0.01846153846153846
0.0,200.0,200.0,12.0,290.0,0,0.0,2.63,0.24,none,0,400.0,2.0040080160320644,1.0,0.9224833391792353,0.0,0.0,0.0,0.01846153846153846
0.0,0.0,0.0,12.0,207.0,0,0.0,0.24,0.24,none,0,0.0,0.0,1.0,0.0955033824114604,0.0,0.0,0.0,0.01846153846153846
0.0,100.0,100.0,12.0,281.0,0,0.0,3.33,0.22,none,0,200.0,1.0020040080160322,1.0,1.224264705882353,0.0,0.0,0.0,0.016923076923076923
0.0,100.0,100.0,12.0,311.0,0,0.0,0.98,0.22,none,0,200.0,1.0020040080160322,1.0,0.37519142419601836,0.0,0.0,0.0,0.016923076923076923
0.0,100.0,100.0,12.0,452.0,0,0.0,4.01,0.22,none,0,200.0,1.0020040080160322,1.0,1.5982463132722198,0.0,0.0,0.0,0.016923076923076923
0.0,100.0,100.0,12.0,329.0,0,0.0,3.09,0.22,none,0,200.0,1.0020040080160322,1.0,1.2345185777067518,0.0,0.0,0.0,0.016923076923076923
0.0,100.0,100.0,12.0,643.0,0,0.0,1.32,0.22,none,0,200.0,1.0020040080160322,1.0,0.5744125326370757,0.0,0.0,0.0,0.016923076923076923
0.0,98.0,98.0,12.0,321.0,0,0.0,2.58,0.2,none,0,196.0,1.0913140311804008,1.0,1.2215909090909092,0.0,0.0,0.0,0.015384615384615385
0.0,100.0,100.0,12.0,244.0,0,0.0,1.52,0.2,none,0,200.0,1.1135857461024499,1.0,0.7053364269141531,0.0,0.0,0.0,0.015384615384615385
0.0,100.0,100.0,12.0,404.0,0,0.0,2.68,0.2,none,0,200.0,1.0020040080160322,1.0,1.197497765862377,0.0,0.0,0.0,0.015384615384615385
0.0,100.0,100.0,12.0,372.0,0,0.0,4.35,0.2,none,0,200.0,1.1135857461024499,1.0,1.804979253112033,0.0,0.0,0.0,0.015384615384615385
0.0,100.0,100.0,12.0,384.0,0,0.0,3.12,0.2,none,0,200.0,1.0020040080160322,1.0,1.156412157153447,0.0,0.0,0.0,0.015384615384615385
0.0,142.0,142.0,12.0,241.0,0,0.0,3.08,0.19,none,0,284.0,1.3653846153846154,1.0,1.1522633744855968,0.0,0.0,0.0,0.014615384615384615
0.0,0.0,0.0,12.0,246.0,0,0.0,0.78,0.19,none,0,0.0,0.0,1.0,0.2940067847719563,0.0,0.0,0.0,0.014615384615384615
0.0,100.0,100.0,12.0,460.0,0,0.0,5.26,0.19,none,0,200.0,1.0638297872340425,1.0,1.8934485241180705,0.0,0.0,0.0,0.014615384615384615
0.0,100.0,100.0,12.0,293.0,0,0.0,3.57,0.19,none,0,200.0,1.0638297872340425,1.0,1.2632696390658176,0.0,0.0,0.0,0.014615384615384615
0.0,198.0,198.0,12.0,376.0,0,0.0,3.77,0.19,none,0,396.0,1.907514450867052,1.0,1.2276131553239986,0.0,0.0,0.0,0.014615384615384615
0.0,100.0,100.0,12.0,333.0,0,0.0,2.89,0.17,none,0,200.0,0.9615384615384616,1.0,0.9316569954867828,0.0,0.0,0.0,0.013076923076923078
0.0,100.0,100.0,12.0,298.0,0,0.0,2.29,0.17,none,0,200.0,0.9615384615384616,1.0,0.7203523120478138,0.0,0.0,0.0,0.013076923076923078
0.0,100.0,100.0,12.0,502.0,0,0.0,3.94,0.17,none,0,200.0,0.9615384615384616,1.0,1.1921331316187596,0.0,0.0,0.0,0.013076923076923078
0.0,0.0,0.0,12.0,201.0,0,0.0,0.51,0.17,none,0,0.0,0.0,1.0,0.17459774049982882,0.0,0.0,0.0,0.013076923076923078
0.0,0.0,0.0,12.0,129.0,0,0.0,0.25,0.16,none,0,0.0,0.0,1.0,0.09491268033409263,0.0,0.0,0.0,0.012307692307692308
0.0,142.0,142.0,12.0,318.0,0,0.0,2.08,0.16,none,0,284.0,1.6904761904761905,1.0,0.8208366219415945,0.0,0.0,0.0,0.012307692307692308
0.0,0.0,0.0,12.0,112.0,0,0.0,0.0,0.16,none,0,0.0,0.0,1.0,0.0,0.0,0.0,0.0,0.012307692307692308
0.0,100.0,100.0,12.0,459.0,0,0.0,4.47,0.16,none,0,200.0,1.1904761904761905,1.0,1.8805216659655029,0.0,0.0,0.0,0.012307692307692308
0.0,100.0,100.0,12.0,250.0,0,0.0,1.31,0.16,none,0,200.0,1.1904761904761905,1.0,0.609019060901906,0.0,0.0,0.0,0.012307692307692308
0.0,198.0,198.0,12.0,339.0,0,0.0,4.43,0.23,none,0,396.0,2.357142857142857,1.0,1.9981957600360847,0.0,0.0,0.0,0.017692307692307695
0.0,0.0,0.0,12.0,299.0,0,0.0,1.04,0.23,none,0,0.0,0.0,1.0,0.5118110236220472,0.0,0.0,0.0,0.017692307692307695
0.0,100.0,100.0,12.0,281.0,0,0.0,2.61,0.23,none,0,200.0,1.3513513513513513,1.0,1.26453488372093,0.0,0.0,0.0,0.017692307692307695
0.0,100.0,100.0,12.0,453.0,0,0.0,3.94,0.23,none,0,200.0,1.3513513513513513,1.0,1.9089147286821704,0.0,0.0,0.0,0.017692307692307695
0.0,0.0,0.0,12.0,339.0,0,0.0,2.31,0.23,none,0,0.0,0.0,1.0,1.0294117647058825,0.0,0.0,0.0,0.017692307692307695
0.0,100.0,100.0,12.0,384.0,0,0.0,3.6,0.21,none,0,200.0,1.1904761904761905,1.0,1.3958898797983716,0.0,0.0,0.0,0.016153846153846154
0.0,100.0,100.0,12.0,315.0,0,0.0,3.33,0.21,none,0,200.0,1.2531328320802007,1.0,1.231508875739645,0.0,0.0,0.0,0.016153846153846154
0.0,100.0,100.0,12.0,448.0,0,0.0,3.38,0.21,none,0,200.0,1.1135857461024499,1.0,1.1111111111111112,0.0,0.0,0.0,0.016153846153846154
0.0,100.0,100.0,12.0,509.0,0,0.0,3.73,0.21,none,0,200.0,1.1135857461024499,1.0,1.2567385444743935,0.0,0.0,0.0,0.016153846153846154
0.0,100.0,100.0,12.0,402.0,0,0.0,3.85,0.21,none,0,200.0,1.1135857461024499,1.0,1.1949099937926755,0.0,0.0,0.0,0.016153846153846154
0.0,98.0,98.0,12.0,321.0,0,0.0,2.81,0.19,none,0,196.0,1.2280701754385965,1.0,0.9183006535947714,0.0,0.0,0.0,0.014615384615384615
0.0,100.0,100.0,12.0,289.0,0,0.0,3.09,0.19,none,0,200.0,1.1135857461024499,1.0,0.9464012251148546,0.0,0.0,0.0,0.014615384615384615
0.0,100.0,100.0,12.0,409.0,0,0.0,3.8,0.19,none,0,200.0,1.1135857461024499,1.0,1.1229314420803784,0.0,0.0,0.0,0.014615384615384615
0.0,100.0,100.0,12.0,463.0,0,0.0,2.63,0.19,none,0,200.0,1.1135857461024499,1.0,0.8084844758684291,0.0,0.0,0.0,0.014615384615384615
0.0,100.0,100.0,12.0,317.0,0,0.0,4.01,0.19,none,0,200.0,1.0020040080160322,1.0,1.1714869997078587,0.0,0.0,0.0,0.014615384615384615
0.0,100.0,100.0,12.0,295.0,0,0.0,4.18,0.17,none,0,200.0,1.0020040080160322,1.0,1.200804366561333,0.0,0.0,0.0,0.013076923076923078
0.0,1954.0,1954.0,16.0,618.0,1,0.0,8.22,0.17,none,0,3908.0,6.851332398316971,1.2903225806451613,2.070528967254408,0.0,0.0,0.058823529411764705,0.01
0.0,1856.0,1856.0,16.0,457.0,1,0.0,3.43,0.17,none,0,3712.0,4.027777777777778,1.25,0.8628930817610063,0.0,0.0,0.058823529411764705,0.01
0.0,1856.0,1856.0,16.0,515.0,1,0.0,4.24,0.24,none,0,3712.0,2.9164047768698933,1.2121212121212122,1.0531544957774468,0.0,0.0,0.058823529411764705,0.014117647058823528
0.0,928.0,928.0,16.0,438.0,1,0.0,2.68,0.24,none,0,1856.0,1.2903225806451613,1.1764705882352942,0.685597339473011,0.0,0.0,0.058823529411764705,0.014117647058823528
0.0,928.0,928.0,15.0,356.0,1,0.0,3.2,0.24,none,0,1856.0,1.1568187484417851,1.079136690647482,0.8105369807497469,0.0,0.0,0.0625,0.015
0.0,1856.0,1856.0,16.0,459.0,1,0.0,6.35,0.24,none,0,3712.0,1.898138678666394,1.1188811188811187,1.4857276555919512,0.0,0.0,0.058823529411764705,0.014117647058823528
0.0,1856.0,1856.0,16.0,573.0,1,0.0,4.82,0.3,none,0,3712.0,1.6091555401421882,1.08843537414966,1.1014625228519195,0.0,0.0,0.058823529411764705,0.01764705882352941
0.0,1856.0,1856.0,16.0,621.0,1,0.0,5.74,0.3,none,0,3712.0,1.396538750940557,1.0596026490066226,1.2246639641561767,0.0,0.0,0.058823529411764705,0.01764705882352941
0.0,1856.0,1856.0,16.0,623.0,1,0.0,4.52,0.3,none,0,3712.0,1.2335504453010768,1.032258064516129,0.953989024905023,0.0,0.0,0.058823529411764705,0.01764705882352941
0.0,1954.0,1954.0,16.0,865.0,1,0.0,7.54,0.3,none,0,3908.0,1.1562130177514793,1.0062893081761006,1.4860070949940876,0.0,0.0,0.058823529411764705,0.01764705882352941
0.0,1856.0,1856.0,16.0,504.0,1,0.0,7.07,0.36,none,0,3712.0,1.104630401142721,1.0062893081761006,1.4256906634402098,0.0,0.0,0.058823529411764705,0.021176470588235293
0.0,1856.0,1856.0,16.0,709.0,1,0.0,8.95,0.36,none,0,3712.0,1.104630401142721,1.0062893081761006,1.6240246779168934,0.0,0.0,0.058823529411764705,0.021176470588235293
0.0,1856.0,1856.0,16.0,353.0,1,0.0,2.26,0.36,none,0,3712.0,1.104630401142721,1.0062893081761006,0.4253717297195557,0.0,0.0,0.058823529411764705,0.021176470588235293
0.0,1898.0,1898.0,16.0,387.0,1,0.0,1.54,0.36,none,0,3796.0,1.067972090929552,1.0062893081761006,0.29621080977110986,0.0,0.0,0.058823529411764705,0.021176470588235293
0.0,1856.0,1856.0,16.0,348.0,1,0.0,2.95,0.36,none,0,3712.0,0.9925133689839573,1.0,0.5701584847313491,0.0,0.0,0.058823529411764705,0.021176470588235293
0.0,1856.0,1856.0,16.0,406.0,1,0.0,3.33,0.33,none,0,3712.0,0.9925133689839573,1.0,0.6834975369458128,0.0,0.0,0.058823529411764705,0.019411764705882354
0.0,0.0,0.0,16.0,473.0,1,0.0,3.87,0.33,none,0,0.0,0.0,1.0,0.8101318819342685,0.0,0.0,0.058823529411764705,0.019411764705882354
0.0,1856.0,1856.0,16.0,347.0,1,0.0,3.21,0.33,none,0,3712.0,1.1018760389456186,1.0,0.7095490716180372,0.0,0.0,0.058823529411764705,0.019411764705882354
0.0,1954.0,1954.0,16.0,516.0,1,0.0,3.33,0.33,none,0,3908.0,1.1533467123125958,1.0,0.7559591373439275,0.0,0.0,0.058823529411764705,0.019411764705882354
0.0,1856.0,1856.0,16.0,406.0,1,0.0,5.54,0.33,none,0,3712.0,1.1018760389456186,1.0,1.3174791914387634,0.0,0.0,0.058823529411764705,0.019411764705882354
0.0,1856.0,1856.0,16.0,510.0,1,0.0,6.05,0.3,none,0,3712.0,1.1018760389456186,1.0,1.4745308310991958,0.0,0.0,0.058823529411764705,0.01764705882352941
0.0,1856.0,1856.0,16.0,572.0,1,0.0,4.28,0.3,none,0,3712.0,1.1018760389456186,1.0,1.177117711771177,0.0,0.0,0.058823529411764705,0.01764705882352941
0.0,1856.0,1856.0,16.0,402.0,1,0.0,4.56,0.3,none,0,3712.0,1.1018760389456186,1.0,1.1795137092602173,0.0,0.0,0.058823529411764705,0.01764705882352941
0.0,970.0,970.0,16.0,356.0,1,0.0,4.11,0.3,none,0,1940.0,0.6094496104548882,1.0,0.9968469560999275,0.0,0.0,0.058823529411764705,0.01764705882352941
0.0,928.0,928.0,16.0,375.0,1,0.0,3.82,0.28,none,0,1856.0,0.6191619962636776,1.0,0.9073634204275535,0.0,0.0,0.058823529411764705,0.01647058823529412
0.0,1856.0,1856.0,16.0,481.0,1,0.0,4.29,0.28,none,0,3712.0,1.2383239925273553,1.0,0.9962842545285648,0.0,0.0,0.058823529411764705,0.01647058823529412
0.0,1856.0,1856.0,16.0,653.0,1,0.0,13.19,0.28,none,0,3712.0,1.1018760389456186,1.0,2.518136693394425,0.0,0.0,0.058823529411764705,0.01647058823529412
0.0,1954.0,1954.0,16.0,621.0,1,0.0,7.96,0.28,none,0,3908.0,1.1533467123125958,1.0,1.3933134955364956,0.0,0.0,0.058823529411764705,0.01647058823529412
0.0,1856.0,1856.0,16.0,568.0,1,0.0,4.89,0.28,none,0,3712.0,1.1018760389456186,1.0,0.8331913443516783,0.0,0.0,0.058823529411764705,0.01647058823529412
0.0,1856.0,1856.0,16.0,798.0,1,0.0,4.59,0.34,none,0,3712.0,1.1018760389456186,1.0,0.7949428472462764,0.0,0.0,0.058823529411764705,0.02
0.0,1856.0,1856.0,16.0,614.0,1,0.0,5.59,0.34,none,0,3712.0,1.1018760389456186,1.0,0.9759078212290503,0.0,0.0,0.058823529411764705,0.02
0.0,0.0,0.0,16.0,436.0,1,0.0,2.79,0.34,none,0,0.0,0.0,1.0,0.5000896217960208,0.0,0.0,0.058823529411764705,0.02
0.0,1856.0,1856.0,16.0,428.0,1,0.0,4.69,0.34,none,0,3712.0,1.2383239925273553,1.0,0.8386981402002861,0.0,0.0,0.058823529411764705,0.02
0.0,1908.0,1908.0,16.0,407.0,1,0.0,2.47,0.34,none,0,3816.0,1.1980409393444682,1.0,0.4550478997789241,0.0,0.0,0.058823529411764705,0.02
0.0,1856.0,1856.0,16.0,357.0,1,0.0,1.85,0.31,none,0,3712.0,1.1012222617776195,1.0,0.35366086790288664,0.0,0.0,0.058823529411764705,0.018235294117647058
0.0,1856.0,1856.0,16.0,813.0,1,0.0,8.89,0.31,none,0,3712.0,1.1012222617776195,1.0,1.5621156211562117,0.0,0.0,0.058823529411764705,0.018235294117647058
0.0,1856.0,1856.0,16.0,652.0,1,0.0,8.03,0.31,none,0,3712.0,1.1012222617776195,1.0,1.5516908212560385,0.0,0.0,0.058823529411764705,0.018235294117647058
0.0,1026.0,1026.0,16.0,502.0,1,0.0,6.56,0.31,none,0,2052.0,0.6442295617229687,1.0,1.3028798411122147,0.0,0.0,0.058823529411764705,0.018235294117647058
0.0,928.0,928.0,16.0,365.0,1,0.0,2.15,0.31,none,0,1856.0,0.6187491665555408,1.0,0.4515858013022474,0.0,0.0,0.058823529411764705,0.018235294117647058
0.0,1856.0,1856.0,16.0,483.0,1,0.0,5.28,0.36,none,0,3712.0,1.2374983331110816,1.0,1.093167701863354,0.0,0.0,0.058823529411764705,0.021176470588235293
0.0,1856.0,1856.0,16.0,508.0,1,0.0,7.37,0.36,none,0,3712.0,1.2374983331110816,1.0,1.4716453674121406,0.0,0.0,0.058823529411764705,0.021176470588235293
0.0,1856.0,1856.0,16.0,700.0,1,0.0,10.85,0.36,none,0,3712.0,1.1012222617776195,1.0,1.8661850705194358,0.0,0.0,0.058823529411764705,0.021176470588235293
0.0,1856.0,1856.0,16.0,438.0,1,0.0,3.98,0.36,none,0,3712.0,1.1012222617776195,1.0,0.6930175866271983,0.0,0.0,0.058823529411764705,0.021176470588235293
0.0,1856.0,1856.0,16.0,351.0,1,0.0,3.36,0.42,none,0,3712.0,1.104630401142721,1.0,0.5761316872427984,0.0,0.0,0.058823529411764705,0.024705882352941175
0.0,928.0,928.0,16.0,377.0,1,0.0,4.66,0.42,none,0,1856.0,0.5846037545672168,1.0,0.7623098315066253,0.0,0.0,0.058823529411764705,0.024705882352941175
0.0,928.0,928.0,16.0,326.0,1,0.0,2.21,0.42,none,0,1856.0,0.6209019135554664,1.0,0.4058769513314968,0.0,0.0,0.058823529411764705,0.024705882352941175
0.0,1856.0,1856.0,16.0,521.0,1,0.0,8.06,0.42,none,0,3712.0,1.2418038271109328,1.0,1.4794419970631427,0.0,0.0,0.058823529411764705,0.024705882352941175
0.0,1954.0,1954.0,16.0,586.0,1,0.0,8.4,0.42,none,0,3908.0,1.2309436814917474,1.0,1.491477272727273,0.0,0.0,0.058823529411764705,0.024705882352941175
0.0,1856.0,1856.0,16.0,515.0,1,0.0,8.07,0.38,none,0,3712.0,1.104630401142721,1.0,1.2965938303341904,0.0,0.0,0.058823529411764705,0.02235294117647059
0.0,1856.0,1856.0,16.0,499.0,1,0.0,7.57,0.38,none,0,3712.0,1.104630401142721,1.0,1.1730977839764452,0.0,0.0,0.058823529411764705,0.02235294117647059
0.0,1856.0,1856.0,16.0,590.0,1,0.0,9.31,0.38,none,0,3712.0,1.104630401142721,1.0,1.4006318639987965,0.0,0.0,0.058823529411764705,0.02235294117647059
0.0,1856.0,1856.0,16.0,539.0,1,0.0,6.52,0.38,none,0,3712.0,1.104630401142721,1.0,1.0492436433859027,0.0,0.0,0.058823529411764705,0.02235294117647059
0.0,0.0,0.0,16.0,179.0,1,0.0,0.26,0.38,none,0,0.0,0.0,1.0,0.04450530640191715,0.0,0.0,0.058823529411764705,0.02235294117647059
0.0,3712.0,3712.0,16.0,633.0,1,0.0,3.67,0.35,none,0,7424.0,2.209260802285442,1.0,0.6248935807934616,0.0,0.0,0.058823529411764705,0.020588235294117647
0.0,1856.0,1856.0,16.0,679.0,1,0.0,1.28,0.35,none,0,3712.0,1.0468133107727016,1.0,0.23125564588979222,0.0,0.0,0.058823529411764705,0.020588235294117647
0.0,1954.0,1954.0,16.0,608.0,1,0.0,8.71,0.35,none,0,3908.0,1.0417999573469823,1.0,1.408245755860954,0.0,0.0,0.058823529411764705,0.020588235294117647
0.0,1856.0,1856.0,16.0,323.0,1,0.0,1.67,0.32,none,0,3712.0,0.9895500106632544,1.0,0.30111792282726285,0.0,0.0,0.058823529411764705,0.018823529411764708
0.0,1856.0,1856.0,16.0,510.0,1,0.0,2.75,0.32,none,0,3712.0,0.9947475613677779,1.0,0.5520979722947199,0.0,0.0,0.058823529411764705,0.018823529411764708
0.0,1856.0,1856.0,16.0,400.0,1,0.0,3.6,0.32,none,0,3712.0,0.9947475613677779,1.0,0.7940008822232024,0.0,0.0,0.058823529411764705,0.018823529411764708
0.0,0.0,0.0,16.0,498.0,1,0.0,1.82,0.32,none,0,0.0,0.0,1.0,0.4597120484970952,0.0,0.0,0.058823529411764705,0.018823529411764708
0.0,1898.0,1898.0,16.0,479.0,1,0.0,4.04,0.32,none,0,3796.0,1.1268107337924482,1.0,1.1771561771561772,0.0,0.0,0.058823529411764705,0.018823529411764708
0.0,1856.0,1856.0,16.0,514.0,1,0.0,4.79,0.3,none,0,3712.0,1.1018760389456186,1.0,1.4697760049094812,0.0,0.0,0.058823529411764705,0.01764705882352941
0.0,1856.0,1856.0,16.0,577.0,1,0.0,6.32,0.3,none,0,3712.0,0.9925133689839573,1.0,1.635187580853816,0.0,0.0,0.058823529411764705,0.01764705882352941
0.0,928.0,928.0,16.0,620.0,1,0.0,8.44,0.3,none,0,1856.0,0.5830610706207591,1.0,1.943804698295716,0.0,0.0,0.058823529411764705,0.01764705882352941
0.0,1856.0,1856.0,16.0,675.0,1,0.0,7.59,0.3,none,0,3712.0,1.1661221412415181,1.0,1.5262417052081239,0.0,0.0,0.058823529411764705,0.01764705882352941
0.0,1026.0,1026.0,16.0,444.0,1,0.0,5.5,0.35,none,0,2052.0,0.6845476381104885,1.0,1.182287188306105,0.0,0.0,0.058823529411764705,0.020588235294117647
0.0,1856.0,1856.0,16.0,584.0,1,0.0,6.35,0.35,none,0,3712.0,1.2383239925273553,1.0,1.2402343750000002,0.0,0.0,0.058823529411764705,0.020588235294117647
0.0,1856.0,1856.0,16.0,601.0,1,0.0,5.87,0.35,none,0,3712.0,1.2383239925273553,1.0,1.0806332842415316,0.0,0.0,0.058823529411764705,0.020588235294117647
0.0,1856.0,1856.0,16.0,611.0,1,0.0,6.41,0.35,none,0,3712.0,1.2383239925273553,1.0,1.1220024505513742,0.0,0.0,0.058823529411764705,0.020588235294117647
0.0,1856.0,1856.0,16.0,532.0,1,0.0,4.86,0.35,none,0,3712.0,1.1018760389456186,1.0,0.8077114841283032,0.0,0.0,0.058823529411764705,0.020588235294117647
0.0,1856.0,1856.0,16.0,534.0,1,0.0,5.0,0.41,none,0,3712.0,1.104630401142721,1.0,0.8179290037624734,0.0,0.0,0.058823529411764705,0.02411764705882353
0.0,1856.0,1856.0,16.0,542.0,1,0.0,5.74,0.41,none,0,3712.0,1.104630401142721,1.0,0.9246134020618557,0.0,0.0,0.058823529411764705,0.02411764705882353
0.0,928.0,928.0,16.0,401.0,1,0.0,4.04,0.41,none,0,1856.0,0.5846037545672168,1.0,0.6755852842809364,0.0,0.0,0.058823529411764705,0.02411764705882353
0.0,1856.0,1856.0,16.0,584.0,1,0.0,8.24,0.41,none,0,3712.0,1.104630401142721,1.0,1.38255033557047,0.0,0.0,0.058823529411764705,0.02411764705882353
0.0,1026.0,1026.0,16.0,570.0,1,0.0,5.84,0.41,none,0,2052.0,0.6423741547708489,1.0,1.0095073465859983,0.0,0.0,0.058823529411764705,0.02411764705882353
0.0,1856.0,1856.0,16.0,474.0,1,0.0,3.85,0.37,none,0,3712.0,1.104630401142721,1.0,0.6850533807829181,0.0,0.0,0.058823529411764705,0.02176470588235294
0.0,1856.0,1856.0,16.0,648.0,1,0.0,6.14,0.37,none,0,3712.0,1.104630401142721,1.0,1.0966243972137881,0.0,0.0,0.058823529411764705,0.02176470588235294
0.0,1856.0,1856.0,16.0,426.0,1,0.0,2.73,0.37,none,0,3712.0,1.104630401142721,1.0,0.5165562913907285,0.0,0.0,0.058823529411764705,0.02176470588235294
0.0,1856.0,1856.0,16.0,620.0,1,0.0,8.16,0.37,none,0,3712.0,1.104630401142721,1.0,1.4945054945054945,0.0,0.0,0.058823529411764705,0.02176470588235294
0.0,1898.0,1898.0,16.0,504.0,1,0.0,6.65,0.42,none,0,3796.0,1.1268107337924482,1.0,1.1792871076431992,0.0,0.0,0.058823529411764705,0.024705882352941175
0.0,1856.0,1856.0,16.0,536.0,1,0.0,6.33,0.42,none,0,3712.0,1.1018760389456186,1.0,1.0966735966735965,0.0,0.0,0.058823529411764705,0.024705882352941175
0.0,928.0,928.0,16.0,201.0,1,0.0,1.05,0.42,none,0,1856.0,0.5830610706207591,1.0,0.19800113143503678,0.0,0.0,0.058823529411764705,0.024705882352941175
0.0,928.0,928.0,16.0,390.0,1,0.0,3.66,0.42,none,0,1856.0,0.5830610706207591,1.0,0.6951566951566952,0.0,0.0,0.058823529411764705,0.024705882352941175
0.0,1856.0,1856.0,16.0,868.0,1,0.0,10.46,0.42,none,0,3712.0,1.1661221412415181,1.0,1.906324038636778,0.0,0.0,0.058823529411764705,0.024705882352941175
0.0,1954.0,1954.0,16.0,605.0,1,0.0,8.36,0.39,none,0,3908.0,1.1600569935882212,1.0,1.4566997734797003,0.0,0.0,0.058823529411764705,0.022941176470588236
0.0,1856.0,1856.0,16.0,498.0,1,0.0,8.07,0.39,none,0,3712.0,1.1018760389456186,1.0,1.3098522967050805,0.0,0.0,0.058823529411764705,0.022941176470588236
0.0,1856.0,1856.0,16.0,488.0,1,0.0,7.92,0.39,none,0,3712.0,1.1018760389456186,1.0,1.2494084240416468,0.0,0.0,0.058823529411764705,0.022941176470588236
0.0,1856.0,1856.0,16.0,441.0,1,0.0,7.85,0.39,none,0,3712.0,1.1018760389456186,1.0,1.1458181287403297,0.0,0.0,0.058823529411764705,0.022941176470588236
0.0,0.0,0.0,16.0,446.0,1,0.0,4.42,0.39,none,0,0.0,0.0,1.0,0.6824146981627297,0.0,0.0,0.058823529411764705,0.022941176470588236
0.0,1856.0,1856.0,16.0,455.0,1,0.0,5.94,0.36,none,0,3712.0,1.2418038271109328,1.0,0.9272556977833281,0.0,0.0,0.058823529411764705,0.021176470588235293
0.0,1856.0,1856.0,16.0,580.0,1,0.0,6.63,0.36,none,0,3712.0,1.2418038271109328,1.0,1.0301429459291485,0.0,0.0,0.058823529411764705,0.021176470588235293
0.0,1856.0,1856.0,16.0,455.0,1,0.0,4.08,0.36,none,0,3712.0,1.1692075091344336,1.0,0.6054310728594747,0.0,0.0,0.058823529411764705,0.021176470588235293
0.0,1856.0,1856.0,16.0,547.0,1,0.0,9.3,0.36,none,0,3712.0,1.104630401142721,1.0,1.2734492674243463,0.0,0.0,0.058823529411764705,0.021176470588235293
0.0,0.0,0.0,16.0,515.0,1,0.0,4.95,0.36,none,0,0.0,0.0,1.0,0.7331161137440759,0.0,0.0,0.058823529411764705,0.021176470588235293
0.0,1954.0,1954.0,16.0,480.0,1,0.0,7.69,0.41,none,0,3908.0,1.3073732102234712,1.0,1.1503365744203442,0.0,0.0,0.058823529411764705,0.02411764705882353
0.0,1856.0,1856.0,16.0,488.0,1,0.0,6.37,0.41,none,0,3712.0,1.2418038271109328,1.0,0.9777436684574059,0.0,0.0,0.058823529411764705,0.02411764705882353
0.0,1856.0,2050.0,16.0,554.0,1,0.0,8.36,0.41,none,0,3906.0,1.298278268962308,1.0,1.2745845403262692,0.0,0.0,0.058823529411764705,0.02411764705882353
0.0,1856.0,1856.0,16.0,447.0,1,0.0,7.53,0.41,none,0,3712.0,1.2337964501761618,1.0,1.1536693733721464,0.0,0.0,0.058823529411764705,0.02411764705882353
0.0,1856.0,1856.0,16.0,583.0,1,0.0,3.86,0.41,none,0,3712.0,1.0982898396354814,1.0,0.5965074949775923,0.0,0.0,0.058823529411764705,0.02411764705882353
0.0,0.0,0.0,16.0,269.0,1,0.0,1.04,0.38,none,0,0.0,0.0,1.0,0.17388396589199132,0.0,0.0,0.058823529411764705,0.02235294117647059
0.0,3712.0,3712.0,16.0,659.0,1,0.0,4.83,0.38,none,0,7424.0,2.196579679270963,1.0,0.8326150663678676,0.0,0.0,0.058823529411764705,0.02235294117647059
0.0,928.0,928.0,16.0,300.0,1,0.0,0.38,0.38,none,0,1856.0,0.5810531588504164,1.0,0.06996869821395692,0.0,0.0,0.058823529411764705,0.02235294117647059
0.0,928.0,928.0,16.0,456.0,1,0.0,3.23,0.38,none,0,1856.0,0.6168982250880809,1.0,0.6695688225538972,0.0,0.0,0.058823529411764705,0.02235294117647059
0.0,1954.0,1954.0,16.0,635.0,1,0.0,6.93,0.43,none,0,3908.0,1.1496146378772725,1.0,1.3799283154121862,0.0,0.0,0.058823529411764705,0.025294117647058825
0.0,1856.0,1856.0,16.0,550.0,1,0.0,8.07,0.43,none,0,3712.0,1.0982898396354814,1.0,1.5948616600790513,0.0,0.0,0.058823529411764705,0.025294117647058825
0.0,1856.0,1856.0,16.0,503.0,1,0.0,4.99,0.43,none,0,3712.0,1.0982898396354814,1.0,1.0138155221454694,0.0,0.0,0.058823529411764705,0.025294117647058825
0.0,1856.0,1856.0,16.0,506.0,1,0.0,7.12,0.43,none,0,3712.0,1.104630401142721,1.0,1.4839516465193832,0.0,0.0,0.058823529411764705,0.025294117647058825
0.0,1856.0,1856.0,16.0,443.0,1,0.0,2.97,0.39,none,0,3712.0,1.104630401142721,1.0,0.684016582220175,0.0,0.0,0.058823529411764705,0.022941176470588236
0.0,42.0,42.0,16.0,258.0,1,0.0,2.56,0.39,none,0,84.0,0.02802241793434748,1.0,0.6077872744539411,0.0,0.0,0.058823529411764705,0.022941176470588236
0.0,1856.0,1856.0,16.0,455.0,1,0.0,2.45,0.39,none,0,3712.0,1.1018760389456186,1.0,0.5628302320238916,0.0,0.0,0.058823529411764705,0.022941176470588236
0.0,1856.0,1856.0,16.0,420.0,1,0.0,2.72,0.39,none,0,3712.0,1.2383239925273553,1.0,0.6566875905359729,0.0,0.0,0.058823529411764705,0.022941176470588236
0.0,1856.0,1856.0,16.0,359.0,1,0.0,2.96,0.39,none,0,3712.0,1.1661221412415181,1.0,0.6727272727272726,0.0,0.0,0.058823529411764705,0.022941176470588236
0.0,1954.0,1856.0,16.0,591.0,1,0.0,10.16,0.44,none,0,3810.0,1.127686023796839,1.0,1.9948949538582368,0.0,0.0,0.058823529411764705,0.02588235294117647
0.0,1856.0,1954.0,16.0,480.0,1,0.0,3.55,0.44,none,0,3810.0,1.13096651626692,1.0,0.7465825446898002,0.0,0.0,0.058823529411764705,0.02588235294117647
0.0,928.0,928.0,16.0,354.0,1,0.0,2.09,0.44,none,0,1856.0,0.5830610706207591,1.0,0.5027664180899687,0.0,0.0,0.058823529411764705,0.02588235294117647
0.0,928.0,928.0,16.0,339.0,1,0.0,1.04,0.44,none,0,1856.0,0.6191619962636776,1.0,0.2764486975013291,0.0,0.0,0.058823529411764705,0.02588235294117647
0.0,1856.0,1856.0,16.0,472.0,1,0.0,7.75,0.44,none,0,3712.0,1.2383239925273553,1.0,2.026143790849673,0.0,0.0,0.058823529411764705,0.02588235294117647
0.0,1856.0,1856.0,16.0,601.0,1,0.0,8.24,0.41,none,0,3712.0,1.2383239925273553,1.0,1.8933823529411764,0.0,0.0,0.058823529411764705,0.02411764705882353
0.0,1856.0,1856.0,16.0,544.0,1,0.0,6.79,0.41,none,0,3712.0,1.104630401142721,1.0,1.4219895287958115,0.0,0.0,0.058823529411764705,0.02411764705882353
0.0,1856.0,1856.0,16.0,451.0,1,0.0,5.77,0.41,none,0,3712.0,1.104630401142721,1.0,1.129821813197572,0.0,0.0,0.058823529411764705,0.02411764705882353
0.0,0.0,0.0,16.0,309.0,1,0.0,2.34,0.41,none,0,0.0,0.0,1.0,0.4616295127244032,0.0,0.0,0.058823529411764705,0.02411764705882353
0.0,1856.0,1856.0,16.0,452.0,1,0.0,4.02,0.41,none,0,3712.0,1.2418038271109328,1.0,0.7768115942028985,0.0,0.0,0.058823529411764705,0.02411764705882353
0.0,1954.0,1954.0,16.0,699.0,1,0.0,7.44,0.53,none,0,3908.0,1.3031010336778925,1.0,1.517438303079747,0.0,0.0,0.058823529411764705,0.031176470588235295
0.0,1856.0,1856.0,16.0,389.0,1,0.0,2.97,0.53,none,0,3712.0,1.2418038271109328,1.0,0.6130030959752322,0.0,0.0,0.058823529411764705,0.031176470588235295
0.0,1856.0,1856.0,16.0,460.0,1,0.0,4.28,0.53,none,0,3712.0,1.1692075091344336,1.0,0.8451816745655608,0.0,0.0,0.058823529411764705,0.031176470588235295
0.0,1856.0,1856.0,16.0,442.0,1,0.0,4.02,0.53,none,0,3712.0,1.104630401142721,1.0,0.7497202536367026,0.0,0.0,0.058823529411764705,0.031176470588235295
0.0,928.0,928.0,16.0,182.0,1,0.0,0.5,0.53,none,0,1856.0,0.5846037545672168,1.0,0.10782833728703904,0.0,0.0,0.058823529411764705,0.031176470588235295
0.0,928.0,928.0,16.0,419.0,1,0.0,2.5,0.57,none,0,1856.0,0.6209019135554664,1.0,0.6153088850603003,0.0,0.0,0.058823529411764705,0.03352941176470588
0.0,1856.0,1856.0,16.0,611.0,1,0.0,9.46,0.57,none,0,3712.0,1.2418038271109328,1.0,2.184757505773672,0.0,0.0,0.058823529411764705,0.03352941176470588
0.0,1856.0,1856.0,16.0,450.0,1,0.0,4.27,0.57,none,0,3712.0,1.2418038271109328,1.0,1.0215311004784686,0.0,0.0,0.058823529411764705,0.03352941176470588
0.0,1856.0,1856.0,16.0,484.0,1,0.0,6.43,0.57,none,0,3712.0,1.104630401142721,1.0,1.4011767269557636,0.0,0.0,0.058823529411764705,0.03352941176470588
0.0,1856.0,1856.0,16.0,410.0,1,0.0,5.5,0.53,none,0,3712.0,1.104630401142721,1.0,1.1610724086974877,0.0,0.0,0.058823529411764705,0.031176470588235295
0.0,1954.0,1954.0,16.0,620.0,1,0.0,8.99,0.53,none,0,3908.0,1.1629567908582312,1.0,1.8376941946034342,0.0,0.0,0.058823529411764705,0.031176470588235295
0.0,928.0,928.0,16.0,400.0,1,0.0,1.52,0.53,none,0,1856.0,0.5846037545672168,1.0,0.3202022329892564,0.0,0.0,0.058823529411764705,0.031176470588235295
0.0,928.0,928.0,16.0,302.0,1,0.0,1.5,0.53,none,0,1856.0,0.6209019135554664,1.0,0.33564555829044534,0.0,0.0,0.058823529411764705,0.031176470588235295
0.0,1856.0,1856.0,16.0,481.0,1,0.0,1.95,0.53,none,0,3712.0,1.2418038271109328,1.0,0.4575316752698263,0.0,0.0,0.058823529411764705,0.031176470588235295
0.0,1898.0,1898.0,16.0,458.0,1,0.0,2.93,0.48,none,0,3796.0,1.1925106810756472,1.0,0.6503884572697003,0.0,0.0,0.058823529411764705,0.028235294117647056
0.0,1856.0,1856.0,15.0,603.0,1,0.0,5.17,0.48,none,0,3712.0,1.1018760389456186,0.9433962264150944,1.0834031852472756,0.0,0.0,0.0625,0.03
0.0,1856.0,1856.0,16.0,318.0,1,0.0,2.16,0.48,none,0,3712.0,1.1018760389456186,1.0062893081761006,0.5343889163780308,0.0,0.0,0.058823529411764705,0.028235294117647056
0.0,1856.0,1856.0,16.0,533.0,1,0.0,3.63,0.48,none,0,3712.0,1.1018760389456186,1.0062893081761006,0.9125188536953243,0.0,0.0,0.058823529411764705,0.028235294117647056
0.0,1856.0,1856.0,16.0,460.0,1,0.0,5.84,0.6,none,0,3712.0,1.1018760389456186,1.0062893081761006,1.4901760653227865,0.0,0.0,0.058823529411764705,0.03529411764705882
0.0,1954.0,1954.0,16.0,619.0,1,0.0,10.65,0.6,none,0,3908.0,1.1533467123125958,1.0062893081761006,2.401894451962111,0.0,0.0,0.058823529411764705,0.03529411764705882
0.0,1856.0,1856.0,16.0,541.0,1,0.0,5.69,0.6,none,0,3712.0,1.1018760389456186,1.0062893081761006,1.3864522417153993,0.0,0.0,0.058823529411764705,0.03529411764705882
0.0,0.0,0.0,16.0,186.0,1,0.0,1.28,0.6,none,0,0.0,0.0,1.0062893081761006,0.3137254901960784,0.0,0.0,0.058823529411764705,0.03529411764705882
0.0,1856.0,1856.0,16.0,420.0,1,0.0,5.0,0.6,none,0,3712.0,1.1018760389456186,1.0062893081761006,1.128668171557562,0.0,0.0,0.058823529411764705,0.03529411764705882
0.0,1856.0,1856.0,16.0,502.0,1,0.0,7.55,0.72,none,0,3712.0,1.1018760389456186,1.0062893081761006,1.5130260521042083,0.0,0.0,0.058823529411764705,0.042352941176470586
0.0,1856.0,1856.0,16.0,556.0,1,0.0,6.07,0.72,none,0,3712.0,1.104630401142721,1.0062893081761006,1.144419306184012,0.0,0.0,0.058823529411764705,0.042352941176470586
0.0,1856.0,1856.0,16.0,669.0,1,0.0,9.14,0.72,none,0,3712.0,1.104630401142721,1.0,1.603227503946676,0.0,0.0,0.058823529411764705,0.042352941176470586
0.0,1856.0,1856.0,16.0,607.0,1,0.0,8.27,0.72,none,0,3712.0,1.104630401142721,1.0,1.3102027883396703,0.0,0.0,0.058823529411764705,0.042352941176470586
0.0,1856.0,1856.0,16.0,504.0,1,0.0,6.15,0.72,none,0,3712.0,1.104630401142721,1.0,0.936928702010969,0.0,0.0,0.058823529411764705,0.042352941176470586
0.0,0.0,0.0,16.0,307.0,1,0.0,1.81,0.74,none,0,0.0,0.0,1.0,0.2937834767083266,0.0,0.0,0.058823529411764705,0.04352941176470588
0.0,1954.0,1954.0,16.0,501.0,1,0.0,3.3,0.74,none,0,3908.0,1.3073732102234712,1.0,0.6081828234426834,0.0,0.0,0.058823529411764705,0.04352941176470588
0.0,1856.0,1856.0,16.0,633.0,1,0.0,8.47,0.74,none,0,3712.0,1.2418038271109328,1.0,1.4849228611500702,0.0,0.0,0.058823529411764705,0.04352941176470588
0.0,1856.0,1856.0,16.0,405.0,1,0.0,5.47,0.74,none,0,3712.0,1.104630401142721,1.0,0.8933529315694921,0.0,0.0,0.058823529411764705,0.04352941176470588
0.0,1856.0,1856.0,16.0,496.0,1,0.0,6.37,0.68,none,0,3712.0,1.104630401142721,1.0,1.0175718849840256,0.0,0.0,0.058823529411764705,0.04
0.0,1856.0,1856.0,16.0,438.0,1,0.0,7.07,0.68,none,0,3712.0,1.104630401142721,1.0,1.1381197681905988,0.0,0.0,0.058823529411764705,0.04
0.0,1898.0,1898.0,16.0,491.0,1,0.0,3.54,0.68,none,0,3796.0,1.1268107337924482,1.0,0.594059405940594,0.0,0.0,0.058823529411764705,0.04
0.0,0.0,0.0,16.0,351.0,1,0.0,4.95,0.68,none,0,0.0,0.0,1.0,0.8935018050541517,0.0,0.0,0.058823529411764705,0.04
0.0,2784.0,2784.0,16.0,446.0,1,0.0,1.55,0.68,none,0,5568.0,1.749183211862277,1.0,0.3184059161873459,0.0,0.0,0.058823529411764705,0.04
0.0,928.0,928.0,16.0,404.0,1,0.0,4.44,0.62,none,0,1856.0,0.6191619962636776,1.0,0.9452842239727486,0.0,0.0,0.058823529411764705,0.036470588235294116
0.0,1954.0,1954.0,16.0,718.0,1,0.0,8.49,0.62,none,0,3908.0,1.1533467123125958,1.0,1.5824790307548928,0.0,0.0,0.058823529411764705,0.036470588235294116
0.0,1856.0,1856.0,16.0,731.0,1,0.0,10.57,0.62,none,0,3712.0,1.1018760389456186,1.0,1.7350623768877216,0.0,0.0,0.058823529411764705,0.036470588235294116
0.0,1856.0,1856.0,16.0,572.0,1,0.0,7.07,0.62,none,0,3712.0,1.1018760389456186,1.0,1.1878360215053765,0.0,0.0,0.058823529411764705,0.036470588235294116
0.0,1856.0,1856.0,16.0,433.0,1,0.0,5.57,0.62,none,0,3712.0,1.1018760389456186,1.0,0.934250251593425,0.0,0.0,0.058823529411764705,0.036470588235294116
0.0,928.0,928.0,16.0,389.0,1,0.0,2.9,0.66,none,0,1856.0,0.5830610706207591,1.0,0.5164737310774711,0.0,0.0,0.058823529411764705,0.03882352941176471
0.0,928.0,928.0,16.0,290.0,1,0.0,1.79,0.66,none,0,1856.0,0.6191619962636776,1.0,0.35187733438175745,0.0,0.0,0.058823529411764705,0.03882352941176471
0.0,1856.0,1856.0,16.0,697.0,1,0.0,10.42,0.66,none,0,3712.0,1.2418038271109328,1.0,1.8043290043290041,0.0,0.0,0.058823529411764705,0.03882352941176471
0.0,1856.0,1856.0,16.0,533.0,1,0.0,8.4,0.66,none,0,3712.0,1.104630401142721,1.0,1.3725490196078431,0.0,0.0,0.058823529411764705,0.03882352941176471
0.0,1856.0,1856.0,16.0,416.0,1,0.0,6.41,0.66,none,0,3712.0,1.1692075091344336,1.0,0.9703300030275508,0.0,0.0,0.058823529411764705,0.03882352941176471
0.0,1856.0,1856.0,16.0,601.0,1,0.0,5.06,0.6,none,0,3712.0,1.104630401142721,1.0,0.758848230353929,0.0,0.0,0.058823529411764705,0.03529411764705882
0.0,1954.0,1954.0,16.0,680.0,1,0.0,7.05,0.6,none,0,3908.0,1.1629567908582312,1.0,1.0806253832004906,0.0,0.0,0.058823529411764705,0.03529411764705882
0.0,1856.0,1856.0,16.0,488.0,1,0.0,5.84,0.6,none,0,3712.0,1.104630401142721,1.0,0.9651297306230374,0.0,0.0,0.058823529411764705,0.03529411764705882
0.0,824.0,824.0,16.0,312.0,2,0.0,1.26,0.6,none,0,1648.0,0.5225110970196576,1.0,0.2303473491773309,0.0,0.0,0.11764705882352941,0.03529411764705882
0.0,1032.0,1032.0,16.0,389.0,1,0.0,1.35,0.55,none,0,2064.0,0.6904857486953031,1.0,0.26743264659271,0.0,0.0,0.058823529411764705,0.03235294117647059
0.0,1856.0,1856.0,16.0,423.0,1,0.0,4.0,0.55,none,0,3712.0,1.1692075091344336,1.0,0.775494377665762,0.0,0.0,0.058823529411764705,0.03235294117647059
0.0,1856.0,1856.0,16.0,563.0,1,0.0,7.79,0.55,none,0,3712.0,1.104630401142721,1.0,1.3529003126085446,0.0,0.0,0.058823529411764705,0.03235294117647059
0.0,1856.0,1856.0,16.0,607.0,1,0.0,4.29,0.55,none,0,3712.0,1.104630401142721,1.0,0.8338192419825073,0.0,0.0,0.058823529411764705,0.03235294117647059
0.0,200.0,200.0,27.0,671.0,0,0.0,12.84,0.69,none,0,400.0,0.1320480654958405,1.5789473684210524,2.2973698336017176,0.0,0.0,0.0,0.02464285714285714
0.0,200.0,200.0,27.0,434.0,0,0.0,6.15,0.64,none,0,400.0,0.14825796886582654,1.4835164835164836,1.1055186050692072,0.0,0.0,0.0,0.022857142857142857
0.0,200.0,200.0,27.0,661.0,0,0.0,7.6,0.64,none,0,400.0,0.1690045631232043,1.398963730569948,1.3065153859377685,0.0,0.0,0.0,0.022857142857142857
0.0,100.0,100.0,27.0,701.0,0,0.0,12.05,0.64,none,0,200.0,0.10020040080160321,1.323529411764706,1.9075510527148964,0.0,0.0,0.0,0.022857142857142857
0.0,198.0,198.0,27.0,745.0,0,0.0,16.72,0.64,none,0,396.0,0.23792357606344627,1.255813953488372,2.2579338284942607,0.0,0.0,0.0,0.022857142857142857
0.0,200.0,200.0,27.0,551.0,0,13.0,12.9,0.83,none,0,400.0,0.2598077422707197,1.1946902654867255,1.505426537518964,1.007751156782049,0.0,0.0,0.02964285714285714
0.0,200.0,200.0,27.0,643.0,0,11.2,17.07,0.83,none,0,400.0,0.29129041654529564,1.139240506329114,1.68326595010354,0.6561214668298377,0.0,0.0,0.02964285714285714
0.0,98.0,98.0,27.0,561.0,0,11.0,10.2,0.83,none,0,196.0,0.1918559122944401,1.0887096774193548,0.9478672985781991,1.0784303152643968,0.0,0.0,0.02964285714285714
0.0,200.0,200.0,27.0,958.0,0,10.8,22.18,0.83,none,0,400.0,0.5793742757821553,1.0424710424710426,1.818032786885246,0.48692493826648414,0.0,0.0,0.02964285714285714
0.0,242.0,242.0,27.0,528.0,0,0.0,12.22,0.83,none,0,484.0,1.3166485310119695,1.0,0.9405064265373663,0.0,0.0,0.0,0.02964285714285714
0.0,200.0,200.0,27.0,564.0,0,12.6,11.02,1.0,none,0,400.0,1.088139281828074,1.0,0.8601982671141986,1.1433746430357141,0.0,0.0,0.03571428571428571
0.0,0.0,0.0,27.0,657.0,0,11.4,10.74,1.0,none,0,0.0,0.0,1.0,0.8093443858327054,1.0614515256503485,0.0,0.0,0.03571428571428571
0.0,200.0,200.0,27.0,519.0,0,12.3,14.25,1.0,none,0,400.0,1.2210012210012209,1.0,1.0226049515608182,0.8631572890124288,0.0,0.0,0.03571428571428571
0.0,298.0,200.0,27.0,962.0,0,0.0,23.85,1.0,none,0,498.0,1.3933967543368775,1.0,1.577902745616937,0.0,0.0,0.0,0.03571428571428571
0.0,200.0,298.0,27.0,516.0,0,0.0,9.28,0.92,none,0,498.0,1.3547334058759521,1.0,0.6457449029295108,0.0,0.0,0.0,0.032857142857142856
0.0,0.0,0.0,27.0,401.0,0,11.5,4.27,0.92,none,0,0.0,0.0,1.0,0.3161089724607639,2.693202123648423,0.0,0.0,0.032857142857142856
0.0,298.0,298.0,27.0,667.0,0,10.2,17.17,0.92,none,0,596.0,1.7165898617511521,1.0,1.2701583074419294,0.5940590599539545,0.0,0.0,0.032857142857142856
0.0,200.0,200.0,27.0,664.0,0,0.0,15.18,0.92,none,0,400.0,1.088139281828074,1.0,1.0830479452054795,0.0,0.0,0.0,0.032857142857142856
0.0,200.0,200.0,27.0,920.0,0,10.1,24.75,1.09,none,0,400.0,1.088139281828074,1.0,1.7340432985356968,0.40808064319974013,0.0,0.0,0.03892857142857143
0.0,0.0,0.0,27.0,257.0,0,0.0,2.39,1.09,none,0,0.0,0.0,1.0,0.17983446200150488,0.0,0.0,0.0,0.03892857142857143
0.0,200.0,200.0,27.0,782.0,0,11.8,17.95,1.09,none,0,400.0,1.2531328320802007,1.0,1.283701637702925,0.6573812493697776,0.0,0.0,0.03892857142857143
0.0,200.0,200.0,27.0,571.0,0,11.3,18.1,1.09,none,0,400.0,1.1135857461024499,1.0,1.2297031048304914,0.6243090473430678,0.0,0.0,0.03892857142857143
0.0,200.0,200.0,27.0,516.0,0,0.0,8.51,1.09,none,0,400.0,1.1135857461024499,1.0,0.6016260162601627,0.0,0.0,0.0,0.03892857142857143
0.0,98.0,98.0,27.0,1361.0,0,0.0,8.36,1.0,none,0,196.0,0.5957446808510638,1.0,0.6637027627818355,0.0,0.0,0.0,0.03571428571428571
0.0,200.0,200.0,27.0,1073.0,0,0.0,6.15,1.0,none,0,400.0,1.2531328320802007,1.0,0.500692013351787,0.0,0.0,0.0,0.03571428571428571
0.0,200.0,200.0,27.0,527.0,0,0.0,5.85,1.0,none,0,400.0,1.1135857461024499,1.0,0.4702194357366771,0.0,0.0,0.0,0.03571428571428571
0.0,298.0,298.0,27.0,1454.0,0,0.0,7.61,1.0,none,0,596.0,1.6592427616926504,1.0,0.6626033957335655,0.0,0.0,0.0,0.03571428571428571
0.0,200.0,200.0,27.0,1152.0,0,0.0,7.87,1.0,none,0,400.0,1.1135857461024499,1.0,0.7318207178724196,0.0,0.0,0.0,0.03571428571428571
0.0,242.0,242.0,27.0,603.0,0,0.0,5.72,0.92,none,0,484.0,1.3166485310119695,1.0,0.6462546604903401,0.0,0.0,0.0,0.032857142857142856
0.0,200.0,200.0,30.0,1361.0,0,0.0,22.51,0.92,none,0,400.0,0.9813542688910696,1.0989010989010988,2.0721715916413515,0.0,0.0,0.0,0.02967741935483871
0.0,200.0,200.0,30.0,854.0,0,99.3,31.05,0.92,none,0,400.0,0.9813542688910696,1.0869565217391304,2.5507270188121254,3.1980666028771005,0.0,0.0,0.02967741935483871
0.0,242.0,242.0,30.0,529.0,0,26.1,10.72,0.92,none,0,484.0,1.1634615384615385,1.0752688172043012,0.9374726716222127,2.4346992213626666,0.0,0.0,0.02967741935483871
0.0,0.0,0.0,30.0,923.0,0,0.0,11.26,0.92,none,0,0.0,0.0,1.0638297872340425,0.9615713065755763,0.0,0.0,0.0,0.02967741935483871
0.0,298.0,298.0,30.0,709.0,0,0.0,7.97,1.49,none,0,596.0,1.4326923076923077,1.0526315789473684,0.6828892125781851,0.0,0.0,0.0,0.04806451612903226
0.0,200.0,200.0,30.0,417.0,0,0.0,4.17,1.49,none,0,400.0,0.9615384615384616,1.0416666666666667,0.3634620413143903,0.0,0.0,0.0,0.04806451612903226
0.0,298.0,298.0,30.0,750.0,0,0.0,7.84,1.49,none,0,596.0,1.3682277318640954,1.0309278350515463,0.6716929403701165,0.0,0.0,0.0,0.04806451612903226
0.0,200.0,200.0,30.0,666.0,0,0.0,6.48,1.49,none,0,400.0,0.9615384615384616,1.0204081632653061,0.560602128211783,0.0,0.0,0.0,0.04806451612903226
0.0,200.0,200.0,30.0,792.0,0,0.0,10.53,1.53,none,0,400.0,0.9615384615384616,1.0101010101010102,0.8904862579281184,0.0,0.0,0.0,0.04935483870967742
0.0,200.0,200.0,30.0,409.0,0,0.0,3.81,1.53,none,0,400.0,0.9813542688910696,1.0,0.3274883960804538,0.0,0.0,0.0,0.04935483870967742
0.0,100.0,100.0,30.0,484.0,0,0.0,7.24,1.53,none,0,200.0,0.5159958720330237,1.0,0.7163352132185614,0.0,0.0,0.0,0.04935483870967742
0.0,200.0,200.0,30.0,435.0,0,0.0,3.08,1.53,none,0,400.0,1.0319917440660473,1.0,0.4213406292749658,0.0,0.0,0.0,0.04935483870967742
0.0,100.0,100.0,30.0,409.0,0,0.0,5.36,1.53,none,0,200.0,0.5567928730512249,1.0,0.7912607026867435,0.0,0.0,0.0,0.04935483870967742
0.0,298.0,298.0,30.0,954.0,0,0.0,13.54,1.49,none,0,596.0,1.423113658070678,1.0,1.9337332190802627,0.0,0.0,0.0,0.04806451612903226
0.0,200.0,200.0,30.0,622.0,0,0.0,7.57,1.49,none,0,400.0,1.0020040080160322,1.0,1.087331226659006,0.0,0.0,0.0,0.04806451612903226
0.0,200.0,200.0,30.0,553.0,0,0.0,6.89,1.49,none,0,400.0,1.0020040080160322,1.0,0.9524467790987006,0.0,0.0,0.0,0.04806451612903226
0.0,298.0,298.0,30.0,582.0,0,0.0,8.36,1.49,none,0,596.0,1.4929859719438878,1.0,1.1474059840790558,0.0,0.0,0.0,0.04806451612903226
0.0,200.0,200.0,30.0,589.0,0,0.0,8.68,1.49,none,0,400.0,1.0020040080160322,1.0,1.156408206767919,0.0,0.0,0.0,0.04806451612903226
0.0,100.0,100.0,30.0,614.0,0,0.0,6.63,1.37,none,0,200.0,0.5274261603375527,1.0,0.9317032040472173,0.0,0.0,0.0,0.04419354838709678
0.0,100.0,100.0,30.0,546.0,0,0.0,6.1,1.37,none,0,200.0,0.5567928730512249,1.0,0.8304969366916268,0.0,0.0,0.0,0.04419354838709678
0.0,200.0,200.0,30.0,727.0,0,0.0,8.31,1.37,none,0,400.0,1.0548523206751055,1.0,1.115136876006441,0.0,0.0,0.0,0.04419354838709678
0.0,200.0,200.0,30.0,562.0,0,0.0,8.92,1.37,none,0,400.0,1.0548523206751055,1.0,1.1100049776007965,0.0,0.0,0.0,0.04419354838709678
0.0,200.0,200.0,30.0,510.0,0,0.0,8.23,1.37,none,0,400.0,1.0020040080160322,1.0,0.9888261444190799,0.0,0.0,0.0,0.04419354838709678
0.0,298.0,298.0,30.0,933.0,0,0.0,9.54,1.26,none,0,596.0,1.4929859719438878,1.0,1.2040893600908746,0.0,0.0,0.0,0.04064516129032258
0.0,200.0,200.0,30.0,1276.0,0,0.0,8.61,1.26,none,0,400.0,1.0020040080160322,1.0,1.0726298741746605,0.0,0.0,0.0,0.04064516129032258
0.0,200.0,200.0,30.0,1465.0,0,0.0,8.52,1.26,none,0,400.0,1.0020040080160322,1.0,1.0402930402930404,0.0,0.0,0.0,0.04064516129032258
0.0,298.0,298.0,29.0,719.0,0,0.0,8.49,1.26,none,0,596.0,1.4929859719438878,0.9698996655518395,1.0349871998049496,0.0,0.0,0.0,0.042
0.0,0.0,0.0,30.0,399.0,0,0.0,4.7,1.16,none,0,0.0,0.0,1.0033444816053512,0.6021780909673287,0.0,0.0,0.0,0.03741935483870967
0.0,242.0,242.0,30.0,736.0,0,0.0,7.89,1.16,none,0,484.0,1.2487100103199174,1.0033444816053512,0.9948304123061406,0.0,0.0,0.0,0.03741935483870967
0.0,200.0,200.0,30.0,522.0,0,0.0,3.91,1.16,none,0,400.0,0.9813542688910696,1.0033444816053512,0.5070020746887967,0.0,0.0,0.0,0.03741935483870967
0.0,200.0,200.0,30.0,540.0,0,0.0,4.96,1.16,none,0,400.0,0.9813542688910696,1.0033444816053512,0.6723600379558086,0.0,0.0,0.0,0.03741935483870967
0.0,242.0,242.0,30.0,657.0,0,0.0,7.71,1.16,none,0,484.0,1.1634615384615385,1.0033444816053512,1.0625689084895262,0.0,0.0,0.0,0.03741935483870967
0.0,200.0,200.0,29.0,627.0,0,0.0,7.79,1.14,none,0,400.0,0.9615384615384616,0.9731543624161073,1.0801442041042706,0.0,0.0,0.0,0.038
0.0,298.0,298.0,30.0,871.0,0,0.0,13.69,1.14,none,0,596.0,1.4326923076923077,1.006711409395973,1.7949390323849481,0.0,0.0,0.0,0.036774193548387096
0.0,200.0,200.0,30.0,554.0,0,0.0,6.47,1.14,none,0,400.0,0.9615384615384616,1.006711409395973,0.8727910427627142,0.0,0.0,0.0,0.036774193548387096
0.0,198.0,198.0,30.0,715.0,0,0.0,8.82,1.14,none,0,396.0,0.9528392685274302,1.006711409395973,1.185006045949214,0.0,0.0,0.0,0.036774193548387096
0.0,100.0,100.0,30.0,633.0,0,0.0,5.79,1.14,none,0,200.0,0.5319148936170213,1.0033444816053512,0.807193642827269,0.0,0.0,0.0,0.036774193548387096
0.0,200.0,200.0,30.0,517.0,0,0.0,9.14,1.05,none,0,400.0,0.9615384615384616,1.0033444816053512,1.1999474858868322,0.0,0.0,0.0,0.03387096774193549
0.0,200.0,200.0,30.0,714.0,0,0.0,9.78,1.05,none,0,400.0,0.9813542688910696,1.0033444816053512,1.252882398155265,0.0,0.0,0.0,0.03387096774193549
0.0,200.0,200.0,30.0,702.0,0,0.0,10.37,1.05,none,0,400.0,0.9813542688910696,1.0033444816053512,1.2269285376242307,0.0,0.0,0.0,0.03387096774193549
0.0,200.0,200.0,30.0,533.0,0,0.0,7.28,1.05,none,0,400.0,0.9813542688910696,1.0033444816053512,0.8383233532934132,0.0,0.0,0.0,0.03387096774193549
0.0,200.0,200.0,30.0,421.0,0,0.0,4.86,1.05,none,0,400.0,1.0020040080160322,1.0033444816053512,0.5786403143231337,0.0,0.0,0.0,0.03387096774193549
0.0,298.0,298.0,30.0,455.0,0,0.0,4.47,0.97,none,0,596.0,1.423113658070678,1.0,0.5541093343250278,0.0,0.0,0.0,0.03129032258064516
0.0,100.0,100.0,30.0,711.0,0,0.0,10.22,0.97,none,0,200.0,0.5274261603375527,1.0,1.3238341968911918,0.0,0.0,0.0,0.03129032258064516
0.0,100.0,100.0,30.0,1034.0,0,0.0,8.86,0.97,none,0,200.0,0.5567928730512249,1.0,1.1132051765297146,0.0,0.0,0.0,0.03129032258064516
0.0,298.0,298.0,30.0,605.0,0,0.0,9.79,0.97,none,0,596.0,1.5717299578059072,1.0,1.215243296921549,0.0,0.0,0.0,0.03129032258064516
0.0,200.0,200.0,30.0,407.0,0,0.0,5.15,0.89,none,0,400.0,1.0020040080160322,1.0,0.6443943943943944,0.0,0.0,0.0,0.02870967741935484
0.0,200.0,200.0,29.0,490.0,0,0.0,4.92,0.89,none,0,400.0,1.0020040080160322,0.9698996655518395,0.6499339498018494,0.0,0.0,0.0,0.029666666666666668
0.0,200.0,200.0,30.0,803.0,0,0.0,10.58,0.89,none,0,400.0,1.0020040080160322,1.0033444816053512,1.3830065359477124,0.0,0.0,0.0,0.02870967741935484
0.0,200.0,200.0,30.0,435.0,0,0.0,4.38,0.89,none,0,400.0,1.0020040080160322,1.0033444816053512,0.6211884839029925,0.0,0.0,0.0,0.02870967741935484
0.0,200.0,200.0,30.0,513.0,0,0.0,6.93,0.89,none,0,400.0,1.0020040080160322,1.0033444816053512,0.9877423033067274,0.0,0.0,0.0,0.02870967741935484
0.0,200.0,200.0,30.0,412.0,0,0.0,4.88,0.9,none,0,400.0,1.0020040080160322,1.0033444816053512,0.6953548019378739,0.0,0.0,0.0,0.02903225806451613
0.0,198.0,198.0,30.0,616.0,0,0.0,9.84,0.9,none,0,396.0,1.0443037974683544,1.0033444816053512,1.3024487094639312,0.0,0.0,0.0,0.02903225806451613
0.0,100.0,100.0,30.0,518.0,0,0.0,5.93,0.9,none,0,200.0,0.5274261603375527,1.0033444816053512,0.8321639068200953,0.0,0.0,0.0,0.02903225806451613
0.0,300.0,300.0,29.0,577.0,0,0.0,2.64,0.9,none,0,600.0,1.4312977099236641,0.9731543624161073,0.4059040590405904,0.0,0.0,0.0,0.030000000000000002
0.0,298.0,298.0,30.0,629.0,0,0.0,2.71,0.83,none,0,596.0,1.4217557251908397,1.006711409395973,0.4675638371290546,0.0,0.0,0.0,0.026774193548387094
0.0,242.0,242.0,30.0,715.0,0,0.0,6.12,0.83,none,0,484.0,1.1318989710009353,1.006711409395973,1.0385202782962837,0.0,0.0,0.0,0.026774193548387094
0.0,100.0,100.0,30.0,417.0,0,0.0,2.97,0.83,none,0,200.0,0.4906771344455348,1.0033444816053512,0.5212355212355212,0.0,0.0,0.0,0.026774193548387094
0.0,200.0,200.0,30.0,527.0,0,0.0,6.15,0.83,none,0,400.0,0.9813542688910696,1.0033444816053512,1.170313986679353,0.0,0.0,0.0,0.026774193548387094
0.0,200.0,200.0,30.0,706.0,0,0.0,8.25,0.83,none,0,400.0,0.9813542688910696,1.0033444816053512,1.4622474299893653,0.0,0.0,0.0,0.026774193548387094
0.0,298.0,298.0,30.0,657.0,0,0.0,8.7,0.84,none,0,596.0,1.395131086142322,1.0033444816053512,1.4951022512459182,0.0,0.0,0.0,0.027096774193548386
0.0,200.0,200.0,30.0,654.0,0,0.0,9.7,0.84,none,0,400.0,0.9363295880149813,1.0033444816053512,1.539438184415172,0.0,0.0,0.0,0.027096774193548386
0.0,200.0,200.0,30.0,601.0,0,0.0,6.32,0.84,none,0,400.0,0.9354536950420954,1.0033444816053512,1.0623634224239369,0.0,0.0,0.0,0.027096774193548386
0.0,298.0,298.0,30.0,622.0,0,0.0,8.03,0.84,none,0,596.0,1.2756849315068493,1.0033444816053512,1.3037830816691018,0.0,0.0,0.0,0.027096774193548386
0.0,4166.14,2651.9,190.5,1908.0,242,0.0,8.0,0.57,portscan,1,6818.040000000001,6.26080344975776,4.136807817589577,1.1949215832710978,0.0,0.0,1.2637075718015667,0.0029765013054830285
0.0,2868.47,3519.73,79.5,1794.0,145,0.0,8.0,0.57,portscan,1,6388.2,3.8293418629632465,1.5588235294117647,1.1074197120708749,0.0,0.0,1.8012422360248448,0.007080745341614906
0.0,4575.76,5977.78,163.5,1251.0,255,0.0,8.0,0.57,portscan,1,10553.54,3.944986090645183,2.540792540792541,1.0793308148947651,0.0,0.0,1.5501519756838906,0.003465045592705167
0.0,3380.74,3246.82,84.0,1665.0,269,0.0,8.0,0.53,portscan,1,6627.5599999999995,1.997496032169416,1.2043010752688172,1.010739102969046,0.0,0.0,3.164705882352941,0.006235294117647059
0.0,2893.95,5962.32,105.0,1243.5,229,0.0,8.99,0.53,portscan,1,8856.27,2.12709024798724,1.3592233009708738,1.0964751798999879,0.0,0.0,2.160377358490566,0.005
0.0,2398.04,2348.13,105.0,1644.0,238,0.0,12.51,0.53,portscan,1,4746.17,1.032184921940821,1.238938053097345,1.4504347826086956,0.0,0.0,2.2452830188679247,0.005
0.0,5455.07,3059.88,103.5,1923.0,123,0.0,9.0,0.53,portscan,1,8514.95,1.5797466935976563,1.1237785016286646,1.0398613518197575,0.0,0.0,1.1770334928229664,0.00507177033492823
0.0,5967.76,2911.96,142.5,2035.5,195,0.0,9.02,0.53,portscan,1,8879.720000000001,1.423478028773438,1.3788098693759072,1.050425061138931,0.0,0.0,1.3588850174216027,0.0036933797909407665
0.0,4300.62,4067.08,82.5,1576.5,119,0.0,8.84,0.48,portscan,1,8367.7,1.1894698012669842,0.7596685082872928,1.0001131349700192,0.0,0.0,1.4251497005988023,0.005748502994011976
0.0,3189.71,2102.3,163.5,921.0,279,0.0,8.0,0.48,portscan,1,5292.01,0.7051861197460269,1.3407134071340714,0.9053870529651425,0.0,0.0,1.696048632218845,0.002917933130699088
0.0,4124.11,3996.12,184.5,2011.5,265,0.0,13.65,0.48,portscan,1,8120.23,1.063604219455154,1.5203955500618047,1.4519731943410277,0.0,0.0,1.4285714285714286,0.0025876010781671157
0.0,2062.84,4116.34,96.0,1212.0,279,0.0,8.0,0.48,portscan,1,6179.18,0.8115834899910465,0.7804878048780488,0.8509733007126902,0.0,0.0,2.8762886597938144,0.004948453608247422
0.0,5342.96,4935.98,88.5,1519.5,273,0.0,8.0,0.48,portscan,1,10278.939999999999,1.3549393753691696,0.7662337662337663,0.8509733007126902,0.0,0.0,3.0502793296089385,0.005363128491620112
0.0,3537.73,4008.53,151.5,1671.0,180,0.0,10.13,0.45,portscan,1,7546.26,0.9828235811706033,1.2392638036809815,1.053671728728937,0.0,0.0,1.180327868852459,0.0029508196721311475
0.0,3355.1,4136.17,195.0,1353.0,197,0.0,8.67,0.45,portscan,1,7491.27,0.9933206862218219,1.4857142857142858,0.9048215403882278,0.0,0.0,1.0051020408163265,0.002295918367346939
0.0,5282.37,2320.61,147.0,1192.5,130,0.0,12.78,0.45,portscan,1,7602.98,0.9713383526732762,1.0852713178294575,1.3300031220730564,0.0,0.0,0.8783783783783784,0.0030405405405405407
0.0,4162.26,2279.25,147.0,1522.5,220,0.0,8.0,0.45,portscan,1,6441.51,0.8453447384376337,1.0515021459227467,0.8413082343043432,0.0,0.0,1.4864864864864864,0.0030405405405405407
0.0,4373.68,5717.1,180.0,1311.0,224,0.0,8.23,0.45,portscan,1,10090.78,1.3035354470935994,1.2539184952978055,0.872746553552492,0.0,0.0,1.2375690607734806,0.0024861878453038676
0.0,5148.91,5188.0,139.5,1323.0,156,0.0,14.44,0.49,portscan,1,10336.91,1.3022046969724266,0.9346733668341709,1.4454454454454453,0.0,0.0,1.1103202846975089,0.003487544483985765
0.0,5365.95,3307.07,118.5,1174.5,186,0.0,8.0,0.49,portscan,1,8673.02,1.0479587748250747,0.8186528497409327,0.8008008008008007,0.0,0.0,1.5564853556485356,0.0041004184100418405
0.0,4625.69,4213.41,120.0,1627.5,179,0.0,14.34,0.49,portscan,1,8839.099999999999,1.058829096088342,0.8676789587852494,1.4255890247539518,0.0,0.0,1.4793388429752066,0.004049586776859504
0.0,4654.04,5878.27,153.0,1566.0,159,0.0,9.02,0.49,portscan,1,10532.310000000001,1.1991279367636887,1.0625,0.8877079027654758,0.0,0.0,1.0324675324675325,0.003181818181818182
0.0,3294.18,4101.7,192.0,1269.0,130,0.0,8.0,0.49,portscan,1,7395.879999999999,0.8706154512971275,1.2439261418853256,0.7873240822753667,0.0,0.0,0.6735751295336787,0.002538860103626943
0.0,4499.99,3268.6,99.0,1479.0,165,0.0,8.0,0.45,portscan,1,7768.59,0.9121023430726051,0.6639839034205232,0.8041817450743868,0.0,0.0,1.65,0.0045000000000000005
0.0,3148.83,3944.85,159.0,1062.0,198,0.0,8.0,0.45,portscan,1,7093.68,0.8367679247927097,1.092783505154639,0.8096346523631212,0.0,0.0,1.2375,0.0028125
0.0,2397.62,3656.83,162.0,1746.0,275,0.0,8.0,0.45,portscan,1,6054.45,0.7274689722218585,1.1020408163265305,0.850792300329682,0.0,0.0,1.687116564417178,0.0027607361963190185
0.0,4122.65,3053.37,154.5,1533.0,228,0.0,9.67,0.45,portscan,1,7176.0199999999995,0.8546875599238405,1.0456852791878173,1.0104493207941485,0.0,0.0,1.4662379421221865,0.002893890675241158
0.0,5728.31,3002.82,93.0,930.0,214,0.0,8.0,0.5,portscan,1,8731.130000000001,1.0570235816500728,0.6688241639697949,0.8379595684508222,0.0,0.0,2.276595744680851,0.005319148936170213
0.0,4765.84,3082.17,108.0,1441.5,261,0.0,8.25,0.5,portscan,1,7848.01,0.9796274449618716,0.7947019867549668,0.9240591397849461,0.0,0.0,2.3944954128440368,0.0045871559633027525
0.0,4157.09,3737.17,148.5,1189.5,141,0.0,8.0,0.5,portscan,1,7894.26,0.9950735774313554,1.0691144708423326,0.8960573476702508,0.0,0.0,0.9431438127090301,0.0033444816053511705
0.0,4705.67,4996.15,151.5,1503.0,140,0.0,12.72,0.5,portscan,1,9701.82,1.2097613164721748,1.0665258711721224,1.4510609171800135,0.0,0.0,0.9180327868852459,0.003278688524590164
0.0,5340.0,4514.89,162.0,1195.5,217,0.0,8.57,0.5,portscan,1,9854.89,1.23931682510523,1.1332633788037776,0.9826854718495586,0.0,0.0,1.3312883435582823,0.003067484662576687
0.0,3122.54,3856.1,103.5,1008.0,221,0.0,8.0,0.46,portscan,1,6978.639999999999,0.8822387542889519,0.7718120805369127,0.9173259947253756,0.0,0.0,2.1148325358851676,0.004401913875598087
0.0,2019.69,4653.83,181.5,1383.0,295,0.0,8.0,0.46,portscan,1,6673.52,0.855509072202006,1.2750263435194942,0.9173259947253756,0.0,0.0,1.6164383561643836,0.0025205479452054796
0.0,3515.06,4491.63,132.0,1588.5,252,0.0,8.24,0.46,portscan,1,8006.6900000000005,1.0145397654291217,0.945220193340494,0.9422527158376216,0.0,0.0,1.894736842105263,0.0034586466165413537
0.0,4313.55,4584.38,136.5,1609.5,230,0.0,8.0,0.46,portscan,1,8897.93,1.0882599457382327,0.9956236323851204,0.9148084619782734,0.0,0.0,1.6727272727272726,0.0033454545454545456
0.0,4409.33,3975.6,96.0,1788.0,283,0.0,8.71,0.46,portscan,1,8384.93,1.010575638813274,0.7314285714285714,1.0070528384784367,0.0,0.0,2.917525773195876,0.0047422680412371136
0.0,5046.01,4622.64,127.5,1540.5,176,0.0,8.0,0.5,portscan,1,9668.650000000001,1.1522733941179852,0.9465478841870825,0.9249624234015492,0.0,0.0,1.3696498054474708,0.0038910505836575876
0.0,2388.62,2898.93,132.0,1386.0,251,0.0,8.0,0.5,portscan,1,5287.549999999999,0.6499843636445884,0.962800875273523,0.9276437847866419,0.0,0.0,1.887218045112782,0.0037593984962406013
0.0,4458.45,2338.88,87.0,819.0,230,0.0,8.0,0.5,portscan,1,6797.33,0.8469987333641115,0.6643757159221078,0.9276437847866419,0.0,0.0,2.6136363636363638,0.005681818181818182
0.0,5463.44,4424.72,81.0,873.0,271,0.0,8.0,0.5,portscan,1,9888.16,1.2292852073309861,0.6537530266343825,0.9813542688910698,0.0,0.0,3.3048780487804876,0.006097560975609756
0.0,2616.57,3738.79,121.5,1146.0,235,0.0,8.83,0.5,portscan,1,6355.360000000001,0.826028389331983,1.0137672090112642,1.0797260943996085,0.0,0.0,1.9183673469387754,0.004081632653061225
0.0,4396.04,4483.27,123.0,1387.5,195,0.0,8.0,0.46,portscan,1,8879.310000000001,1.126252434853981,1.0098522167487685,0.9782342871117632,0.0,0.0,1.5725806451612903,0.003709677419354839
0.0,5419.43,2083.52,106.5,1212.0,197,0.0,8.0,0.46,portscan,1,7502.950000000001,0.941766958884563,0.931758530183727,0.9782342871117632,0.0,0.0,1.8325581395348838,0.004279069767441861
0.0,4047.41,3568.63,166.5,909.0,105,0.0,8.0,0.46,portscan,1,7616.04,0.960672547980082,1.414012738853503,0.9811135638950209,0.0,0.0,0.6268656716417911,0.002746268656716418
0.0,4774.28,2252.81,196.5,1795.5,224,0.0,9.6,0.46,portscan,1,7027.09,0.9078063238681277,1.587878787878788,1.154678854943469,0.0,0.0,1.1341772151898735,0.002329113924050633
0.0,5013.46,3968.64,169.5,1207.5,202,0.0,8.0,0.46,portscan,1,8982.1,1.1514842597623165,1.2929061784897025,0.9705204415868008,0.0,0.0,1.18475073313783,0.0026979472140762463
0.0,5072.15,3134.3,114.0,1462.5,229,0.0,8.0,0.42,portscan,1,8206.45,1.0721451682820256,0.8786127167630058,0.9705204415868008,0.0,0.0,1.991304347826087,0.003652173913043478
0.0,4320.76,5280.5,132.0,1384.5,194,0.0,8.0,0.42,portscan,1,9601.26,1.1874510318028149,1.0173410404624277,0.9705204415868008,0.0,0.0,1.4586466165413534,0.003157894736842105
0.0,4565.62,2211.59,144.0,1522.5,178,0.0,8.0,0.42,portscan,1,6777.21,0.8383907997347221,1.06312292358804,0.9705204415868008,0.0,0.0,1.2275862068965517,0.002896551724137931
0.0,4031.88,2954.31,96.0,2169.0,116,0.0,9.13,0.42,portscan,1,6986.1900000000005,0.8964243572378462,0.7009857612267252,1.0926280516993778,0.0,0.0,1.1958762886597938,0.004329896907216494
0.0,4745.3,2657.29,121.5,1332.0,111,0.0,8.0,0.42,portscan,1,7402.59,0.9372598716225976,0.887185104052574,0.9670010878762239,0.0,0.0,0.9061224489795918,0.0034285714285714284
0.0,5565.57,4386.45,118.5,1285.5,102,0.0,8.0,0.39,portscan,1,9952.02,1.2431649176367423,0.8681318681318682,0.9670010878762239,0.0,0.0,0.8535564853556485,0.0032635983263598328
0.0,5124.16,2768.17,91.5,1435.5,212,0.0,8.0,0.39,portscan,1,7892.33,0.9811049474859802,0.6777777777777778,0.9670010878762239,0.0,0.0,2.291891891891892,0.004216216216216216
0.0,4939.03,5605.71,172.5,1798.5,219,0.0,8.0,0.39,portscan,1,10544.74,1.2647822445862507,1.2721238938053099,0.9670010878762239,0.0,0.0,1.2622478386167146,0.0022478386167146974
0.0,5634.68,3977.84,186.0,1291.5,242,0.0,8.0,0.39,portscan,1,9612.52,1.118288696692932,1.382385730211817,0.9860717367188464,0.0,0.0,1.2941176470588236,0.0020855614973262033
0.0,4036.33,4028.52,130.5,1582.5,253,0.0,8.0,0.36,portscan,1,8064.85,0.9483578111800355,0.9988518943742823,0.9860717367188464,0.0,0.0,1.9239543726235742,0.0027376425855513307
0.0,2064.47,3330.11,145.5,1444.5,144,0.0,8.0,0.36,portscan,1,5394.58,0.6560491529131884,1.0874439461883407,0.9860717367188464,0.0,0.0,0.9829351535836177,0.0024573378839590444
0.0,5448.79,5246.63,163.5,1081.5,294,0.0,8.0,0.36,portscan,1,10695.42,1.2836180405160915,1.1938663745892661,0.9860717367188464,0.0,0.0,1.7872340425531914,0.002188449848024316
0.0,2392.57,5046.1,139.5,1636.5,126,0.0,9.66,0.36,portscan,1,7438.67,0.8857256110128714,1.021978021978022,1.1668075854571809,0.0,0.0,0.896797153024911,0.002562277580071174
0.0,2399.68,4854.79,84.0,1827.0,232,0.0,10.82,0.36,portscan,1,7254.469999999999,0.8610423064373756,0.6208425720620842,1.2807765151515151,0.0,0.0,2.7294117647058824,0.0042352941176470585
0.0,5669.16,2700.45,189.0,1528.5,130,0.0,8.0,0.33,portscan,1,8369.61,0.9821271518475707,1.3305174234424497,0.9469696969696969,0.0,0.0,0.6842105263157895,0.001736842105263158
0.0,4604.4,3274.25,187.5,1497.0,181,0.0,8.0,0.33,portscan,1,7878.65,0.9475699565967463,1.2588116817724069,0.9469696969696969,0.0,0.0,0.9602122015915119,0.0017506631299734749
0.0,5136.79,5158.22,84.0,966.0,215,0.0,8.0,0.33,portscan,1,10295.01,1.2034118182290003,0.5668016194331984,0.9469696969696969,0.0,0.0,2.5294117647058822,0.003882352941176471
0.0,2902.57,3007.99,112.5,1759.5,241,0.0,8.0,0.33,portscan,1,5910.5599999999995,0.7304712613363713,0.7911392405063292,0.9469696969696969,0.0,0.0,2.1233480176211454,0.002907488986784141
0.0,3840.02,2181.91,171.0,1099.5,261,0.0,8.85,0.3,portscan,1,6021.93,0.7787943549038944,1.2153518123667377,1.037149888667526,0.0,0.0,1.5174418604651163,0.0017441860465116279
0.0,3462.86,4557.66,150.0,1035.0,123,0.0,8.76,0.3,portscan,1,8020.52,1.0378597561938223,1.0515247108307044,1.0175397839470322,0.0,0.0,0.8145695364238411,0.001986754966887417
0.0,3921.77,4269.17,165.0,1518.0,259,0.0,8.75,0.3,portscan,1,8190.9400000000005,1.0228985593396656,1.1410788381742738,1.0076001842468907,0.0,0.0,1.5602409638554218,0.0018072289156626504
0.0,5452.57,3643.31,108.0,1537.5,298,0.0,8.0,0.3,portscan,1,9095.88,1.159061647194106,0.7766990291262136,0.9212344541685858,0.0,0.0,2.7339449541284404,0.002752293577981651
0.0,3029.38,4344.93,186.0,1791.0,265,0.0,8.0,0.3,portscan,1,7374.31,0.9404582570906348,1.2943632567849688,0.939187602723644,0.0,0.0,1.4171122994652405,0.0016042780748663102
0.0,2576.86,5423.99,175.5,1585.5,175,0.0,9.42,0.28,portscan,1,8000.85,1.0107410142668622,1.1481844946025515,1.124373358796849,0.0,0.0,0.9915014164305949,0.001586402266288952
0.0,5872.71,5817.12,85.5,978.0,177,0.0,8.0,0.28,portscan,1,11689.83,1.417318796369671,0.6,0.95488183337312,0.0,0.0,2.046242774566474,0.0032369942196531793
0.0,2558.29,2462.6,120.0,1330.5,142,0.0,8.17,0.28,portscan,1,5020.889999999999,0.6306009290044098,0.8839779005524862,0.973198332340679,0.0,0.0,1.1735537190082646,0.0023140495867768596
0.0,4393.64,4479.34,135.0,891.0,274,0.0,8.0,0.28,portscan,1,8872.98,1.1346711818318183,0.9584664536741214,0.9529481834425254,0.0,0.0,2.014705882352941,0.002058823529411765
0.0,4565.75,5091.46,171.0,906.0,152,0.0,8.0,0.28,portscan,1,9657.21,1.1784941035085095,1.1656441717791413,0.9529481834425254,0.0,0.0,0.8837209302325582,0.0016279069767441861
0.0,4588.31,5723.52,196.5,1419.0,225,0.0,10.57,0.33,portscan,1,10311.830000000002,1.1957791269555231,1.3165829145728642,1.2338041321349364,0.0,0.0,1.139240506329114,0.0016708860759493671
0.0,2240.63,4713.15,156.0,1149.0,148,0.0,9.36,0.33,portscan,1,6953.78,0.8164732266037326,1.0410410410410411,1.0849658050307176,0.0,0.0,0.9426751592356688,0.002101910828025478
0.0,2147.9,2991.99,78.0,1590.0,111,0.0,8.0,0.33,portscan,1,5139.889999999999,0.6259193387032841,0.5526036131774708,0.9354536950420954,0.0,0.0,1.4050632911392404,0.004177215189873418
0.0,3329.65,5206.98,111.0,1831.5,244,0.0,9.79,0.33,portscan,1,8536.63,1.0466918102655527,0.7847295864262991,1.1212919482304433,0.0,0.0,2.1785714285714284,0.0029464285714285716
0.0,3127.91,5239.83,145.5,1051.5,228,0.0,8.0,0.33,portscan,1,8367.74,1.0136371625854026,1.0589519650655022,0.9162753407398926,0.0,0.0,1.5563139931740615,0.0022525597269624576
0.0,2255.85,5303.54,144.0,1714.5,268,0.0,10.25,0.31,portscan,1,7559.389999999999,0.9206399158593874,1.0726256983240223,1.1629226230996146,0.0,0.0,1.8482758620689654,0.0021379310344827587
0.0,4624.86,5653.94,165.0,1669.5,255,0.0,9.57,0.31,portscan,1,10278.8,1.2737186542508385,1.160337552742616,1.0667707056069557,0.0,0.0,1.536144578313253,0.0018674698795180724
0.0,4246.76,5582.37,106.5,1005.0,156,0.0,8.0,0.31,portscan,1,9829.130000000001,1.1495066273811687,0.7561235356762513,0.8934554389099844,0.0,0.0,1.4511627906976745,0.0028837209302325583
0.0,4412.09,2280.66,178.5,1398.0,130,0.0,8.0,0.31,portscan,1,6692.75,0.8031895966680728,1.2293388429752068,0.8934554389099844,0.0,0.0,0.724233983286908,0.0017270194986072423
0.0,4217.14,2953.08,192.0,1309.5,142,0.0,8.0,0.31,portscan,1,7170.22,0.8869626185796762,1.3034623217922605,0.8934554389099844,0.0,0.0,0.7357512953367875,0.001606217616580311
0.0,5105.66,5909.64,195.0,1108.5,195,0.0,9.09,0.28,portscan,1,11015.3,1.35084739298459,1.325178389398573,1.032250738133091,0.0,0.0,0.9948979591836735,0.0014285714285714288
0.0,5897.28,3378.82,168.0,1161.0,284,0.0,9.97,0.28,portscan,1,9276.1,1.1060627107902552,1.1324570273003034,1.1243938197812111,0.0,0.0,1.680473372781065,0.0016568047337278107
0.0,2082.26,4148.52,102.0,1140.0,178,0.0,8.0,0.28,portscan,1,6230.780000000001,0.7334053385224781,0.6766169154228856,0.9022217209879327,0.0,0.0,1.7281553398058251,0.002718446601941748
0.0,5637.82,3640.3,154.5,1146.0,112,0.0,8.51,0.28,portscan,1,9278.119999999999,1.0826488684201896,0.9961315280464217,0.9737956287904793,0.0,0.0,0.7202572347266881,0.0018006430868167205
0.0,5418.83,2209.37,115.5,1824.0,283,0.0,12.08,0.28,portscan,1,7628.2,0.8978706029123061,0.7593688362919132,1.3206515797529244,0.0,0.0,2.429184549356223,0.00240343347639485
0.0,5557.1,5353.04,103.5,1974.0,241,0.0,10.56,0.26,portscan,1,10910.14,1.2354429657316752,0.6990881458966565,1.150577467857921,0.0,0.0,2.3062200956937797,0.002488038277511962
0.0,5564.62,2369.95,195.0,732.0,233,0.0,8.0,0.26,portscan,1,7934.57,0.922996729727375,1.2909632571996026,0.8868196430550938,0.0,0.0,1.1887755102040816,0.001326530612244898
0.0,4716.66,3811.09,84.0,1611.0,125,0.0,8.65,0.26,portscan,1,8527.75,1.0072471240113705,0.564516129032258,0.952014087607308,0.0,0.0,1.4705882352941178,0.003058823529411765
0.0,2550.59,3966.87,91.5,1098.0,288,0.0,8.0,0.26,portscan,1,6517.46,0.7714007468933102,0.6531049250535332,0.8804754567466432,0.0,0.0,3.1135135135135137,0.002810810810810811
0.0,5093.58,5894.78,99.0,1149.0,283,0.0,8.0,0.24,portscan,1,10988.36,1.2443393361189254,0.756880733944954,0.8804754567466432,0.0,0.0,2.83,0.0024
0.0,4432.71,2379.12,97.5,1281.0,237,0.0,9.59,0.24,portscan,1,6811.83,0.8099360179759869,0.80545229244114,1.0496935201401052,0.0,0.0,2.4060913705583755,0.002436548223350254
0.0,4414.96,5869.88,189.0,1359.0,130,0.0,8.0,0.24,portscan,1,10284.84,1.2083882364483056,1.5347137637028014,0.894954692918671,0.0,0.0,0.6842105263157895,0.0012631578947368421
0.0,5846.77,4854.14,84.0,738.0,214,0.0,8.0,0.24,portscan,1,10700.91,1.1945355649974136,0.69221260815822,0.894954692918671,0.0,0.0,2.5176470588235293,0.0028235294117647056
0.0,4785.18,5448.23,88.5,994.5,225,0.0,8.0,0.24,portscan,1,10233.41,1.130295556083023,0.7712418300653595,0.9000900090009,0.0,0.0,2.5139664804469275,0.002681564245810056
0.0,3392.85,4845.6,121.5,1699.5,134,0.0,9.83,0.3,portscan,1,8238.45,0.903856947820527,1.0533159947984396,1.1347108392012004,0.0,0.0,1.0938775510204082,0.0024489795918367346
0.0,2646.58,2213.21,121.5,1543.5,160,0.0,8.0,0.3,portscan,1,4859.79,0.571085804414402,1.0371318822023048,0.9515879624122755,0.0,0.0,1.3061224489795917,0.0024489795918367346
0.0,2405.39,2762.95,174.0,1306.5,182,0.0,8.99,0.3,portscan,1,5168.34,0.6277503263042392,1.5123859191655802,1.0569010110510229,0.0,0.0,1.04,0.0017142857142857142
0.0,4770.85,3370.44,88.5,1125.0,184,0.0,8.0,0.3,portscan,1,8141.290000000001,0.9935105000104949,0.7662337662337663,0.947755005331122,0.0,0.0,2.0558659217877095,0.0033519553072625698
0.0,2864.68,2447.66,133.5,1444.5,219,0.0,8.0,0.3,portscan,1,5312.34,0.6579599888827732,1.1152882205513783,0.947755005331122,0.0,0.0,1.6282527881040891,0.0022304832713754648
0.0,3734.95,4652.15,147.0,1162.5,206,0.0,8.0,0.28,portscan,1,8387.099999999999,1.0733660701602157,1.180722891566265,0.947755005331122,0.0,0.0,1.3918918918918919,0.001891891891891892
0.0,3092.32,3977.6,145.5,1987.5,252,0.0,8.0,0.28,portscan,1,7069.92,0.9018170351976666,1.1252900232018561,0.9659502535619415,0.0,0.0,1.7201365187713311,0.0019112627986348125
0.0,3590.37,2891.41,123.0,1356.0,243,0.0,10.99,0.28,portscan,1,6481.78,0.8689490065666728,1.0024449877750612,1.2807365108961661,0.0,0.0,1.9596774193548387,0.0022580645161290325
0.0,3469.19,3315.64,78.0,931.5,234,0.0,10.56,0.28,portscan,1,6784.83,0.9599736831865981,0.6388206388206389,1.194975670476406,0.0,0.0,2.962025316455696,0.0035443037974683548
0.0,5634.6,4091.75,195.0,1485.0,180,0.0,10.15,0.28,portscan,1,9726.35,1.386108545523391,1.4689265536723164,1.12129916040654,0.0,0.0,0.9183673469387755,0.0014285714285714288
0.0,4909.09,4945.45,82.5,1845.0,268,0.0,10.46,0.25,portscan,1,9854.54,1.3727609231178997,0.640279394644936,1.147558968732858,0.0,0.0,3.2095808383233533,0.0029940119760479044
0.0,2353.19,5885.64,85.5,1513.5,264,0.0,10.48,0.25,portscan,1,8238.83,1.0960945819162347,0.6826347305389222,1.1192993698600877,0.0,0.0,3.052023121387283,0.002890173410404624
0.0,2963.09,2150.62,159.0,1705.5,234,0.0,8.0,0.25,portscan,1,5113.71,0.6808231957395147,1.284848484848485,0.8635578583765113,0.0,0.0,1.4625,0.0015625
0.0,3762.98,4636.75,132.0,1767.0,270,0.0,8.0,0.25,portscan,1,8399.73,1.1144788323813741,1.0304449648711944,0.8635578583765113,0.0,0.0,2.030075187969925,0.0018796992481203006
0.0,2457.7,5547.43,148.5,1638.0,264,0.0,9.18,0.25,portscan,1,8005.13,1.0254846409107028,1.1458333333333335,0.9784694095075676,0.0,0.0,1.765886287625418,0.0016722408026755853
0.0,2457.24,5129.21,171.0,1585.5,265,0.0,9.31,0.23,portscan,1,7586.45,0.9819214724272588,1.2954545454545454,0.9786607799852832,0.0,0.0,1.5406976744186047,0.0013372093023255815
0.0,5938.28,2235.53,124.5,1498.5,241,0.0,11.34,0.23,portscan,1,8173.8099999999995,1.0430413209135283,0.9584295612009237,1.1516197826749264,0.0,0.0,1.9203187250996017,0.0018326693227091635
0.0,4524.84,2550.65,103.5,1104.0,292,0.0,9.12,0.23,portscan,1,7075.49,0.896098183775933,0.8089097303634232,0.9440993788819875,0.0,0.0,2.7942583732057416,0.0022009569377990433
0.0,5655.06,5349.1,126.0,1608.0,299,0.0,8.0,0.23,portscan,1,11004.16,1.3229620261078023,0.9491525423728814,0.8507018290089324,0.0,0.0,2.354330708661417,0.0018110236220472442
0.0,2293.81,2606.99,189.0,1728.0,175,0.0,8.45,0.23,portscan,1,4900.799999999999,0.62547980189566,1.4301929625425651,0.9150963829326402,0.0,0.0,0.9210526315789473,0.0012105263157894737
0.0,4791.32,5713.49,114.0,1135.5,277,0.0,12.23,0.21,portscan,1,10504.81,1.329673637379479,0.8425720620842572,1.29954308787589,0.0,0.0,2.408695652173913,0.001826086956521739
0.0,4993.88,2646.12,121.5,1086.0,249,0.0,8.0,0.21,portscan,1,7640.0,0.9744389610286913,0.8747300215982721,0.8730765033286041,0.0,0.0,2.0326530612244897,0.0017142857142857142
0.0,3320.83,3388.47,93.0,1422.0,182,0.0,8.0,0.21,portscan,1,6709.299999999999,0.8386658546634185,0.7029478458049886,0.8730765033286041,0.0,0.0,1.9361702127659575,0.0022340425531914895
0.0,2986.8,3867.87,132.0,1093.5,230,0.0,8.13,0.21,portscan,1,6854.67,0.873711452556905,0.9977324263038548,0.8860069747166522,0.0,0.0,1.7293233082706767,0.0015789473684210526
0.0,3390.56,4098.34,87.0,1422.0,206,0.0,8.0,0.21,portscan,1,7488.9,0.9608743521645751,0.689655172413793,0.8831971737690439,0.0,0.0,2.340909090909091,0.002386363636363636
0.0,5980.28,2771.05,190.5,1456.5,264,0.0,8.0,0.2,portscan,1,8751.33,1.1063170966257148,1.4871194379391102,0.8961577237593817,0.0,0.0,1.3785900783289817,0.0010443864229765013
0.0,2169.49,4432.97,79.5,1338.0,126,0.0,9.2,0.2,portscan,1,6602.46,0.8515795816742318,0.6432038834951457,1.0558934924824972,0.0,0.0,1.565217391304348,0.002484472049689441
0.0,5007.31,3356.8,81.0,1114.5,187,0.0,9.34,0.2,portscan,1,8364.11,1.0611586776746265,0.6674907292954265,1.0692615912993704,0.0,0.0,2.2804878048780486,0.0024390243902439024
0.0,2695.42,4361.38,135.0,1006.5,220,0.0,8.47,0.2,portscan,1,7056.8,0.9425003719622966,1.1042944785276074,0.9644727852425417,0.0,0.0,1.6176470588235294,0.0014705882352941176
0.0,2902.89,2917.29,153.0,1428.0,216,0.0,8.0,0.18,portscan,1,5820.18,0.7679091456997891,1.2895069532237673,0.915646102781275,0.0,0.0,1.4025974025974026,0.0011688311688311688
0.0,3695.42,2097.47,78.0,1491.0,209,0.0,10.6,0.18,portscan,1,5792.889999999999,0.8149743727687313,0.6779661016949152,1.2362957779332866,0.0,0.0,2.6455696202531644,0.002278481012658228
0.0,5413.67,4280.14,156.0,1921.5,173,0.0,12.08,0.18,portscan,1,9693.810000000001,1.3254779382356743,1.3164556962025316,1.344912046314852,0.0,0.0,1.1019108280254777,0.0011464968152866241
0.0,2693.67,2807.7,106.5,1212.0,105,0.0,8.93,0.18,portscan,1,5501.37,0.764859748532252,0.8886107634543179,0.9840220385674932,0.0,0.0,0.9767441860465116,0.0016744186046511627
0.0,5214.17,4348.25,171.0,1450.5,223,0.0,10.81,0.18,portscan,1,9562.42,1.2812371582116364,1.3818181818181818,1.1570159477683828,0.0,0.0,1.2965116279069768,0.0010465116279069766
0.0,3819.28,2942.38,145.5,928.5,256,0.0,8.0,0.25,portscan,1,6761.66,0.9148872576803587,1.1226851851851853,0.8562560205501445,0.0,0.0,1.7474402730375427,0.0017064846416382253
0.0,5033.24,2488.8,183.0,1444.5,184,0.0,8.0,0.25,portscan,1,7522.04,1.0349854026831324,1.420256111757858,0.8562560205501445,0.0,0.0,1.0,0.001358695652173913
0.0,3995.48,2548.67,100.5,1953.0,192,0.0,13.13,0.25,portscan,1,6544.15,0.901156894236157,0.7674684994272624,1.3486031224322104,0.0,0.0,1.8916256157635467,0.0024630541871921183
0.0,2268.58,5224.15,160.5,1755.0,192,0.0,8.29,0.25,portscan,1,7492.73,1.0443113088090894,1.1555075593952484,0.860762122313363,0.0,0.0,1.1888544891640866,0.0015479876160990713
0.0,3981.66,5369.61,189.0,1042.5,109,0.0,8.55,0.25,portscan,1,9351.27,1.262959445464579,1.3097713097713097,0.8870214752567696,0.0,0.0,0.5736842105263158,0.0013157894736842105
0.0,5960.38,5613.73,112.5,1561.5,270,0.0,9.13,0.23,portscan,1,11574.11,1.450454249531151,0.8021390374331551,0.9362182116488927,0.0,0.0,2.3788546255506606,0.002026431718061674
0.0,5364.71,5656.1,102.0,1539.0,152,0.0,9.89,0.23,portscan,1,11020.810000000001,1.2961942558351214,0.7150368033648791,1.02158867885549,0.0,0.0,1.4757281553398058,0.002233009708737864
0.0,2922.01,4986.68,99.0,1680.0,146,0.0,8.7,0.23,portscan,1,7908.6900000000005,0.9501154803773462,0.7228915662650603,0.9311784223482821,0.0,0.0,1.46,0.0023
0.0,5578.08,2754.52,198.0,1024.5,285,0.0,8.0,0.23,portscan,1,8332.6,0.968113573898972,1.3552361396303902,0.8648648648648649,0.0,0.0,1.4321608040201006,0.001155778894472362
0.0,4960.49,5294.34,181.5,1056.0,198,0.0,8.0,0.23,portscan,1,10254.83,1.1819373467158596,1.2334352701325177,0.8919611996878136,0.0,0.0,1.084931506849315,0.0012602739726027398
0.0,4449.63,3667.69,317.5,1510.0,773,0.0,8.0,0.29,portscan,1,8117.32,0.92118174890531,1.9318527532704595,0.8919611996878136,0.0,0.0,2.427001569858713,0.0009105180533751962
0.0,4864.25,3674.35,192.5,2727.5,753,0.0,8.0,0.29,portscan,1,8538.6,0.9579390208863823,1.1645493042952206,0.8919611996878136,0.0,0.0,3.891472868217054,0.0014987080103359173
0.0,3718.07,5152.35,252.5,2695.0,527,0.0,9.85,0.29,portscan,1,8870.42,0.9698541613957715,1.3988919667590027,1.1399143617636847,0.0,0.0,2.078895463510848,0.0011439842209072977
0.0,5642.65,4974.32,145.0,2555.0,765,0.0,8.4,0.29,portscan,1,10616.97,1.122471893719151,0.8102822017323276,0.9708737864077669,0.0,0.0,5.239726027397261,0.0019863013698630137
0.0,3428.79,5682.86,270.0,3020.0,855,0.0,9.31,0.26,portscan,1,9111.65,0.9657696139740952,1.4434643143544506,1.0666819431714025,0.0,0.0,3.1549815498154983,0.000959409594095941
0.0,4425.23,3163.24,242.5,1985.0,338,0.0,10.53,0.26,portscan,1,7588.469999999999,0.8398007710460648,1.2121969507623094,1.1874154262516914,0.0,0.0,1.3880903490759753,0.0010677618069815196
0.0,2951.49,2304.0,267.5,2190.0,540,0.0,8.0,0.26,portscan,1,5255.49,0.6212527353849588,1.2349953831948293,0.9217651803203135,0.0,0.0,2.011173184357542,0.000968342644320298
0.0,2106.21,3085.27,187.5,3365.0,548,0.0,12.65,0.26,portscan,1,5191.48,0.6340519771957805,0.83166999334664,1.3940930130041878,0.0,0.0,2.907161803713528,0.0013793103448275863
0.0,4836.09,5356.36,330.0,1745.0,574,0.0,9.48,0.26,portscan,1,10192.45,1.2171880090301046,1.3827781269641735,1.0279765777488614,0.0,0.0,1.7341389728096677,0.0007854984894259819
0.0,5571.64,2569.32,245.0,2562.5,483,0.0,8.0,0.32,portscan,1,8140.960000000001,0.9973756432099901,1.0,0.8674907829104316,0.0,0.0,1.9634146341463414,0.0013008130081300813
0.0,4831.09,2741.79,300.0,1672.5,582,0.0,9.45,0.32,portscan,1,7572.88,0.934008244020643,1.2332990750256938,1.008860894630084,0.0,0.0,1.9335548172757475,0.00106312292358804
0.0,4217.6,5696.22,240.0,1912.5,373,0.0,9.66,0.32,portscan,1,9913.82,1.2023369469182978,0.967741935483871,1.0133221441309137,0.0,0.0,1.5477178423236515,0.0013278008298755186
0.0,2875.19,4257.94,180.0,2300.0,303,0.0,8.44,0.32,portscan,1,7133.129999999999,0.8837176169173152,0.7476635514018691,0.8986371379897785,0.0,0.0,1.6740331491712708,0.0017679558011049724
0.0,3919.9,2934.74,192.5,2290.0,434,0.0,8.57,0.32,portscan,1,6854.639999999999,0.8907338928206977,0.7841140529531568,0.9108300563290466,0.0,0.0,2.242894056847545,0.0016537467700258397
0.0,2313.83,2443.71,192.5,2177.5,309,0.0,8.0,0.3,portscan,1,4757.54,0.6553007774288073,0.8096740273396424,0.8622547962923043,0.0,0.0,1.5968992248062015,0.0015503875968992248
0.0,3125.55,5423.92,205.0,2085.0,631,0.0,11.89,0.3,portscan,1,8549.470000000001,1.1622150391520825,0.8760683760683761,1.2630125345230512,0.0,0.0,3.063106796116505,0.0014563106796116505
0.0,2954.26,2741.3,292.5,1345.0,715,0.0,8.0,0.3,portscan,1,5695.56,0.7696501969610792,1.236786469344609,0.8497981729339283,0.0,0.0,2.4361158432708687,0.0010221465076660989
0.0,3331.42,5325.09,145.0,3070.0,863,0.0,8.7,0.3,portscan,1,8656.51,1.117445424475157,0.6243272335844995,0.9646302250803858,0.0,0.0,5.910958904109589,0.002054794520547945
0.0,5783.36,2489.39,292.5,1762.5,642,0.0,8.99,0.3,portscan,1,8272.75,1.0950430234001869,1.2800875273522976,1.0022296544035674,0.0,0.0,2.1873935264054514,0.0010221465076660989
0.0,3639.43,4459.54,215.0,1770.0,654,0.0,8.36,0.35,portscan,1,8098.969999999999,1.072636386837634,0.9534368070953437,0.9282700421940927,0.0,0.0,3.0277777777777777,0.0016203703703703703
0.0,2066.71,4861.53,192.5,3192.5,796,0.0,8.3,0.35,portscan,1,6928.24,0.9254851315037023,0.8963911525029103,0.93352828703183,0.0,0.0,4.113695090439276,0.0018087855297157622
0.0,3881.26,3374.1,237.5,2237.5,497,0.0,8.0,0.35,portscan,1,7255.360000000001,1.004867305234732,1.1072261072261071,0.9169054441260746,0.0,0.0,2.0838574423480085,0.0014675052410901466
0.0,5378.11,5802.3,170.0,2175.0,387,0.0,8.0,0.35,portscan,1,11180.41,1.4662938552343656,0.7962529274004684,0.9215528164957953,0.0,0.0,2.263157894736842,0.002046783625730994
0.0,3589.45,3381.21,197.5,3215.0,769,0.0,8.0,0.35,portscan,1,6970.66,0.9128026056802897,0.9228971962616822,0.9276437847866419,0.0,0.0,3.8740554156171285,0.0017632241813602015
0.0,2614.12,4170.39,315.0,2775.0,666,0.0,8.0,0.33,portscan,1,6784.51,0.8654546280228042,1.3922651933701657,0.9276437847866419,0.0,0.0,2.107594936708861,0.0010443037974683545
0.0,2464.92,3078.0,217.5,2877.5,505,0.0,8.0,0.33,portscan,1,5542.92,0.7352728740086507,0.9560439560439561,0.9714632665452339,0.0,0.0,2.311212814645309,0.0015102974828375287
0.0,5812.65,4492.5,155.0,2482.5,623,0.0,8.0,0.33,portscan,1,10305.15,1.288216534234184,0.7251461988304093,0.9714632665452339,0.0,0.0,3.9935897435897436,0.0021153846153846153
0.0,3297.73,4132.63,240.0,3392.5,691,0.0,8.31,0.33,portscan,1,7430.360000000001,0.9433062335302332,1.0750279955207167,1.013909224011713,0.0,0.0,2.867219917012448,0.0013692946058091286
0.0,3375.49,5906.35,285.0,2015.0,850,0.0,8.65,0.33,portscan,1,9281.84,1.1634524724856672,1.2808988764044944,1.0597892673364373,0.0,0.0,2.972027972027972,0.001153846153846154
0.0,5364.98,2656.64,270.0,3075.0,571,0.0,8.0,0.3,portscan,1,8021.619999999999,1.0064632758380785,1.1842105263157894,0.9844942160964805,0.0,0.0,2.107011070110701,0.001107011070110701
0.0,5732.14,2746.53,217.5,2567.5,836,0.0,8.0,0.3,portscan,1,8478.67,1.0435093505966044,0.9436008676789588,0.9881422924901185,0.0,0.0,3.8260869565217392,0.0013729977116704805
0.0,4961.42,2994.69,137.5,2647.5,466,0.0,8.0,0.3,portscan,1,7956.110000000001,0.9708226436736026,0.6235827664399093,0.9881422924901185,0.0,0.0,3.3646209386281587,0.0021660649819494585
0.0,5618.77,4717.67,322.5,2310.0,663,0.0,9.54,0.3,portscan,1,10336.44,1.2744000982390455,1.3679745493107105,1.1563636363636363,0.0,0.0,2.0494590417310663,0.0009273570324574961
0.0,5554.15,3202.13,250.0,2590.0,529,0.0,8.0,0.3,portscan,1,8756.279999999999,1.0563238066974772,1.037344398340249,0.9696969696969697,0.0,0.0,2.1075697211155378,0.001195219123505976
0.0,4920.25,2453.17,165.0,1485.0,313,0.0,8.0,0.35,portscan,1,7373.42,0.8832261396088609,0.7300884955752213,0.9696969696969697,0.0,0.0,1.8855421686746987,0.002108433734939759
0.0,4563.67,3343.47,267.5,2687.5,835,0.0,8.0,0.35,portscan,1,7907.139999999999,0.9210732159283787,1.158008658008658,0.9696969696969697,0.0,0.0,3.1098696461824953,0.0013035381750465549
0.0,3488.97,2388.54,282.5,2587.5,336,0.0,8.0,0.35,portscan,1,5877.51,0.7218808689183253,1.158974358974359,0.9696969696969697,0.0,0.0,1.1851851851851851,0.0012345679012345679
0.0,2762.39,5333.11,167.5,2555.0,836,0.0,8.0,0.35,portscan,1,8095.5,0.9862394290373595,0.7082452431289641,0.9733544226791582,0.0,0.0,4.9614243323442135,0.0020771513353115725
0.0,3789.84,4275.25,230.0,2722.5,705,0.0,8.0,0.33,portscan,1,8065.09,0.9973180913337797,0.9956709956709957,0.9811135638950209,0.0,0.0,3.051948051948052,0.0014285714285714286
0.0,5659.08,5258.12,190.0,1815.0,492,0.0,10.07,0.33,portscan,1,10917.2,1.3033383570095567,0.852017937219731,1.2044013873938524,0.0,0.0,2.575916230366492,0.0017277486910994766
0.0,4586.64,3413.12,257.5,2310.0,754,0.0,9.86,0.33,portscan,1,7999.76,0.9605346496254702,1.1343612334801763,1.1536211536211536,0.0,0.0,2.9168278529980656,0.0012765957446808512
0.0,4175.66,3292.58,215.0,3277.5,669,0.0,9.51,0.33,portscan,1,7468.24,0.9019986091212947,0.9158679446219382,1.0933547942055644,0.0,0.0,3.0972222222222223,0.0015277777777777779
0.0,3164.48,3935.83,215.0,2672.5,354,0.0,8.0,0.3,portscan,1,7100.3099999999995,0.8924421619033074,0.9598214285714286,0.9363295880149812,0.0,0.0,1.6388888888888888,0.001388888888888889
0.0,2898.07,5325.82,200.0,2147.5,632,0.0,8.93,0.3,portscan,1,8223.89,1.0406291132542036,0.91324200913242,1.0339238161398634,0.0,0.0,3.144278606965174,0.0014925373134328358
0.0,5773.08,5964.79,285.0,2422.5,840,0.0,8.18,0.3,portscan,1,11737.869999999999,1.407544874233909,1.2337662337662338,0.9451184286539572,0.0,0.0,2.937062937062937,0.001048951048951049
0.0,2735.12,3630.09,222.5,2480.0,625,0.0,8.7,0.3,portscan,1,6365.21,0.7776621741715208,0.9823399558498896,0.997134670487106,0.0,0.0,2.796420581655481,0.0013422818791946308
0.0,5213.88,3449.35,292.5,2170.0,679,0.0,8.0,0.3,portscan,1,8663.23,1.023583261555621,1.2857142857142858,0.9169054441260746,0.0,0.0,2.3134582623509368,0.0010221465076660989
0.0,5275.62,4170.15,315.0,2600.0,893,0.0,9.02,0.28,portscan,1,9445.77,1.0985168963013645,1.3003095975232197,1.0218647332049393,0.0,0.0,2.8259493670886076,0.0008860759493670887
0.0,5240.69,5448.89,322.5,2895.0,863,0.0,8.0,0.28,portscan,1,10689.58,1.206348282031611,1.2823061630218688,0.9063101846607001,0.0,0.0,2.6676970633693973,0.0008655332302936632
0.0,2087.47,5412.23,192.5,2242.5,507,0.0,8.67,0.28,portscan,1,7499.699999999999,0.8803130189652831,0.7646474677259185,0.9980430528375732,0.0,0.0,2.62015503875969,0.00144702842377261
0.0,5605.3,5742.43,177.5,2677.5,773,0.0,8.0,0.28,portscan,1,11347.73,1.2816279547010314,0.7282051282051282,0.9410657569697681,0.0,0.0,4.330532212885154,0.0015686274509803923
0.0,4903.93,4367.84,232.5,1212.5,417,0.0,8.0,0.28,portscan,1,9271.77,1.0262619782420865,0.9470468431771895,0.9580838323353293,0.0,0.0,1.785867237687366,0.0011991434689507495
0.0,2959.27,4524.51,180.0,2335.0,700,0.0,9.84,0.25,portscan,1,7483.780000000001,0.8248541004687281,0.743801652892562,1.1530349191469416,0.0,0.0,3.867403314917127,0.0013812154696132596
0.0,3808.42,5919.68,210.0,2107.5,665,0.0,8.0,0.25,portscan,1,9728.1,1.054733926369313,0.8641975308641975,0.947755005331122,0.0,0.0,3.1516587677725116,0.001184834123222749
0.0,2305.72,5553.17,327.5,2952.5,397,0.0,8.0,0.25,portscan,1,7858.889999999999,0.8894799723294174,1.3245702730030333,0.9497803632909889,0.0,0.0,1.208523592085236,0.00076103500761035
0.0,2301.7,4002.69,142.5,2147.5,324,0.0,8.0,0.25,portscan,1,6304.389999999999,0.7140310425725998,0.5956112852664577,0.9577397342272238,0.0,0.0,2.2578397212543555,0.0017421602787456446
0.0,3891.51,2616.41,177.5,2067.5,890,0.0,8.0,0.25,portscan,1,6507.92,0.7555257789191553,0.7793633369923162,0.9577397342272238,0.0,0.0,4.985994397759104,0.0014005602240896359
0.0,4637.95,3722.51,232.5,1860.0,362,0.0,8.04,0.23,portscan,1,8360.46,0.9829784772478869,1.0592255125284737,0.9739551786795881,0.0,0.0,1.5503211991434689,0.0009850107066381158
0.0,2176.2,3845.79,212.5,2532.5,499,0.0,8.0,0.23,portscan,1,6021.99,0.7491460131793688,1.0191846522781776,0.9691096305269534,0.0,0.0,2.3372365339578454,0.0010772833723653396
0.0,2289.57,2823.7,242.5,2280.0,439,0.0,8.16,0.23,portscan,1,5113.27,0.6555617237811594,1.135831381733021,0.9946367625548515,0.0,0.0,1.8028747433264887,0.000944558521560575
0.0,2913.54,4647.24,227.5,2227.5,826,0.0,8.0,0.23,portscan,1,7560.78,1.0188172024899156,1.0411899313501145,0.9751340809361289,0.0,0.0,3.614879649890591,0.0010065645514223194
0.0,3067.43,4069.84,135.0,2667.5,366,0.0,8.0,0.23,portscan,1,7137.27,0.9902305664023886,0.6467065868263473,0.9751340809361289,0.0,0.0,2.6911764705882355,0.0016911764705882354
0.0,3027.84,4094.85,290.0,3017.5,477,0.0,8.0,0.21,portscan,1,7122.6900000000005,0.9931833672263951,1.3196814562002275,0.9975062344139651,0.0,0.0,1.6391752577319587,0.0007216494845360825
0.0,4002.12,4934.73,142.5,2707.5,383,10.8,8.0,0.21,portscan,1,8936.849999999999,1.2600510035247334,0.6690140845070423,0.9975062344139651,1.3499983125021096,0.0,2.6689895470383274,0.0014634146341463415
0.0,3233.6,2965.87,190.0,1575.0,738,0.0,8.0,0.21,portscan,1,6199.469999999999,0.8950352912267925,0.9535759096612296,0.9975062344139651,0.0,0.0,3.863874345549738,0.001099476439790576
0.0,2435.5,3193.51,290.0,2730.0,440,0.0,9.11,0.21,portscan,1,5629.01,0.82067849536031,1.355140186915888,1.120403394416431,0.0,0.0,1.5120274914089347,0.0007216494845360825
0.0,5324.38,4639.63,207.5,2397.5,411,0.0,8.0,0.21,portscan,1,9964.01,1.3830105294132344,0.956221198156682,0.9838888205632765,0.0,0.0,1.9712230215827338,0.0010071942446043165
0.0,2135.66,3712.78,132.5,2020.0,521,0.0,9.27,0.28,portscan,1,5848.4400000000005,0.8410933505988026,0.6400966183574879,1.1230918342621756,0.0,0.0,3.902621722846442,0.0020973782771535584
0.0,5719.85,3532.45,237.5,1410.0,535,0.0,8.0,0.28,portscan,1,9252.3,1.2715475449497136,1.1336515513126493,0.9692270414344558,0.0,0.0,2.243186582809224,0.0011740041928721176
0.0,3174.72,4887.62,210.0,2910.0,693,0.0,8.0,0.28,portscan,1,8062.34,1.0648531906474383,1.018181818181818,0.97110949259529,0.0,0.0,3.2843601895734595,0.0013270142180094788
0.0,5498.48,4468.35,245.0,2300.0,462,0.0,9.55,0.28,portscan,1,9966.83,1.2758487957059474,1.1778846153846154,1.1378529727153581,0.0,0.0,1.8780487804878048,0.0011382113821138214
0.0,2092.14,2072.6,260.0,3042.5,889,0.0,9.33,0.33,portscan,1,4164.74,0.5542147703664353,1.1791383219954648,1.0942997888810697,0.0,0.0,3.4061302681992336,0.0012643678160919542
0.0,2571.43,5018.48,317.5,2395.0,552,0.0,9.87,0.33,portscan,1,7589.91,1.0037717932813939,1.4221724524076147,1.132790083782853,0.0,0.0,1.7331240188383046,0.0010361067503924647
0.0,2807.6,5242.36,192.5,2217.5,608,0.0,8.0,0.33,portscan,1,8049.959999999999,1.077249042882888,0.8433734939759037,0.9181682543326063,0.0,0.0,3.1421188630490957,0.0017054263565891474
0.0,3963.5,5832.52,287.5,2742.5,717,0.0,8.0,0.33,portscan,1,9796.02,1.2507117909349372,1.2079831932773109,0.9181682543326063,0.0,0.0,2.48526863084922,0.0011438474870017331
0.0,4470.51,2388.71,215.0,2260.0,719,0.0,8.0,0.33,portscan,1,6859.22,0.8622118096980194,0.9327548806941431,0.9300162752848175,0.0,0.0,3.3287037037037037,0.0015277777777777779
0.0,3137.5,4157.23,320.0,1712.5,773,0.0,8.9,0.31,portscan,1,7294.73,0.9487908419500475,1.3236814891416753,1.023930050621261,0.0,0.0,2.4080996884735204,0.0009657320872274143
0.0,3038.94,4208.03,217.5,2282.5,687,0.0,10.91,0.31,portscan,1,7246.969999999999,0.9257397070271434,0.8691308691308691,1.23193315266486,0.0,0.0,3.1441647597254003,0.0014187643020594966
0.0,4702.07,2266.92,270.0,2950.0,849,0.0,8.57,0.31,portscan,1,6968.99,0.916975867407915,1.0650887573964498,0.9615168854482217,0.0,0.0,3.132841328413284,0.0011439114391143912
0.0,4047.83,4367.41,182.5,3312.5,745,0.0,8.38,0.31,portscan,1,8415.24,1.1021548575746136,0.7278165503489531,0.9362082448888395,0.0,0.0,4.059945504087193,0.0016893732970027248
0.0,2832.35,4520.52,180.0,1402.5,726,0.0,8.0,0.31,portscan,1,7352.870000000001,0.9971527821569828,0.736949846468782,0.9095043201455207,0.0,0.0,4.011049723756906,0.001712707182320442
0.0,3458.5,3179.72,207.5,2785.0,327,0.0,8.0,0.28,portscan,1,6638.219999999999,0.8710188260057813,0.8682008368200836,0.9234676209165416,0.0,0.0,1.5683453237410072,0.0013429256594724222
0.0,2223.55,2832.27,287.5,2155.0,772,0.0,9.5,0.28,portscan,1,5055.82,0.6862044647224601,1.2182203389830508,1.1013215859030838,0.0,0.0,2.6759098786828424,0.0009705372616984403
0.0,2290.68,5919.93,185.0,3392.5,593,0.0,13.75,0.28,portscan,1,8210.61,1.1119658271293815,0.7863974495217854,1.4944027823062713,0.0,0.0,3.1881720430107525,0.0015053763440860217
0.0,5924.27,2664.92,240.0,2810.0,762,0.0,8.96,0.28,portscan,1,8589.19,1.1825650616685297,1.0412147505422993,0.9637517478756589,0.0,0.0,3.1618257261410787,0.001161825726141079
0.0,5037.46,4559.01,185.0,2795.0,836,0.0,8.0,0.28,portscan,1,9596.470000000001,1.2732630118625523,0.8131868131868132,0.8604926320318381,0.0,0.0,4.494623655913978,0.0015053763440860217
0.0,5616.29,4142.82,217.5,2660.0,477,0.0,8.68,0.26,portscan,1,9759.11,1.2538445854091858,1.001150747986191,0.9358490566037735,0.0,0.0,2.183066361556064,0.0011899313501144166
0.0,2465.4,2111.08,320.0,1842.5,443,0.0,8.0,0.26,portscan,1,4576.48,0.6088740470710322,1.4065934065934067,0.8904719501335708,0.0,0.0,1.3800623052959502,0.0008099688473520249
0.0,2549.7,2699.83,175.0,2787.5,465,0.0,12.02,0.26,portscan,1,5249.53,0.7147708294017419,0.8027522935779816,1.288455354271626,0.0,0.0,2.6420454545454546,0.0014772727272727272
0.0,4426.64,5685.03,177.5,2057.5,474,0.0,8.0,0.26,portscan,1,10111.67,1.345711210691194,0.8160919540229885,0.8610483263373157,0.0,0.0,2.6554621848739495,0.0014565826330532213
0.0,3736.09,4759.93,287.5,1275.0,734,0.0,8.0,0.26,portscan,1,8496.02,1.1137483626784013,1.2595837897042717,0.8610483263373157,0.0,0.0,2.5441941074523395,0.000901213171577123
0.0,5335.17,2978.55,182.5,2850.0,681,0.0,8.0,0.24,portscan,1,8313.720000000001,1.0664272918119897,0.8084163898117387,0.8610483263373157,0.0,0.0,3.7111716621253406,0.0013079019073569482
0.0,2004.99,5969.77,270.0,2217.5,758,0.0,8.0,0.24,portscan,1,7974.76,0.9860287575441199,1.2053571428571428,0.8751777704846295,0.0,0.0,2.7970479704797047,0.0008856088560885609
0.0,3544.74,2623.98,210.0,3452.5,770,0.0,12.06,0.24,portscan,1,6168.719999999999,0.782478286795812,0.9271523178807947,1.3441818992420866,0.0,0.0,3.6492890995260665,0.0011374407582938387
0.0,4034.07,5256.62,245.0,2675.0,831,0.0,8.0,0.24,portscan,1,9290.69,1.1680941124759658,1.079295154185022,0.9013068949977467,0.0,0.0,3.3780487804878048,0.000975609756097561
0.0,5745.97,5091.11,170.0,1567.5,322,0.0,8.0,0.22,portscan,1,10837.08,1.341591709997477,0.753880266075388,0.9013068949977467,0.0,0.0,1.8830409356725146,0.0012865497076023392
0.0,4351.19,5717.18,242.5,1830.0,893,0.0,8.94,0.22,portscan,1,10068.369999999999,1.2416743785443394,1.0635964912280702,1.0042687036620983,0.0,0.0,3.6673511293634498,0.0009034907597535934
0.0,5191.5,5776.37,162.5,1730.0,888,0.0,8.0,0.22,portscan,1,10967.869999999999,1.2537799318071896,0.7656065959952886,0.8986744551786114,0.0,0.0,5.431192660550459,0.001345565749235474
0.0,2633.55,2967.92,145.0,2877.5,327,0.0,8.33,0.22,portscan,1,5601.47,0.6377600367617716,0.6929510155316607,0.9762100082034455,0.0,0.0,2.23972602739726,0.0015068493150684932
0.0,5355.84,2490.79,182.5,2422.5,845,0.0,8.59,0.22,portscan,1,7846.63,0.9170338032939277,0.8700834326579261,0.9997672253258847,0.0,0.0,4.604904632152588,0.0011989100817438691
0.0,3118.63,4379.89,162.5,1715.0,634,0.0,8.0,0.2,portscan,1,7498.52,0.8866870534575619,0.8238276299112801,0.9310986964618251,0.0,0.0,3.8776758409785934,0.0012232415902140674
0.0,2037.98,5309.26,172.5,2317.5,398,0.0,8.0,0.2,portscan,1,7347.24,0.8788422674992687,0.8789808917197452,0.9310986964618251,0.0,0.0,2.2939481268011526,0.0011527377521613833
0.0,3420.68,5684.77,265.0,1752.5,479,0.0,8.0,0.2,portscan,1,9105.45,1.074617110599485,1.3537675606641124,0.9310986964618251,0.0,0.0,1.800751879699248,0.0007518796992481203
0.0,5892.36,2350.57,140.0,2185.0,749,0.0,10.06,0.2,portscan,1,8242.93,0.949577939376485,0.7417218543046358,1.1987607244995235,0.0,0.0,5.3120567375886525,0.0014184397163120568
0.0,4627.36,5615.11,215.0,1717.5,678,0.0,8.32,0.2,portscan,1,10242.47,1.1671262447436432,1.1574697173620458,0.9876543209876544,0.0,0.0,3.138888888888889,0.000925925925925926
0.0,3090.42,3074.65,142.5,1752.5,727,0.0,8.0,0.19,portscan,1,6165.07,0.7420105091085117,0.7786885245901639,0.9496676163342829,0.0,0.0,5.066202090592334,0.00132404181184669
0.0,2969.61,4311.41,165.0,2855.0,409,0.0,10.97,0.19,portscan,1,7281.02,0.9067422909993403,0.9415121255349501,1.27158919670801,0.0,0.0,2.463855421686747,0.0011445783132530121
0.0,3382.64,2570.18,185.0,2037.5,661,0.0,9.0,0.19,portscan,1,5952.82,0.7907191497964631,1.0422535211267605,1.0312822275696114,0.0,0.0,3.553763440860215,0.0010215053763440861
0.0,5806.45,5844.35,135.0,2120.0,321,0.0,8.0,0.19,portscan,1,11650.8,1.4324821612888747,0.7648725212464589,0.9201748332183116,0.0,0.0,2.360294117647059,0.0013970588235294118
0.0,2458.33,3506.89,287.5,1637.5,615,0.0,8.33,0.17,portscan,1,5965.219999999999,0.7507997956993658,1.5374331550802138,0.9610059990770652,0.0,0.0,2.131715771230503,0.0005892547660311959
0.0,5316.05,4153.53,202.5,2982.5,739,0.0,8.0,0.17,portscan,1,9469.58,1.1630161650450859,1.0602094240837696,0.9229349330872172,0.0,0.0,3.6314496314496316,0.0008353808353808354
0.0,2293.23,2685.81,282.5,1415.0,528,0.0,8.0,0.17,portscan,1,4979.04,0.6298245258960918,1.3985148514851484,0.9229349330872172,0.0,0.0,1.8624338624338623,0.0005996472663139331
0.0,5287.27,3150.23,250.0,3152.5,664,0.0,8.98,0.17,portscan,1,8437.5,1.0763977702778988,1.2468827930174564,1.0244125028519278,0.0,0.0,2.645418326693227,0.0006772908366533865
0.0,4097.64,5704.96,322.5,2202.5,503,0.0,8.0,0.17,portscan,1,9802.6,1.2261508125722675,1.4742857142857142,0.9345794392523364,0.0,0.0,1.5548686244204017,0.0005255023183925811
0.0,5289.33,5218.18,282.5,2130.0,354,0.0,8.0,0.16,portscan,1,10507.51,1.3099810550053135,1.252771618625277,0.9380863039399624,0.0,0.0,1.2486772486772486,0.0005643738977072311
0.0,3628.15,2989.5,285.0,1580.0,335,0.0,8.0,0.16,portscan,1,6617.65,0.8203995996218376,1.18873826903024,0.9380863039399624,0.0,0.0,1.1713286713286712,0.0005594405594405594
0.0,2262.01,2136.61,285.0,1862.5,592,0.0,8.0,0.16,portscan,1,4398.620000000001,0.5655109567410385,1.1320754716981132,0.9719353662981411,0.0,0.0,2.06993006993007,0.0005594405594405594
0.0,3018.55,4460.22,130.0,1580.0,651,0.0,8.0,0.16,portscan,1,7478.77,0.9430116701755918,0.5279187817258884,0.9838888205632763,0.0,0.0,4.969465648854962,0.0012213740458015267
0.0,5887.32,3751.38,142.5,2742.5,592,0.0,8.68,0.16,portscan,1,9638.7,1.246998681289224,0.5769230769230769,1.0586656909379193,0.0,0.0,4.125435540069686,0.0011149825783972125
0.0,3086.16,3310.11,277.5,2115.0,694,0.0,8.86,0.14,portscan,1,6396.27,0.8229228636300947,1.1280487804878048,1.0736791080950074,0.0,0.0,2.4919210053859966,0.0005026929982046679
0.0,3697.12,4951.91,230.0,2692.5,502,0.0,10.42,0.14,portscan,1,8649.029999999999,1.1246280996893725,0.9246231155778895,1.2267482929126443,0.0,0.0,2.173160173160173,0.0006060606060606062
0.0,5356.59,3440.01,320.0,2070.0,882,0.0,8.0,0.14,portscan,1,8796.6,1.0897232210051009,1.2673267326732673,0.9418412997409936,0.0,0.0,2.7476635514018692,0.0004361370716510904
0.0,4465.85,2912.03,210.0,2250.0,381,0.0,9.04,0.14,portscan,1,7377.880000000001,0.9261290252528037,0.8450704225352113,1.0635294117647058,0.0,0.0,1.8056872037914693,0.0006635071090047394
0.0,2257.86,3505.4,190.0,2097.5,505,0.0,8.53,0.14,portscan,1,5763.26,0.7620911217811102,0.8076514346439958,0.9973108850695661,0.0,0.0,2.643979057591623,0.0007329842931937174
0.0,2121.34,5916.96,297.5,2705.0,576,0.0,9.48,0.29,portscan,1,8038.3,1.0988027078912361,1.2565997888067582,1.0895299390874613,0.0,0.0,1.92964824120603,0.0009715242881072026
0.0,4658.75,3512.96,197.5,1782.5,460,0.0,8.88,0.29,portscan,1,8171.71,1.0938032481701703,0.8662280701754386,1.0103538514051658,0.0,0.0,2.3173803526448364,0.0014609571788413097
0.0,2429.32,3432.99,135.0,2727.5,859,0.0,9.26,0.29,portscan,1,5862.3099999999995,0.7696064331599601,0.6338028169014085,1.0386988222097588,0.0,0.0,6.3161764705882355,0.0021323529411764706
0.0,5979.42,5412.95,252.5,2007.5,489,0.0,11.28,0.29,portscan,1,11392.369999999999,1.4225094064000603,1.120976692563818,1.2203829925348915,0.0,0.0,1.9289940828402368,0.0011439842209072977
0.0,5395.93,3159.48,205.0,1587.5,781,0.0,8.0,0.29,portscan,1,8555.41,1.0829202484863258,0.8855291576673866,0.871934604904632,0.0,0.0,3.79126213592233,0.001407766990291262
0.0,4376.55,5021.5,260.0,2650.0,845,0.0,8.0,0.35,portscan,1,9398.05,1.1460348964427987,1.131664853101197,0.8801848388161514,0.0,0.0,3.2375478927203063,0.0013409961685823754
0.0,2460.52,2287.26,132.5,2785.0,333,0.0,9.14,0.35,portscan,1,4747.780000000001,0.6078818063222894,0.6022727272727273,1.0199754491686197,0.0,0.0,2.49438202247191,0.0026217228464419473
0.0,4456.13,2138.57,207.5,2912.5,317,0.0,8.0,0.35,portscan,1,6594.700000000001,0.8688466685296009,0.9940119760479041,0.8927575047427743,0.0,0.0,1.5203836930455636,0.0016786570743405275
0.0,2279.17,2753.15,307.5,2487.5,684,0.0,13.91,0.35,portscan,1,5032.32,0.684146178820252,1.4073226544622426,1.472269263336156,0.0,0.0,2.217179902755267,0.0011345218800648297
0.0,4754.3,5036.38,317.5,1780.0,661,0.0,8.0,0.4,portscan,1,9790.68,1.261951780291796,1.372972972972973,0.851516764236296,0.0,0.0,2.075353218210361,0.0012558869701726845
0.0,2133.59,3442.55,315.0,2385.0,639,0.0,8.0,0.4,portscan,1,5576.14,0.7422831315734371,1.351931330472103,0.8651454525792149,0.0,0.0,2.0221518987341773,0.0012658227848101266
0.0,5458.41,2895.13,292.5,2910.0,303,0.0,8.0,0.4,portscan,1,8353.54,1.109319246301291,1.2061855670103092,0.8734578010699857,0.0,0.0,1.0323679727427597,0.0013628620102214652
0.0,4867.71,5730.17,145.0,3107.5,327,0.0,10.01,0.4,portscan,1,10597.880000000001,1.3240916569661718,0.5954825462012321,1.0840372536278968,0.0,0.0,2.23972602739726,0.0027397260273972603
0.0,3593.58,2149.61,272.5,2677.5,764,0.0,10.71,0.4,portscan,1,5743.1900000000005,0.7720411255914631,1.109979633401222,1.1670480549199085,0.0,0.0,2.793418647166362,0.0014625228519195613
0.0,3155.04,4296.63,325.0,2655.0,382,0.0,8.0,0.37,portscan,1,7451.67,1.0167938056339585,1.2621359223300972,0.8717445788384002,0.0,0.0,1.1717791411042944,0.0011349693251533743
0.0,3988.89,5812.18,170.0,2400.0,618,0.0,8.0,0.37,portscan,1,9801.07,1.3300593019552316,0.6841046277665996,0.8717445788384002,0.0,0.0,3.6140350877192984,0.0021637426900584793
0.0,3297.8,5287.19,227.5,2157.5,352,0.0,8.0,0.37,portscan,1,8584.99,1.1073665695897823,0.8817829457364341,0.8827099194527198,0.0,0.0,1.5404814004376368,0.0016192560175054705
0.0,2780.17,3167.32,300.0,1822.5,473,0.0,8.0,0.37,portscan,1,5947.49,0.7736172844147106,1.1225444340505144,0.8827099194527198,0.0,0.0,1.5714285714285714,0.001229235880398671
0.0,3023.02,4843.62,247.5,3295.0,855,0.0,10.64,0.37,portscan,1,7866.639999999999,0.9868668072789366,0.9473684210526315,1.2179487179487178,0.0,0.0,3.4406438631790746,0.001488933601609658
0.0,4567.86,3138.99,220.0,8855.0,562,0.0,16.62,0.42,portscan,1,7706.849999999999,0.9927738773398657,0.8747514910536779,1.7316107522400497,0.0,0.0,2.5429864253393664,0.0019004524886877827
0.0,5622.87,3503.09,247.5,2230.0,617,0.0,8.44,0.42,portscan,1,9125.96,1.124173557587601,1.0112359550561798,0.8753370669985479,0.0,0.0,2.482897384305835,0.0016901408450704224
0.0,3205.15,3251.9,232.5,1610.0,603,0.0,8.0,0.42,portscan,1,6457.05,0.8144327413301171,0.9738219895287958,0.8297033810412776,0.0,0.0,2.582441113490364,0.001798715203426124
0.0,2448.98,2707.39,327.5,2482.5,739,0.0,8.0,0.42,portscan,1,5156.37,0.6983045255986895,1.2743190661478598,0.8473678635737739,0.0,0.0,2.249619482496195,0.0012785388127853881
0.0,2956.07,5903.24,152.5,2285.0,545,0.0,8.0,0.42,portscan,1,8859.31,1.1511966360609895,0.6224489795918368,0.8724100327153762,0.0,0.0,3.550488599348534,0.002736156351791531
0.0,5744.54,4259.98,182.5,2252.5,792,0.0,8.97,0.47,portscan,1,10004.52,1.2582679591624981,0.7908992416034669,0.9679507931369377,0.0,0.0,4.316076294277929,0.0025613079019073566
0.0,2419.34,3488.89,192.5,2477.5,871,0.0,8.2,0.47,portscan,1,5908.23,0.7813319710368287,0.8261802575107297,0.8829546678152255,0.0,0.0,4.501291989664082,0.002428940568475452
0.0,4515.6,3956.78,187.5,1917.5,608,10.1,8.0,0.47,portscan,1,8472.380000000001,1.1220981977304756,0.8187772925764192,0.8614191881124151,1.2624984218769726,0.0,3.2254641909814326,0.0024933687002652517
0.0,5944.45,2186.78,185.0,3312.5,363,0.0,8.0,0.47,portscan,1,8131.23,1.0466447174834281,0.8505747126436781,0.8614191881124151,0.0,0.0,1.9516129032258065,0.0025268817204301074
0.0,4042.77,2561.68,317.5,1892.5,370,0.0,8.29,0.67,portscan,1,6604.45,0.8641587619976618,1.4142538975501113,0.9158197083517454,0.0,0.0,1.1616954474097332,0.0021036106750392464
0.0,2325.07,4712.64,327.5,1877.5,884,0.0,8.0,0.67,portscan,1,7037.710000000001,0.9289822051260864,1.392136025504782,0.9768009768009767,0.0,0.0,2.6910197869101977,0.002039573820395738
0.0,4283.79,2238.42,302.5,1712.5,573,0.0,8.0,0.67,portscan,1,6522.21,0.8915791542874391,1.2564901349948079,0.9820770930518047,0.0,0.0,1.887973640856672,0.002207578253706755
0.0,3395.48,3415.14,292.5,2277.5,435,0.0,8.0,0.67,portscan,1,6810.62,0.9265263472078793,1.1854103343465046,0.9820770930518047,0.0,0.0,1.4821124361158433,0.002282793867120954
0.0,4834.62,4063.93,265.0,1977.5,838,0.0,8.0,0.62,portscan,1,8898.55,1.1519276378360375,1.1018711018711018,0.9820770930518047,0.0,0.0,3.1503759398496243,0.002330827067669173
0.0,2811.47,2433.74,260.0,2920.0,357,0.0,9.34,0.62,portscan,1,5245.209999999999,0.7123245962422,1.0348258706467661,1.1280193236714977,0.0,0.0,1.367816091954023,0.002375478927203065
0.0,5133.34,5330.11,220.0,2325.0,845,0.0,8.0,0.62,portscan,1,10463.45,1.4121851096255518,0.8627450980392157,0.977636563607479,0.0,0.0,3.823529411764706,0.0028054298642533936
0.0,3788.19,3504.7,287.5,2245.0,608,0.0,10.16,0.62,portscan,1,7292.889999999999,0.9662182840986927,1.0869565217391304,1.2125551975176037,0.0,0.0,2.1074523396880416,0.0021490467937608317
0.0,2270.2,5203.86,142.5,2472.5,778,0.0,11.94,0.62,portscan,1,7474.0599999999995,1.0034938060197869,0.5480769230769231,1.360993958737034,0.0,0.0,5.421602787456446,0.004320557491289199
0.0,5425.18,5715.22,197.5,2622.5,698,0.0,10.14,0.65,portscan,1,11140.400000000001,1.4376648206112956,0.7559808612440191,1.1282964281740295,0.0,0.0,3.5163727959697733,0.00327455919395466
0.0,5333.16,3288.03,150.0,1802.5,538,0.0,9.1,0.65,portscan,1,8621.19,1.0843406226098589,0.6134969325153374,1.0035288928098807,0.0,0.0,3.562913907284768,0.004304635761589404
0.0,5502.94,3831.23,142.5,1730.0,753,0.0,8.0,0.65,portscan,1,9334.17,1.141058216258011,0.6305309734513275,0.8822232024702248,0.0,0.0,5.2473867595818815,0.004529616724738676
0.0,2124.73,4100.4,237.5,3327.5,397,0.0,9.23,0.65,portscan,1,6225.129999999999,0.7637664962449849,1.082004555808656,1.0042432814710045,0.0,0.0,1.6645702306079664,0.0027253668763102725
0.0,5201.22,2083.22,235.0,3185.0,649,0.0,8.05,0.65,portscan,1,7284.4400000000005,0.8885685919734316,1.0994152046783625,0.875380600260983,0.0,0.0,2.75,0.002754237288135593
0.0,2347.85,4863.51,190.0,2582.5,878,0.0,8.64,0.6,portscan,1,7211.360000000001,0.8981384267233595,0.9212121212121213,0.9330453563714903,0.0,0.0,4.596858638743456,0.0031413612565445023
0.0,2960.51,2145.56,235.0,2880.0,454,0.0,12.85,0.6,portscan,1,5106.07,0.6370391385692091,1.1533742331288344,1.337009676412444,0.0,0.0,1.923728813559322,0.002542372881355932
0.0,3686.97,5994.61,292.5,2975.0,882,0.0,8.0,0.6,portscan,1,9681.58,1.2197836270520486,1.386255924170616,0.8323795650816772,0.0,0.0,3.0051107325383306,0.0020442930153321977
0.0,3940.7,4368.27,277.5,2817.5,764,0.0,8.0,0.6,portscan,1,8308.970000000001,1.0336163504291782,1.3214285714285714,0.851516764236296,0.0,0.0,2.74326750448833,0.0021543985637342907
0.0,5317.52,3194.99,135.0,2850.0,327,0.0,8.12,0.6,portscan,1,8512.51,1.0454312894853255,0.6451612903225806,0.9009208920448241,0.0,0.0,2.4044117647058822,0.004411764705882353
0.0,3416.57,4122.14,252.5,1982.5,425,0.0,8.0,0.55,portscan,1,7538.710000000001,0.9686854192909063,1.1757857974388823,0.9091942266166608,0.0,0.0,1.6765285996055226,0.0021696252465483235
0.0,5432.62,3560.01,205.0,3235.0,573,0.0,9.34,0.55,portscan,1,8992.630000000001,1.150017833491079,0.9307604994324631,1.0585968491442819,0.0,0.0,2.7815533980582523,0.0026699029126213596
0.0,4048.01,2304.58,237.5,2725.0,603,0.0,8.0,0.55,portscan,1,6352.59,0.8446021810570081,1.0337323177366704,0.9067210699308627,0.0,0.0,2.5283018867924527,0.002306079664570231
0.0,3887.13,5489.19,250.0,2942.5,597,0.0,8.0,0.55,portscan,1,9376.32,1.1964905842109976,1.0822510822510822,0.9195402298850576,0.0,0.0,2.3784860557768925,0.0021912350597609563
0.0,3550.46,5789.7,330.0,2070.0,620,0.0,8.38,0.5,portscan,1,9340.16,1.1614095340887753,1.3721413721413722,0.9595786098706057,0.0,0.0,1.8731117824773413,0.0015105740181268882
0.0,2894.23,2896.95,215.0,2702.5,557,0.0,10.48,0.5,portscan,1,5791.18,0.7330540784944745,0.8847736625514403,1.1752831669844122,0.0,0.0,2.5787037037037037,0.0023148148148148147
0.0,5774.27,5257.3,155.0,1670.0,870,0.0,8.76,0.5,portscan,1,11031.57,1.2989592613447296,0.6595744680851063,1.0296191819464036,0.0,0.0,5.576923076923077,0.003205128205128205
0.0,5316.57,5156.33,137.5,1490.0,479,0.0,8.0,0.5,portscan,1,10472.9,1.2217919459657849,0.6264236902050114,0.9402914903620123,0.0,0.0,3.4584837545126352,0.0036101083032490976
0.0,2238.4,5817.56,225.0,3172.5,468,0.0,9.31,0.5,portscan,1,8055.960000000001,0.9426085886156516,1.0501750291715286,1.077671026739206,0.0,0.0,2.0707964601769913,0.0022123893805309734
0.0,5086.72,5622.16,192.5,1595.0,836,0.0,8.0,0.46,portscan,1,10708.880000000001,1.221625605030293,0.875,0.927321200880955,0.0,0.0,4.320413436692506,0.002377260981912145
0.0,3631.56,3011.32,217.5,2242.5,350,0.0,10.74,0.46,portscan,1,6642.88,0.7656168548011314,1.0046189376443417,1.2066059993259184,0.0,0.0,1.6018306636155606,0.002105263157894737
0.0,2382.79,4240.76,230.0,2375.0,630,0.0,8.0,0.46,portscan,1,6623.55,0.7848180938454541,1.0502283105022832,0.912512832211703,0.0,0.0,2.727272727272727,0.0019913419913419913
0.0,3593.54,5572.82,215.0,1705.0,594,0.0,8.0,0.46,portscan,1,9166.36,1.0510704306490468,0.9919261822376009,0.912512832211703,0.0,0.0,2.75,0.0021296296296296298
0.0,4198.67,4890.27,245.0,2102.5,868,0.0,8.0,0.43,portscan,1,9088.94,1.0456386491027971,1.1329479768786128,0.912512832211703,0.0,0.0,3.5284552845528454,0.0017479674796747966
0.0,3882.13,3883.15,165.0,2137.5,406,0.0,8.0,0.43,portscan,1,7765.280000000001,0.9098427018951932,0.8260325406758448,0.9164852789552068,0.0,0.0,2.4457831325301207,0.0025903614457831324
0.0,2836.77,5164.32,247.5,2665.0,670,0.0,8.0,0.43,portscan,1,8001.09,0.9138107214455065,1.2192118226600985,0.943284989977597,0.0,0.0,2.6961770623742454,0.0017303822937625754
0.0,4460.56,3428.13,217.5,2402.5,802,0.0,8.0,0.43,portscan,1,7888.6900000000005,0.9345180266951674,1.039426523297491,0.9518143961927424,0.0,0.0,3.670480549199085,0.0019679633867276886
0.0,3164.32,2924.6,265.0,2262.5,422,0.0,8.0,0.43,portscan,1,6088.92,0.7608244601592765,1.1936936936936937,0.9518143961927424,0.0,0.0,1.586466165413534,0.0016165413533834585
0.0,3832.62,5825.42,142.5,2367.5,747,0.0,8.0,0.47,portscan,1,9658.04,1.1831102342286413,0.6666666666666666,0.9668842156151802,0.0,0.0,5.205574912891986,0.003275261324041812
0.0,5314.68,4169.92,180.0,3395.0,417,0.0,9.04,0.47,portscan,1,9484.6,1.179554113472046,0.8470588235294118,1.0790164717116255,0.0,0.0,2.303867403314917,0.002596685082872928
0.0,2404.74,5020.98,275.0,1965.0,624,0.0,8.0,0.47,portscan,1,7425.719999999999,0.9145967684424873,1.2600229095074456,0.9871668311944718,0.0,0.0,2.260869565217391,0.0017028985507246376
0.0,3180.2,3375.04,190.0,2775.0,697,0.0,11.06,0.47,portscan,1,6555.24,0.8080630273481414,0.8868144690781797,1.315101070154578,0.0,0.0,3.649214659685864,0.0024607329842931936
0.0,3715.99,3929.74,175.0,2780.0,736,0.0,8.0,0.47,portscan,1,7645.73,0.9604916946443096,0.8323424494649228,0.9512485136741974,0.0,0.0,4.181818181818182,0.0026704545454545453
0.0,3005.91,4884.99,200.0,2627.5,434,0.0,8.0,0.43,portscan,1,7890.9,1.0064383022289236,0.9720534629404617,0.9512485136741974,0.0,0.0,2.1592039800995027,0.0021393034825870644
0.0,3258.64,3194.8,207.5,2207.5,668,0.0,8.0,0.43,portscan,1,6453.4400000000005,0.8371048911844323,0.9880952380952381,0.9512485136741974,0.0,0.0,3.2038369304556356,0.002062350119904077
0.0,2991.43,4331.0,295.0,2077.5,472,0.0,8.62,0.43,portscan,1,7322.43,0.9582612858347018,1.3736903376018625,1.0174693106704438,0.0,0.0,1.5945945945945945,0.0014527027027027026
0.0,4081.44,4218.34,152.5,2517.5,322,0.0,8.0,0.43,portscan,1,8299.78,1.0803516572773375,0.7322929171668667,0.9442870632672333,0.0,0.0,2.0977198697068404,0.0028013029315960914
0.0,4868.12,4464.45,282.5,2802.5,790,0.0,12.13,0.43,portscan,1,9332.57,1.165573955784082,1.3452380952380953,1.3652222847495779,0.0,0.0,2.7865961199294533,0.0015167548500881834
0.0,3003.05,3346.82,155.0,2540.0,651,0.0,8.0,0.4,portscan,1,6349.870000000001,0.8272338245769818,0.7337278106508875,0.900393922341024,0.0,0.0,4.173076923076923,0.002564102564102564
0.0,4974.87,5060.3,145.0,1955.0,523,0.0,8.14,0.4,portscan,1,10035.17,1.2980286725601906,0.6979542719614922,0.9255258669698693,0.0,0.0,3.5821917808219177,0.0027397260273972603
0.0,4765.38,3526.29,325.0,2335.0,408,0.0,8.0,0.4,portscan,1,8291.67,1.060630519540324,1.527614571092832,0.9096077316657192,0.0,0.0,1.2515337423312884,0.001226993865030675
0.0,5258.85,2233.14,162.5,3232.5,396,0.0,8.0,0.4,portscan,1,7491.99,0.9469920133782391,0.7738095238095238,0.9423960419366237,0.0,0.0,2.4220183486238533,0.002446483180428135
0.0,5052.99,3485.77,157.5,3065.0,741,0.0,8.0,0.37,portscan,1,8538.76,1.0672572180938118,0.7563025210084033,0.9423960419366237,0.0,0.0,4.6750788643533125,0.002334384858044164
0.0,3488.97,4185.36,247.5,1902.5,384,0.0,8.0,0.37,portscan,1,7674.33,0.961815896501329,1.1619718309859155,0.9423960419366237,0.0,0.0,1.545271629778672,0.001488933601609658
0.0,4592.88,4245.43,212.5,2745.0,327,0.0,8.0,0.37,portscan,1,8838.310000000001,1.0755488781973275,0.9953161592505855,0.9423960419366237,0.0,0.0,1.531615925058548,0.0017330210772833724
0.0,3844.37,4956.58,142.5,1920.0,671,0.0,8.0,0.37,portscan,1,8800.95,1.0520731972639488,0.7187894073139974,0.9493295360151891,0.0,0.0,4.67595818815331,0.002578397212543554
0.0,4303.76,4849.73,165.0,2677.5,825,0.0,8.0,0.37,portscan,1,9153.49,1.0831621149983712,0.8270676691729323,0.9493295360151891,0.0,0.0,4.969879518072289,0.0022289156626506025
0.0,5984.81,3099.16,227.5,1965.0,442,0.0,8.61,0.34,portscan,1,9083.970000000001,1.0781071253218224,1.172680412371134,1.0662538699690403,0.0,0.0,1.9343544857768054,0.001487964989059081
0.0,4573.63,3644.07,255.0,2472.5,382,0.0,8.0,0.34,portscan,1,8217.7,0.9541448063391523,1.25,0.9907120743034057,0.0,0.0,1.4921875,0.001328125
0.0,3691.42,4993.01,135.0,4240.0,753,0.0,8.0,0.34,portscan,1,8684.43,1.0244020685197155,0.6650246305418719,0.9924327006574867,0.0,0.0,5.536764705882353,0.0025
0.0,2758.49,4605.08,142.5,9810.0,876,0.0,12.98,0.34,portscan,1,7363.57,0.8782098452547777,0.7713125845737483,1.5165323051758384,0.0,0.0,6.104529616724738,0.0023693379790940767
0.0,3120.17,4614.93,142.5,3657.5,811,0.0,8.0,0.34,portscan,1,7735.1,0.9198530014231079,0.7797537619699042,0.9346886318495152,0.0,0.0,5.651567944250871,0.0023693379790940767
0.0,2798.07,4214.6,242.5,3000.0,879,0.0,8.64,0.31,portscan,1,7012.67,0.8493563579125755,1.2679738562091503,1.0019714716455992,0.0,0.0,3.6098562628336754,0.001273100616016427
0.0,2755.91,4390.38,270.0,2987.5,809,0.0,8.0,0.31,portscan,1,7146.29,0.871111242218096,1.3953488372093024,0.927751362634814,0.0,0.0,2.985239852398524,0.0011439114391143912
0.0,2930.16,2489.49,185.0,2877.5,604,0.0,8.0,0.31,portscan,1,5419.65,0.6893666092496585,0.9698558322411533,0.927751362634814,0.0,0.0,3.247311827956989,0.0016666666666666666
0.0,3296.35,5792.02,225.0,3017.5,530,0.0,8.75,0.31,portscan,1,9088.37,1.1518081688871362,1.1306532663316582,1.0059783858358244,0.0,0.0,2.3451327433628317,0.0013716814159292034
0.0,2443.45,4017.96,167.5,4995.0,718,0.0,12.64,0.45,portscan,1,6461.41,0.847807648967711,0.8406524466750314,1.379611438550535,0.0,0.0,4.261127596439169,0.0026706231454005935
0.0,4160.85,5062.09,320.0,3620.0,767,0.0,8.0,0.45,portscan,1,9222.94,1.2079479642545663,1.5347721822541966,0.8790242830458193,0.0,0.0,2.3894080996884735,0.0014018691588785048
0.0,3518.36,5925.14,290.0,16117.5,757,0.0,26.52,0.45,portscan,1,9443.5,1.2172920829416305,1.3679245283018868,2.4212544508353875,0.0,0.0,2.6013745704467355,0.0015463917525773197
0.0,5220.94,4384.35,207.5,23732.5,304,0.0,35.0,0.45,portscan,1,9605.29,1.223622682591668,0.9464082098061574,2.5635391489050026,0.0,0.0,1.4580335731414868,0.002158273381294964
0.0,3660.72,2674.8,227.5,7625.0,830,0.0,13.01,0.45,portscan,1,6335.52,0.8177952088749897,0.9989023051591658,0.9526947861745753,0.0,0.0,3.6323851203501096,0.0019693654266958426
0.0,2147.16,2183.53,157.5,1772.5,355,0.0,8.0,0.41,portscan,1,4330.6900000000005,0.584704277908734,0.6870229007633588,0.5858230814294083,0.0,0.0,2.2397476340694005,0.002586750788643533
0.0,3831.31,2148.81,242.5,2750.0,434,0.0,10.34,0.41,portscan,1,5980.12,0.8188156220313393,1.0577971646673936,0.7478663387820049,0.0,0.0,1.782340862422998,0.0016837782340862423
0.0,4300.87,2649.45,300.0,2130.0,664,0.0,8.72,0.41,portscan,1,6950.32,0.9542186949333046,1.2917115177610334,0.6274284069650309,0.0,0.0,2.2059800664451825,0.001362126245847176
0.0,3031.93,4325.7,212.5,2267.5,526,0.0,9.72,0.41,portscan,1,7357.629999999999,0.9839588455033372,0.9042553191489362,0.6908315565031983,0.0,0.0,2.4637002341920375,0.001920374707259953
0.0,4568.71,2483.06,277.5,3165.0,542,0.0,8.0,0.41,portscan,1,7051.77,0.9694595169399055,1.1550468262226847,0.571632725973562,0.0,0.0,1.9461400359066428,0.0014721723518850986
0.0,2525.4,5157.12,175.0,2510.0,487,0.0,10.22,0.38,portscan,1,7682.52,1.0387356460154975,0.7261410788381742,0.7431105940522068,0.0,0.0,2.7670454545454546,0.002159090909090909
0.0,3972.14,4035.98,142.5,1865.0,880,0.0,10.45,0.38,portscan,1,8008.12,1.1008409044795635,0.6382978723404256,0.7465352193170451,0.0,0.0,6.132404181184669,0.00264808362369338
0.0,4136.97,3283.25,207.5,3202.5,738,0.0,8.0,0.38,portscan,1,7420.22,1.0492066140476402,0.9651162790697675,0.6586530545035403,0.0,0.0,3.539568345323741,0.0018225419664268585
0.0,4022.99,2485.34,247.5,2780.0,506,0.0,8.0,0.38,portscan,1,6508.33,0.9624113718487357,1.13013698630137,0.8469193309337284,0.0,0.0,2.0362173038229376,0.001529175050301811
0.0,2869.96,4827.26,260.0,1970.0,654,0.0,8.0,0.35,portscan,1,7697.22,1.115750314479813,1.1698537682789651,0.8943543879262157,0.0,0.0,2.5057471264367814,0.0013409961685823754
0.0,5455.56,3800.77,277.5,2742.5,419,0.0,10.26,0.35,portscan,1,9256.33,1.252334852876195,1.1846318036286019,1.1187438665358194,0.0,0.0,1.5044883303411132,0.0012567324955116697
0.0,4919.72,2477.19,325.0,2700.0,532,0.0,8.0,0.35,portscan,1,7396.91,0.9819423685608947,1.3402061855670102,0.8951549737048226,0.0,0.0,1.6319018404907975,0.0010736196319018404
0.0,4060.08,5975.07,190.0,1332.5,609,0.0,8.0,0.35,portscan,1,10035.15,1.2797618288524273,0.8207343412526998,0.9024252679075014,0.0,0.0,3.18848167539267,0.001832460732984293
0.0,5568.09,2826.78,150.0,2145.0,434,0.0,11.74,0.35,portscan,1,8394.87,1.0566038828245279,0.6659267480577137,1.2948053380390427,0.0,0.0,2.8741721854304636,0.0023178807947019865
0.0,4526.15,2893.94,205.0,3330.0,563,0.0,10.66,0.32,portscan,1,7420.09,0.9296056515329036,0.9403669724770642,1.1421836494160507,0.0,0.0,2.733009708737864,0.0015533980582524273
0.0,3537.45,4196.91,322.5,1642.5,782,0.0,8.0,0.32,portscan,1,7734.36,0.9683492004667492,1.385606874328679,0.8780594885303479,0.0,0.0,2.417310664605873,0.0009891808346213292
0.0,3247.69,5398.4,255.0,2040.0,697,0.0,8.0,0.32,portscan,1,8646.09,1.0739207773684545,1.0450819672131149,0.9023234829686443,0.0,0.0,2.72265625,0.00125
0.0,5496.75,5467.59,170.0,2507.5,654,0.0,8.0,0.32,portscan,1,10964.34,1.3044448137850937,0.7075962539021852,0.9023234829686443,0.0,0.0,3.824561403508772,0.0018713450292397662
0.0,5028.4,3122.06,210.0,2077.5,530,0.0,10.83,0.29,portscan,1,8150.459999999999,0.951091896897655,0.8879492600422833,1.1837359274237622,0.0,0.0,2.5118483412322274,0.0013744075829383885
0.0,5614.43,2396.87,170.0,2592.5,306,0.0,8.0,0.29,portscan,1,8011.3,0.9314392878029157,0.7472527472527473,0.8744125040988087,0.0,0.0,1.7894736842105263,0.0016959064327485378
0.0,4613.48,4846.75,175.0,2165.0,405,0.0,10.75,0.29,portscan,1,9460.23,1.0972988083114306,0.8055235903337169,1.168732333115895,0.0,0.0,2.3011363636363638,0.0016477272727272727
0.0,3572.6,2171.02,230.0,1870.0,621,0.0,9.81,0.29,portscan,1,5743.62,0.679231948813932,1.1070998796630565,1.0459537264100651,0.0,0.0,2.688311688311688,0.0012554112554112554
0.0,2917.88,2559.29,180.0,2625.0,729,0.0,9.3,0.29,portscan,1,5477.17,0.6846245987470646,0.8706166868198307,0.9780208223787991,0.0,0.0,4.027624309392265,0.0016022099447513811
0.0,4833.96,4937.82,315.0,2847.5,397,0.0,11.57,0.27,portscan,1,9771.779999999999,1.200767663183723,1.4109742441209407,1.2189211967973028,0.0,0.0,1.2563291139240507,0.0008544303797468355
0.0,4120.45,3876.74,285.0,2720.0,564,0.0,8.0,0.27,portscan,1,7997.19,0.9757842388173048,1.2324324324324325,0.8671146759158898,0.0,0.0,1.972027972027972,0.0009440559440559442
0.0,4254.69,5087.61,235.0,2112.5,361,0.0,8.0,0.27,portscan,1,9342.3,1.1179750056483329,1.0561797752808988,0.8671146759158898,0.0,0.0,1.5296610169491525,0.0011440677966101697
0.0,3415.95,2618.34,217.5,2512.5,716,0.0,8.0,0.27,portscan,1,6034.29,0.7454095404871094,0.9942857142857143,0.8671146759158898,0.0,0.0,3.276887871853547,0.0012356979405034325
0.0,3167.35,2510.63,157.5,3807.5,702,0.0,12.08,0.27,portscan,1,5677.98,0.7503972705425611,0.7241379310344828,1.2538924641893294,0.0,0.0,4.429022082018927,0.0017034700315457414
0.0,4349.67,5700.64,315.0,1812.5,793,0.0,8.0,0.25,portscan,1,10050.310000000001,1.295707909775615,1.381578947368421,0.855523473425302,0.0,0.0,2.509493670886076,0.0007911392405063291
0.0,2975.4,5050.74,245.0,1885.0,779,0.0,8.81,0.25,portscan,1,8026.139999999999,1.0345495630954018,1.040339702760085,0.9340542832909245,0.0,0.0,3.1666666666666665,0.0010162601626016261
0.0,5534.25,4934.93,232.5,2162.5,877,0.0,8.0,0.25,portscan,1,10469.18,1.332126902723961,0.9637305699481865,0.8736485748607623,0.0,0.0,3.7558886509635974,0.0010706638115631692
0.0,5847.08,2135.65,177.5,2405.0,785,0.0,8.0,0.25,portscan,1,7982.73,0.9876063154011299,0.7521186440677966,0.89126559714795,0.0,0.0,4.397759103641457,0.0014005602240896359
0.0,5257.87,5752.85,245.0,3847.5,593,0.0,10.81,0.25,portscan,1,11010.720000000001,1.2749404777205697,1.0103092783505154,1.1843979401774953,0.0,0.0,2.410569105691057,0.0010162601626016261
0.0,3518.07,2121.17,295.0,2182.5,734,0.0,9.04,0.23,portscan,1,5639.24,0.6857879744249307,1.2266112266112266,1.0187063331079558,0.0,0.0,2.47972972972973,0.0007770270270270271
0.0,4151.37,4133.31,187.5,1515.0,368,0.0,9.63,0.23,portscan,1,8284.68,1.0039898169565586,0.8125677139761647,1.0656191213898418,0.0,0.0,1.9522546419098143,0.001220159151193634
0.0,4176.16,4596.38,247.5,2760.0,835,0.0,8.09,0.23,portscan,1,8772.54,1.070503287397186,1.0668103448275863,0.8943179305770504,0.0,0.0,3.3601609657947686,0.0009255533199195172
0.0,2261.11,5994.31,305.0,1847.5,884,0.0,8.0,0.23,portscan,1,8255.42,0.9808154884687866,1.2668743509865006,0.884368781782003,0.0,0.0,2.888888888888889,0.0007516339869281046
0.0,3400.06,4879.28,295.0,2107.5,789,0.0,11.33,0.23,portscan,1,8279.34,0.9541674974040656,1.1591355599214146,1.2629584215806489,0.0,0.0,2.6655405405405403,0.0007770270270270271
0.0,4209.39,5554.1,190.0,2692.5,766,0.0,8.0,0.21,portscan,1,9763.490000000002,1.1289427761232549,0.7851239669421488,0.8917623453349682,0.0,0.0,4.010471204188482,0.001099476439790576
0.0,3977.87,3928.74,270.0,2887.5,700,0.0,8.0,0.21,portscan,1,7906.61,0.9154988858198356,1.1042944785276074,0.8998875140607423,0.0,0.0,2.5830258302583027,0.0007749077490774907
0.0,4244.94,2480.49,180.0,2530.0,613,0.0,8.66,0.21,portscan,1,6725.429999999999,0.8140176373332428,0.7523510971786834,0.9669495310406432,0.0,0.0,3.386740331491713,0.001160220994475138
0.0,2091.34,2278.93,312.5,1792.5,447,0.0,9.38,0.21,portscan,1,4370.27,0.5531445400159529,1.2363996043521266,1.03144930723554,0.0,0.0,1.4258373205741626,0.0006698564593301435
0.0,2711.99,5741.24,150.0,2795.0,470,0.0,11.06,0.27,portscan,1,8453.23,1.1057164626668978,0.6166495375128469,1.2128522864349163,0.0,0.0,3.1125827814569536,0.0017880794701986757
0.0,4960.41,3655.99,252.5,2327.5,791,0.0,8.0,0.27,portscan,1,8616.4,1.0848144236353672,1.0564853556485356,0.8874098724348308,0.0,0.0,3.1203155818540433,0.0010650887573964499
0.0,5627.52,3950.76,202.5,1580.0,561,0.0,8.0,0.27,portscan,1,9578.28,1.186590702965684,0.841995841995842,0.903750564844103,0.0,0.0,2.7567567567567566,0.0013267813267813268
0.0,2072.67,4747.91,277.5,2105.0,598,0.0,11.19,0.27,portscan,1,6820.58,0.865895932476017,1.1396303901437372,1.221349050425671,0.0,0.0,2.14721723518851,0.000969479353680431
0.0,2885.49,3691.22,207.5,2135.0,609,0.0,8.47,0.27,portscan,1,6576.709999999999,0.8531172647571666,0.8877005347593583,0.9197524161146705,0.0,0.0,2.920863309352518,0.0012949640287769784
0.0,3505.66,4827.35,315.0,1917.5,502,0.0,8.0,0.57,portscan,1,8333.01,1.0801888571776344,1.3361611876988335,0.9013068949977467,0.0,0.0,1.5886075949367089,0.0018037974683544303
0.0,5531.6,5758.13,255.0,1730.0,401,0.0,10.27,0.57,portscan,1,11289.73,1.4350698008459362,1.0526315789473684,1.1281994946720861,0.0,0.0,1.56640625,0.0022265625
0.0,2253.76,4138.42,215.0,1675.0,380,0.0,8.0,0.57,portscan,1,6392.18,0.8284767111541295,0.9081309398099261,0.8788311545644293,0.0,0.0,1.7592592592592593,0.0026388888888888885
0.0,2402.03,2107.09,260.0,2620.0,627,0.0,8.01,0.57,portscan,1,4509.120000000001,0.6017012921488278,1.062308478038815,0.8862580216862137,0.0,0.0,2.4022988505747125,0.0021839080459770113
0.0,3922.81,5325.6,162.5,1907.5,329,0.0,9.6,0.57,portscan,1,9248.41,1.1586923443624313,0.7072905331882481,1.0596026490066224,0.0,0.0,2.0122324159021407,0.0034862385321100912
0.0,3593.14,5906.79,182.5,2845.0,319,0.0,11.09,0.52,portscan,1,9499.93,1.1747982887391044,0.7832618025751072,1.223656625841333,0.0,0.0,1.7384196185286103,0.0028337874659400547
0.0,4425.82,2064.86,302.5,2990.0,517,0.0,8.0,0.52,portscan,1,6490.68,0.8243323512232814,1.2710084033613445,0.8827099194527199,0.0,0.0,1.7034596375617792,0.00171334431630972
0.0,5599.51,3967.06,135.0,2600.0,703,0.0,8.0,0.52,portscan,1,9566.57,1.2151586776162462,0.5837837837837838,0.8827099194527199,0.0,0.0,5.169117647058823,0.003823529411764706
0.0,4939.37,3640.78,247.5,2160.0,787,0.0,9.31,0.52,portscan,1,8580.15,1.0660360515162235,1.0843373493975903,1.0490140845070424,0.0,0.0,3.1670020120724347,0.0020925553319919516
0.0,3615.46,4870.84,172.5,2037.5,552,0.0,11.19,0.52,portscan,1,8486.3,1.0299397738339007,0.7675194660734149,1.2233519186618562,0.0,0.0,3.1815561959654177,0.0029971181556195966
0.0,4823.45,2888.31,202.5,2870.0,511,0.0,9.49,0.48,portscan,1,7711.76,0.9430481237319601,0.9484777517564403,1.020869191049914,0.0,0.0,2.511056511056511,0.002358722358722359
0.0,4514.79,5815.41,235.0,1670.0,470,0.0,8.0,0.48,portscan,1,10330.2,1.2782480545144301,1.1111111111111112,0.8821259234755763,0.0,0.0,1.9915254237288136,0.002033898305084746
0.0,5261.42,5560.41,315.0,2207.5,774,0.0,8.0,0.48,portscan,1,10821.83,1.2694980758390968,1.4221218961625282,0.8821259234755763,0.0,0.0,2.449367088607595,0.0015189873417721519
0.0,2282.79,5349.43,130.0,1582.5,656,0.0,8.0,0.48,portscan,1,7632.22,0.8636854609782609,0.6235011990407674,0.8822232024702248,0.0,0.0,5.00763358778626,0.00366412213740458
0.0,2112.93,4189.41,177.5,1597.5,810,0.0,8.0,0.48,portscan,1,6302.34,0.7377890327524602,0.8452380952380952,0.898069151324652,0.0,0.0,4.53781512605042,0.002689075630252101
0.0,2179.0,5276.43,150.8,1496.3,192,0.0,8.0,0.44,portscan,1,7455.43,0.8941779003155289,0.7291011942174733,0.9303407372950343,0.0,0.0,1.2648221343873516,0.0028985507246376808
0.0,5495.5,4750.48,148.2,1088.1,85,0.0,8.0,0.44,portscan,1,10245.98,1.1759041775093138,0.7742946708463949,0.9303407372950343,0.0,0.0,0.5697050938337802,0.002949061662198392
0.0,2758.24,4640.84,146.9,1314.3,116,0.0,9.74,0.44,portscan,1,7399.08,0.8708356082819233,0.7627602679266836,1.1102245526045824,0.0,0.0,0.7843137254901961,0.0029749830966869506
0.0,5155.78,3299.24,158.6,864.5,182,0.0,8.64,0.44,portscan,1,8455.02,0.9965822789584556,0.8633641807294502,0.9924190213645763,0.0,0.0,1.1403508771929824,0.002756892230576441
0.0,5073.89,5730.19,107.9,1063.4,132,0.0,8.0,0.49,portscan,1,10804.08,1.2395979069721015,0.6087790566463552,0.9538571598903064,0.0,0.0,1.2121212121212122,0.0044995408631772265
0.0,2022.66,4241.58,115.7,1024.4,110,0.0,8.0,0.49,portscan,1,6264.24,0.7308609618293785,0.6864024679639298,0.9711094925952902,0.0,0.0,0.9425878320479862,0.004198800342759212
0.0,2779.58,3376.72,114.4,1028.3,197,0.0,8.0,0.49,portscan,1,6156.299999999999,0.7550359029303678,0.7309904153354633,0.9711094925952902,0.0,0.0,1.7071057192374348,0.004246100519930676
0.0,3282.56,3047.18,170.3,672.1,189,0.0,8.0,0.49,portscan,1,6329.74,0.8215700992271601,1.1990424558191932,0.9711094925952902,0.0,0.0,1.1033274956217163,0.0028604786923525976
0.0,3674.46,5891.34,102.7,1006.2,133,0.0,8.0,0.45,portscan,1,9565.8,1.2111979017957022,0.7372577171572146,0.9711094925952902,0.0,0.0,1.2825458052073289,0.004339440694310511
0.0,3531.79,4750.49,106.6,938.6,90,0.0,9.69,0.45,portscan,1,8282.279999999999,1.0230347976943588,0.8062930186823993,1.1526109194718686,0.0,0.0,0.8364312267657993,0.004182156133828997
0.0,3329.71,5302.3,148.2,1359.8,153,0.0,9.8,0.45,portscan,1,8632.01,1.0509599312250282,1.1231527093596059,1.1412600442529406,0.0,0.0,1.0254691689008044,0.0030160857908847188
0.0,5666.35,3140.53,171.6,1164.8,200,0.0,8.0,0.45,portscan,1,8806.880000000001,1.091372832389641,1.2778315585672795,0.9316408524513801,0.0,0.0,1.1587485515643106,0.002607184241019699
0.0,3113.63,3470.36,139.1,1128.4,172,0.0,8.0,0.45,portscan,1,6583.99,0.8242315944073347,1.041869522882181,0.9509093070248424,0.0,0.0,1.2276945039257674,0.003211991434689508
0.0,4331.41,4824.44,80.6,1177.8,89,0.0,8.0,0.41,portscan,1,9155.849999999999,1.1362269870243877,0.6411582213029989,0.9581985866570847,0.0,0.0,1.090686274509804,0.005024509803921569
0.0,4355.17,5448.24,136.5,1677.0,82,0.0,8.18,0.41,portscan,1,9803.41,1.2318859519605934,1.0616784630940344,0.9776502928170191,0.0,0.0,0.5963636363636363,0.002981818181818182
0.0,2713.54,2552.77,145.6,1107.6,102,0.0,8.01,0.41,portscan,1,5266.3099999999995,0.6701626073059203,1.1067193675889326,0.9572179732313575,0.0,0.0,0.6957708049113234,0.002796725784447476
0.0,2597.34,2364.17,156.0,1406.6,91,0.0,8.0,0.41,portscan,1,4961.51,0.6411231850816757,1.1494252873563218,0.9560229445506692,0.0,0.0,0.5796178343949044,0.002611464968152866
0.0,4550.36,5790.49,130.0,743.6,115,0.0,8.0,0.38,portscan,1,10340.849999999999,1.2703920164021894,0.9871668311944719,0.9560229445506692,0.0,0.0,0.8778625954198473,0.002900763358778626
0.0,3215.31,3594.46,114.4,1241.5,145,0.0,8.0,0.38,portscan,1,6809.77,0.8659107768969746,0.8610567514677105,0.9560229445506692,0.0,0.0,1.2564991334488733,0.003292894280762565
0.0,5104.43,2210.36,97.5,1248.0,86,0.0,10.56,0.38,portscan,1,7314.790000000001,0.9417129265042448,0.7389162561576356,1.24896510940272,0.0,0.0,0.8730964467005076,0.0038578680203045688
0.0,4199.49,2160.71,167.7,1393.6,199,0.0,8.0,0.38,portscan,1,6360.2,0.8434880262947797,1.2524271844660193,0.9667673716012084,0.0,0.0,1.1796087729697688,0.002252519264967398
0.0,4442.61,2555.75,84.5,1810.9,126,0.0,8.0,0.38,portscan,1,6998.36,0.9509282147275143,0.6749740394600209,0.9667673716012084,0.0,0.0,1.4736842105263157,0.0044444444444444444
0.0,2148.06,4474.75,148.2,1132.3,116,0.0,8.0,0.35,portscan,1,6622.8099999999995,0.8994245310513396,1.175257731958763,0.9667673716012084,0.0,0.0,0.7774798927613942,0.0023458445040214475
0.0,3748.12,5756.47,156.0,1600.3,95,0.0,9.23,0.35,portscan,1,9504.59,1.2847061336043881,1.1673151750972761,1.0990712074303406,0.0,0.0,0.6050955414012739,0.0022292993630573248
0.0,2375.12,3633.27,128.7,1188.2,119,0.0,8.0,0.35,portscan,1,6008.389999999999,0.856047465947679,0.968688845401174,0.9546539379474942,0.0,0.0,0.9175019275250579,0.0026985350809560524
0.0,2755.83,3508.76,171.6,1027.0,199,0.0,8.0,0.32,portscan,1,6264.59,0.8800329166494582,1.2667946257197698,0.9547678720611052,0.0,0.0,1.152954808806489,0.0018539976825028969
0.0,3550.18,5773.72,119.6,1199.9,109,0.0,8.0,0.32,portscan,1,9323.9,1.2341649210934733,0.9072978303747534,0.9547678720611052,0.0,0.0,0.9038142620232172,0.0026533996683250414
0.0,4873.1,5937.64,156.0,1290.9,147,0.0,8.0,0.32,portscan,1,10810.740000000002,1.422126350368478,1.160541586073501,0.9547678720611052,0.0,0.0,0.9363057324840764,0.0020382165605095544
0.0,4614.58,4023.65,91.0,1614.6,123,0.0,8.0,0.32,portscan,1,8638.23,1.1096476917424782,0.688976377952756,0.9547678720611052,0.0,0.0,1.3369565217391304,0.0034782608695652175
0.0,4888.09,4973.8,71.5,1201.2,88,0.0,8.61,0.32,portscan,1,9861.89,1.2266993557952923,0.5522088353413656,1.0520527859237536,0.0,0.0,1.2137931034482758,0.004413793103448276
0.0,3898.21,4677.37,114.4,1544.4,94,0.0,8.0,0.29,portscan,1,8575.58,1.0380916964575808,0.9214659685863874,0.9775171065493645,0.0,0.0,0.8145580589254766,0.0025129982668977468
0.0,4838.27,5844.17,169.0,939.9,172,0.0,8.0,0.29,portscan,1,10682.44,1.2379243036180387,1.2745098039215688,0.9775171065493645,0.0,0.0,1.011764705882353,0.0017058823529411764
0.0,4147.1,4428.93,119.6,859.3,170,0.0,8.0,0.29,portscan,1,8576.03,0.9718279662009932,0.9218436873747496,0.9775171065493645,0.0,0.0,1.4096185737976783,0.002404643449419569
0.0,4862.81,5386.47,93.6,1669.2,133,0.0,12.62,0.29,portscan,1,10249.28,1.1517200546077264,0.7578947368421052,1.4806992842895694,0.0,0.0,1.4059196617336154,0.0030655391120507397
0.0,4481.8,2873.63,167.7,1367.6,165,0.0,8.0,0.29,portscan,1,7355.43,0.8142111894968802,1.3163265306122447,0.9386366302944973,0.0,0.0,0.9780675755779491,0.0017190278601066982
0.0,2990.54,4355.95,148.2,1123.2,192,0.0,8.0,0.27,portscan,1,7346.49,0.8035975931308692,1.185031185031185,0.9386366302944973,0.0,0.0,1.28686327077748,0.0018096514745308313
0.0,3742.19,3733.41,94.9,1280.5,153,0.0,8.0,0.27,portscan,1,7475.6,0.8345938689793909,0.7741251325556734,0.9386366302944973,0.0,0.0,1.5954118873826901,0.002815432742440042
0.0,4865.45,4185.42,154.7,1359.8,89,0.0,8.58,0.27,portscan,1,9050.869999999999,1.030711803784091,1.2632696390658171,0.9998834634657966,0.0,0.0,0.5716120745022479,0.0017341040462427748
0.0,4146.56,3783.92,163.8,1469.0,127,0.0,8.45,0.27,portscan,1,7930.4800000000005,0.9104601173148126,1.2625250501002003,0.9795965685137953,0.0,0.0,0.770631067961165,0.0016383495145631068
0.0,5363.7,5889.99,161.2,1097.2,89,0.0,8.0,0.27,portscan,1,11253.689999999999,1.2716624466966766,1.1621368322399248,0.9340338587273788,0.0,0.0,0.5487053020961776,0.0016646115906288534
0.0,4541.99,4835.14,70.2,1589.9,139,0.0,8.13,0.33,portscan,1,9377.130000000001,1.0501006523815242,0.5227492739593418,0.9477733737467943,0.0,0.0,1.9522471910112358,0.0046348314606741575
0.0,5269.3,2718.76,76.7,1586.0,192,0.0,10.26,0.33,portscan,1,7988.06,0.9223761839362258,0.6133056133056134,1.165379373012267,0.0,0.0,2.471042471042471,0.0042471042471042475
0.0,2348.23,4720.19,119.6,1147.9,96,0.0,8.0,0.33,portscan,1,7068.42,0.8306460568690803,0.9563409563409562,0.9086778736937755,0.0,0.0,0.7960199004975125,0.002736318407960199
0.0,3798.85,4466.19,84.5,1388.4,192,0.0,11.04,0.33,portscan,1,8265.039999999999,0.9944555012494702,0.6806282722513088,1.2768910478834143,0.0,0.0,2.245614035087719,0.0038596491228070177
0.0,2340.11,5226.69,126.1,964.6,176,0.0,8.0,0.33,portscan,1,7566.799999999999,0.9081331855062577,1.0509209100758394,0.9252833680314597,0.0,0.0,1.3847364280094414,0.002596380802517703
0.0,3815.63,4723.81,145.6,1306.5,90,0.0,8.0,0.38,portscan,1,8539.44,1.0103989172167531,1.216069489685125,0.9252833680314597,0.0,0.0,0.6139154160982265,0.002592087312414734
0.0,4248.24,4117.74,78.0,1573.0,184,0.0,8.0,0.38,portscan,1,8365.98,0.979555161932002,0.6607929515418502,0.9252833680314597,0.0,0.0,2.329113924050633,0.004810126582278481
0.0,4569.46,5381.88,89.7,1342.9,93,0.0,12.99,0.38,portscan,1,9951.34,1.1530248401103138,0.8041958041958043,1.4295146913172665,0.0,0.0,1.0253583241455346,0.004189636163175303
0.0,5032.45,4064.31,101.4,1095.9,170,0.0,8.0,0.38,portscan,1,9096.76,1.0399546555460872,0.962962962962963,0.8847600088476001,0.0,0.0,1.66015625,0.0037109375
0.0,2050.15,3848.16,167.7,1112.8,165,0.0,8.43,0.35,portscan,1,5898.3099999999995,0.7182787837103226,1.5828220858895703,0.9279031370390755,0.0,0.0,0.9780675755779491,0.002074688796680498
0.0,2639.44,3558.8,140.4,1376.7,117,0.0,8.0,0.35,portscan,1,6198.24,0.7851996981443377,1.2428078250863062,0.8818342151675486,0.0,0.0,0.8274398868458274,0.002475247524752475
0.0,4148.17,4612.75,120.9,1739.4,153,0.0,10.69,0.35,portscan,1,8760.92,1.0990819990904672,1.0299003322259137,1.1727921009325288,0.0,0.0,1.2551271534044297,0.0028712059064807216
0.0,4121.15,4894.86,130.0,867.1,135,0.0,8.0,0.35,portscan,1,9016.009999999998,1.1041070385031184,1.0976948408342482,0.8776741634668132,0.0,0.0,1.0305343511450382,0.0026717557251908397
0.0,2663.97,3556.11,98.8,1539.2,193,0.0,8.0,0.32,portscan,1,6220.08,0.781280852032334,0.8242950108459871,0.9079559641357394,0.0,0.0,1.933867735470942,0.0032064128256513026
0.0,5686.49,5480.08,159.9,1023.1,177,0.0,8.0,0.32,portscan,1,11166.57,1.3419156592698434,1.2974683544303798,0.9079559641357394,0.0,0.0,1.1000621504039776,0.0019888129272840273
0.0,4245.17,2384.89,148.2,1444.3,134,0.0,8.01,0.32,portscan,1,6630.0599999999995,0.8154627057102906,1.2,0.9089877439854742,0.0,0.0,0.8981233243967829,0.0021447721179624667
0.0,2482.42,5108.88,79.3,1514.5,183,0.0,14.69,0.32,portscan,1,7591.3,0.9426721283443763,0.6414300736067298,1.5494146187111064,0.0,0.0,2.2789539227895395,0.00398505603985056
0.0,2008.03,5526.93,163.8,1573.0,196,0.0,8.26,0.3,portscan,1,7534.96,0.9646204528017733,1.2500000000000002,0.9169626998223802,0.0,0.0,1.1893203883495145,0.001820388349514563
0.0,4353.86,4098.88,101.4,1032.2,100,0.0,8.0,0.3,portscan,1,8452.74,1.0911098980123584,0.7738095238095237,0.8880994671403198,0.0,0.0,0.9765625,0.0029296874999999996
0.0,5387.53,3006.73,104.0,998.4,167,0.0,8.35,0.3,portscan,1,8394.26,1.0497399241719583,0.8342022940563086,0.9277777777777777,0.0,0.0,1.5904761904761904,0.002857142857142857
0.0,2128.65,5859.41,114.4,1089.4,97,0.0,8.0,0.3,portscan,1,7988.0599999999995,0.9770734399478636,0.93716719914803,0.8888888888888888,0.0,0.0,0.8405545927209706,0.002599653379549393
0.0,5071.27,4048.57,149.5,967.2,112,0.0,11.12,0.3,portscan,1,9119.84,1.110633184060965,1.1966701352757543,1.2296804157912196,0.0,0.0,0.7441860465116279,0.0019933554817275745
0.0,3985.94,2676.0,128.7,1346.8,165,0.0,9.45,0.27,portscan,1,6661.9400000000005,0.8352502344225745,1.03125,1.0285154549412276,0.0,0.0,1.2721665381649963,0.002081727062451812
0.0,3155.94,4512.41,118.3,985.4,96,0.0,8.0,0.27,portscan,1,7668.35,0.9442841155707659,0.9333333333333333,0.8707009142359601,0.0,0.0,0.8046940486169322,0.0022632020117351217
0.0,2637.43,5692.46,96.2,1094.6,136,0.0,8.0,0.27,portscan,1,8329.89,1.062873701375757,0.7991360691144709,0.8707009142359601,0.0,0.0,1.3991769547325101,0.002777777777777778
0.0,4370.67,4042.51,91.0,1029.6,189,0.0,8.0,0.27,portscan,1,8413.18,1.0496201586635414,0.7936507936507937,0.8707956895613367,0.0,0.0,2.0543478260869565,0.0029347826086956524
0.0,4668.34,5295.24,127.4,1770.6,88,0.0,9.74,0.27,portscan,1,9963.58,1.2073144723895752,1.0663764961915125,1.1205706396686608,0.0,0.0,0.6853582554517134,0.002102803738317757
0.0,3241.78,2554.49,96.2,991.9,193,0.0,8.0,0.25,portscan,1,5796.27,0.7174657260827121,0.853517877739331,0.9231479344564966,0.0,0.0,1.98559670781893,0.00257201646090535
0.0,3472.54,5895.25,102.7,1235.0,100,0.0,8.0,0.25,portscan,1,9367.79,1.1465639762280921,0.9101382488479263,0.9231479344564966,0.0,0.0,0.9643201542912246,0.0024108003857280617
0.0,2081.73,4696.76,102.7,915.2,200,0.0,8.0,0.25,portscan,1,6778.49,0.846386678352235,0.9111880046136103,0.9268914378403429,0.0,0.0,1.9286403085824493,0.0024108003857280617
0.0,4330.86,3337.77,117.0,1674.4,102,0.0,10.65,0.25,portscan,1,7668.629999999999,0.9613671955506947,1.0356731875719218,1.1971672661870505,0.0,0.0,0.864406779661017,0.00211864406779661
0.0,2654.76,4530.67,67.6,1149.2,88,0.0,9.48,0.23,portscan,1,7185.43,0.9231790147050982,0.6451612903225806,1.0856619331195603,0.0,0.0,1.282798833819242,0.003352769679300292
0.0,4718.09,4691.25,165.1,1366.3,88,0.0,8.0,0.23,portscan,1,9409.34,1.167687896456917,1.5227817745803358,0.9316408524513801,0.0,0.0,0.5298013245033113,0.0013847080072245637
0.0,2116.68,2659.17,171.6,913.9,95,0.0,8.69,0.23,portscan,1,4775.85,0.6147438905010976,1.5085714285714285,1.0039279112754158,0.0,0.0,0.5504055619930476,0.0013325608342989572
0.0,5819.75,5237.24,87.1,990.6,129,0.0,8.0,0.23,portscan,1,11056.99,1.3749815800551013,0.771889400921659,0.9242144177449167,0.0,0.0,1.4642451759364359,0.0026106696935300796
0.0,2711.85,2023.18,89.7,2074.8,181,0.0,12.48,0.23,portscan,1,4735.03,0.6170433191637975,0.795847750865052,1.3708260105448153,0.0,0.0,1.9955898566703418,0.002535832414553473
0.0,2192.32,2530.0,70.2,1566.5,177,0.0,12.68,0.21,portscan,1,4722.32,0.6604999934262186,0.6561360874848118,1.3492232389870185,0.0,0.0,2.485955056179775,0.0029494382022471908
0.0,5856.36,2363.88,92.3,1012.7,187,0.0,8.0,0.21,portscan,1,8220.24,1.1120437997183719,0.8658536585365854,0.8512449457331347,0.0,0.0,2.004287245444802,0.0022508038585209
0.0,5263.63,3104.45,83.2,1090.7,92,0.0,10.57,0.21,portscan,1,8368.08,1.1475636447413893,0.7950310559006211,1.0947695494562404,0.0,0.0,1.0926365795724464,0.0024940617577197148
0.0,5245.12,2258.1,80.6,1280.5,182,0.0,9.28,0.21,portscan,1,7503.219999999999,1.0188345108495294,0.7868020304568528,0.9485842788510682,0.0,0.0,2.230392156862745,0.002573529411764706
0.0,4435.33,4065.44,70.2,1483.3,139,0.0,8.0,0.21,portscan,1,8500.77,1.1413911922389206,0.7180851063829788,0.8405127127547803,0.0,0.0,1.9522471910112358,0.0029494382022471908
0.0,2598.89,3813.33,97.5,1168.7,173,0.0,8.0,0.2,portscan,1,6412.219999999999,0.8699954927856076,0.967741935483871,0.8537886872998932,0.0,0.0,1.7563451776649746,0.0020304568527918783
0.0,4619.35,3247.79,114.4,1463.8,96,0.0,8.64,0.2,portscan,1,7867.14,1.0902074863369653,1.1956521739130437,0.9158363366546534,0.0,0.0,0.8318890814558059,0.0017331022530329288
0.0,4802.7,4397.54,143.0,1437.8,144,0.0,13.47,0.2,portscan,1,9200.24,1.2012913545185984,1.5406162464985993,1.3589588377723971,0.0,0.0,1.0,0.001388888888888889
0.0,2847.64,4095.29,114.4,817.7,180,0.0,8.0,0.18,portscan,1,6942.93,0.9580129978133681,1.1972789115646258,0.8071025020177562,0.0,0.0,1.559792027729636,0.0015597920277296358
0.0,3824.86,4239.68,122.2,1398.8,82,0.0,8.0,0.18,portscan,1,8064.540000000001,1.0638996223039852,1.236842105263158,0.8453085376162299,0.0,0.0,0.6655844155844156,0.0014610389610389609
0.0,4881.84,5263.2,163.8,919.1,126,0.0,8.24,0.18,portscan,1,10145.04,1.2490135355844956,1.514423076923077,0.9135254988913526,0.0,0.0,0.7645631067961165,0.0010922330097087377
0.0,3686.43,3349.6,161.2,1316.9,91,0.0,8.0,0.18,portscan,1,7036.03,0.8790619115067291,1.4011299435028248,0.8869179600886918,0.0,0.0,0.561035758323058,0.0011097410604192356
0.0,3409.93,4461.88,115.7,1423.5,122,0.0,8.0,0.18,portscan,1,7871.8099999999995,0.9896178137517452,0.9780219780219781,0.9129293620906083,0.0,0.0,1.0454155955441302,0.0015424164524421593
0.0,3528.44,5570.22,143.0,713.7,135,0.0,8.32,0.17,portscan,1,9098.66,1.1213617851159325,1.1482254697286012,0.9599630783431407,0.0,0.0,0.9375,0.0011805555555555556
0.0,3719.67,2586.77,114.4,965.9,176,0.0,8.0,0.17,portscan,1,6306.4400000000005,0.798839192577622,0.8870967741935484,0.9230414214837891,0.0,0.0,1.5251299826689775,0.0014731369150779896
0.0,4698.03,3674.02,79.3,1413.1,112,0.0,8.53,0.17,portscan,1,8372.05,1.0348016090005943,0.6237218813905929,0.9782110091743118,0.0,0.0,1.3947696139476962,0.0021170610211706103
0.0,3698.78,4287.91,127.4,1331.2,143,0.0,12.35,0.17,portscan,1,7986.6900000000005,0.9857138149567978,0.9919028340080972,1.3584864151358487,0.0,0.0,1.1137071651090342,0.00132398753894081
0.0,5022.0,3717.79,78.0,1088.1,185,0.0,9.91,0.15,portscan,1,8739.79,1.0848259979211552,0.6396588486140726,1.1345163136805954,0.0,0.0,2.3417721518987342,0.0018987341772151898
0.0,3024.93,5198.71,89.7,1201.2,195,0.0,8.0,0.15,portscan,1,8223.64,1.004786016050644,0.750816104461371,0.9158557527189468,0.0,0.0,2.149944873208379,0.00165380374862183
0.0,4818.88,4713.63,115.7,1298.7,127,0.0,8.0,0.15,portscan,1,9532.51,1.144185049427062,0.973741794310722,0.9158557527189468,0.0,0.0,1.088260497000857,0.0012853470437017994
0.0,2557.39,3970.91,96.2,1294.8,197,0.0,8.0,0.15,portscan,1,6528.299999999999,0.8191510933056547,0.8584686774941994,0.9183790609574102,0.0,0.0,2.0267489711934155,0.0015432098765432098
0.0,4126.68,5228.09,118.3,1281.8,109,0.0,8.0,0.15,portscan,1,9354.77,1.1406216888541634,1.097708082026538,0.9183790609574102,0.0,0.0,0.9136630343671417,0.0012573344509639564
0.0,5304.24,4724.62,169.0,912.6,178,0.0,8.0,0.14,portscan,1,10028.86,1.1914763285669259,1.4942528735632186,0.9183790609574102,0.0,0.0,1.0470588235294118,0.0008235294117647059
0.0,4743.15,2444.75,153.4,1184.3,126,0.0,9.91,0.14,portscan,1,7187.9,0.8737924859851485,1.3439635535307515,1.117249154453213,0.0,0.0,0.8160621761658031,0.0009067357512953368
0.0,3118.96,2420.44,171.6,917.8,120,0.0,8.0,0.14,portscan,1,5539.4,0.6797317738221175,1.4316702819956617,0.9019165727170235,0.0,0.0,0.6952491309385863,0.0008111239860950175
0.0,4803.3,2419.89,170.3,1041.3,95,0.0,8.56,0.14,portscan,1,7223.1900000000005,0.8990211593620269,1.3205645161290325,0.9647244449453399,0.0,0.0,0.5545826036193812,0.0008172796263864566
0.0,4917.95,4393.77,124.8,1686.1,149,0.0,11.36,0.14,portscan,1,9311.720000000001,1.1401629580869765,0.9696969696969697,1.2947344426715293,0.0,0.0,1.1844197138314785,0.0011128775834658188
0.0,5309.05,2846.99,89.7,1405.3,110,0.0,11.51,0.29,portscan,1,8156.04,1.0058464848513924,0.6906906906906907,1.2883366912916945,0.0,0.0,1.2127894156560088,0.0031973539140022047
0.0,2911.66,4330.73,137.8,664.3,189,0.0,8.0,0.29,portscan,1,7242.389999999999,0.9041111999388802,1.0231660231660231,0.8954555630176851,0.0,0.0,1.3616714697406338,0.002089337175792507
0.0,5226.2,4286.53,101.4,1266.2,117,0.0,8.0,0.29,portscan,1,9512.73,1.1878247318796331,0.7609756097560976,0.8954555630176851,0.0,0.0,1.142578125,0.0028320312499999995
0.0,5482.3,4546.77,133.9,1223.3,84,0.0,8.0,0.29,portscan,1,10029.07,1.199849448598313,0.9772296015180265,0.8954555630176851,0.0,0.0,0.6226834692364714,0.0021497405485544846
0.0,4080.76,3719.57,79.3,1136.2,172,0.0,8.0,0.27,portscan,1,7800.33,0.9508929665301055,0.595703125,0.8954555630176851,0.0,0.0,2.1419676214196763,0.0033623910336239107
0.0,2585.73,4901.86,92.3,1501.5,158,0.0,8.0,0.27,portscan,1,7487.59,0.9419494389005157,0.7357512953367875,0.8954555630176851,0.0,0.0,1.6934619506966775,0.002893890675241158
0.0,5924.78,4851.1,130.0,1155.7,97,0.0,8.0,0.27,portscan,1,10775.880000000001,1.297074544339716,1.0559662090813096,0.9150177284684893,0.0,0.0,0.7404580152671756,0.0020610687022900765
0.0,5184.81,4160.54,163.8,1137.5,142,0.0,9.42,0.27,portscan,1,9345.35,1.075608720517829,1.3390010626992561,1.060213843556556,0.0,0.0,0.8616504854368932,0.0016383495145631068
0.0,2372.47,3827.62,97.5,1710.8,145,0.0,9.97,0.24,portscan,1,6200.09,0.7221062275051161,0.8474576271186441,1.1045867493906494,0.0,0.0,1.4720812182741116,0.002436548223350254
0.0,2961.1,2158.48,146.9,1150.5,139,0.0,8.0,0.24,portscan,1,5119.58,0.6268690525970364,1.252771618625277,0.9205983889528192,0.0,0.0,0.9398242055442867,0.0016227180527383367
0.0,4921.15,3271.32,68.9,952.9,164,0.0,8.0,0.24,portscan,1,8192.47,1.0026830513693819,0.5981941309255079,0.9593476436023504,0.0,0.0,2.3462088698140198,0.003433476394849785
0.0,2492.8,5491.3,101.4,941.2,137,0.0,8.0,0.24,portscan,1,7984.1,0.9683895836838101,0.9090909090909091,0.9593476436023504,0.0,0.0,1.337890625,0.00234375
0.0,3826.48,3403.89,114.4,1561.3,120,0.0,8.0,0.22,portscan,1,7230.37,0.901937919658783,1.0138248847926268,0.9593476436023504,0.0,0.0,1.0398613518197573,0.0019064124783362217
0.0,3272.51,2507.46,162.5,956.8,80,0.0,8.0,0.22,portscan,1,5779.97,0.7613665837106487,1.4044943820224718,0.9593476436023504,0.0,0.0,0.4892966360856269,0.001345565749235474
0.0,3501.15,2357.49,154.7,1030.9,178,0.0,8.0,0.22,portscan,1,5858.639999999999,0.7919859453397435,1.2552742616033754,0.9593476436023504,0.0,0.0,1.1432241490044959,0.0014129736673089276
0.0,5862.37,5817.53,128.7,1197.3,95,0.0,8.0,0.22,portscan,1,11679.9,1.4942363305949427,1.014344262295082,0.9593476436023504,0.0,0.0,0.7324595219737857,0.0016962220508866617
0.0,5484.88,4380.17,102.7,1284.4,156,0.0,9.59,0.29,portscan,1,9865.05,1.2769378809436531,0.8272251308900523,1.1285008237232288,0.0,0.0,1.5043394406943105,0.0027965284474445514
0.0,5787.78,5482.31,165.1,1222.0,161,0.0,9.62,0.29,portscan,1,11270.09,1.423345919803749,1.3284518828451881,1.1293730922751817,0.0,0.0,0.9692956050571945,0.0017459361830222757
0.0,2798.85,5876.69,88.4,1066.0,85,0.0,8.0,0.29,portscan,1,8675.539999999999,1.062453562647364,0.7165437302423604,0.9614229059007329,0.0,0.0,0.9507829977628635,0.0032438478747203576
0.0,3662.61,4384.82,150.8,1027.0,98,0.0,8.72,0.29,portscan,1,8047.43,0.9514177459544149,1.2184873949579833,1.0389610389610389,0.0,0.0,0.6455862977602107,0.0019104084321475623
0.0,4653.27,3139.61,110.5,698.1,188,0.0,8.0,0.29,portscan,1,7792.880000000001,0.9256964241529593,0.8638211382113822,0.9531752651018706,0.0,0.0,1.6860986547085202,0.002600896860986547
0.0,3833.61,5857.05,110.5,1098.5,92,0.0,8.0,0.26,portscan,1,9690.66,1.1282570965623335,0.8577194752774976,0.9531752651018706,0.0,0.0,0.8251121076233184,0.002331838565022422
0.0,2497.86,3751.23,161.2,1706.9,148,0.0,12.13,0.26,portscan,1,6249.09,0.7359728180380819,1.2074001947419668,1.3774699068816716,0.0,0.0,0.9124537607891493,0.0016029593094944515
0.0,2591.74,4375.23,149.5,1592.5,111,0.0,8.0,0.26,portscan,1,6966.969999999999,0.8092071373608025,1.130776794493609,0.9084714967067907,0.0,0.0,0.7375415282392026,0.0017275747508305648
0.0,2597.46,2677.42,139.1,1488.5,161,0.0,8.33,0.26,portscan,1,5274.88,0.6168549179190081,1.0646766169154227,0.9424143002602104,0.0,0.0,1.1491791577444683,0.00185581727337616
0.0,5998.26,4222.28,136.5,1119.3,117,0.0,8.99,0.24,portscan,1,10220.54,1.2159618565067123,1.0385756676557862,1.0058178563437012,0.0,0.0,0.850909090909091,0.0017454545454545455
0.0,3940.43,4997.6,105.3,1466.4,90,0.0,8.0,0.24,portscan,1,8938.03,1.0752373712663807,0.7996051332675223,0.9112655199908873,0.0,0.0,0.8466603951081844,0.002257761053621825
0.0,5070.64,2160.84,83.2,1141.4,198,0.0,8.0,0.24,portscan,1,7231.4800000000005,0.9143644697328909,0.6736842105263158,0.928397354067541,0.0,0.0,2.351543942992874,0.002850356294536817
0.0,2632.9,2978.85,97.5,1125.8,92,0.0,8.0,0.24,portscan,1,5611.75,0.73815787206386,0.7836990595611285,0.928397354067541,0.0,0.0,0.934010152284264,0.002436548223350254
0.0,5894.55,4440.85,169.0,1357.2,140,0.0,8.0,0.24,portscan,1,10335.400000000001,1.3197775861787158,1.3388259526261583,0.9362200117027504,0.0,0.0,0.8235294117647058,0.0014117647058823528
0.0,3672.01,5438.92,127.4,1034.8,93,0.0,8.18,0.22,portscan,1,9110.93,1.1441618601494692,0.9959349593495935,0.9552726848067267,0.0,0.0,0.7242990654205607,0.0017133956386292835
0.0,2011.89,2491.98,146.9,863.2,181,0.0,8.0,0.22,portscan,1,4503.87,0.6050096893002882,1.116600790513834,0.9342520144809063,0.0,0.0,1.2237998647734956,0.0014874915483434753
0.0,2236.99,4857.52,171.6,1618.5,143,0.0,9.48,0.22,portscan,1,7094.51,0.9423116667702683,1.2941176470588236,1.1424439624005784,0.0,0.0,0.828505214368482,0.0012746234067207416
0.0,3066.1,5645.07,166.4,1548.3,122,0.0,9.2,0.22,portscan,1,8711.17,1.1308425943523104,1.239109390125847,1.0928961748633879,0.0,0.0,0.7287933094384706,0.0013142174432497012
0.0,4244.26,3965.37,115.7,1523.6,199,0.0,8.0,0.22,portscan,1,8209.630000000001,1.026623253927136,0.876847290640394,0.9540846750149076,0.0,0.0,1.7052270779777206,0.0018851756640959724
0.0,4242.85,2862.0,170.3,1021.8,100,0.0,8.0,0.2,portscan,1,7104.85,0.9244892950857769,1.2584053794428436,0.965483948829351,0.0,0.0,0.5837711617046117,0.0011675423234092236
0.0,3910.59,2114.85,72.8,1452.1,195,0.0,8.0,0.2,portscan,1,6025.4400000000005,0.8149200767172629,0.5511811023622047,0.965483948829351,0.0,0.0,2.642276422764228,0.002710027100271003
0.0,4812.92,4862.04,163.8,928.2,143,0.0,9.08,0.2,portscan,1,9674.96,1.266645990030964,1.168831168831169,1.08172504169645,0.0,0.0,0.8677184466019416,0.0012135922330097086
0.0,3247.2,5086.81,91.0,1219.4,189,0.0,10.71,0.2,portscan,1,8334.01,1.0535407662521488,0.65237651444548,1.2360069244085403,0.0,0.0,2.0543478260869565,0.002173913043478261
0.0,2559.17,3314.27,123.5,1599.0,163,0.0,9.74,0.2,portscan,1,5873.4400000000005,0.7868728414699286,0.9152215799614644,1.1019346079873287,0.0,0.0,1.3092369477911647,0.001606425702811245
0.0,3026.2,3526.88,114.4,838.5,149,0.0,9.02,0.19,portscan,1,6553.08,0.909077288799217,0.8560311284046692,1.0108707833688222,0.0,0.0,1.291161178509532,0.0016464471403812824
0.0,2397.05,3147.71,110.5,934.7,139,0.0,8.0,0.19,portscan,1,5544.76,0.7582489639436669,0.85,0.8965594530987336,0.0,0.0,1.2466367713004485,0.0017040358744394618
0.0,5975.87,5572.4,141.7,1271.4,187,0.0,9.8,0.19,portscan,1,11548.27,1.4885702570559454,1.1156601842374614,1.0943606923506422,0.0,0.0,1.3104414856341977,0.0013314646110721795
0.0,5322.66,4387.54,98.8,1459.9,153,0.0,8.45,0.19,portscan,1,9710.2,1.235730218797373,0.8216216216216216,0.9515765765765766,0.0,0.0,1.5330661322645291,0.001903807615230461
0.0,5183.49,4619.27,68.9,1359.8,120,0.0,9.24,0.19,portscan,1,9802.76,1.222719668032775,0.596175478065242,1.0262105730786315,0.0,0.0,1.7167381974248925,0.0027181688125894133
0.0,3214.8,2971.98,98.8,1016.6,125,0.0,8.94,0.17,portscan,1,6186.780000000001,0.7806298002490737,0.9112709832134293,0.9826335458342493,0.0,0.0,1.25250501002004,0.0017034068136272547
0.0,3556.17,4396.53,166.4,1190.8,151,0.0,8.0,0.17,portscan,1,7952.7,0.9796262571913414,1.4128035320088301,0.8793141349747198,0.0,0.0,0.9020310633213858,0.0010155316606929512
0.0,2398.47,3489.29,162.5,1149.2,168,0.0,10.9,0.17,portscan,1,5887.76,0.7607538385523587,1.3812154696132597,1.1745689655172415,0.0,0.0,1.0275229357798166,0.0010397553516819573
0.0,2181.16,2847.46,167.7,794.3,102,0.0,8.0,0.17,portscan,1,5028.62,0.6787327079810233,1.338174273858921,0.888000888000888,0.0,0.0,0.6046235921754595,0.001007705986959099
0.0,2290.09,4826.78,157.3,634.4,93,0.0,8.0,0.16,portscan,1,7116.87,0.9447364857868791,1.2222222222222223,0.9054895302773063,0.0,0.0,0.587492103600758,0.0010107391029690461
0.0,5822.86,5593.54,80.6,1232.4,98,0.0,8.0,0.16,portscan,1,11416.4,1.4235778935177101,0.6431535269709543,0.9160654986831558,0.0,0.0,1.200980392156863,0.00196078431372549
0.0,4422.67,3151.07,87.1,772.2,86,0.0,8.0,0.16,portscan,1,7573.74,0.9211095043910483,0.7082452431289641,0.9160654986831558,0.0,0.0,0.9761634506242907,0.001816118047673099
0.0,2417.3,5707.6,161.2,1033.5,119,0.0,11.05,0.16,portscan,1,8124.900000000001,1.031069128420511,1.2903225806451613,1.2474599232332355,0.0,0.0,0.7336621454993836,0.0009864364981504318
0.0,5301.52,2946.42,146.9,1068.6,157,0.0,8.0,0.16,portscan,1,8247.94,1.0664731277978476,1.1322645290581164,0.9077499148984456,0.0,0.0,1.061528059499662,0.0010818120351588911
0.0,2278.45,3066.25,111.8,1407.9,137,0.0,11.38,0.23,portscan,1,5344.7,0.7333520763672982,0.8341416100872937,1.2606624570732248,0.0,0.0,1.2145390070921986,0.002039007092198582
0.0,4279.67,5908.22,118.3,1301.3,163,0.0,8.0,0.23,portscan,1,10187.89,1.32514159449501,0.869980879541109,0.8955558043210566,0.0,0.0,1.366303436714166,0.0019279128248114
0.0,4986.73,3096.23,70.2,1474.2,133,0.0,8.0,0.23,portscan,1,8082.959999999999,1.049574493668371,0.5555555555555555,0.8955558043210566,0.0,0.0,1.8679775280898876,0.0032303370786516852
0.0,3151.45,5599.64,128.7,1554.8,161,0.0,10.42,0.23,portscan,1,8751.09,1.09559661326288,1.0465116279069768,1.172763083849184,0.0,0.0,1.2413261372397841,0.0017733230531996919
0.0,4823.48,2741.34,145.6,1461.2,90,0.0,8.0,0.23,portscan,1,7564.82,0.9179346863919527,1.2055974165769643,0.9003939223410242,0.0,0.0,0.6139154160982265,0.0015688949522510234
0.0,5820.63,4126.85,120.9,1251.9,87,0.0,8.92,0.21,portscan,1,9947.48,1.1669704295726795,1.0321864594894563,0.9936504400133674,0.0,0.0,0.7136997538966365,0.001722723543888433
0.0,3068.89,3736.54,163.8,1067.3,119,0.0,8.0,0.21,portscan,1,6805.43,0.8440220535662796,1.305699481865285,0.891166313913334,0.0,0.0,0.7220873786407767,0.001274271844660194
0.0,3745.53,3882.1,132.6,1190.8,163,0.0,9.22,0.21,portscan,1,7627.63,0.9453609872684879,1.02,1.0132981646334762,0.0,0.0,1.220059880239521,0.0015718562874251498
0.0,3724.24,5239.67,83.2,1184.3,141,0.0,10.37,0.21,portscan,1,8963.91,1.0995444891280282,0.6808510638297872,1.1482670800575794,0.0,0.0,1.67458432304038,0.0024940617577197148
0.0,3215.97,4786.07,102.7,1219.4,178,0.0,8.21,0.21,portscan,1,8002.039999999999,0.984527783980772,0.8719646799116997,0.9069818824569156,0.0,0.0,1.7164898746383799,0.0020250723240115716
0.0,4035.46,2810.38,109.2,863.2,177,0.0,8.0,0.19,portscan,1,6845.84,0.8270011182775747,0.9292035398230091,0.9180628873077804,0.0,0.0,1.6061705989110708,0.0017241379310344827
0.0,4308.46,4625.91,154.7,876.2,188,0.0,8.0,0.19,portscan,1,8934.369999999999,1.0958978882331027,1.2768240343347639,0.9180628873077804,0.0,0.0,1.2074502247912653,0.0012202954399486193
0.0,5107.02,2303.02,85.8,1300.0,168,0.0,9.81,0.19,portscan,1,7410.040000000001,0.9164869673412067,0.6991525423728814,1.1028667790893762,0.0,0.0,1.935483870967742,0.0021889400921658985
0.0,2124.41,5896.78,123.5,1475.5,90,0.0,8.57,0.19,portscan,1,8021.19,1.0011126677504205,1.0106382978723405,0.983926521239954,0.0,0.0,0.7228915662650602,0.0015261044176706827
0.0,3433.78,5546.48,136.5,1111.5,119,0.0,8.52,0.19,portscan,1,8980.26,1.1013563092337468,1.1254019292604502,0.9723807349920108,0.0,0.0,0.8654545454545455,0.0013818181818181818
0.0,4866.96,3181.36,114.4,1056.9,107,0.0,8.98,0.17,portscan,1,8048.32,1.0105999533143484,0.9482758620689654,1.0241788321167884,0.0,0.0,0.9272097053726169,0.0014731369150779896
