failed_connection_attempts,packets_sent_per_sec,packets_recv_per_sec,tcp_connection_count,context_switch_rate,unique_dst_port_count,top_process_cpu_pct,cpu_user_pct,load_avg_1m,attack_type,is_attack
0.0,0.0,0.0,9.0,567.0,0,0.0,6.21,0.18,crypto,1
0.0,0.0,0.0,9.0,803.0,0,0.0,1.5,0.41,crypto,1
0.0,0.0,0.0,10.0,893.0,0,0.0,5.68,0.41,crypto,1
0.0,0.0,0.0,14.0,404.0,0,26.0,4.99,0.41,crypto,1
0.0,0.0,0.0,14.0,496.0,0,59.9,2.17,0.37,crypto,1
0.0,0.0,0.0,14.0,240.0,0,67.4,0.85,0.37,crypto,1
0.0,0.0,0.0,14.0,317.0,0,63.7,2.35,0.37,crypto,1
0.0,98.0,98.0,14.0,1655.0,0,85.4,51.3,0.82,crypto,1
0.0,0.0,0.0,14.0,935.0,0,56.0,9.68,0.82,crypto,1
0.0,84.0,84.0,17.0,831.0,0,73.7,4.04,0.92,crypto,1
0.0,0.0,0.0,17.0,412.0,0,46.3,0.5,0.92,crypto,1
0.0,0.0,0.0,18.0,291.0,0,57.5,0.98,0.92,crypto,1
0.0,98.0,98.0,15.0,558.0,0,51.6,16.57,0.84,crypto,1
0.0,0.0,0.0,15.0,997.0,0,69.9,18.64,0.84,crypto,1
0.0,0.0,0.0,15.0,554.0,0,54.9,6.39,0.94,crypto,1
0.0,0.0,0.0,16.0,757.0,0,64.7,6.29,0.94,crypto,1
0.0,0.0,0.0,17.0,699.0,0,67.2,7.52,0.94,crypto,1
0.0,0.0,0.0,15.0,1325.0,0,81.7,44.35,0.94,crypto,1
0.0,0.0,0.0,15.0,252.0,0,63.0,4.63,1.02,crypto,1
0.0,0.0,0.0,14.0,399.0,0,64.4,0.57,1.02,crypto,1
0.0,98.0,98.0,14.0,323.0,0,77.4,4.42,1.02,crypto,1
0.0,0.0,0.0,14.0,736.0,0,50.6,2.9,1.18,crypto,1
0.0,0.0,0.0,14.0,531.0,0,70.7,4.65,1.18,crypto,1
0.0,0.0,0.0,14.0,370.0,0,55.0,2.3,1.33,crypto,1
0.0,0.0,0.0,15.0,688.0,0,59.5,9.09,1.33,crypto,1
0.0,0.0,0.0,16.0,507.0,0,55.8,2.01,1.33,crypto,1
0.0,98.0,0.0,18.0,420.0,0,48.9,1.4,1.3,crypto,1
0.0,0.0,98.0,16.0,275.0,0,51.3,0.26,1.3,crypto,1
0.0,0.0,0.0,16.0,361.0,0,63.9,1.97,1.2,crypto,1
0.0,42.0,42.0,15.0,833.0,0,54.5,11.73,1.2,crypto,1
0.0,0.0,0.0,15.0,381.0,0,53.7,2.87,1.1,crypto,1
0.0,0.0,0.0,17.0,301.0,0,51.0,0.89,1.1,crypto,1
0.0,0.0,0.0,18.0,425.0,0,46.8,0.84,1.1,crypto,1
0.0,98.0,0.0,17.0,231.0,0,55.6,2.21,1.01,crypto,1
0.0,0.0,98.0,16.0,291.0,0,52.2,1.33,1.01,crypto,1
0.0,42.0,42.0,15.0,697.0,0,43.9,1.83,0.93,crypto,1
0.0,0.0,0.0,15.0,543.0,0,53.3,2.25,0.93,crypto,1
0.0,0.0,0.0,15.0,422.0,0,53.8,2.7,0.94,crypto,1
0.0,0.0,0.0,16.0,242.0,0,47.6,0.27,0.94,crypto,1
0.0,0.0,0.0,15.0,503.0,0,53.9,5.9,0.94,crypto,1
0.0,98.0,98.0,15.0,325.0,0,61.3,2.11,0.86,crypto,1
0.0,0.0,0.0,15.0,320.0,0,47.8,3.47,0.86,crypto,1
0.0,0.0,0.0,17.0,489.0,0,58.5,0.26,0.86,crypto,1
0.0,0.0,0.0,18.0,623.0,0,47.9,1.87,0.87,crypto,1
0.0,0.0,0.0,18.0,259.0,0,36.4,0.17,0.87,crypto,1
0.0,0.0,87.0,15.0,238.0,0,54.9,2.53,0.96,crypto,1
0.0,0.0,0.0,15.0,516.0,0,52.2,3.09,0.96,crypto,1
0.0,0.0,0.0,15.0,255.0,0,54.3,0.59,0.96,crypto,1
0.0,98.0,98.0,15.0,349.0,0,52.5,11.76,0.97,crypto,1
0.0,0.0,0.0,15.0,316.0,0,55.5,0.76,0.97,crypto,1
0.0,0.0,0.0,17.0,440.0,0,56.5,3.12,1.21,crypto,1
0.0,42.0,42.0,15.0,446.0,0,56.7,6.56,1.21,crypto,1
0.0,0.0,0.0,15.0,565.0,0,58.1,1.05,1.21,crypto,1
0.0,0.0,0.0,15.0,333.0,0,57.9,4.92,1.35,crypto,1
0.0,0.0,0.0,17.0,336.0,0,52.6,0.59,1.35,crypto,1
0.0,98.0,0.0,18.0,272.0,0,70.0,0.65,1.32,crypto,1
0.0,0.0,98.0,18.0,254.0,0,59.0,0.56,1.32,crypto,1
0.0,42.0,42.0,15.0,822.0,0,54.2,7.1,1.22,crypto,1
0.0,0.0,0.0,15.0,386.0,0,57.5,3.44,1.22,crypto,1
0.0,0.0,0.0,17.0,372.0,0,57.7,1.62,1.22,crypto,1
0.0,0.0,0.0,18.0,330.0,0,63.2,0.42,1.2,crypto,1
0.0,0.0,0.0,18.0,352.0,0,63.4,1.36,1.2,crypto,1
0.0,98.0,98.0,15.0,580.0,0,68.4,8.33,1.27,crypto,1
0.0,0.0,0.0,15.0,246.0,0,66.2,5.93,1.27,crypto,1
0.0,0.0,0.0,15.0,433.0,0,56.7,5.21,1.27,crypto,1
0.0,0.0,0.0,17.0,307.0,0,59.9,2.2,1.32,crypto,1
0.0,0.0,0.0,18.0,251.0,0,58.9,1.49,1.32,crypto,1
0.0,0.0,0.0,15.0,584.0,0,43.2,1.08,1.22,crypto,1
0.0,0.0,0.0,15.0,384.0,0,46.6,1.68,1.22,crypto,1
0.0,98.0,98.0,15.0,396.0,0,54.9,1.87,1.22,crypto,1
0.0,0.0,0.0,17.0,429.0,0,57.7,4.57,1.12,crypto,1
0.0,0.0,0.0,17.0,433.0,0,74.0,3.21,1.12,crypto,1
0.0,0.0,0.0,16.0,287.0,0,57.0,2.29,1.12,crypto,1
0.0,42.0,42.0,16.0,209.0,0,59.5,1.01,1.12,crypto,1
0.0,0.0,0.0,15.0,715.0,0,60.2,7.89,1.11,crypto,1
0.0,0.0,0.0,15.0,263.0,0,81.0,0.27,1.11,crypto,1
0.0,0.0,0.0,17.0,504.0,0,44.5,0.78,1.18,crypto,1
0.0,98.0,98.0,16.0,541.0,0,73.1,1.22,1.18,crypto,1
0.0,0.0,0.0,15.0,425.0,0,54.9,7.5,1.25,crypto,1
0.0,0.0,0.0,17.0,276.0,0,53.3,1.62,1.25,crypto,1
0.0,0.0,0.0,15.0,455.0,0,58.7,7.22,1.23,crypto,1
0.0,0.0,0.0,15.0,329.0,0,78.6,28.16,1.23,crypto,1
0.0,0.0,0.0,15.0,350.0,0,61.5,11.06,1.23,crypto,1
0.0,98.0,98.0,17.0,452.0,0,49.3,1.91,1.37,crypto,1
0.0,42.0,42.0,17.0,571.0,0,68.4,0.88,1.37,crypto,1
0.0,0.0,0.0,15.0,720.0,0,49.1,4.28,1.34,crypto,1
0.0,0.0,0.0,15.0,324.0,0,56.0,1.97,1.34,crypto,1
0.0,98.0,0.0,15.0,404.0,0,51.4,0.74,1.31,crypto,1
0.0,0.0,98.0,16.0,440.0,0,49.0,2.44,1.31,crypto,1
0.0,0.0,0.0,16.0,396.0,0,49.7,2.35,1.21,crypto,1
0.0,42.0,42.0,15.0,280.0,0,58.7,0.81,1.21,crypto,1
0.0,0.0,0.0,15.0,549.0,0,20.9,2.35,1.21,crypto,1
0.0,0.0,0.0,15.0,288.0,0,77.4,4.68,1.11,crypto,1
0.0,0.0,0.0,15.0,438.0,0,65.1,0.84,1.11,crypto,1
0.0,98.0,98.0,15.0,753.0,0,59.3,4.42,1.1,crypto,1
0.0,0.0,0.0,15.0,347.0,0,52.0,1.27,1.1,crypto,1
0.0,0.0,0.0,15.0,515.0,0,58.3,5.63,1.09,crypto,1
0.0,0.0,0.0,16.0,504.0,0,58.4,6.75,1.09,crypto,1
0.0,0.0,0.0,15.0,315.0,0,42.9,0.6,1.0,crypto,1
0.0,98.0,98.0,15.0,430.0,0,65.3,0.54,1.0,crypto,1
0.0,0.0,0.0,17.0,398.0,0,56.6,3.59,1.0,crypto,1
0.0,0.0,0.0,15.0,566.0,0,60.7,0.79,0.92,crypto,1
0.0,0.0,0.0,15.0,399.0,0,56.1,2.65,0.92,crypto,1
0.0,0.0,0.0,15.0,348.0,0,59.9,1.19,1.01,crypto,1
0.0,0.0,0.0,17.0,218.0,0,56.3,1.18,1.01,crypto,1
0.0,98.0,98.0,15.0,381.0,0,59.3,2.77,1.09,crypto,1
0.0,0.0,0.0,15.0,442.0,0,67.9,8.96,1.09,crypto,1
0.0,0.0,0.0,15.0,96.0,0,33.5,0.48,1.09,crypto,1
0.0,0.0,0.0,15.0,163.0,0,99.9,97.87,1.09,crypto,1
0.0,84.0,84.0,16.0,336.0,0,61.1,5.2,1.32,crypto,1
0.0,0.0,0.0,18.0,404.0,0,44.0,1.42,1.32,crypto,1
0.0,0.0,0.0,14.0,336.0,0,57.6,2.58,1.54,crypto,1
0.0,0.0,0.0,15.0,657.0,0,48.2,3.5,1.54,crypto,1
0.0,98.0,98.0,15.0,407.0,0,55.6,3.41,1.66,crypto,1
0.0,0.0,0.0,15.0,480.0,0,82.1,2.4,1.66,crypto,1
0.0,0.0,0.0,17.0,431.0,0,32.6,0.14,1.6,crypto,1
0.0,0.0,0.0,17.0,366.0,0,40.2,2.1,1.6,crypto,1
0.0,98.0,98.0,15.0,687.0,0,48.3,2.86,1.47,crypto,1
0.0,0.0,0.0,15.0,685.0,0,46.3,0.61,1.52,crypto,1
0.0,0.0,0.0,15.0,1405.0,0,52.4,3.05,1.48,crypto,1
0.0,0.0,0.0,15.0,526.0,0,43.8,3.46,1.48,crypto,1
0.0,98.0,0.0,17.0,579.0,0,56.1,1.35,1.36,crypto,1
0.0,0.0,98.0,18.0,833.0,0,62.1,3.21,1.25,crypto,1
0.0,42.0,42.0,16.0,454.0,0,60.4,2.36,1.25,crypto,1
0.0,0.0,0.0,14.0,607.0,0,45.4,1.84,1.15,crypto,1
0.0,0.0,0.0,16.0,687.0,0,51.1,2.15,1.15,crypto,1
0.0,98.0,98.0,16.0,329.0,0,50.0,0.67,1.06,crypto,1
0.0,0.0,0.0,15.0,363.0,0,53.3,1.25,1.06,crypto,1
0.0,42.0,42.0,15.0,157.0,0,53.9,1.06,1.06,crypto,1
0.0,0.0,0.0,15.0,132.0,0,62.4,3.3,0.97,crypto,1
0.0,0.0,0.0,16.0,279.0,0,47.6,1.43,0.97,crypto,1
0.0,0.0,0.0,17.0,566.0,0,63.1,2.4,0.89,crypto,1
0.0,0.0,0.0,15.0,701.0,0,62.9,11.81,0.89,crypto,1
0.0,0.0,0.0,15.0,462.0,0,53.0,4.21,0.82,crypto,1
0.0,98.0,98.0,15.0,616.0,0,53.4,3.0,0.82,crypto,1
0.0,0.0,0.0,16.0,254.0,0,66.0,0.36,0.82,crypto,1
0.0,0.0,0.0,16.0,427.0,0,74.8,15.38,0.84,crypto,1
0.0,0.0,0.0,16.0,297.0,0,59.2,9.09,0.84,crypto,1
0.0,0.0,0.0,15.0,505.0,0,52.0,7.85,0.84,crypto,1
0.0,0.0,0.0,15.0,467.0,0,46.1,1.05,0.77,crypto,1
0.0,0.0,0.0,18.0,442.0,0,59.7,1.01,0.77,crypto,1
0.0,0.0,0.0,16.0,420.0,0,61.7,6.28,0.79,crypto,1
0.0,98.0,98.0,15.0,763.0,0,62.2,29.86,0.79,crypto,1
0.0,0.0,0.0,15.0,682.0,0,56.8,4.97,0.8,crypto,1
0.0,42.0,42.0,17.0,376.0,0,57.0,1.71,0.8,crypto,1
0.0,0.0,0.0,18.0,516.0,0,50.9,2.59,0.74,crypto,1
0.0,0.0,0.0,15.0,501.0,0,52.8,1.86,0.74,crypto,1
0.0,0.0,0.0,15.0,709.0,0,34.4,0.9,0.68,crypto,1
0.0,98.0,98.0,15.0,284.0,0,55.5,2.07,0.68,crypto,1
0.0,0.0,0.0,16.0,354.0,0,62.6,2.12,0.68,crypto,1
0.0,0.0,0.0,17.0,463.0,0,62.6,1.8,0.71,crypto,1
0.0,42.0,42.0,16.0,207.0,0,60.2,2.52,0.71,crypto,1
0.0,0.0,0.0,15.0,362.0,0,48.2,1.58,0.65,crypto,1
0.0,0.0,0.0,15.0,997.0,0,53.0,2.74,0.65,crypto,1
0.0,0.0,0.0,17.0,446.0,0,45.9,0.75,0.68,crypto,1
0.0,98.0,98.0,18.0,492.0,0,70.1,2.59,0.68,crypto,1
0.0,0.0,0.0,15.0,706.0,0,58.0,13.42,0.78,crypto,1
0.0,0.0,0.0,15.0,418.0,0,66.3,11.59,0.78,crypto,1
0.0,0.0,0.0,15.0,444.0,0,53.7,5.9,0.72,crypto,1
0.0,0.0,0.0,16.0,331.0,0,60.7,0.47,0.72,crypto,1
0.0,0.0,0.0,15.0,602.0,0,44.6,2.79,0.66,crypto,1
0.0,98.0,98.0,15.0,1015.0,0,54.6,3.59,0.66,crypto,1
0.0,0.0,0.0,15.0,2099.0,0,61.9,26.92,0.66,crypto,1
0.0,0.0,0.0,15.0,1200.0,0,61.9,14.57,0.61,crypto,1
0.0,42.0,42.0,14.0,401.0,0,75.6,1.47,0.61,crypto,1
0.0,0.0,0.0,15.0,151.0,0,64.5,0.92,0.61,crypto,1
0.0,0.0,0.0,15.0,415.0,0,63.9,0.79,0.56,crypto,1
0.0,0.0,0.0,15.0,553.0,0,52.3,2.63,0.52,crypto,1
0.0,98.0,98.0,15.0,347.0,0,62.3,2.31,0.52,crypto,1
0.0,0.0,0.0,15.0,301.0,0,65.7,4.57,0.52,crypto,1
0.0,0.0,0.0,15.0,235.0,0,57.9,2.66,0.55,crypto,1
0.0,0.0,0.0,15.0,330.0,0,65.2,1.54,0.55,crypto,1
0.0,0.0,0.0,15.0,168.0,0,72.6,1.29,0.67,crypto,1
0.0,0.0,0.0,17.0,457.0,0,59.9,1.04,0.67,crypto,1
0.0,0.0,0.0,17.0,275.0,0,55.3,2.68,0.67,crypto,1
0.0,98.0,98.0,18.0,381.0,0,67.3,0.8,0.62,crypto,1
0.0,0.0,0.0,18.0,154.0,0,56.4,0.44,0.62,crypto,1
0.0,0.0,0.0,15.0,417.0,0,66.1,4.38,0.62,crypto,1
0.0,0.0,0.0,15.0,204.0,0,55.0,2.28,0.73,crypto,1
0.0,42.0,42.0,15.0,313.0,0,74.9,2.3,0.73,crypto,1
0.0,0.0,0.0,15.0,185.0,0,54.9,1.69,0.73,crypto,1
0.0,0.0,0.0,15.0,378.0,0,68.0,8.19,0.83,crypto,1
0.0,0.0,0.0,18.0,438.0,0,60.2,2.8,0.83,crypto,1
0.0,0.0,0.0,18.0,222.0,0,69.8,1.25,0.83,crypto,1
0.0,0.0,0.0,16.0,196.0,0,95.1,2.01,0.84,crypto,1
0.0,98.0,98.0,15.0,583.0,0,73.0,2.4,0.84,crypto,1
0.0,0.0,0.0,15.0,405.0,0,68.2,24.56,0.86,crypto,1
0.0,0.0,0.0,15.0,235.0,0,82.3,8.72,0.86,crypto,1
0.0,42.0,42.0,18.0,240.0,0,47.6,0.14,0.79,crypto,1
0.0,0.0,0.0,16.0,324.0,0,49.1,0.95,0.79,crypto,1
0.0,98.0,98.0,15.0,861.0,0,53.5,1.65,0.72,crypto,1
0.0,0.0,0.0,16.0,485.0,0,61.9,0.5,0.67,crypto,1
0.0,0.0,0.0,16.0,323.0,0,57.3,2.11,0.67,crypto,1
0.0,0.0,0.0,15.0,372.0,0,54.1,1.33,0.77,crypto,1
0.0,0.0,0.0,15.0,245.0,0,63.3,1.42,0.77,crypto,1
0.0,0.0,0.0,15.0,293.0,0,52.8,0.8,0.71,crypto,1
0.0,98.0,98.0,17.0,256.0,0,61.3,7.69,0.71,crypto,1
0.0,0.0,0.0,18.0,304.0,0,65.4,0.8,0.71,crypto,1
0.0,0.0,0.0,15.0,532.0,0,54.3,2.99,0.65,crypto,1
0.0,0.0,0.0,15.0,431.0,0,62.6,0.66,0.65,crypto,1
0.0,0.0,0.0,15.0,222.0,0,56.8,1.38,0.6,crypto,1
0.0,0.0,0.0,16.0,151.0,0,54.9,0.21,0.6,crypto,1
0.0,0.0,0.0,17.0,427.0,0,54.0,6.04,0.6,crypto,1
0.0,98.0,98.0,15.0,400.0,0,58.4,6.09,0.55,crypto,1
0.0,0.0,0.0,15.0,237.0,0,55.0,0.95,0.55,crypto,1
0.0,42.0,42.0,15.0,278.0,0,52.4,0.98,0.51,crypto,1
0.0,0.0,0.0,17.0,511.0,0,71.6,3.02,0.51,crypto,1
0.0,0.0,0.0,17.0,323.0,0,56.3,2.45,0.55,crypto,1
0.0,0.0,0.0,16.0,424.0,0,66.8,21.3,0.55,crypto,1
0.0,140.0,140.0,16.0,732.0,0,61.5,1.96,0.5,crypto,1
0.0,0.0,0.0,16.0,414.0,0,52.1,4.53,0.5,crypto,1
0.0,0.0,0.0,15.0,690.0,0,63.1,2.08,0.46,crypto,1
0.0,98.0,0.0,15.0,310.0,0,56.4,1.65,0.51,crypto,1
0.0,0.0,98.0,17.0,305.0,0,60.3,1.05,0.51,crypto,1
0.0,0.0,0.0,18.0,291.0,0,61.9,0.53,0.51,crypto,1
0.0,0.0,0.0,15.0,300.0,0,57.9,5.74,0.47,crypto,1
0.0,0.0,0.0,15.0,256.0,0,60.9,5.17,0.47,crypto,1
0.0,0.0,0.0,15.0,209.0,0,54.2,1.17,0.47,crypto,1
0.0,0.0,0.0,17.0,260.0,0,60.4,1.45,0.83,crypto,1
0.0,0.0,0.0,18.0,321.0,0,53.8,2.65,0.83,crypto,1
0.0,98.0,0.0,16.0,351.0,0,57.2,3.98,0.84,crypto,1
0.0,0.0,98.0,15.0,468.0,0,67.8,9.54,0.84,crypto,1
0.0,0.0,0.0,15.0,137.0,0,72.0,11.61,0.84,crypto,1
0.0,0.0,0.0,15.0,337.0,0,69.4,3.41,0.86,crypto,1
0.0,0.0,0.0,16.0,122.0,0,60.5,0.96,0.86,crypto,1
0.0,0.0,0.0,18.0,302.0,0,55.3,0.5,0.86,crypto,1
0.0,0.0,0.0,16.0,329.0,0,49.8,1.23,0.79,crypto,1
0.0,98.0,0.0,15.0,324.0,0,52.6,1.02,0.79,crypto,1
0.0,0.0,98.0,15.0,372.0,0,55.8,4.96,0.88,crypto,1
0.0,84.0,84.0,15.0,550.0,0,49.6,2.84,0.88,crypto,1
0.0,0.0,0.0,18.0,543.0,0,57.5,1.48,0.81,crypto,1
0.0,0.0,0.0,16.0,272.0,0,61.8,0.82,0.81,crypto,1
0.0,0.0,0.0,15.0,402.0,0,53.4,0.52,0.75,crypto,1
0.0,98.0,0.0,14.0,437.0,0,49.5,2.7,0.75,crypto,1
0.0,0.0,98.0,15.0,233.0,0,47.4,1.37,0.69,crypto,1
0.0,0.0,0.0,17.0,363.0,0,62.5,0.51,0.69,crypto,1
0.0,0.0,0.0,15.0,765.0,0,64.0,2.42,0.63,crypto,1
0.0,0.0,0.0,15.0,293.0,0,52.3,1.78,0.63,crypto,1
0.0,0.0,0.0,15.0,222.0,0,48.8,1.61,0.74,crypto,1
0.0,0.0,0.0,16.0,317.0,0,51.4,1.01,0.74,crypto,1
0.0,98.0,98.0,15.0,561.0,0,61.3,6.73,0.76,crypto,1
0.0,0.0,0.0,15.0,820.0,0,53.9,0.44,0.76,crypto,1
0.0,0.0,0.0,15.0,264.0,0,66.8,1.31,0.86,crypto,1
0.0,0.0,0.0,17.0,320.0,0,62.1,0.86,0.86,crypto,1
0.0,0.0,0.0,18.0,256.0,0,57.7,1.72,0.86,crypto,1
0.0,98.0,98.0,15.0,386.0,0,74.8,7.06,0.79,crypto,1
0.0,0.0,0.0,15.0,285.0,0,60.5,0.4,0.79,crypto,1
0.0,0.0,0.0,15.0,323.0,0,76.2,1.21,0.79,crypto,1
0.0,0.0,0.0,15.0,127.0,0,52.0,0.0,0.81,crypto,1
0.0,0.0,0.0,17.0,489.0,0,55.5,2.31,0.81,crypto,1
0.0,98.0,98.0,15.0,636.0,0,70.3,20.87,0.99,crypto,1
0.0,0.0,0.0,15.0,306.0,0,68.5,1.31,0.99,crypto,1
0.0,84.0,84.0,17.0,455.0,0,61.3,3.0,0.99,crypto,1
0.0,0.0,0.0,16.0,438.0,0,58.3,5.56,0.99,crypto,1
0.0,0.0,0.0,15.0,382.0,0,75.9,3.67,1.07,crypto,1
0.0,98.0,98.0,15.0,386.0,0,59.8,1.93,1.07,crypto,1
0.0,0.0,0.0,15.0,446.0,0,60.2,8.37,1.07,crypto,1
0.0,0.0,0.0,17.0,228.0,0,52.7,1.64,0.98,crypto,1
0.0,0.0,0.0,16.0,633.0,0,37.8,1.61,0.9,crypto,1
0.0,0.0,0.0,15.0,397.0,0,63.7,0.39,0.9,crypto,1
0.0,98.0,0.0,15.0,132.0,0,61.7,0.47,0.9,crypto,1
0.0,0.0,98.0,15.0,169.0,0,65.2,2.29,0.99,crypto,1
0.0,0.0,0.0,18.0,520.0,0,47.7,3.81,0.99,crypto,1
0.0,0.0,0.0,15.0,389.0,0,63.1,1.23,0.99,crypto,1
0.0,0.0,0.0,15.0,414.0,0,53.1,2.23,0.99,crypto,1
0.0,0.0,0.0,15.0,423.0,0,67.1,1.28,0.99,crypto,1
0.0,98.0,98.0,18.0,252.0,0,53.5,0.57,0.99,crypto,1
0.0,0.0,0.0,16.0,582.0,0,52.8,3.79,1.07,crypto,1
0.0,0.0,0.0,15.0,1549.0,0,97.9,84.34,1.07,crypto,1
0.0,0.0,0.0,15.0,2432.0,0,48.5,9.19,1.07,crypto,1
0.0,0.0,0.0,16.0,1232.0,0,55.3,2.61,1.15,crypto,1
0.0,0.0,0.0,18.0,947.0,0,48.2,1.25,1.15,crypto,1
0.0,0.0,0.0,18.0,1393.0,0,51.9,3.51,1.22,crypto,1
0.0,98.0,0.0,16.0,1531.0,0,53.0,4.07,1.22,crypto,1
0.0,0.0,98.0,15.0,1515.0,0,57.3,23.47,1.22,crypto,1
0.0,0.0,0.0,15.0,1314.0,0,61.1,12.09,1.68,crypto,1
0.0,84.0,84.0,17.0,351.0,0,44.4,0.79,1.68,crypto,1
0.0,0.0,0.0,16.0,1405.0,0,54.2,7.46,1.63,crypto,1
0.0,0.0,0.0,15.0,129.0,0,65.0,4.85,1.63,crypto,1
0.0,98.0,98.0,15.0,397.0,0,82.4,0.38,1.74,crypto,1
0.0,0.0,0.0,17.0,463.0,0,31.9,0.24,1.74,crypto,1
0.0,0.0,0.0,16.0,370.0,0,52.4,1.37,1.76,crypto,1
0.0,0.0,0.0,15.0,308.0,0,53.5,5.97,1.76,crypto,1
0.0,0.0,0.0,15.0,464.0,0,58.4,2.86,1.76,crypto,1
0.0,0.0,0.0,17.0,265.0,0,69.9,2.04,1.62,crypto,1
0.0,0.0,0.0,17.0,231.0,0,38.1,0.64,1.62,crypto,1
0.0,98.0,98.0,16.0,355.0,0,50.8,1.23,1.49,crypto,1
0.0,0.0,0.0,15.0,304.0,0,59.2,1.23,1.49,crypto,1
0.0,0.0,0.0,15.0,454.0,0,63.5,5.44,1.49,crypto,1
0.0,0.0,0.0,15.0,177.0,0,91.1,27.22,1.61,crypto,1
0.0,0.0,0.0,16.0,238.0,0,55.0,3.81,1.61,crypto,1
0.0,0.0,0.0,17.0,332.0,0,60.4,1.21,1.61,crypto,1
0.0,0.0,0.0,16.0,312.0,0,56.0,0.16,1.56,crypto,1
0.0,98.0,98.0,15.0,422.0,0,53.7,2.73,1.56,crypto,1
0.0,42.0,42.0,15.0,488.0,0,54.2,0.73,1.59,crypto,1
0.0,0.0,0.0,15.0,479.0,0,63.3,4.57,1.63,crypto,1
0.0,0.0,0.0,15.0,229.0,0,75.8,0.45,1.63,crypto,1
0.0,0.0,0.0,14.0,219.0,0,70.6,0.18,1.5,crypto,1
0.0,98.0,0.0,16.0,371.0,0,68.5,2.64,1.5,crypto,1
0.0,0.0,98.0,15.0,491.0,0,60.4,8.17,1.5,crypto,1
0.0,0.0,0.0,15.0,424.0,0,43.7,1.28,1.38,crypto,1
0.0,42.0,42.0,15.0,267.0,0,45.1,0.74,1.38,crypto,1
0.0,0.0,0.0,17.0,547.0,0,43.7,0.7,1.27,crypto,1
0.0,0.0,0.0,18.0,159.0,0,44.3,0.0,1.27,crypto,1
0.0,98.0,98.0,15.0,391.0,0,47.4,2.38,1.17,crypto,1
0.0,0.0,0.0,15.0,319.0,0,61.3,0.43,1.17,crypto,1
0.0,0.0,0.0,17.0,396.0,0,47.8,1.58,1.23,crypto,1
0.0,0.0,0.0,16.0,408.0,0,54.9,6.38,1.23,crypto,1
0.0,98.0,98.0,15.0,506.0,0,41.9,1.25,1.13,crypto,1
0.0,0.0,0.0,15.0,1111.0,0,48.7,2.63,1.04,crypto,1
0.0,42.0,42.0,15.0,301.0,0,56.7,0.16,1.04,crypto,1
0.0,0.0,0.0,15.0,317.0,0,44.9,1.06,0.96,crypto,1
0.0,0.0,0.0,17.0,138.0,0,60.8,7.32,0.96,crypto,1
0.0,0.0,0.0,15.0,353.0,0,64.8,11.43,0.96,crypto,1
0.0,0.0,0.0,15.0,398.0,0,62.9,3.49,0.96,crypto,1
0.0,0.0,0.0,15.0,293.0,0,42.7,0.19,0.96,crypto,1
0.0,98.0,98.0,17.0,201.0,0,50.4,1.08,0.88,crypto,1
0.0,0.0,0.0,18.0,226.0,0,48.8,0.91,0.88,crypto,1
0.0,0.0,0.0,15.0,310.0,0,65.3,3.23,0.88,crypto,1
0.0,42.0,42.0,15.0,296.0,0,54.1,2.37,0.81,crypto,1
0.0,0.0,0.0,15.0,383.0,0,56.9,44.83,0.81,crypto,1
0.0,0.0,0.0,17.0,293.0,0,56.2,1.52,0.75,crypto,1
0.0,98.0,98.0,15.0,630.0,0,64.6,3.72,0.75,crypto,1
0.0,0.0,0.0,15.0,260.0,0,70.1,11.71,0.75,crypto,1
0.0,0.0,0.0,15.0,114.0,0,53.3,3.23,0.69,crypto,1
0.0,0.0,0.0,16.0,433.0,0,58.5,4.3,0.69,crypto,1
0.0,0.0,0.0,15.0,317.0,0,74.6,10.0,0.69,crypto,1
0.0,0.0,0.0,15.0,156.0,0,61.5,39.13,0.71,crypto,1
0.0,98.0,98.0,15.0,282.0,0,71.5,0.95,0.71,crypto,1
0.0,0.0,0.0,16.0,2049.0,0,60.6,10.24,0.71,crypto,1
0.0,0.0,0.0,15.0,412.0,0,53.8,8.47,0.74,crypto,1
0.0,42.0,42.0,15.0,402.0,0,44.7,0.24,0.74,crypto,1
0.0,0.0,0.0,15.0,187.0,0,51.6,0.0,0.68,crypto,1
0.0,0.0,0.0,16.0,171.0,0,57.8,5.95,0.68,crypto,1
0.0,0.0,0.0,18.0,168.0,0,81.5,0.44,0.68,crypto,1
0.0,98.0,98.0,16.0,349.0,0,59.6,3.91,0.68,crypto,1
0.0,0.0,0.0,14.0,342.0,0,55.2,1.4,0.62,crypto,1
0.0,0.0,0.0,15.0,116.0,0,65.6,0.33,0.62,crypto,1
0.0,0.0,0.0,17.0,407.0,0,50.3,1.1,0.81,crypto,1
0.0,0.0,0.0,17.0,169.0,0,79.5,0.49,0.81,crypto,1
0.0,0.0,0.0,18.0,411.0,0,59.6,0.33,0.91,crypto,1
0.0,0.0,0.0,15.0,433.0,0,75.4,2.64,0.91,crypto,1
0.0,98.0,98.0,15.0,555.0,0,47.2,4.97,0.84,crypto,1
0.0,42.0,42.0,15.0,390.0,0,55.6,2.22,0.84,crypto,1
0.0,0.0,0.0,18.0,411.0,0,57.1,1.72,0.77,crypto,1
0.0,0.0,0.0,16.0,297.0,0,54.6,4.13,0.77,crypto,1
0.0,98.0,98.0,15.0,366.0,0,81.4,16.41,0.71,crypto,1
0.0,0.0,0.0,15.0,150.0,0,49.6,0.47,0.71,crypto,1
0.0,0.0,0.0,15.0,180.0,0,58.4,2.99,0.71,crypto,1
0.0,42.0,42.0,17.0,398.0,0,52.9,0.77,0.73,crypto,1
0.0,0.0,0.0,15.0,418.0,0,56.8,2.16,0.73,crypto,1
0.0,0.0,0.0,14.0,210.0,0,46.5,1.35,0.67,crypto,1
0.0,98.0,98.0,15.0,277.0,0,44.9,1.14,0.67,crypto,1
0.0,0.0,0.0,15.0,360.0,0,29.0,0.49,0.7,crypto,1
0.0,0.0,0.0,16.0,622.0,0,57.0,0.86,0.64,crypto,1
0.0,0.0,0.0,15.0,322.0,0,49.3,1.18,0.64,crypto,1
0.0,0.0,0.0,15.0,225.0,0,67.9,0.8,0.64,crypto,1
0.0,0.0,0.0,15.0,271.0,0,50.4,1.17,0.59,crypto,1
0.0,0.0,0.0,18.0,209.0,0,53.4,0.52,0.59,crypto,1
0.0,98.0,0.0,16.0,280.0,0,58.9,2.19,0.54,crypto,1
0.0,0.0,98.0,16.0,475.0,0,63.2,6.56,0.54,crypto,1
0.0,0.0,0.0,15.0,387.0,0,56.6,3.04,0.54,crypto,1
0.0,42.0,42.0,15.0,274.0,0,52.4,3.05,0.5,crypto,1
0.0,0.0,0.0,17.0,179.0,0,51.0,0.97,0.5,crypto,1
0.0,0.0,0.0,18.0,266.0,0,52.7,0.79,0.46,crypto,1
0.0,0.0,0.0,15.0,839.0,0,66.8,9.45,0.46,crypto,1
0.0,98.0,0.0,15.0,223.0,0,53.0,2.03,0.42,crypto,1
0.0,0.0,98.0,17.0,402.0,0,55.0,1.93,0.42,crypto,1
0.0,0.0,0.0,18.0,319.0,0,52.6,1.8,0.42,crypto,1
0.0,42.0,42.0,16.0,377.0,0,45.2,2.27,0.39,crypto,1
0.0,0.0,0.0,15.0,662.0,0,51.6,2.89,0.39,crypto,1
0.0,0.0,0.0,15.0,194.0,0,64.3,5.67,0.76,crypto,1
0.0,0.0,0.0,17.0,267.0,0,62.8,5.41,0.76,crypto,1
0.0,98.0,98.0,16.0,534.0,0,64.5,11.21,0.7,crypto,1
0.0,0.0,0.0,15.0,439.0,0,61.6,5.45,0.7,crypto,1
0.0,0.0,0.0,15.0,202.0,0,61.0,3.96,0.7,crypto,1
0.0,0.0,0.0,17.0,354.0,0,39.0,1.18,0.64,crypto,1
0.0,0.0,0.0,15.0,347.0,0,54.0,2.02,0.64,crypto,1
0.0,98.0,0.0,15.0,372.0,0,54.7,2.8,0.67,crypto,1
0.0,0.0,98.0,15.0,339.0,0,54.9,1.28,0.67,crypto,1
0.0,42.0,42.0,18.0,669.0,0,47.9,0.39,0.62,crypto,1
0.0,0.0,0.0,16.0,412.0,0,62.8,4.38,0.62,crypto,1
0.0,0.0,0.0,15.0,216.0,0,41.6,0.68,0.57,crypto,1
0.0,0.0,0.0,15.0,490.0,0,51.4,0.55,0.57,crypto,1
0.0,0.0,0.0,15.0,87.0,0,54.9,0.42,0.52,crypto,1
0.0,0.0,0.0,17.0,343.0,0,47.5,0.45,0.52,crypto,1
0.0,0.0,0.0,15.0,394.0,0,59.5,0.38,0.48,crypto,1
0.0,98.0,0.0,15.0,292.0,0,49.5,5.14,0.48,crypto,1
0.0,0.0,98.0,15.0,487.0,0,40.4,0.71,0.44,crypto,1
0.0,0.0,0.0,17.0,283.0,0,55.8,0.93,0.44,crypto,1
0.0,42.0,42.0,18.0,272.0,0,54.9,4.6,0.44,crypto,1
0.0,0.0,0.0,16.0,261.0,0,58.5,0.87,0.4,crypto,1
0.0,0.0,0.0,15.0,352.0,0,64.5,2.73,0.4,crypto,1
0.0,0.0,0.0,17.0,584.0,0,47.9,0.28,0.37,crypto,1
0.0,98.0,98.0,15.0,581.0,0,70.9,2.5,0.34,crypto,1
0.0,0.0,0.0,15.0,234.0,0,59.6,3.65,0.34,crypto,1
0.0,42.0,42.0,15.0,285.0,0,68.2,1.53,0.47,crypto,1
0.0,0.0,0.0,17.0,382.0,0,57.2,3.0,0.47,crypto,1
0.0,0.0,0.0,16.0,510.0,0,53.7,1.94,0.44,crypto,1
0.0,0.0,0.0,15.0,297.0,0,62.2,1.02,0.44,crypto,1
0.0,98.0,98.0,15.0,248.0,0,70.4,0.85,0.4,crypto,1
0.0,0.0,0.0,17.0,259.0,0,52.0,0.9,0.4,crypto,1
0.0,0.0,0.0,17.0,186.0,0,64.1,0.32,0.4,crypto,1
0.0,0.0,0.0,18.0,385.0,0,76.9,1.77,0.37,crypto,1
0.0,0.0,0.0,15.0,333.0,0,41.5,3.37,0.37,crypto,1
0.0,0.0,0.0,15.0,192.0,0,60.3,1.3,0.34,crypto,1
0.0,0.0,0.0,15.0,614.0,0,48.3,0.58,0.31,crypto,1
0.0,98.0,98.0,18.0,543.0,0,63.0,5.08,0.31,crypto,1
0.0,0.0,0.0,17.0,1226.0,0,52.1,6.92,0.31,crypto,1
0.0,42.0,42.0,16.0,167.0,0,70.7,0.24,0.29,crypto,1
0.0,0.0,0.0,15.0,392.0,0,42.6,3.18,0.29,crypto,1
0.0,0.0,0.0,15.0,301.0,0,61.9,0.87,0.34,crypto,1
0.0,98.0,98.0,15.0,389.0,0,56.8,3.24,0.34,crypto,1
0.0,0.0,0.0,16.0,177.0,0,60.8,0.27,0.32,crypto,1
0.0,42.0,42.0,18.0,343.0,0,59.5,0.95,0.32,crypto,1
0.0,0.0,0.0,16.0,154.0,0,68.5,0.23,0.32,crypto,1
0.0,0.0,0.0,15.0,429.0,0,62.4,1.51,0.29,crypto,1
0.0,0.0,0.0,15.0,262.0,0,49.1,2.12,0.29,crypto,1
0.0,98.0,98.0,16.0,806.0,0,54.6,2.73,0.27,crypto,1
0.0,0.0,0.0,15.0,336.0,0,52.5,1.89,0.27,crypto,1
0.0,0.0,0.0,16.0,122.0,0,45.7,0.0,0.25,crypto,1
0.0,0.0,0.0,15.0,782.0,0,66.3,6.82,0.25,crypto,1
0.0,0.0,0.0,15.0,650.0,0,65.4,0.84,0.71,crypto,1
0.0,98.0,98.0,15.0,278.0,0,45.9,1.23,0.81,crypto,1
0.0,0.0,0.0,17.0,203.0,0,48.2,0.49,0.81,crypto,1
0.0,42.0,42.0,18.0,512.0,0,44.3,1.9,0.75,crypto,1
0.0,0.0,0.0,15.0,294.0,0,65.7,8.33,0.75,crypto,1
0.0,0.0,0.0,15.0,269.0,0,69.4,1.02,0.75,crypto,1
0.0,0.0,0.0,15.0,213.0,0,74.5,0.49,0.69,crypto,1
0.0,0.0,0.0,17.0,124.0,0,80.3,0.23,0.69,crypto,1
0.0,0.0,0.0,15.0,538.0,0,76.7,10.87,0.69,crypto,1
0.0,0.0,0.0,15.0,157.0,0,51.0,1.96,0.95,crypto,1
0.0,98.0,98.0,15.0,603.0,0,52.7,2.05,0.95,crypto,1
0.0,0.0,0.0,16.0,388.0,0,57.2,0.84,0.88,crypto,1
0.0,42.0,42.0,17.0,132.0,0,61.1,0.0,0.88,crypto,1
0.0,0.0,0.0,16.0,358.0,0,51.7,1.66,0.8,crypto,1
0.0,0.0,0.0,15.0,354.0,0,59.2,0.7,0.8,crypto,1
0.0,0.0,0.0,15.0,308.0,0,48.6,1.39,0.74,crypto,1
0.0,98.0,98.0,15.0,244.0,0,59.3,0.98,0.74,crypto,1
0.0,0.0,0.0,16.0,276.0,0,55.9,0.23,0.74,crypto,1
0.0,0.0,0.0,18.0,201.0,0,55.3,8.7,0.92,crypto,1
0.0,0.0,0.0,15.0,444.0,0,53.4,1.94,0.92,crypto,1
0.0,0.0,0.0,15.0,278.0,0,61.1,4.74,0.85,crypto,1
0.0,0.0,0.0,15.0,298.0,0,64.2,3.0,0.85,crypto,1
0.0,0.0,0.0,17.0,383.0,0,55.7,1.99,0.85,crypto,1
0.0,98.0,98.0,15.0,433.0,0,66.2,5.33,1.74,crypto,1
0.0,0.0,0.0,15.0,254.0,0,54.3,1.85,1.74,crypto,1
0.0,0.0,0.0,15.0,539.0,0,55.1,4.82,1.74,crypto,1
0.0,0.0,0.0,15.0,285.0,0,46.5,1.09,2.24,crypto,1
0.0,0.0,0.0,16.0,169.0,0,49.7,1.25,2.24,crypto,1
0.0,0.0,0.0,18.0,325.0,0,47.5,1.31,2.06,crypto,1
0.0,98.0,98.0,15.0,808.0,0,64.0,13.53,2.06,crypto,1
0.0,84.0,84.0,15.0,333.0,0,49.2,0.49,1.9,crypto,1
0.0,0.0,0.0,17.0,594.0,0,50.3,2.56,1.74,crypto,1
0.0,0.0,0.0,15.0,540.0,0,46.4,0.7,1.74,crypto,1
0.0,98.0,98.0,15.0,224.0,0,54.8,0.64,1.6,crypto,1
0.0,0.0,0.0,17.0,570.0,0,60.1,0.37,1.56,crypto,1
0.0,0.0,0.0,17.0,254.0,0,50.2,2.0,1.56,crypto,1
0.0,0.0,0.0,18.0,176.0,0,52.9,0.25,1.43,crypto,1
0.0,0.0,0.0,16.0,325.0,0,45.3,1.48,1.43,crypto,1
0.0,98.0,98.0,16.0,214.0,0,61.7,2.63,1.43,crypto,1
0.0,0.0,0.0,15.0,398.0,0,67.2,1.59,1.32,crypto,1
0.0,0.0,0.0,15.0,213.0,0,61.6,1.2,1.32,crypto,1
0.0,0.0,0.0,15.0,313.0,0,71.3,6.15,1.32,crypto,1
0.0,0.0,0.0,15.0,182.0,0,60.5,1.37,1.21,crypto,1
0.0,0.0,0.0,18.0,393.0,0,61.9,5.08,1.21,crypto,1
0.0,0.0,0.0,16.0,330.0,0,52.0,2.64,1.21,crypto,1
0.0,0.0,0.0,16.0,221.0,0,69.5,1.21,1.11,crypto,1
0.0,98.0,98.0,15.0,672.0,0,64.3,4.6,1.11,crypto,1
0.0,0.0,0.0,15.0,168.0,0,71.9,1.12,1.02,crypto,1
0.0,42.0,42.0,16.0,408.0,0,64.1,5.87,1.02,crypto,1
0.0,0.0,0.0,15.0,303.0,0,65.8,7.43,1.02,crypto,1
0.0,0.0,0.0,15.0,276.0,0,62.5,13.56,1.26,crypto,1
0.0,98.0,0.0,15.0,366.0,0,55.6,2.47,1.26,crypto,1
0.0,0.0,98.0,16.0,232.0,0,62.9,1.15,1.16,crypto,1
0.0,0.0,0.0,18.0,195.0,0,71.6,0.91,1.16,crypto,1
0.0,42.0,42.0,16.0,531.0,0,66.6,3.35,1.07,crypto,1
0.0,0.0,0.0,15.0,165.0,0,60.3,0.99,1.07,crypto,1
0.0,0.0,0.0,15.0,490.0,0,61.3,6.82,1.07,crypto,1
0.0,98.0,98.0,17.0,415.0,0,52.6,3.15,0.98,crypto,1
0.0,0.0,0.0,18.0,326.0,0,57.6,2.37,0.98,crypto,1
0.0,0.0,0.0,15.0,228.0,0,73.4,9.02,0.98,crypto,1
0.0,0.0,0.0,15.0,120.0,0,84.7,7.5,0.9,crypto,1
0.0,0.0,0.0,15.0,359.0,0,42.1,0.65,0.9,crypto,1
0.0,0.0,0.0,15.0,120.0,0,96.8,78.12,0.9,crypto,1
0.0,0.0,0.0,15.0,186.0,0,66.9,18.99,0.83,crypto,1
0.0,0.0,0.0,16.0,153.0,0,63.4,4.76,0.83,crypto,1
0.0,0.0,0.0,16.0,419.0,0,42.9,1.43,0.76,crypto,1
0.0,98.0,98.0,16.0,606.0,0,47.6,4.56,0.76,crypto,1
0.0,0.0,0.0,15.0,253.0,0,61.0,3.92,0.76,crypto,1
0.0,42.0,42.0,15.0,261.0,0,71.7,1.06,0.7,crypto,1
0.0,0.0,0.0,17.0,209.0,0,69.4,1.18,0.7,crypto,1
0.0,0.0,0.0,18.0,205.0,0,72.4,0.56,0.73,crypto,1
0.0,0.0,0.0,15.0,466.0,0,54.2,3.88,0.73,crypto,1
0.0,98.0,98.0,15.0,222.0,0,58.7,3.7,0.73,crypto,1
0.0,0.0,0.0,15.0,195.0,0,48.5,1.36,0.83,crypto,1
0.0,0.0,0.0,16.0,244.0,0,53.1,1.44,0.83,crypto,1
0.0,0.0,0.0,18.0,575.0,0,52.1,1.17,0.76,crypto,1
0.0,0.0,0.0,16.0,176.0,0,71.8,8.0,0.76,crypto,1
0.0,0.0,0.0,15.0,306.0,0,66.8,3.65,0.76,crypto,1
11.34,12409.86,6567.29,201.58,3504.67,0,0.0,22.06,0.57,ddos,1
10.25,9428.96,10746.76,254.4,7816.83,0,0.0,24.01,0.57,ddos,1
18.64,12940.74,13485.9,321.07,6635.46,0,0.0,21.95,0.57,ddos,1
12.43,6739.31,11741.87,358.59,5494.87,0,0.0,15.33,0.53,ddos,1
9.74,6724.08,10696.94,186.34,9026.91,0,0.0,28.15,0.53,ddos,1
29.75,11261.69,5122.53,296.04,9770.32,0,0.0,25.34,0.53,ddos,1
43.05,9946.18,10082.44,369.68,3655.25,0,0.0,15.35,0.53,ddos,1
18.97,6222.37,14080.57,193.26,5797.93,0,0.0,20.35,0.53,ddos,1
6.78,13506.87,11276.52,394.06,3869.36,0,0.0,26.62,0.48,ddos,1
12.57,11979.93,10991.56,163.88,7663.85,0,0.0,22.12,0.48,ddos,1
36.28,9070.59,8720.21,206.1,7406.91,0,0.0,18.48,0.48,ddos,1
20.27,13932.2,9832.83,255.39,3575.02,0,0.0,21.8,0.48,ddos,1
21.94,6385.05,14791.78,177.86,9428.05,0,0.0,25.53,0.48,ddos,1
17.14,8904.48,10523.01,168.16,4058.98,0,0.0,27.88,0.45,ddos,1
22.3,8596.21,14983.0,274.55,5264.01,0,0.0,28.37,0.45,ddos,1
23.83,10603.66,5530.13,355.12,3188.76,0,0.0,29.99,0.45,ddos,1
22.47,14757.19,9765.84,348.26,6738.12,0,0.0,23.08,0.45,ddos,1
48.57,11111.4,12476.61,257.19,9893.78,0,0.0,27.89,0.45,ddos,1
25.64,11481.94,13303.55,339.35,6585.1,0,0.0,25.36,0.49,ddos,1
8.09,11397.39,11868.48,229.35,5248.03,0,0.0,15.41,0.49,ddos,1
20.61,9018.2,9792.65,232.82,9712.39,0,0.0,21.88,0.49,ddos,1
47.77,14441.74,5247.33,367.33,8462.17,0,0.0,23.72,0.49,ddos,1
30.82,7288.57,11570.04,197.64,7368.88,0,0.0,19.56,0.49,ddos,1
13.74,13125.71,10377.83,379.27,9218.91,0,0.0,25.52,0.45,ddos,1
42.84,14373.65,11415.22,192.21,8460.27,0,0.0,23.21,0.45,ddos,1
29.82,5294.35,13547.11,383.5,7708.87,0,0.0,17.03,0.45,ddos,1
16.09,8377.14,12520.51,182.59,7416.75,0,0.0,23.15,0.45,ddos,1
16.64,5568.78,7493.75,232.42,5901.22,0,0.0,22.97,0.5,ddos,1
16.77,6602.97,6203.15,164.03,8404.39,0,0.0,24.23,0.5,ddos,1
14.67,9081.86,14366.67,266.5,5801.09,0,0.0,27.82,0.5,ddos,1
22.89,14658.65,5649.9,227.81,8382.44,0,0.0,21.11,0.5,ddos,1
13.16,11357.21,12438.0,210.47,9040.49,0,0.0,29.11,0.5,ddos,1
22.45,14317.57,10837.02,298.06,9942.61,0,0.0,19.59,0.46,ddos,1
35.78,12807.99,14296.44,294.46,7657.9,0,0.0,18.8,0.46,ddos,1
7.44,11426.73,14692.12,180.33,8327.81,0,0.0,28.43,0.46,ddos,1
34.47,8640.32,11713.02,230.6,6663.26,0,0.0,23.35,0.46,ddos,1
39.48,14991.98,6543.73,326.3,7340.58,0,0.0,19.63,0.46,ddos,1
24.0,7184.75,9125.02,398.96,6417.64,0,0.0,22.17,0.5,ddos,1
47.24,7039.76,11678.78,350.58,7275.87,0,0.0,21.09,0.5,ddos,1
13.27,11643.87,5123.64,376.75,7099.0,0,0.0,23.36,0.5,ddos,1
6.58,7001.04,8584.25,165.65,5165.13,0,0.0,19.23,0.5,ddos,1
7.6,6902.88,6503.66,225.54,6594.73,0,0.0,27.2,0.5,ddos,1
16.91,14074.98,14347.74,175.12,3834.8,0,0.0,19.98,0.46,ddos,1
6.38,12302.41,11184.39,157.88,9355.24,0,0.0,17.94,0.46,ddos,1
5.25,5700.31,11437.69,396.43,8248.87,0,0.0,21.23,0.46,ddos,1
31.91,11717.65,13493.38,397.36,4174.07,0,0.0,19.48,0.46,ddos,1
46.1,7397.51,7836.5,221.49,3400.92,0,0.0,28.65,0.46,ddos,1
20.25,6404.44,8689.95,336.97,8518.44,0,0.0,18.61,0.42,ddos,1
20.32,6175.56,7100.8,201.11,7068.82,0,0.0,25.45,0.42,ddos,1
42.62,9853.03,7069.67,208.66,9619.63,0,0.0,22.53,0.42,ddos,1
19.82,6266.33,14497.29,299.61,6628.49,0,0.0,20.78,0.42,ddos,1
11.06,13915.81,5534.28,350.74,9468.74,0,0.0,16.91,0.42,ddos,1
10.26,7477.15,11535.85,398.13,5090.1,0,0.0,19.4,0.39,ddos,1
31.89,5005.48,5992.25,293.76,8169.18,0,0.0,28.08,0.39,ddos,1
33.01,12187.01,10772.82,394.54,3586.15,0,0.0,27.16,0.39,ddos,1
45.27,7065.91,5611.38,210.0,6061.21,0,0.0,29.62,0.39,ddos,1
21.21,8883.18,9815.48,216.26,7229.61,0,0.0,18.79,0.36,ddos,1
9.87,12335.02,8419.16,280.25,7178.59,0,0.0,28.52,0.36,ddos,1
43.12,11396.28,5109.32,356.94,8614.52,0,0.0,23.58,0.36,ddos,1
38.73,5979.33,6130.52,295.52,3292.42,0,0.0,20.75,0.36,ddos,1
23.57,9777.07,5874.33,242.79,7568.99,0,0.0,20.39,0.36,ddos,1
12.55,10567.37,12224.57,398.3,9599.34,0,0.0,26.55,0.33,ddos,1
16.65,6658.01,9916.07,170.06,4519.21,0,0.0,19.21,0.33,ddos,1
23.84,11151.53,14108.38,152.05,6572.96,0,0.0,26.02,0.33,ddos,1
7.07,11373.83,8292.78,243.68,6429.8,0,0.0,22.91,0.33,ddos,1
47.2,13006.67,7951.21,198.23,6001.64,0,0.0,26.32,0.3,ddos,1
25.0,12215.37,6784.31,222.16,9715.32,0,0.0,22.46,0.3,ddos,1
12.22,11617.6,9692.7,249.77,4003.36,0,0.0,21.9,0.3,ddos,1
16.09,9296.15,8820.26,234.29,3911.99,0,0.0,23.11,0.3,ddos,1
37.8,8490.63,6977.56,289.2,3549.16,0,0.0,16.92,0.3,ddos,1
47.36,14907.05,12976.29,353.02,6642.13,0,0.0,15.61,0.28,ddos,1
17.2,9793.75,10716.71,386.65,6630.24,0,0.0,19.33,0.28,ddos,1
32.4,13960.88,5230.89,335.5,7588.94,0,0.0,16.41,0.28,ddos,1
17.4,12473.9,12231.92,284.46,8289.97,0,0.0,26.62,0.28,ddos,1
27.2,8520.28,8332.25,398.61,6060.48,0,0.0,25.52,0.28,ddos,1
30.37,5124.28,14634.04,373.14,6429.24,0,0.0,29.33,0.33,ddos,1
33.39,8345.06,5289.56,293.18,7250.14,0,0.0,18.12,0.33,ddos,1
41.59,12386.17,10709.64,195.0,6807.52,0,0.0,24.86,0.33,ddos,1
26.07,7559.38,11485.5,229.45,7045.57,0,0.0,20.84,0.33,ddos,1
34.14,13605.52,7931.93,295.14,3988.66,0,0.0,21.03,0.33,ddos,1
29.86,9378.64,8613.01,342.03,3648.72,0,0.0,27.23,0.31,ddos,1
35.67,13024.84,14656.26,349.23,4772.1,0,0.0,21.75,0.31,ddos,1
45.83,5657.79,9063.73,361.76,4944.63,0,0.0,24.62,0.31,ddos,1
34.76,10379.4,13312.87,241.67,5668.01,0,0.0,16.91,0.31,ddos,1
15.17,12778.7,14700.55,219.48,4133.7,0,0.0,24.99,0.31,ddos,1
28.65,13324.66,13343.79,347.98,6338.61,0,0.0,18.66,0.28,ddos,1
28.73,5804.62,9644.78,337.92,8563.92,0,0.0,23.17,0.28,ddos,1
25.28,10614.3,8017.18,330.24,9346.2,0,0.0,21.06,0.28,ddos,1
33.26,10541.52,14333.1,350.55,7761.17,0,0.0,15.79,0.28,ddos,1
20.94,8341.1,8284.67,160.96,4706.53,0,0.0,21.2,0.28,ddos,1
28.41,9252.88,12344.09,257.78,5763.31,0,0.0,21.38,0.26,ddos,1
5.75,7060.64,9270.12,333.49,9319.62,0,0.0,21.56,0.26,ddos,1
8.6,7726.07,11181.46,278.37,7805.79,0,0.0,24.85,0.26,ddos,1
36.35,6138.29,6186.6,243.26,8378.3,0,0.0,16.22,0.26,ddos,1
46.93,5406.9,14459.67,340.57,9302.28,0,0.0,29.45,0.24,ddos,1
38.52,6906.51,9400.77,225.71,7045.92,0,0.0,18.71,0.24,ddos,1
39.44,13014.9,6014.62,351.53,7522.74,0,0.0,19.34,0.24,ddos,1
11.28,13726.01,8277.35,320.62,6879.86,0,0.0,24.57,0.24,ddos,1
41.14,12650.88,10975.89,257.76,3583.17,0,0.0,21.52,0.24,ddos,1
10.03,8622.31,14195.73,294.8,9219.67,0,0.0,26.04,0.3,ddos,1
40.01,8853.62,13676.68,370.15,5803.67,0,0.0,16.8,0.3,ddos,1
22.74,5064.9,7340.18,352.35,3071.27,0,0.0,26.2,0.3,ddos,1
42.41,10945.87,6522.65,230.25,8760.24,0,0.0,16.88,0.3,ddos,1
36.27,14949.31,11599.05,291.6,8975.72,0,0.0,16.35,0.3,ddos,1
15.52,9434.47,5989.14,325.85,4052.36,0,0.0,23.02,0.28,ddos,1
45.93,12327.02,13970.55,386.64,9310.68,0,0.0,16.09,0.28,ddos,1
12.22,5573.61,12737.12,331.77,9176.47,0,0.0,23.55,0.28,ddos,1
38.27,9897.81,10782.21,334.46,4412.58,0,0.0,15.98,0.28,ddos,1
30.38,14186.71,11766.93,156.11,5696.5,0,0.0,21.83,0.28,ddos,1
37.21,6908.86,7768.26,196.27,3693.79,0,0.0,18.98,0.25,ddos,1
30.54,13624.33,13171.19,305.81,6075.69,0,0.0,20.03,0.25,ddos,1
43.39,13928.56,14271.16,268.47,8992.71,0,0.0,26.9,0.25,ddos,1
11.03,7807.87,12402.42,332.84,7072.25,0,0.0,19.58,0.25,ddos,1
22.02,8911.17,8312.19,311.82,9275.71,0,0.0,24.32,0.25,ddos,1
14.02,9145.92,11367.11,223.35,3301.43,0,0.0,28.29,0.23,ddos,1
8.67,5725.66,6591.61,320.28,3479.7,0,0.0,27.93,0.23,ddos,1
44.14,14034.36,13611.51,348.06,8923.53,0,0.0,28.2,0.23,ddos,1
46.12,5900.1,12312.26,327.15,4236.41,0,0.0,20.9,0.23,ddos,1
14.49,11261.77,5272.91,311.48,3152.05,0,0.0,17.8,0.23,ddos,1
47.79,13309.95,14375.97,157.46,4679.06,0,0.0,26.62,0.21,ddos,1
63.36,10800.36,12652.71,897.48,20298.3,0,0.0,34.85,0.21,ddos,1
33.93,19791.65,13267.1,778.59,9528.09,0,0.0,31.13,0.21,ddos,1
40.76,13258.66,14343.77,683.17,11027.49,0,0.0,24.21,0.21,ddos,1
27.16,11096.23,17394.28,508.51,16766.24,0,0.0,22.86,0.21,ddos,1
26.53,19482.88,11022.22,855.27,21025.01,0,0.0,26.59,0.2,ddos,1
43.16,11145.76,12040.62,354.51,14505.4,0,0.0,23.34,0.2,ddos,1
113.35,12729.69,18360.92,892.55,5876.63,0,0.0,30.48,0.2,ddos,1
31.75,18567.22,13021.45,627.21,5014.85,0,0.0,32.37,0.2,ddos,1
58.16,12483.28,16629.18,439.02,24540.96,0,0.0,29.04,0.18,ddos,1
20.05,18762.28,19463.55,352.96,9268.75,0,0.0,28.46,0.18,ddos,1
114.12,12664.16,13129.82,872.75,7845.65,0,0.0,24.49,0.18,ddos,1
55.11,12157.49,12069.29,555.64,16741.84,0,0.0,31.07,0.18,ddos,1
115.21,15210.28,15959.09,595.83,23432.16,0,0.0,23.68,0.18,ddos,1
81.35,13540.84,17014.81,463.6,12316.17,0,0.0,22.21,0.25,ddos,1
88.8,17430.84,13377.43,415.3,6627.53,0,0.0,31.2,0.25,ddos,1
33.84,19609.85,10598.12,554.54,14560.05,0,0.0,33.28,0.25,ddos,1
110.74,13469.04,10393.45,629.76,23587.8,0,0.0,21.45,0.25,ddos,1
80.41,12153.41,13864.23,356.03,9596.37,0,0.0,32.58,0.25,ddos,1
78.66,18633.7,13320.1,832.0,19672.98,0,0.0,23.99,0.23,ddos,1
58.74,19028.46,11564.79,588.37,22553.94,0,0.0,26.13,0.23,ddos,1
71.52,10339.72,15601.94,326.89,21370.85,0,0.0,30.75,0.23,ddos,1
88.35,12564.75,16520.07,492.31,23307.81,0,0.0,32.52,0.23,ddos,1
56.78,18923.65,17673.41,766.37,24876.35,0,0.0,25.43,0.23,ddos,1
75.76,17733.36,14185.94,407.67,10709.02,0,0.0,33.48,0.29,ddos,1
76.72,19796.39,11128.5,667.74,20079.93,0,0.0,34.15,0.29,ddos,1
23.1,16907.24,12050.63,398.12,18834.2,0,0.0,29.66,0.29,ddos,1
62.85,12125.54,15682.22,463.16,6624.31,0,0.0,24.76,0.29,ddos,1
61.25,15871.69,14075.49,373.29,14703.46,0,0.0,27.87,0.26,ddos,1
34.9,13176.86,11834.14,434.78,23848.44,0,0.0,26.39,0.26,ddos,1
80.14,16865.62,16972.15,380.81,21195.59,0,0.0,29.44,0.26,ddos,1
39.74,16455.96,18577.47,610.76,10688.08,0,0.0,25.53,0.26,ddos,1
48.16,19476.22,18213.0,416.84,13726.75,0,0.0,25.12,0.26,ddos,1
115.17,11433.51,10582.32,340.08,14282.67,0,0.0,33.41,0.32,ddos,1
74.63,18165.73,10250.79,379.09,20023.35,0,0.0,31.8,0.32,ddos,1
87.53,16722.68,19783.65,509.43,19754.98,0,0.0,31.32,0.32,ddos,1
56.04,19875.82,19843.49,372.92,18482.96,0,0.0,33.36,0.32,ddos,1
100.05,12544.46,12498.63,502.96,9947.42,0,0.0,25.2,0.32,ddos,1
38.96,14133.68,17000.78,800.98,20473.24,0,0.0,28.0,0.3,ddos,1
77.09,11256.14,10538.97,327.01,10405.96,0,0.0,24.25,0.3,ddos,1
36.79,12937.76,16337.53,456.08,14862.42,0,0.0,24.26,0.3,ddos,1
44.21,11269.13,11074.17,502.42,6316.67,0,0.0,31.04,0.3,ddos,1
58.68,18782.29,12454.8,485.97,8604.52,0,0.0,34.18,0.3,ddos,1
82.09,17365.61,13644.21,518.85,19527.01,0,0.0,25.03,0.35,ddos,1
80.31,14817.87,17345.97,788.49,11575.26,0,0.0,22.46,0.35,ddos,1
48.24,18547.27,12905.42,362.44,20297.65,0,0.0,32.01,0.35,ddos,1
111.25,11152.99,10993.81,420.56,18367.73,0,0.0,29.25,0.35,ddos,1
21.34,11333.83,11063.03,511.05,20127.85,0,0.0,28.88,0.35,ddos,1
99.96,10207.6,14010.38,837.54,15695.27,0,0.0,23.64,0.33,ddos,1
104.69,15305.48,16837.8,419.11,18997.23,0,0.0,34.77,0.33,ddos,1
30.55,10493.49,16955.99,594.68,21194.1,0,0.0,23.47,0.33,ddos,1
25.1,13516.92,16294.03,745.47,12885.95,0,0.0,20.19,0.33,ddos,1
51.47,19797.91,10632.71,439.57,24900.67,0,0.0,32.17,0.33,ddos,1
60.25,12719.73,13979.1,615.81,19841.83,0,0.0,32.65,0.3,ddos,1
82.69,19717.11,12338.34,614.52,12714.55,0,0.0,25.4,0.3,ddos,1
80.73,19872.03,12827.19,475.3,22286.13,0,0.0,33.25,0.3,ddos,1
117.14,13949.91,17772.88,331.12,18000.79,0,0.0,33.91,0.3,ddos,1
106.83,11851.27,11418.24,726.58,23931.04,0,0.0,26.56,0.3,ddos,1
35.74,12668.52,17083.44,820.56,20181.79,0,0.0,24.45,0.35,ddos,1
111.21,11850.53,14315.51,460.84,21333.25,0,0.0,23.97,0.35,ddos,1
36.56,15718.35,12772.8,317.16,18220.94,0,0.0,33.75,0.35,ddos,1
42.86,14549.07,19889.53,321.27,21417.77,0,0.0,30.43,0.35,ddos,1
107.2,19620.96,11622.92,691.54,16448.7,0,0.0,31.69,0.33,ddos,1
78.75,11021.39,18478.97,431.55,11526.94,0,0.0,26.23,0.33,ddos,1
96.03,18289.1,10695.97,660.65,10562.33,0,0.0,22.93,0.33,ddos,1
72.5,16253.07,12066.54,623.1,12884.4,0,0.0,21.67,0.33,ddos,1
29.15,15386.08,13542.94,519.48,15097.95,0,0.0,33.88,0.3,ddos,1
74.85,13049.0,11669.2,375.88,23179.14,0,0.0,24.9,0.3,ddos,1
67.18,19352.67,16930.28,593.22,22645.32,0,0.0,32.18,0.3,ddos,1
113.54,19992.48,10615.2,600.42,9021.69,0,0.0,25.21,0.3,ddos,1
44.37,17701.03,13470.13,425.69,9010.7,0,0.0,20.83,0.3,ddos,1
113.66,19544.94,17828.95,693.53,12880.15,0,0.0,30.13,0.28,ddos,1
43.58,16753.45,11656.94,486.85,20369.21,0,0.0,24.3,0.28,ddos,1
109.68,18616.91,16777.4,420.83,8941.71,0,0.0,32.78,0.28,ddos,1
111.47,11744.38,15475.91,839.13,23464.52,0,0.0,30.52,0.28,ddos,1
99.36,16191.36,18681.25,445.15,22439.31,0,0.0,31.75,0.28,ddos,1
70.32,11137.41,16328.76,619.61,16356.86,0,0.0,20.89,0.25,ddos,1
104.08,11897.11,16883.38,837.61,17193.81,0,0.0,24.26,0.25,ddos,1
106.81,17374.68,17203.0,676.56,14957.77,0,0.0,32.16,0.25,ddos,1
60.33,11746.61,10657.52,561.43,15168.09,0,0.0,33.43,0.25,ddos,1
118.6,11513.74,11358.45,555.88,12621.39,0,0.0,22.3,0.25,ddos,1
68.18,14082.51,17960.12,757.21,23407.36,0,0.0,31.92,0.23,ddos,1
46.31,16826.76,10252.03,414.15,11572.45,0,0.0,20.32,0.23,ddos,1
40.8,16411.48,17062.5,668.83,14452.95,0,0.0,28.8,0.23,ddos,1
67.12,10215.32,11479.3,437.72,24976.15,0,0.0,21.85,0.23,ddos,1
31.6,14474.57,12482.37,341.43,22471.38,0,0.0,24.42,0.23,ddos,1
84.35,19741.45,19429.59,827.58,24613.94,0,0.0,34.74,0.21,ddos,1
101.37,13069.91,13662.22,818.88,5724.91,0,10.8,34.24,0.21,ddos,1
35.61,10866.14,18593.41,458.79,10720.77,0,0.0,26.25,0.21,ddos,1
103.67,15643.18,13706.3,605.84,16587.38,0,0.0,28.5,0.21,ddos,1
109.61,19811.24,14992.95,666.89,20778.92,0,0.0,20.42,0.21,ddos,1
78.45,18977.87,16594.91,767.98,5331.45,0,0.0,31.66,0.28,ddos,1
56.42,15586.92,10610.73,318.48,9442.04,0,0.0,31.86,0.28,ddos,1
29.26,13628.04,15782.77,571.48,14965.56,0,0.0,28.44,0.28,ddos,1
75.31,18411.74,12297.03,368.27,21250.43,0,0.0,25.39,0.28,ddos,1
31.57,16840.17,13324.57,517.65,14224.84,0,0.0,22.43,0.33,ddos,1
33.68,13501.47,12618.37,355.71,22368.8,0,0.0,29.9,0.33,ddos,1
27.84,15171.4,14852.53,527.35,9423.78,0,0.0,33.79,0.33,ddos,1
29.01,10812.06,11111.04,419.05,12090.46,0,0.0,25.29,0.33,ddos,1
107.63,16577.52,16514.32,670.42,12733.07,0,0.0,22.37,0.33,ddos,1
86.37,15485.11,11594.38,518.62,6752.39,0,0.0,29.79,0.31,ddos,1
36.1,16453.2,12143.39,674.45,5927.33,0,0.0,21.07,0.31,ddos,1
71.62,18808.32,15232.19,441.96,8986.48,0,0.0,29.12,0.31,ddos,1
106.49,15340.91,19579.55,847.59,16509.57,0,0.0,21.79,0.31,ddos,1
54.45,13123.49,19398.6,445.6,15737.59,0,0.0,28.91,0.31,ddos,1
79.35,15020.68,18160.69,531.14,21464.08,0,0.0,23.36,0.28,ddos,1
107.61,16318.54,19803.97,601.43,7400.44,0,0.0,32.43,0.28,ddos,1
77.48,18407.59,14202.74,653.9,11164.34,0,0.0,30.82,0.28,ddos,1
42.21,18962.53,16896.69,784.01,22439.34,0,0.0,33.27,0.28,ddos,1
59.04,19484.63,16067.88,787.75,14694.49,0,0.0,25.05,0.28,ddos,1
87.67,19995.7,12289.77,479.32,13881.66,0,0.0,21.09,0.26,ddos,1
101.45,14173.38,18423.16,636.02,15426.63,0,0.0,22.01,0.26,ddos,1
109.33,15475.8,16127.57,623.83,21589.87,0,0.0,22.88,0.26,ddos,1
103.8,16006.7,13834.96,610.45,5918.22,0,0.0,28.12,0.26,ddos,1
111.45,10155.02,15716.87,609.69,9619.87,0,0.0,31.29,0.26,ddos,1
98.54,18378.48,19370.64,876.65,16431.94,0,0.0,33.68,0.24,ddos,1
25.11,10955.74,15699.31,424.03,21031.69,0,0.0,26.66,0.24,ddos,1
21.7,10616.91,12814.45,633.29,11125.23,0,0.0,29.38,0.24,ddos,1
91.28,19998.96,10530.22,518.69,7296.82,0,0.0,31.61,0.24,ddos,1
76.88,15077.85,18774.99,494.37,9594.17,0,0.0,30.69,0.22,ddos,1
83.07,12559.62,12540.39,604.45,20084.58,0,0.0,22.58,0.22,ddos,1
68.89,19612.15,14885.99,635.72,23600.52,0,0.0,20.12,0.22,ddos,1
46.31,13499.78,19459.29,729.08,9814.31,0,0.0,25.26,0.22,ddos,1
36.91,13938.05,12114.5,882.67,13207.78,0,0.0,21.94,0.22,ddos,1
75.32,10208.18,19758.29,769.49,21309.71,0,0.0,24.28,0.2,ddos,1
85.78,13474.81,10772.19,785.66,16580.13,0,0.0,34.26,0.2,ddos,1
104.49,19769.43,17743.49,388.52,8520.28,0,0.0,31.26,0.2,ddos,1
87.79,17017.01,17255.8,833.73,18882.66,0,0.0,32.44,0.2,ddos,1
31.02,17786.82,12761.94,731.45,22865.01,0,0.0,30.5,0.2,ddos,1
113.48,16961.38,13531.53,867.75,15915.02,0,0.0,20.12,0.19,ddos,1
68.84,14118.6,11192.43,444.73,7300.07,0,0.0,26.72,0.19,ddos,1
69.23,16291.81,16295.42,763.49,23418.37,0,0.0,20.35,0.19,ddos,1
38.96,15708.19,14638.1,530.64,13026.09,0,0.0,25.39,0.19,ddos,1
99.41,14667.91,11665.26,715.3,16451.0,0,0.0,31.81,0.17,ddos,1
118.17,15541.19,13460.12,501.75,16275.55,0,0.0,20.74,0.17,ddos,1
41.05,14797.41,13579.01,645.08,17195.98,0,0.0,22.58,0.17,ddos,1
23.22,13882.73,19922.61,764.5,20712.73,0,0.0,34.37,0.17,ddos,1
24.08,19785.09,11441.76,497.39,9239.95,0,0.0,24.48,0.17,ddos,1
25.2,12750.9,17179.62,612.84,12513.78,0,0.0,27.7,0.16,ddos,1
69.45,14249.13,13517.63,430.16,6299.36,0,0.0,33.07,0.16,ddos,1
27.46,14029.31,17742.06,575.42,21759.56,0,0.0,28.18,0.16,ddos,1
100.57,11968.24,16708.07,518.5,21955.7,0,0.0,25.44,0.16,ddos,1
43.31,15194.89,17950.66,352.56,15709.64,0,0.0,27.21,0.16,ddos,1
106.52,19908.38,10789.0,767.66,19959.63,0,0.0,23.34,0.14,ddos,1
45.3,11195.87,15430.84,539.05,20415.61,0,0.0,27.99,0.14,ddos,1
20.86,14831.96,11694.14,483.76,6453.76,0,0.0,30.05,0.14,ddos,1
28.41,15744.41,10852.77,715.65,20618.27,0,0.0,31.79,0.14,ddos,1
43.13,11346.19,18150.7,441.83,19252.64,0,0.0,22.85,0.14,ddos,1
67.22,10060.08,10764.69,553.06,14750.02,0,0.0,25.37,0.29,ddos,1
106.95,18654.23,15397.97,390.81,17092.63,0,0.0,31.2,0.29,ddos,1
32.9,14576.29,10900.33,654.74,23690.74,0,0.0,24.98,0.29,ddos,1
38.78,14232.8,15494.64,593.76,10118.0,0,0.0,21.96,0.29,ddos,1
76.16,16322.77,13069.01,579.29,17428.95,0,0.0,26.15,0.29,ddos,1
39.68,16982.52,18141.56,743.36,23747.22,0,0.0,22.68,0.35,ddos,1
78.39,16347.57,18960.06,462.02,10356.26,0,0.0,28.47,0.35,ddos,1
33.98,11204.29,18513.94,725.96,16531.33,0,0.0,27.78,0.35,ddos,1
119.05,14703.51,18547.78,597.07,15498.35,0,0.0,29.48,0.35,ddos,1
95.46,16671.87,11162.34,308.83,16251.02,0,0.0,25.07,0.4,ddos,1
84.16,15581.11,16764.7,537.37,14634.22,0,0.0,31.03,0.4,ddos,1
93.71,17025.77,19774.95,449.74,7865.18,0,0.0,21.46,0.4,ddos,1
67.76,18297.91,13425.46,801.68,24743.08,0,0.0,30.09,0.4,ddos,1
66.52,16521.75,16211.83,787.58,13245.39,0,0.0,30.6,0.4,ddos,1
45.0,15908.65,10855.13,508.82,24588.62,0,0.0,31.18,0.37,ddos,1
23.14,19802.86,18930.15,615.96,5704.73,0,0.0,32.81,0.37,ddos,1
45.21,16193.82,10821.72,466.47,18883.58,0,0.0,24.67,0.37,ddos,1
82.88,14701.16,14046.25,728.0,16774.97,0,0.0,27.62,0.37,ddos,1
102.29,16042.64,14689.99,677.87,15407.29,0,0.0,20.52,0.37,ddos,1
20.81,11289.39,19587.42,676.82,5648.01,0,0.0,24.49,0.42,ddos,1
62.78,13141.1,17160.9,439.96,22463.02,0,0.0,28.25,0.42,ddos,1
63.15,18491.7,10477.31,308.87,9640.11,0,0.0,33.11,0.42,ddos,1
73.72,11708.43,15258.16,869.07,5121.95,0,0.0,22.89,0.42,ddos,1
63.04,17248.23,19731.9,629.84,14167.48,0,0.0,34.51,0.42,ddos,1
100.7,17014.55,18645.28,321.51,21408.34,0,0.0,28.45,0.47,ddos,1
83.94,16977.36,14711.4,651.45,10605.52,0,0.0,31.38,0.47,ddos,1
23.1,13015.48,10102.22,494.99,24215.22,0,10.1,20.49,0.47,ddos,1
25.7,18037.89,10336.62,685.45,6806.72,0,0.0,29.45,0.47,ddos,1
98.84,11698.81,19050.91,792.86,20354.75,0,0.0,24.7,0.67,ddos,1
66.66,12181.08,18055.27,735.85,13122.16,0,0.0,27.62,0.67,ddos,1
50.25,14910.0,15837.33,662.9,12426.46,0,0.0,22.75,0.67,ddos,1
53.29,18510.02,10145.66,696.02,13150.29,0,0.0,34.12,0.67,ddos,1
74.73,16832.81,16786.01,882.91,21112.67,0,0.0,23.24,0.62,ddos,1
75.16,17753.58,11110.85,396.53,18408.09,0,0.0,25.3,0.62,ddos,1
54.31,11769.96,12560.48,686.86,9516.1,0,0.0,26.46,0.62,ddos,1
40.77,11392.22,14871.82,882.46,18963.17,0,0.0,22.01,0.62,ddos,1
75.91,19570.98,19636.58,858.46,7415.6,0,0.0,24.97,0.62,ddos,1
88.81,11334.4,15718.21,681.34,7408.72,0,0.0,27.98,0.65,ddos,1
38.13,12313.85,19775.68,453.16,22450.21,0,0.0,26.02,0.65,ddos,1
38.05,11132.13,10549.05,709.68,24178.07,0,0.0,27.13,0.65,ddos,1
52.82,11382.58,11158.31,895.45,15415.29,0,0.0,32.6,0.65,ddos,1
69.7,11211.24,16930.46,506.3,20105.83,0,0.0,33.32,0.65,ddos,1
25.81,14605.87,19478.17,457.9,22449.26,0,0.0,25.1,0.6,ddos,1
66.57,13747.19,13077.23,631.67,13288.46,0,0.0,31.06,0.6,ddos,1
114.67,19762.18,13621.8,554.45,17677.06,0,0.0,27.93,0.6,ddos,1
66.16,10491.91,15822.36,761.16,16569.46,0,0.0,31.53,0.6,ddos,1
64.65,18109.5,11681.61,829.84,7903.44,0,0.0,25.13,0.6,ddos,1
97.78,16293.44,12461.8,643.82,17260.67,0,0.0,31.76,0.55,ddos,1
21.12,18072.19,17242.44,477.31,16892.35,0,0.0,20.27,0.55,ddos,1
33.21,12722.44,16465.12,396.6,11295.62,0,0.0,23.17,0.55,ddos,1
103.19,16117.78,16041.25,811.05,16023.96,0,0.0,29.38,0.55,ddos,1
36.42,16002.04,13418.55,808.75,22377.24,0,0.0,23.62,0.5,ddos,1
80.57,15271.0,13694.05,583.41,23879.12,0,0.0,34.75,0.5,ddos,1
99.87,10312.06,11477.07,645.67,5955.95,0,0.0,29.4,0.5,ddos,1
67.36,10095.35,14445.88,545.53,23497.13,0,0.0,22.68,0.5,ddos,1
104.9,10631.92,13390.23,574.33,15495.43,0,0.0,20.5,0.5,ddos,1
47.77,12393.08,17768.66,326.61,18198.84,0,0.0,20.19,0.46,ddos,1
41.75,10064.19,15490.96,764.61,13177.25,0,0.0,31.26,0.46,ddos,1
58.97,13533.92,14573.29,460.58,7414.0,0,0.0,23.37,0.46,ddos,1
23.51,12314.75,15399.66,431.51,20062.08,0,0.0,31.76,0.46,ddos,1
90.28,10498.77,15729.91,521.09,5444.37,0,0.0,31.43,0.43,ddos,1
106.6,15778.0,10786.0,463.71,24296.94,0,0.0,34.48,0.43,ddos,1
101.27,14590.45,13478.88,519.34,16553.07,0,0.0,26.34,0.43,ddos,1
36.43,12579.47,16226.26,316.07,19322.22,0,0.0,21.94,0.43,ddos,1
70.94,15508.55,13358.52,476.99,14935.93,0,0.0,25.11,0.43,ddos,1
97.97,15870.63,19002.43,613.69,21278.9,0,0.0,25.19,0.47,ddos,1
107.55,18498.61,15351.66,722.6,17321.73,0,0.0,22.18,0.47,ddos,1
92.75,15268.21,16452.6,815.24,23838.64,0,0.0,24.61,0.47,ddos,1
69.09,10808.9,15993.99,835.32,11557.26,0,0.0,28.81,0.47,ddos,1
36.15,15390.32,15446.07,645.26,5691.63,0,0.0,22.08,0.47,ddos,1
76.74,14155.44,13948.82,708.33,12242.16,0,0.0,25.2,0.43,ddos,1
90.22,14560.91,14021.89,719.55,8254.46,0,0.0,20.17,0.43,ddos,1
54.57,19866.5,17827.6,462.66,21531.59,0,0.0,24.32,0.43,ddos,1
25.32,19757.98,11371.47,781.57,8251.5,0,0.0,23.1,0.43,ddos,1
97.22,12748.07,13071.33,666.47,21729.94,0,0.0,34.66,0.43,ddos,1
22.97,16555.57,12148.53,452.69,7861.23,0,0.0,22.4,0.4,ddos,1
69.49,18438.36,10532.09,351.69,20100.15,0,0.0,30.84,0.4,ddos,1
23.95,11214.66,13302.33,344.98,15698.96,0,0.0,24.31,0.4,ddos,1
116.15,13186.93,13577.32,405.58,9514.87,0,0.0,34.39,0.4,ddos,1
95.46,15928.87,15553.35,752.87,10148.31,0,0.0,22.93,0.37,ddos,1
93.45,13838.82,16228.14,313.88,19457.85,0,0.0,24.63,0.37,ddos,1
107.86,17945.84,19626.63,828.02,8350.0,0,0.0,21.5,0.37,ddos,1
76.31,15502.45,18380.5,827.23,22505.69,0,0.0,33.5,0.37,ddos,1
73.7,17499.39,17696.84,766.84,5529.85,0,0.0,30.51,0.37,ddos,1
92.9,11474.79,16231.15,559.45,14732.16,0,0.0,33.78,0.34,ddos,1
30.27,11707.75,10253.55,588.27,14464.93,0,0.0,33.59,0.34,ddos,1
86.46,11495.38,16476.81,652.97,11263.66,0,0.0,34.26,0.34,ddos,1
75.52,16373.38,19194.54,302.78,9529.0,0,0.0,27.15,0.34,ddos,1
118.18,15388.81,13020.5,513.58,18455.82,0,0.0,25.85,0.34,ddos,1
87.23,15837.9,17715.55,658.68,15684.2,0,0.0,27.23,0.31,ddos,1
44.21,14218.52,12943.66,801.14,18746.76,0,0.0,30.6,0.31,ddos,1
96.68,15014.49,10456.45,435.75,15623.01,0,0.0,33.19,0.31,ddos,1
62.06,12292.31,18427.24,451.05,6317.82,0,0.0,21.7,0.31,ddos,1
92.12,10208.58,18203.51,653.99,5921.58,0,0.0,20.7,0.45,ddos,1
98.29,18026.42,17486.3,883.57,6153.8,0,0.0,24.07,0.45,ddos,1
114.99,12581.56,17897.9,593.4,9236.75,0,0.0,23.09,0.45,ddos,1
92.64,10193.04,16964.95,351.67,5305.79,0,0.0,31.52,0.45,ddos,1
98.64,13881.2,17826.65,657.92,5711.37,0,0.0,27.46,0.45,ddos,1
108.22,15441.86,13236.21,481.6,14993.6,0,0.0,31.25,0.41,ddos,1
105.3,11246.03,13652.79,699.54,20597.42,0,0.0,21.72,0.41,ddos,1
102.39,11496.16,13451.43,328.05,11503.33,0,0.0,20.96,0.41,ddos,1
88.99,11200.43,15336.54,718.79,21125.92,0,0.0,23.01,0.41,ddos,1
29.12,14905.59,17571.86,693.61,14640.28,0,0.0,21.62,0.41,ddos,1
95.4,19160.36,13127.39,428.69,23018.04,0,0.0,20.95,0.38,ddos,1
53.72,13242.99,13359.17,616.24,14704.8,0,0.0,30.92,0.38,ddos,1
55.4,15972.88,16280.15,761.75,19695.39,0,0.0,24.24,0.38,ddos,1
85.3,16391.0,13034.8,310.28,20213.59,0,0.0,27.07,0.38,ddos,1
30.49,12873.31,13606.76,792.52,18861.75,0,0.0,32.8,0.35,ddos,1
96.71,15775.48,14266.3,458.39,13316.04,0,0.0,31.96,0.35,ddos,1
61.55,16280.16,17301.34,451.7,24173.59,0,0.0,29.73,0.35,ddos,1
86.48,17317.58,17682.86,315.28,22365.73,0,0.0,20.47,0.35,ddos,1
59.6,19840.14,14630.06,471.59,5526.78,0,0.0,30.19,0.35,ddos,1
69.69,10262.79,18886.0,431.21,19090.03,0,0.0,26.38,0.32,ddos,1
71.84,11524.95,17176.38,332.07,5187.75,0,0.0,22.4,0.32,ddos,1
68.78,15009.33,14153.63,503.76,16675.92,0,0.0,34.81,0.32,ddos,1
69.74,11206.5,13176.27,574.93,16058.82,0,0.0,24.29,0.32,ddos,1
102.4,15108.97,19369.8,494.17,23796.31,0,0.0,22.0,0.29,ddos,1
94.69,12666.21,18776.9,799.2,24394.27,0,0.0,25.45,0.29,ddos,1
24.02,10119.96,19398.74,407.04,19404.78,0,0.0,32.66,0.29,ddos,1
94.88,11502.68,11813.67,711.89,21941.4,0,0.0,28.12,0.29,ddos,1
32.51,19253.46,17586.16,646.27,11587.71,0,0.0,30.65,0.29,ddos,1
72.02,16055.34,16778.97,622.56,21622.6,0,0.0,33.49,0.27,ddos,1
100.47,13669.59,18111.92,798.46,5994.67,0,0.0,27.66,0.27,ddos,1
118.36,18043.17,11911.04,533.24,13600.34,0,0.0,28.03,0.27,ddos,1
33.25,14845.06,18209.45,418.82,10263.59,0,0.0,28.55,0.27,ddos,1
25.8,11471.23,12340.34,575.53,18216.26,0,0.0,22.05,0.27,ddos,1
47.7,13376.49,15830.75,362.67,16670.68,0,0.0,25.41,0.25,ddos,1
117.41,18192.89,12443.43,691.55,9274.61,0,0.0,26.18,0.25,ddos,1
81.63,11473.31,14343.6,335.77,23335.93,0,0.0,28.14,0.25,ddos,1
115.34,18246.77,10978.35,386.92,10833.04,0,0.0,29.39,0.25,ddos,1
75.7,17558.67,12180.14,595.13,22966.4,0,0.0,24.13,0.25,ddos,1
84.29,10904.18,11412.27,573.13,12153.32,0,0.0,22.38,0.23,ddos,1
87.83,18182.93,11878.59,871.1,13508.73,0,0.0,33.28,0.23,ddos,1
87.91,17408.31,15966.73,858.05,11771.34,0,0.0,25.75,0.23,ddos,1
24.82,15090.74,17908.05,547.98,18389.66,0,0.0,22.99,0.23,ddos,1
89.71,18039.85,18650.98,674.65,16840.94,0,0.0,24.04,0.23,ddos,1
72.26,14741.01,11134.31,371.53,12444.07,0,0.0,30.27,0.21,ddos,1
56.53,13013.69,18921.17,873.32,23285.38,0,0.0,30.31,0.21,ddos,1
36.19,15828.29,18829.41,567.37,18029.69,0,0.0,34.01,0.21,ddos,1
38.61,15022.85,15336.53,341.88,17621.07,0,0.0,33.76,0.21,ddos,1
65.9,15794.16,15016.38,347.24,15620.83,0,0.0,28.29,0.27,ddos,1
81.25,11630.37,11257.99,621.52,9117.05,0,0.0,20.05,0.27,ddos,1
70.8,14902.96,13907.84,474.51,17028.87,0,0.0,30.05,0.27,ddos,1
90.73,15799.01,17753.6,796.02,10896.25,0,0.0,22.09,0.27,ddos,1
101.31,17550.72,13286.28,765.77,22941.53,0,0.0,20.33,0.27,ddos,1
102.94,18528.14,16914.91,700.78,5647.48,0,0.0,26.84,0.57,ddos,1
61.39,18790.49,17868.55,768.93,14229.7,0,0.0,26.97,0.57,ddos,1
108.75,13179.68,19997.52,849.64,23018.42,0,0.0,21.21,0.57,ddos,1
67.73,15285.4,17539.26,852.8,5699.44,0,0.0,25.28,0.57,ddos,1
102.51,10322.79,11420.78,813.0,18141.61,0,0.0,24.19,0.57,ddos,1
40.72,16909.54,15571.05,347.25,24066.08,0,0.0,32.55,0.52,ddos,1
80.89,13012.18,17207.27,465.93,13897.79,0,0.0,29.0,0.52,ddos,1
42.71,17994.62,10201.91,790.55,19846.16,0,0.0,23.33,0.52,ddos,1
112.17,19608.5,17586.18,873.15,22269.34,0,0.0,31.56,0.52,ddos,1
58.19,19891.34,15956.26,616.44,23578.55,0,0.0,31.76,0.52,ddos,1
71.03,17262.73,16939.84,486.09,22123.91,0,0.0,26.48,0.48,ddos,1
53.23,17344.92,11949.56,424.49,17939.86,0,0.0,21.45,0.48,ddos,1
73.82,15973.92,15316.02,866.66,13314.98,0,0.0,32.9,0.48,ddos,1
68.72,11095.9,19231.16,788.05,21873.6,0,0.0,21.21,0.48,ddos,1
110.56,11873.15,10883.67,584.64,19307.57,0,0.0,29.74,0.48,ddos,1
115.04,14348.8,18417.14,489.68,19691.87,0,0.0,31.67,0.44,ddos,1
41.63,19934.86,12363.92,447.86,8700.31,0,0.0,23.38,0.44,ddos,1
38.85,13199.9,10417.97,372.56,12669.59,0,0.0,23.72,0.44,ddos,1
47.32,14138.36,16194.84,347.37,9959.49,0,0.0,31.74,0.44,ddos,1
99.91,11517.37,13658.86,550.18,10786.38,0,0.0,31.11,0.49,ddos,1
62.4,15528.83,16726.5,326.08,20308.41,0,0.0,34.65,0.49,ddos,1
59.99,10754.04,14181.37,873.15,5767.28,0,0.0,21.43,0.49,ddos,1
117.38,18641.01,14186.46,724.26,11366.38,0,0.0,25.04,0.49,ddos,1
48.0,17262.53,12270.55,664.1,14156.14,0,0.0,22.89,0.45,ddos,1
23.48,16068.26,16407.24,504.44,18957.5,0,0.0,21.4,0.45,ddos,1
62.57,13354.74,19859.02,868.07,24200.59,0,0.0,22.03,0.45,ddos,1
51.78,18340.48,12890.55,331.89,17823.79,0,0.0,24.14,0.45,ddos,1
83.75,16297.59,18917.43,807.47,5172.75,0,0.0,24.25,0.45,ddos,1
78.47,13965.03,16575.57,534.38,8301.15,0,0.0,34.58,0.41,ddos,1
44.83,11494.31,14345.82,385.49,20179.29,0,0.0,34.19,0.41,ddos,1
23.97,18464.88,19502.86,797.61,18942.63,0,0.0,26.6,0.41,ddos,1
59.36,11185.9,15871.56,787.72,6349.37,0,0.0,22.81,0.41,ddos,1
113.32,12181.46,10384.63,873.06,8408.72,0,0.0,21.79,0.38,ddos,1
57.84,16096.83,10402.9,610.08,15716.0,0,0.0,24.59,0.38,ddos,1
48.92,11641.0,14728.99,490.52,18833.98,0,0.0,28.6,0.38,ddos,1
75.84,13267.51,14092.82,585.98,16520.61,0,0.0,27.01,0.38,ddos,1
47.79,13169.76,15730.77,690.37,24422.63,0,0.0,22.94,0.38,ddos,1
110.24,18009.32,18434.83,673.14,5455.44,0,0.0,31.98,0.35,ddos,1
75.04,15877.17,14158.65,662.83,18177.63,0,0.0,22.5,0.35,ddos,1
70.36,18873.39,13170.51,480.48,12129.96,0,0.0,22.54,0.35,ddos,1
57.51,14849.81,18299.28,360.35,12284.92,0,0.0,30.98,0.32,ddos,1
24.84,11845.92,12893.6,723.21,12806.84,0,0.0,31.64,0.32,ddos,1
90.88,16126.09,13127.97,652.08,9888.64,0,0.0,21.22,0.32,ddos,1
98.9,13768.58,11121.74,868.66,12344.32,0,0.0,31.96,0.32,ddos,1
104.81,19329.36,11283.95,565.19,11343.93,0,0.0,33.21,0.32,ddos,1
118.56,11168.92,13240.88,667.96,12007.72,0,0.0,33.39,0.29,ddos,1
49.66,18315.88,18231.98,627.87,6758.96,0,0.0,26.45,0.29,ddos,1
96.6,18399.79,16899.65,384.32,16265.96,0,0.0,24.46,0.29,ddos,1
57.62,18291.44,17607.76,362.89,7666.3,0,0.0,21.57,0.29,ddos,1
73.13,17230.08,19939.05,647.35,12475.17,0,0.0,29.75,0.29,ddos,1
83.94,19342.75,11720.65,336.19,13971.23,0,0.0,24.19,0.27,ddos,1
74.35,18927.55,19959.79,890.32,17715.99,0,0.0,29.79,0.27,ddos,1
29.78,16596.86,11577.44,767.58,13481.79,0,0.0,24.8,0.27,ddos,1
22.56,16723.61,17274.99,420.29,9926.74,0,0.0,28.9,0.27,ddos,1
64.01,17455.9,14285.55,834.14,16048.78,0,0.0,33.65,0.27,ddos,1
106.65,10134.66,10054.69,712.77,24418.93,0,0.0,20.54,0.33,ddos,1
105.04,17701.2,10772.34,643.13,12462.42,0,0.0,33.04,0.33,ddos,1
29.1,13676.86,10729.84,457.93,21895.39,0,0.0,27.25,0.33,ddos,1
86.38,15142.22,17801.12,302.58,19851.46,0,0.0,24.21,0.33,ddos,1
95.77,18705.66,17953.76,328.64,10561.92,0,0.0,25.94,0.33,ddos,1
53.17,13853.62,15619.09,438.03,13705.04,0,0.0,23.82,0.38,ddos,1
49.44,15790.43,19537.09,837.71,11333.44,0,0.0,23.88,0.38,ddos,1
94.57,15107.63,10619.51,839.66,21249.15,0,0.0,34.22,0.38,ddos,1
74.82,17958.44,16237.05,541.23,6638.37,0,0.0,28.03,0.38,ddos,1
46.91,12280.64,15938.27,703.94,11381.49,0,0.0,20.07,0.35,ddos,1
114.58,17520.47,10633.2,679.35,21602.81,0,0.0,34.01,0.35,ddos,1
63.57,12764.75,12106.64,350.89,9271.3,0,0.0,33.4,0.35,ddos,1
35.5,11460.08,16133.69,352.54,22502.28,0,0.0,25.74,0.35,ddos,1
24.22,5198.1,3229.15,114.09,2761.62,0,0.0,17.83,0.32,ddos,1
9.05,4682.38,4093.65,224.8,2276.13,0,0.0,16.87,0.32,ddos,1
27.51,5655.28,5998.02,249.98,3516.66,0,0.0,10.59,0.32,ddos,1
8.22,4946.97,4677.03,243.39,5903.55,0,0.0,19.47,0.32,ddos,1
9.91,5341.64,3429.49,259.79,2011.66,0,0.0,10.39,0.3,ddos,1
8.13,4052.55,3328.5,146.09,3290.07,0,0.0,14.41,0.3,ddos,1
18.68,4709.92,3406.63,165.97,5009.96,0,0.0,13.0,0.3,ddos,1
11.65,5401.6,4616.52,291.11,4198.02,0,0.0,12.09,0.3,ddos,1
25.95,5149.65,3640.41,219.43,2845.06,0,0.0,12.65,0.3,ddos,1
10.47,3859.1,5583.65,291.79,5173.76,0,0.0,11.39,0.27,ddos,1
21.19,5995.47,3113.49,244.68,2539.01,0,0.0,13.49,0.27,ddos,1
17.46,5000.95,4339.11,296.06,4027.21,0,0.0,16.57,0.27,ddos,1
6.48,4084.62,4177.92,147.69,2626.37,0,0.0,17.96,0.27,ddos,1
7.25,5237.96,3437.58,170.86,2414.35,0,0.0,13.93,0.27,ddos,1
15.23,5466.47,3050.36,176.12,3852.61,0,0.0,16.08,0.25,ddos,1
15.83,4040.65,5382.08,284.29,2673.56,0,0.0,18.05,0.25,ddos,1
7.31,5792.52,5557.25,106.22,3225.56,0,0.0,17.61,0.25,ddos,1
26.51,3341.71,3781.16,186.72,4852.63,0,0.0,17.18,0.25,ddos,1
25.12,4908.33,3731.17,296.95,5811.44,0,0.0,16.48,0.23,ddos,1
16.96,5733.8,3941.7,213.9,4038.94,0,0.0,19.62,0.23,ddos,1
25.25,4607.62,3639.9,152.97,2752.05,0,0.0,12.05,0.23,ddos,1
23.11,5217.55,5557.41,167.11,3162.25,0,0.0,15.44,0.23,ddos,1
22.88,3822.9,5746.34,224.34,3791.03,0,0.0,17.62,0.23,ddos,1
23.31,3070.23,5886.53,116.29,4010.84,0,0.0,17.75,0.21,ddos,1
24.21,4954.89,3370.49,115.93,4057.6,0,0.0,14.15,0.21,ddos,1
15.03,3561.81,5431.0,137.02,2073.67,0,0.0,18.97,0.21,ddos,1
20.87,4934.71,5634.82,229.29,2232.9,0,0.0,14.51,0.21,ddos,1
26.82,5528.89,3624.54,202.61,5773.97,0,0.0,13.57,0.21,ddos,1
5.67,4832.68,3324.49,212.6,3973.04,0,0.0,16.91,0.2,ddos,1
21.74,5438.88,5187.38,250.28,3076.53,0,0.0,10.03,0.2,ddos,1
19.81,4968.32,4342.24,235.42,2182.87,0,0.0,19.89,0.2,ddos,1
14.68,4937.66,4108.55,174.16,3397.32,0,0.0,17.21,0.18,ddos,1
23.92,5617.35,5653.88,282.66,5204.06,0,0.0,17.19,0.18,ddos,1
17.06,3907.11,3955.84,250.7,5439.99,0,0.0,10.54,0.18,ddos,1
11.94,5294.41,3262.05,139.6,4821.85,0,0.0,17.04,0.18,ddos,1
25.51,5117.02,4697.53,216.67,5787.72,0,0.0,14.99,0.18,ddos,1
5.16,4336.87,5296.71,270.99,2033.81,0,0.0,11.5,0.17,ddos,1
13.07,5477.72,5124.15,155.81,5555.86,0,0.0,15.93,0.17,ddos,1
27.65,5058.88,3581.67,139.63,5463.59,0,0.0,16.81,0.17,ddos,1
26.4,5651.41,4211.67,107.34,3542.7,0,0.0,11.51,0.17,ddos,1
5.06,3996.74,3095.26,108.58,3199.49,0,0.0,16.22,0.15,ddos,1
24.79,4523.39,4052.41,126.23,4342.68,0,0.0,11.45,0.15,ddos,1
6.93,3531.53,4047.89,141.68,3022.72,0,0.0,17.6,0.15,ddos,1
12.33,3745.37,5516.58,110.51,4169.25,0,0.0,12.06,0.15,ddos,1
9.77,5772.97,5386.25,255.83,3595.99,0,0.0,13.29,0.15,ddos,1
29.87,4666.85,5222.81,224.42,4949.52,0,0.0,14.55,0.14,ddos,1
17.98,3687.53,4849.44,217.39,4365.02,0,0.0,16.78,0.14,ddos,1
6.72,5904.41,5736.28,285.01,4271.39,0,0.0,17.67,0.14,ddos,1
21.31,4364.3,4694.02,244.96,5850.98,0,0.0,19.3,0.14,ddos,1
21.11,5095.84,5546.01,206.9,2313.63,0,0.0,16.23,0.14,ddos,1
26.0,3463.47,5204.3,216.65,5259.15,0,0.0,17.33,0.29,ddos,1
21.4,4470.38,3363.69,113.67,3918.27,0,0.0,15.8,0.29,ddos,1
25.62,4040.79,4112.31,256.98,5391.55,0,0.0,14.24,0.29,ddos,1
5.21,3410.51,5858.17,158.39,4695.52,0,0.0,14.37,0.29,ddos,1
18.61,5253.28,4836.07,241.59,4081.15,0,0.0,16.26,0.27,ddos,1
7.66,5723.06,3981.9,193.09,5696.5,0,0.0,16.31,0.27,ddos,1
15.12,5456.32,3233.67,185.16,4009.54,0,0.0,19.36,0.27,ddos,1
10.0,3241.53,3259.46,219.54,4533.66,0,0.0,13.19,0.27,ddos,1
27.38,3524.07,3286.47,136.95,5323.26,0,0.0,19.09,0.24,ddos,1
11.85,3437.41,3758.18,144.17,4719.68,0,0.0,14.5,0.24,ddos,1
9.16,4294.94,5491.35,116.44,2406.98,0,0.0,17.29,0.24,ddos,1
25.75,5381.68,5924.36,170.93,3303.83,0,0.0,10.08,0.24,ddos,1
16.45,5922.48,5888.77,154.92,4584.96,0,0.0,17.58,0.22,ddos,1
14.53,4738.43,5890.14,250.67,3331.31,0,0.0,13.62,0.22,ddos,1
24.72,5284.87,5662.82,193.76,5354.56,0,0.0,19.51,0.22,ddos,1
16.92,4773.03,4617.67,171.24,5169.81,0,0.0,17.83,0.22,ddos,1
24.39,3524.71,4060.31,173.96,2154.16,0,0.0,12.43,0.29,ddos,1
23.93,3744.43,3009.35,258.6,4778.13,0,0.0,19.18,0.29,ddos,1
12.54,3988.05,5027.77,170.39,3339.5,0,0.0,12.74,0.29,ddos,1
24.07,3596.84,4323.54,221.13,2052.46,0,0.0,13.97,0.29,ddos,1
10.53,4523.84,3501.95,162.11,2465.02,0,0.0,11.45,0.29,ddos,1
26.5,3526.55,4004.11,292.29,5378.59,0,0.0,16.23,0.26,ddos,1
12.42,3580.88,4768.79,251.63,3392.61,0,0.0,10.7,0.26,ddos,1
28.43,4675.16,5324.32,270.21,4079.57,0,0.0,10.29,0.26,ddos,1
12.86,4271.46,4174.61,119.06,3997.72,0,0.0,18.99,0.26,ddos,1
14.92,5710.5,3397.13,191.01,3106.97,0,0.0,12.57,0.24,ddos,1
28.69,3844.22,5153.26,143.9,3002.07,0,0.0,17.18,0.24,ddos,1
28.46,5639.01,5398.43,162.18,5712.2,0,0.0,18.92,0.24,ddos,1
6.05,4171.37,5905.8,246.12,2512.44,0,0.0,10.29,0.24,ddos,1
26.36,5829.74,4768.59,155.95,4491.88,0,0.0,19.84,0.24,ddos,1
10.87,3919.87,4153.85,189.84,5596.17,0,0.0,18.49,0.22,ddos,1
23.25,5223.38,4325.18,191.3,3118.27,0,0.0,12.66,0.22,ddos,1
22.9,4537.53,3327.13,264.24,5758.27,0,0.0,13.79,0.22,ddos,1
19.19,5879.57,3808.24,264.24,4096.3,0,0.0,17.97,0.22,ddos,1
20.75,5461.99,5531.55,246.17,3095.26,0,0.0,10.86,0.22,ddos,1
28.17,4510.22,3037.09,264.65,4534.06,0,0.0,16.93,0.2,ddos,1
5.22,4011.69,5945.07,269.2,2473.09,0,0.0,13.48,0.2,ddos,1
29.52,5218.61,4954.4,151.67,5215.48,0,0.0,13.76,0.2,ddos,1
13.38,4495.17,4824.45,118.52,5768.54,0,0.0,18.86,0.2,ddos,1
22.81,5064.08,5021.75,100.51,4065.62,0,0.0,18.51,0.2,ddos,1
18.16,3223.78,5803.84,256.69,3719.57,0,0.0,17.78,0.19,ddos,1
11.28,4713.87,4729.87,146.38,5171.73,0,0.0,12.16,0.19,ddos,1
27.08,5458.37,4629.63,290.83,2823.51,0,0.0,18.56,0.19,ddos,1
20.16,4004.44,5281.55,256.61,5346.68,0,0.0,16.63,0.19,ddos,1
24.03,3139.03,3139.88,244.88,2643.53,0,0.0,10.99,0.19,ddos,1
25.32,3307.85,5194.61,227.47,3448.51,0,0.0,12.5,0.17,ddos,1
17.59,3903.74,5123.61,230.92,5913.71,0,0.0,18.73,0.17,ddos,1
23.39,3402.11,3917.58,268.59,4967.09,0,0.0,16.52,0.17,ddos,1
17.8,3948.68,5506.65,205.73,4296.87,0,0.0,18.05,0.17,ddos,1
15.14,3565.92,4303.24,257.3,5093.24,0,0.0,17.02,0.16,ddos,1
12.4,5876.32,4283.96,247.8,4393.97,0,0.0,17.01,0.16,ddos,1
11.04,4745.45,3210.62,113.75,2806.36,0,0.0,19.55,0.16,ddos,1
14.16,4736.56,5217.48,182.84,3047.6,0,0.0,13.74,0.16,ddos,1
25.52,5359.73,5456.46,113.92,2661.44,0,0.0,10.07,0.16,ddos,1
21.32,3403.73,3872.29,285.37,5407.06,0,0.0,15.91,0.23,ddos,1
12.21,4724.14,3120.93,294.73,2654.26,0,0.0,12.82,0.23,ddos,1
26.95,3286.6,5835.71,192.07,4907.46,0,0.0,17.44,0.23,ddos,1
13.55,3306.1,5383.74,185.74,4820.5,0,0.0,14.59,0.23,ddos,1
23.07,3991.13,4617.22,173.73,4591.92,0,0.0,16.91,0.23,ddos,1
21.54,4807.71,3694.58,258.95,2072.11,0,0.0,19.15,0.21,ddos,1
9.88,4576.09,3786.94,231.83,4769.34,0,0.0,13.17,0.21,ddos,1
22.82,5979.29,4583.0,144.62,5122.02,0,0.0,18.4,0.21,ddos,1
19.38,4464.53,5051.98,103.81,4921.73,0,0.0,11.89,0.21,ddos,1
29.03,5541.09,3383.28,128.68,4809.65,0,0.0,13.17,0.21,ddos,1
25.48,5305.3,4911.39,155.99,2335.95,0,0.0,10.36,0.19,ddos,1
18.81,4623.18,5340.33,235.49,5347.55,0,0.0,12.59,0.19,ddos,1
14.52,3427.55,4009.27,132.54,5458.69,0,0.0,18.81,0.19,ddos,1
21.39,5501.8,3360.53,226.44,3918.74,0,0.0,14.86,0.19,ddos,1
15.68,3053.78,3497.71,260.29,2450.48,0,0.0,19.12,0.19,ddos,1
6.69,5405.34,4317.13,186.1,4879.13,0,0.0,11.73,0.17,ddos,1
0.0,98.0,98.0,9.0,381.0,0,0.0,1.31,0.53,none,0
0.0,0.0,0.0,9.0,366.0,0,0.0,1.77,0.53,none,0
0.0,0.0,0.0,9.0,161.0,0,0.0,0.0,0.49,none,0
0.0,0.0,0.0,9.0,179.0,0,0.0,0.5,0.49,none,0
0.0,0.0,0.0,9.0,271.0,0,0.0,0.25,0.49,none,0
0.0,0.0,0.0,9.0,135.0,0,0.0,0.0,0.49,none,0
0.0,0.0,0.0,9.0,75.0,0,0.0,0.5,0.49,none,0
0.0,0.0,0.0,9.0,447.0,0,0.0,0.52,0.45,none,0
0.0,0.0,0.0,9.0,149.0,0,0.0,0.24,0.45,none,0
0.0,0.0,0.0,9.0,192.0,0,0.0,0.25,0.45,none,0
0.0,98.0,98.0,9.0,338.0,0,0.0,1.03,0.45,none,0
0.0,0.0,0.0,9.0,82.0,0,0.0,0.25,0.45,none,0
0.0,0.0,0.0,9.0,405.0,0,0.0,1.54,0.41,none,0
0.0,0.0,0.0,9.0,196.0,0,0.0,0.5,0.41,none,0
0.0,0.0,0.0,9.0,75.0,0,0.0,0.0,0.41,none,0
0.0,0.0,0.0,9.0,173.0,0,0.0,0.25,0.41,none,0
0.0,0.0,0.0,9.0,130.0,0,0.0,0.25,0.41,none,0
0.0,0.0,0.0,9.0,270.0,0,0.0,1.77,0.38,none,0
0.0,0.0,0.0,9.0,136.0,0,0.0,0.25,0.38,none,0
0.0,0.0,0.0,9.0,80.0,0,0.0,0.0,0.38,none,0
0.0,0.0,0.0,9.0,139.0,0,0.0,0.25,0.38,none,0
0.0,98.0,98.0,9.0,199.0,0,0.0,1.27,0.38,none,0
0.0,0.0,0.0,9.0,320.0,0,0.0,1.79,0.35,none,0
0.0,0.0,0.0,9.0,207.0,0,0.0,0.5,0.35,none,0
0.0,84.0,84.0,9.0,298.0,0,0.0,0.0,0.35,none,0
0.0,0.0,0.0,9.0,323.0,0,0.0,0.28,0.32,none,0
0.0,0.0,0.0,9.0,288.0,0,0.0,0.51,0.32,none,0
0.0,0.0,0.0,9.0,165.0,0,0.0,0.0,0.32,none,0
0.0,98.0,98.0,9.0,578.0,0,0.0,0.23,0.38,none,0
0.0,0.0,0.0,9.0,161.0,0,0.0,0.0,0.38,none,0
0.0,0.0,0.0,9.0,156.0,0,0.0,0.16,0.38,none,0
0.0,0.0,0.0,9.0,315.0,0,0.0,0.1,0.35,none,0
0.0,0.0,0.0,9.0,183.0,0,0.0,0.22,0.35,none,0
0.0,0.0,0.0,9.0,176.0,0,0.0,0.25,0.35,none,0
0.0,0.0,0.0,9.0,88.0,0,0.0,0.0,0.35,none,0
0.0,98.0,98.0,9.0,258.0,0,0.0,0.71,0.4,none,0
0.0,0.0,0.0,9.0,329.0,0,0.0,1.18,0.4,none,0
0.0,0.0,0.0,9.0,201.0,0,0.0,0.0,0.4,none,0
0.0,0.0,0.0,9.0,342.0,0,0.0,0.11,0.37,none,0
0.0,0.0,0.0,9.0,159.0,0,0.0,0.25,0.37,none,0
0.0,0.0,0.0,9.0,229.0,0,0.0,0.25,0.37,none,0
0.0,0.0,0.0,9.0,135.0,0,0.0,0.22,0.37,none,0
0.0,98.0,98.0,9.0,291.0,0,0.0,1.33,0.34,none,0
0.0,0.0,0.0,9.0,294.0,0,0.0,1.69,0.34,none,0
0.0,0.0,0.0,9.0,386.0,0,0.0,1.35,0.34,none,0
0.0,0.0,0.0,9.0,170.0,0,0.0,0.24,0.34,none,0
0.0,0.0,0.0,9.0,71.0,0,0.0,0.0,0.31,none,0
0.0,42.0,42.0,9.0,249.0,0,0.0,0.5,0.31,none,0
0.0,0.0,0.0,9.0,70.0,0,0.0,0.25,0.31,none,0
0.0,0.0,0.0,9.0,243.0,0,0.0,0.76,0.31,none,0
0.0,0.0,0.0,9.0,114.0,0,0.0,0.25,0.31,none,0
0.0,98.0,0.0,9.0,359.0,0,0.0,0.76,0.29,none,0
0.0,0.0,98.0,9.0,215.0,0,0.0,0.5,0.29,none,0
0.0,0.0,0.0,9.0,140.0,0,0.0,0.0,0.29,none,0
0.0,0.0,0.0,9.0,355.0,0,0.0,0.26,0.29,none,0
0.0,0.0,0.0,9.0,183.0,0,0.0,0.0,0.29,none,0
0.0,0.0,0.0,9.0,156.0,0,0.0,0.0,0.26,none,0
0.0,0.0,0.0,9.0,117.0,0,0.0,0.0,0.26,none,0
0.0,0.0,0.0,9.0,96.0,0,0.0,0.49,0.26,none,0
0.0,0.0,0.0,8.0,258.0,0,0.0,1.26,0.26,none,0
0.0,0.0,0.0,9.0,215.0,0,0.0,1.02,0.26,none,0
0.0,0.0,0.0,9.0,119.0,0,0.0,0.24,0.24,none,0
0.0,98.0,98.0,9.0,313.0,0,0.0,1.53,0.24,none,0
0.0,0.0,0.0,9.0,126.0,0,0.0,0.25,0.24,none,0
0.0,0.0,0.0,9.0,184.0,0,0.0,0.75,0.24,none,0
0.0,0.0,0.0,9.0,267.0,0,0.0,1.39,0.24,none,0
0.0,42.0,42.0,9.0,144.0,0,0.0,0.0,0.22,none,0
0.0,0.0,0.0,9.0,91.0,0,0.0,0.0,0.22,none,0
0.0,0.0,0.0,9.0,198.0,0,0.0,0.2,0.22,none,0
0.0,0.0,0.0,9.0,254.0,0,0.0,0.5,0.22,none,0
0.0,0.0,0.0,9.0,310.0,0,0.0,0.0,0.2,none,0
0.0,98.0,98.0,9.0,369.0,0,0.0,2.3,0.2,none,0
0.0,0.0,0.0,9.0,293.0,0,0.0,0.0,0.2,none,0
0.0,0.0,0.0,9.0,523.0,0,0.0,2.12,0.19,none,0
0.0,42.0,42.0,9.0,187.0,0,0.0,0.0,0.19,none,0
0.0,0.0,0.0,9.0,208.0,0,0.0,0.25,0.19,none,0
0.0,0.0,0.0,9.0,117.0,0,0.0,0.25,0.19,none,0
0.0,0.0,0.0,9.0,162.0,0,0.0,0.0,0.19,none,0
0.0,0.0,0.0,9.0,163.0,0,0.0,0.74,0.17,none,0
0.0,98.0,98.0,9.0,167.0,0,0.0,0.51,0.17,none,0
0.0,0.0,0.0,9.0,114.0,0,0.0,0.25,0.17,none,0
0.0,0.0,0.0,9.0,89.0,0,0.0,0.0,0.17,none,0
0.0,0.0,0.0,9.0,173.0,0,0.0,0.0,0.17,none,0
0.0,0.0,0.0,9.0,131.0,0,0.0,0.25,0.24,none,0
0.0,0.0,0.0,9.0,121.0,0,0.0,0.0,0.24,none,0
0.0,0.0,0.0,9.0,173.0,0,0.0,0.25,0.24,none,0
0.0,0.0,0.0,9.0,142.0,0,0.0,0.0,0.24,none,0
0.0,0.0,0.0,9.0,104.0,0,0.0,0.0,0.24,none,0
0.0,0.0,0.0,9.0,756.0,0,0.0,3.6,0.22,none,0
0.0,98.0,98.0,9.0,300.0,0,0.0,1.52,0.22,none,0
0.0,0.0,0.0,9.0,212.0,0,0.0,0.5,0.22,none,0
0.0,0.0,0.0,9.0,64.0,0,0.0,0.0,0.22,none,0
0.0,0.0,0.0,9.0,96.0,0,0.0,0.0,0.2,none,0
0.0,0.0,0.0,9.0,430.0,0,0.0,1.78,0.2,none,0
0.0,0.0,0.0,9.0,183.0,0,0.0,0.0,0.2,none,0
0.0,0.0,0.0,9.0,303.0,0,0.0,0.25,0.2,none,0
0.0,0.0,0.0,9.0,89.0,0,0.0,0.25,0.2,none,0
0.0,0.0,0.0,9.0,72.0,0,0.0,0.0,0.19,none,0
0.0,0.0,0.0,9.0,219.0,0,0.0,0.5,0.19,none,0
0.0,0.0,0.0,9.0,181.0,0,0.0,0.76,0.19,none,0
0.0,0.0,0.0,9.0,59.0,0,0.0,0.25,0.19,none,0
0.0,98.0,98.0,9.0,471.0,0,0.0,1.32,0.19,none,0
0.0,0.0,0.0,9.0,226.0,0,0.0,0.49,0.17,none,0
0.0,0.0,0.0,9.0,413.0,0,0.0,0.51,0.17,none,0
0.0,0.0,0.0,9.0,202.0,0,0.0,0.25,0.17,none,0
0.0,0.0,0.0,9.0,249.0,0,0.0,0.0,0.17,none,0
0.0,42.0,42.0,9.0,190.0,0,0.0,0.25,0.17,none,0
0.0,0.0,0.0,9.0,234.0,0,0.0,0.0,0.16,none,0
0.0,0.0,0.0,9.0,154.0,0,0.0,0.0,0.16,none,0
0.0,0.0,0.0,9.0,309.0,0,0.0,0.66,0.16,none,0
0.0,98.0,98.0,9.0,301.0,0,0.0,0.7,0.16,none,0
0.0,0.0,0.0,9.0,106.0,0,0.0,0.23,0.14,none,0
0.0,0.0,0.0,9.0,154.0,0,0.0,0.0,0.14,none,0
0.0,0.0,0.0,9.0,108.0,0,0.0,0.2,0.14,none,0
0.0,0.0,0.0,9.0,348.0,0,0.0,0.52,0.14,none,0
0.0,42.0,42.0,9.0,174.0,0,0.0,0.25,0.13,none,0
0.0,0.0,0.0,9.0,128.0,0,0.0,0.0,0.13,none,0
0.0,0.0,0.0,9.0,209.0,0,0.0,0.14,0.13,none,0
0.0,0.0,0.0,9.0,307.0,0,0.0,0.46,0.13,none,0
0.0,98.0,98.0,9.0,348.0,0,0.0,0.98,0.12,none,0
0.0,0.0,0.0,9.0,777.0,0,0.0,0.14,0.12,none,0
0.0,0.0,0.0,9.0,194.0,0,0.0,0.49,0.11,none,0
0.0,0.0,0.0,9.0,232.0,0,0.0,0.25,0.11,none,0
0.0,0.0,0.0,9.0,151.0,0,0.0,0.25,0.11,none,0
0.0,0.0,0.0,9.0,243.0,0,0.0,0.0,0.11,none,0
0.0,98.0,98.0,9.0,520.0,0,0.0,3.91,0.11,none,0
0.0,0.0,0.0,9.0,256.0,0,0.0,0.5,0.1,none,0
0.0,0.0,0.0,9.0,275.0,0,0.0,0.25,0.1,none,0
0.0,928.0,928.0,13.0,386.0,1,0.0,3.44,0.34,none,0
0.0,0.0,0.0,13.0,137.0,1,0.0,0.74,0.34,none,0
0.0,1026.0,1026.0,13.0,539.0,1,0.0,2.7,0.34,none,0
0.0,928.0,928.0,13.0,430.0,1,0.0,3.05,0.34,none,0
0.0,928.0,928.0,13.0,529.0,1,0.0,1.76,0.32,none,0
0.0,928.0,928.0,13.0,360.0,1,0.0,2.29,0.32,none,0
0.0,0.0,0.0,13.0,445.0,1,0.0,2.7,0.32,none,0
0.0,928.0,928.0,13.0,463.0,1,0.0,2.34,0.32,none,0
0.0,928.0,928.0,13.0,527.0,1,0.0,4.88,0.29,none,0
0.0,928.0,928.0,13.0,515.0,1,0.0,4.66,0.29,none,0
0.0,928.0,928.0,13.0,315.0,1,0.0,3.05,0.29,none,0
0.0,0.0,0.0,13.0,235.0,1,0.0,0.74,0.29,none,0
0.0,1026.0,1026.0,13.0,620.0,1,0.0,3.1,0.29,none,0
0.0,928.0,928.0,13.0,377.0,1,0.0,3.79,0.27,none,0
0.0,928.0,928.0,13.0,235.0,1,0.0,0.76,0.27,none,0
0.0,928.0,928.0,13.0,218.0,1,0.0,0.26,0.27,none,0
0.0,928.0,928.0,13.0,327.0,1,0.0,3.32,0.27,none,0
0.0,928.0,928.0,13.0,389.0,1,0.0,2.72,0.25,none,0
0.0,0.0,0.0,13.0,359.0,1,0.0,0.23,0.25,none,0
0.0,928.0,928.0,13.0,242.0,1,0.0,1.46,0.25,none,0
0.0,1026.0,1026.0,13.0,425.0,1,0.0,3.0,0.25,none,0
0.0,928.0,928.0,13.0,221.0,1,0.0,0.77,0.23,none,0
0.0,0.0,0.0,13.0,116.0,1,0.0,0.0,0.23,none,0
0.0,0.0,0.0,13.0,57.0,1,0.0,0.0,0.23,none,0
0.0,0.0,0.0,13.0,70.0,1,0.0,0.0,0.23,none,0
0.0,970.0,970.0,13.0,335.0,1,0.0,1.06,0.23,none,0
0.0,0.0,0.0,13.0,327.0,1,0.0,0.0,0.21,none,0
0.0,0.0,0.0,13.0,150.0,1,0.0,0.0,0.21,none,0
0.0,98.0,98.0,13.0,258.0,1,0.0,0.51,0.19,none,0
0.0,928.0,928.0,13.0,638.0,1,0.0,1.1,0.19,none,0
0.0,928.0,928.0,13.0,370.0,1,0.0,1.94,0.19,none,0
0.0,0.0,0.0,13.0,127.0,1,0.0,0.22,0.19,none,0
0.0,928.0,928.0,13.0,618.0,1,0.0,2.7,0.17,none,0
0.0,1856.0,1856.0,13.0,495.0,1,0.0,3.32,0.17,none,0
0.0,928.0,928.0,13.0,351.0,1,0.0,1.49,0.17,none,0
0.0,0.0,0.0,13.0,149.0,1,0.0,0.75,0.17,none,0
0.0,1026.0,1026.0,13.0,745.0,1,0.0,7.59,0.16,none,0
0.0,928.0,928.0,13.0,302.0,1,0.0,2.78,0.16,none,0
0.0,928.0,928.0,13.0,217.0,1,0.0,1.29,0.16,none,0
0.0,0.0,0.0,13.0,219.0,1,0.0,0.74,0.16,none,0
0.0,928.0,928.0,13.0,436.0,1,0.0,3.54,0.15,none,0
0.0,42.0,42.0,13.0,248.0,1,0.0,0.25,0.15,none,0
0.0,928.0,928.0,13.0,307.0,1,0.0,2.83,0.15,none,0
0.0,0.0,0.0,13.0,122.0,1,0.0,0.0,0.15,none,0
0.0,928.0,928.0,13.0,292.0,1,0.0,1.04,0.15,none,0
0.0,928.0,928.0,13.0,361.0,1,0.0,3.31,0.22,none,0
0.0,1026.0,1026.0,13.0,531.0,1,0.0,3.78,0.22,none,0
0.0,0.0,0.0,13.0,120.0,1,0.0,0.24,0.22,none,0
0.0,0.0,0.0,13.0,83.0,1,0.0,0.25,0.22,none,0
0.0,928.0,928.0,13.0,315.0,1,0.0,0.0,0.22,none,0
0.0,970.0,970.0,13.0,351.0,1,0.0,1.53,0.2,none,0
0.0,928.0,928.0,13.0,209.0,1,0.0,0.78,0.2,none,0
0.0,928.0,928.0,13.0,409.0,1,0.0,2.41,0.2,none,0
0.0,0.0,0.0,13.0,194.0,1,0.0,0.25,0.2,none,0
0.0,928.0,928.0,13.0,284.0,1,0.0,1.53,0.2,none,0
0.0,1026.0,1026.0,13.0,336.0,1,0.0,2.39,0.26,none,0
0.0,928.0,928.0,13.0,229.0,1,0.0,2.31,0.26,none,0
0.0,0.0,0.0,13.0,421.0,1,0.0,3.05,0.26,none,0
0.0,928.0,928.0,13.0,313.0,1,0.0,1.22,0.26,none,0
0.0,928.0,928.0,13.0,365.0,1,0.0,3.23,0.26,none,0
0.0,928.0,928.0,13.0,541.0,1,0.0,4.2,0.24,none,0
0.0,928.0,928.0,13.0,221.0,1,0.0,0.19,0.24,none,0
0.0,928.0,928.0,13.0,354.0,1,0.0,1.24,0.24,none,0
0.0,928.0,928.0,13.0,366.0,1,0.0,1.14,0.22,none,0
0.0,1026.0,1026.0,13.0,517.0,1,0.0,3.92,0.22,none,0
0.0,928.0,928.0,13.0,431.0,1,0.0,2.1,0.22,none,0
0.0,928.0,928.0,13.0,420.0,1,0.0,3.08,0.22,none,0
0.0,928.0,928.0,13.0,299.0,1,0.0,0.77,0.2,none,0
0.0,928.0,928.0,13.0,340.0,1,0.0,3.31,0.2,none,0
0.0,0.0,0.0,13.0,308.0,1,0.0,0.18,0.2,none,0
0.0,928.0,928.0,13.0,441.0,1,0.0,3.78,0.2,none,0
0.0,928.0,928.0,13.0,356.0,1,0.0,2.93,0.2,none,0
0.0,1026.0,928.0,13.0,308.0,1,0.0,3.85,0.19,none,0
0.0,928.0,1026.0,13.0,376.0,1,0.0,3.38,0.19,none,0
0.0,928.0,928.0,13.0,496.0,1,0.0,0.14,0.19,none,0
0.0,928.0,928.0,13.0,574.0,1,0.0,3.33,0.19,none,0
0.0,928.0,928.0,13.0,287.0,1,0.0,3.55,0.17,none,0
0.0,42.0,42.0,13.0,282.0,1,0.0,0.0,0.17,none,0
0.0,928.0,928.0,13.0,504.0,1,0.0,1.01,0.17,none,0
0.0,928.0,928.0,13.0,628.0,1,0.0,1.41,0.16,none,0
0.0,0.0,0.0,11.0,218.0,1,0.0,0.0,0.16,none,0
0.0,1026.0,1026.0,13.0,780.0,1,0.0,1.12,0.16,none,0
0.0,928.0,928.0,12.0,544.0,1,0.0,0.84,0.15,none,0
0.0,970.0,970.0,13.0,378.0,1,0.0,1.06,0.15,none,0
0.0,0.0,0.0,13.0,172.0,1,0.0,0.0,0.15,none,0
0.0,928.0,928.0,13.0,323.0,1,0.0,1.81,0.15,none,0
0.0,928.0,928.0,13.0,480.0,1,0.0,2.4,0.13,none,0
0.0,928.0,928.0,13.0,289.0,1,0.0,3.76,0.13,none,0
0.0,1026.0,1026.0,13.0,299.0,1,0.0,1.29,0.13,none,0
0.0,0.0,0.0,13.0,167.0,1,0.0,0.75,0.13,none,0
0.0,928.0,928.0,13.0,311.0,1,0.0,2.05,0.13,none,0
0.0,928.0,928.0,13.0,420.0,1,0.0,2.11,0.28,none,0
0.0,0.0,0.0,13.0,198.0,1,0.0,0.0,0.28,none,0
0.0,928.0,928.0,13.0,361.0,1,0.0,2.57,0.28,none,0
0.0,928.0,928.0,13.0,274.0,1,0.0,2.54,0.28,none,0
0.0,0.0,0.0,13.0,172.0,1,0.0,0.25,0.28,none,0
0.0,928.0,928.0,13.0,445.0,1,0.0,4.62,0.34,none,0
0.0,928.0,928.0,13.0,328.0,1,0.0,1.8,0.34,none,0
0.0,98.0,98.0,13.0,254.0,1,0.0,1.5,0.34,none,0
0.0,928.0,928.0,13.0,360.0,1,0.0,3.33,0.34,none,0
0.0,928.0,928.0,13.0,367.0,1,0.0,0.52,0.34,none,0
0.0,928.0,928.0,13.0,377.0,1,0.0,0.8,0.31,none,0
0.0,0.0,0.0,13.0,217.0,1,0.0,0.25,0.31,none,0
0.0,970.0,970.0,13.0,296.0,1,0.0,0.52,0.31,none,0
0.0,928.0,928.0,13.0,235.0,1,0.0,3.82,0.31,none,0
0.0,928.0,928.0,13.0,377.0,1,0.0,2.82,0.31,none,0
0.0,928.0,928.0,13.0,365.0,1,0.0,2.86,0.37,none,0
0.0,0.0,0.0,13.0,145.0,1,0.0,0.75,0.37,none,0
0.0,98.0,98.0,13.0,199.0,1,0.0,0.0,0.37,none,0
0.0,928.0,928.0,13.0,236.0,1,0.0,1.54,0.37,none,0
0.0,928.0,928.0,13.0,403.0,1,0.0,0.9,0.34,none,0
0.0,928.0,928.0,13.0,459.0,1,0.0,1.69,0.34,none,0
0.0,928.0,928.0,13.0,497.0,1,0.0,3.29,0.34,none,0
0.0,0.0,0.0,13.0,214.0,1,0.0,0.21,0.34,none,0
0.0,1856.0,1856.0,13.0,1139.0,1,0.0,2.87,0.39,none,0
0.0,1026.0,1026.0,13.0,558.0,1,0.0,1.54,0.39,none,0
0.0,928.0,928.0,13.0,223.0,1,0.0,0.78,0.39,none,0
0.0,0.0,0.0,13.0,211.0,1,0.0,0.25,0.39,none,0
0.0,928.0,928.0,13.0,226.0,1,0.0,0.87,0.36,none,0
0.0,928.0,928.0,13.0,331.0,1,0.0,3.11,0.36,none,0
0.0,928.0,928.0,13.0,454.0,1,0.0,3.4,0.36,none,0
0.0,0.0,0.0,13.0,78.0,1,0.0,0.0,0.36,none,0
0.0,928.0,928.0,13.0,216.0,1,0.0,0.52,0.49,none,0
0.0,928.0,928.0,13.0,290.0,1,0.0,1.55,0.49,none,0
0.0,0.0,0.0,13.0,93.0,1,0.0,0.0,0.49,none,0
0.0,1026.0,1026.0,13.0,597.0,1,0.0,6.43,0.49,none,0
0.0,928.0,928.0,13.0,337.0,1,0.0,2.06,0.49,none,0
0.0,928.0,928.0,13.0,317.0,1,0.0,2.8,0.45,none,0
0.0,0.0,0.0,9.0,467.0,0,0.0,2.13,0.45,none,0
0.0,98.0,98.0,9.0,551.0,0,0.0,2.0,0.45,none,0
0.0,0.0,0.0,9.0,453.0,0,0.0,0.51,0.45,none,0
0.0,0.0,0.0,9.0,206.0,0,0.0,0.25,0.45,none,0
0.0,0.0,0.0,9.0,181.0,0,0.0,0.25,0.41,none,0
0.0,0.0,0.0,9.0,386.0,0,0.0,0.52,0.41,none,0
0.0,42.0,42.0,9.0,214.0,0,0.0,0.25,0.41,none,0
0.0,0.0,0.0,9.0,232.0,0,0.0,0.25,0.41,none,0
0.0,0.0,0.0,9.0,162.0,0,0.0,0.25,0.41,none,0
0.0,0.0,0.0,9.0,420.0,0,0.0,2.56,0.38,none,0
0.0,0.0,0.0,9.0,285.0,0,0.0,0.26,0.38,none,0
0.0,98.0,98.0,9.0,288.0,0,0.0,0.26,0.38,none,0
0.0,0.0,0.0,9.0,215.0,0,0.0,0.25,0.38,none,0
0.0,0.0,0.0,9.0,136.0,0,0.0,0.0,0.38,none,0
0.0,0.0,0.0,9.0,215.0,0,0.0,0.0,0.35,none,0
0.0,0.0,0.0,9.0,320.0,0,0.0,1.2,0.35,none,0
0.0,42.0,42.0,9.0,291.0,0,0.0,0.15,0.35,none,0
0.0,0.0,0.0,9.0,172.0,0,0.0,0.0,0.35,none,0
0.0,0.0,0.0,9.0,115.0,0,0.0,0.0,0.32,none,0
0.0,0.0,0.0,9.0,204.0,0,0.0,0.26,0.32,none,0
0.0,98.0,98.0,9.0,226.0,0,0.0,2.27,0.32,none,0
0.0,0.0,0.0,9.0,63.0,0,0.0,0.0,0.32,none,0
0.0,0.0,0.0,9.0,171.0,0,0.0,0.25,0.32,none,0
0.0,0.0,0.0,9.0,109.0,0,0.0,0.0,0.29,none,0
0.0,0.0,0.0,9.0,286.0,0,0.0,0.52,0.29,none,0
0.0,0.0,0.0,9.0,166.0,0,0.0,0.25,0.29,none,0
0.0,0.0,0.0,9.0,121.0,0,0.0,0.0,0.29,none,0
0.0,0.0,0.0,9.0,193.0,0,0.0,0.25,0.27,none,0
0.0,0.0,0.0,9.0,106.0,0,0.0,0.0,0.27,none,0
0.0,0.0,0.0,9.0,256.0,0,0.0,0.26,0.27,none,0
0.0,98.0,98.0,9.0,280.0,0,0.0,1.91,0.27,none,0
0.0,0.0,0.0,9.0,324.0,0,0.0,0.48,0.27,none,0
0.0,0.0,0.0,9.0,282.0,0,0.0,0.0,0.25,none,0
0.0,0.0,0.0,9.0,138.0,0,0.0,0.19,0.25,none,0
0.0,0.0,0.0,9.0,286.0,0,0.0,3.01,0.25,none,0
0.0,0.0,0.0,9.0,162.0,0,0.0,0.15,0.25,none,0
0.0,0.0,0.0,9.0,278.0,0,0.0,0.24,0.23,none,0
0.0,0.0,0.0,9.0,130.0,0,0.0,0.16,0.23,none,0
0.0,98.0,98.0,9.0,391.0,0,0.0,2.88,0.23,none,0
0.0,0.0,0.0,9.0,117.0,0,0.0,0.25,0.23,none,0
0.0,0.0,0.0,9.0,86.0,0,0.0,0.25,0.21,none,0
0.0,0.0,0.0,9.0,140.0,0,0.0,0.0,0.21,none,0
0.0,0.0,0.0,9.0,191.0,0,0.0,0.25,0.21,none,0
0.0,42.0,42.0,9.0,171.0,0,0.0,0.0,0.21,none,0
0.0,0.0,0.0,9.0,245.0,0,0.0,1.02,0.21,none,0
0.0,0.0,0.0,9.0,227.0,0,0.0,0.25,0.19,none,0
0.0,0.0,0.0,9.0,142.0,0,0.0,0.0,0.19,none,0
0.0,0.0,0.0,9.0,176.0,0,0.0,0.25,0.19,none,0
0.0,98.0,98.0,9.0,253.0,0,0.0,1.02,0.19,none,0
0.0,0.0,0.0,9.0,106.0,0,0.0,0.49,0.19,none,0
0.0,0.0,0.0,9.0,70.0,0,0.0,0.0,0.18,none,0
0.0,0.0,0.0,9.0,317.0,0,0.0,0.26,0.18,none,0
0.0,0.0,0.0,9.0,102.0,0,0.0,0.25,0.18,none,0
0.0,0.0,0.0,9.0,163.0,0,0.0,0.25,0.18,none,0
0.0,0.0,0.0,9.0,223.0,0,0.0,0.25,0.18,none,0
0.0,0.0,0.0,9.0,90.0,0,0.0,0.0,0.16,none,0
0.0,0.0,0.0,9.0,387.0,0,0.0,2.54,0.16,none,0
0.0,0.0,0.0,9.0,62.0,0,0.0,0.0,0.16,none,0
0.0,98.0,98.0,9.0,229.0,0,0.0,0.76,0.16,none,0
0.0,0.0,0.0,9.0,238.0,0,0.0,0.25,0.16,none,0
0.0,0.0,0.0,9.0,106.0,0,0.0,0.25,0.15,none,0
0.0,0.0,0.0,9.0,183.0,0,0.0,0.26,0.15,none,0
0.0,0.0,0.0,9.0,155.0,0,0.0,0.25,0.15,none,0
0.0,42.0,42.0,9.0,94.0,0,0.0,0.0,0.15,none,0
0.0,0.0,0.0,9.0,194.0,0,0.0,0.0,0.14,none,0
0.0,0.0,0.0,9.0,341.0,0,0.0,2.28,0.14,none,0
0.0,0.0,0.0,9.0,425.0,0,0.0,1.11,0.14,none,0
0.0,0.0,0.0,9.0,202.0,0,0.0,0.0,0.14,none,0
0.0,98.0,98.0,9.0,293.0,0,0.0,2.26,0.14,none,0
0.0,0.0,0.0,9.0,84.0,0,0.0,0.0,0.13,none,0
0.0,0.0,0.0,9.0,184.0,0,0.0,0.51,0.13,none,0
0.0,0.0,0.0,9.0,173.0,0,0.0,0.25,0.13,none,0
0.0,0.0,0.0,9.0,110.0,0,0.0,0.0,0.13,none,0
0.0,0.0,0.0,9.0,125.0,0,0.0,0.25,0.13,none,0
0.0,0.0,0.0,9.0,80.0,0,0.0,0.25,0.12,none,0
0.0,0.0,0.0,9.0,234.0,0,0.0,1.03,0.12,none,0
0.0,0.0,0.0,9.0,156.0,0,0.0,0.25,0.12,none,0
0.0,0.0,0.0,9.0,163.0,0,0.0,0.0,0.12,none,0
0.0,98.0,98.0,9.0,188.0,0,0.0,0.26,0.11,none,0
0.0,0.0,0.0,9.0,153.0,0,0.0,0.25,0.11,none,0
0.0,0.0,0.0,9.0,221.0,0,0.0,0.26,0.11,none,0
0.0,0.0,0.0,9.0,205.0,0,0.0,0.2,0.11,none,0
0.0,0.0,0.0,9.0,149.0,0,0.0,0.0,0.11,none,0
0.0,42.0,42.0,9.0,226.0,0,0.0,0.0,0.1,none,0
0.0,0.0,0.0,9.0,438.0,0,0.0,0.0,0.1,none,0
0.0,0.0,0.0,9.0,200.0,0,0.0,0.12,0.09,none,0
0.0,0.0,0.0,9.0,118.0,0,0.0,0.0,0.09,none,0
0.0,0.0,0.0,9.0,261.0,0,0.0,0.0,0.09,none,0
0.0,98.0,98.0,9.0,375.0,0,0.0,2.33,0.09,none,0
0.0,0.0,0.0,9.0,172.0,0,0.0,0.18,0.08,none,0
0.0,0.0,0.0,9.0,277.0,0,0.0,1.12,0.08,none,0
0.0,0.0,0.0,9.0,171.0,0,0.0,0.23,0.08,none,0
0.0,0.0,0.0,9.0,433.0,0,0.0,0.12,0.08,none,0
0.0,0.0,0.0,9.0,167.0,0,0.0,0.14,0.08,none,0
0.0,0.0,0.0,9.0,227.0,0,0.0,0.16,0.08,none,0
0.0,98.0,98.0,9.0,705.0,0,0.0,2.14,0.07,none,0
0.0,0.0,0.0,9.0,406.0,0,0.0,0.12,0.07,none,0
0.0,0.0,0.0,9.0,440.0,0,0.0,1.78,0.07,none,0
0.0,0.0,0.0,9.0,206.0,0,0.0,0.7,0.06,none,0
0.0,0.0,0.0,9.0,233.0,0,0.0,0.0,0.06,none,0
0.0,0.0,0.0,9.0,292.0,0,0.0,0.62,0.06,none,0
0.0,98.0,98.0,9.0,423.0,0,0.0,1.5,0.06,none,0
0.0,0.0,0.0,9.0,267.0,0,0.0,0.12,0.06,none,0
0.0,42.0,42.0,8.0,294.0,0,0.0,0.23,0.05,none,0
0.0,0.0,0.0,9.0,448.0,0,0.0,0.9,0.05,none,0
0.0,0.0,0.0,9.0,439.0,0,0.0,0.09,0.05,none,0
0.0,98.0,98.0,9.0,395.0,0,0.0,3.66,0.05,none,0
0.0,0.0,0.0,9.0,138.0,0,0.0,0.0,0.05,none,0
0.0,0.0,0.0,9.0,216.0,0,0.0,0.17,0.04,none,0
0.0,0.0,70.0,9.0,373.0,0,0.0,1.25,0.04,none,0
0.0,42.0,42.0,9.0,109.0,0,0.0,0.0,0.04,none,0
0.0,0.0,0.0,9.0,83.0,0,0.0,0.25,0.04,none,0
0.0,0.0,0.0,9.0,144.0,0,0.0,0.25,0.04,none,0
0.0,0.0,0.0,9.0,118.0,0,0.0,0.25,0.04,none,0
0.0,98.0,98.0,9.0,482.0,0,0.0,3.34,0.04,none,0
0.0,0.0,0.0,9.0,159.0,0,0.0,0.25,0.04,none,0
0.0,0.0,0.0,9.0,143.0,0,0.0,0.0,0.04,none,0
0.0,0.0,0.0,9.0,174.0,0,0.0,0.0,0.04,none,0
0.0,0.0,0.0,9.0,155.0,0,0.0,0.49,0.04,none,0
0.0,0.0,0.0,9.0,390.0,0,0.0,1.53,0.04,none,0
0.0,0.0,0.0,9.0,126.0,0,0.0,0.0,0.04,none,0
0.0,0.0,0.0,9.0,126.0,0,0.0,0.25,0.04,none,0
0.0,0.0,0.0,9.0,217.0,0,0.0,0.25,0.03,none,0
0.0,0.0,0.0,13.0,232.0,1,0.0,0.14,0.12,none,0
0.0,928.0,928.0,13.0,447.0,1,0.0,1.77,0.12,none,0
0.0,928.0,928.0,13.0,443.0,1,0.0,2.04,0.11,none,0
0.0,928.0,928.0,13.0,526.0,1,0.0,3.33,0.11,none,0
0.0,928.0,928.0,13.0,374.0,1,0.0,2.68,0.11,none,0
0.0,928.0,928.0,13.0,472.0,1,0.0,2.22,0.11,none,0
0.0,1954.0,1954.0,13.0,775.0,1,0.0,0.87,0.18,none,0
0.0,928.0,928.0,13.0,401.0,1,0.0,3.31,0.18,none,0
0.0,928.0,928.0,13.0,517.0,1,0.0,2.49,0.18,none,0
0.0,928.0,928.0,13.0,700.0,1,0.0,2.11,0.17,none,0
0.0,970.0,970.0,13.0,263.0,1,0.0,2.53,0.17,none,0
0.0,928.0,928.0,13.0,281.0,1,0.0,0.78,0.17,none,0
0.0,928.0,928.0,13.0,205.0,1,0.0,1.02,0.17,none,0
0.0,928.0,928.0,13.0,268.0,1,0.0,0.89,0.23,none,0
0.0,1026.0,1026.0,13.0,654.0,1,0.0,6.0,0.23,none,0
0.0,928.0,928.0,13.0,192.0,1,0.0,1.0,0.23,none,0
0.0,824.0,824.0,13.0,223.0,1,0.0,0.88,0.23,none,0
0.0,1032.0,1032.0,13.0,411.0,1,0.0,1.11,0.21,none,0
0.0,0.0,0.0,13.0,364.0,1,0.0,2.78,0.21,none,0
0.0,970.0,970.0,13.0,246.0,1,0.0,2.04,0.21,none,0
0.0,928.0,928.0,13.0,387.0,1,0.0,2.59,0.21,none,0
0.0,928.0,928.0,13.0,382.0,1,0.0,3.15,0.21,none,0
0.0,928.0,928.0,13.0,328.0,1,0.0,2.8,0.2,none,0
0.0,0.0,0.0,13.0,203.0,1,0.0,1.5,0.2,none,0
0.0,0.0,0.0,13.0,82.0,1,0.0,0.0,0.2,none,0
0.0,0.0,0.0,13.0,102.0,1,0.0,0.25,0.2,none,0
0.0,1026.0,1026.0,13.0,202.0,1,0.0,0.79,0.2,none,0
0.0,928.0,928.0,13.0,430.0,1,0.0,3.54,0.18,none,0
0.0,928.0,928.0,13.0,449.0,1,0.0,4.91,0.18,none,0
0.0,0.0,0.0,13.0,93.0,1,0.0,0.0,0.18,none,0
0.0,928.0,928.0,13.0,344.0,1,0.0,3.3,0.18,none,0
0.0,928.0,928.0,13.0,263.0,1,0.0,0.52,0.17,none,0
0.0,928.0,928.0,13.0,196.0,1,0.0,0.52,0.17,none,0
0.0,0.0,0.0,13.0,336.0,1,0.0,2.57,0.17,none,0
0.0,928.0,928.0,13.0,266.0,1,0.0,3.28,0.17,none,0
0.0,1026.0,928.0,13.0,249.0,1,0.0,2.06,0.17,none,0
0.0,0.0,98.0,13.0,234.0,1,0.0,1.01,0.15,none,0
0.0,928.0,928.0,13.0,377.0,1,0.0,2.56,0.15,none,0
0.0,928.0,928.0,13.0,390.0,1,0.0,1.87,0.15,none,0
0.0,928.0,928.0,13.0,378.0,1,0.0,3.77,0.15,none,0
0.0,928.0,928.0,13.0,381.0,1,0.0,1.95,0.15,none,0
0.0,0.0,0.0,13.0,124.0,1,0.0,0.0,0.14,none,0
0.0,928.0,928.0,13.0,379.0,1,0.0,3.05,0.14,none,0
0.0,928.0,928.0,13.0,457.0,1,0.0,4.47,0.14,none,0
0.0,928.0,928.0,13.0,292.0,1,0.0,2.02,0.14,none,0
0.0,1026.0,1026.0,13.0,405.0,1,0.0,4.62,0.21,none,0
0.0,928.0,928.0,13.0,275.0,1,0.0,0.97,0.21,none,0
0.0,928.0,928.0,13.0,545.0,1,0.0,4.59,0.21,none,0
0.0,928.0,928.0,13.0,293.0,1,0.0,0.74,0.21,none,0
0.0,928.0,928.0,13.0,647.0,1,0.0,5.97,0.19,none,0
0.0,0.0,0.0,13.0,268.0,1,0.0,1.01,0.19,none,0
0.0,928.0,928.0,13.0,225.0,1,0.0,2.99,0.19,none,0
0.0,928.0,928.0,13.0,407.0,1,0.0,2.16,0.19,none,0
0.0,0.0,0.0,13.0,105.0,1,0.0,0.24,0.19,none,0
0.0,1026.0,1026.0,13.0,377.0,1,0.0,5.09,0.18,none,0
0.0,928.0,928.0,13.0,296.0,1,0.0,0.91,0.18,none,0
0.0,0.0,0.0,13.0,240.0,1,0.0,0.95,0.18,none,0
0.0,928.0,928.0,13.0,355.0,1,0.0,3.84,0.18,none,0
0.0,928.0,928.0,13.0,362.0,1,0.0,0.79,0.18,none,0
0.0,970.0,970.0,13.0,286.0,1,0.0,2.81,0.16,none,0
0.0,0.0,0.0,13.0,130.0,1,0.0,0.75,0.16,none,0
0.0,928.0,928.0,13.0,213.0,1,0.0,2.55,0.16,none,0
0.0,928.0,928.0,13.0,355.0,1,0.0,2.88,0.16,none,0
0.0,928.0,928.0,13.0,282.0,1,0.0,1.02,0.15,none,0
0.0,1026.0,1026.0,13.0,447.0,1,0.0,4.62,0.15,none,0
0.0,928.0,928.0,13.0,426.0,1,0.0,2.07,0.15,none,0
0.0,0.0,0.0,13.0,102.0,1,0.0,0.0,0.15,none,0
0.0,928.0,928.0,13.0,468.0,1,0.0,2.15,0.15,none,0
0.0,928.0,928.0,13.0,294.0,1,0.0,3.31,0.14,none,0
0.0,970.0,970.0,13.0,430.0,1,0.0,0.53,0.14,none,0
0.0,928.0,928.0,13.0,313.0,1,0.0,2.58,0.14,none,0
0.0,0.0,0.0,13.0,94.0,1,0.0,0.25,0.14,none,0
0.0,928.0,928.0,13.0,233.0,1,0.0,0.26,0.14,none,0
0.0,928.0,928.0,13.0,465.0,1,0.0,4.63,0.21,none,0
0.0,1026.0,1026.0,13.0,295.0,1,0.0,1.56,0.21,none,0
0.0,928.0,928.0,13.0,261.0,1,0.0,0.78,0.21,none,0
0.0,0.0,0.0,13.0,125.0,1,0.0,0.5,0.21,none,0
0.0,928.0,928.0,13.0,306.0,1,0.0,2.79,0.21,none,0
0.0,928.0,928.0,13.0,619.0,1,0.0,5.09,0.27,none,0
0.0,928.0,928.0,13.0,354.0,1,0.0,2.31,0.27,none,0
0.0,928.0,928.0,13.0,222.0,1,0.0,0.52,0.27,none,0
0.0,928.0,928.0,13.0,329.0,1,0.0,2.06,0.27,none,0
0.0,0.0,0.0,13.0,169.0,1,0.0,0.0,0.27,none,0
0.0,928.0,928.0,13.0,486.0,1,0.0,3.12,0.25,none,0
0.0,0.0,0.0,13.0,140.0,1,0.0,0.0,0.25,none,0
0.0,1026.0,1026.0,13.0,379.0,1,0.0,1.84,0.25,none,0
0.0,0.0,0.0,13.0,155.0,1,0.0,0.0,0.25,none,0
0.0,928.0,928.0,13.0,575.0,1,0.0,1.61,0.23,none,0
0.0,928.0,928.0,13.0,449.0,1,0.0,2.81,0.23,none,0
0.0,928.0,928.0,13.0,272.0,1,0.0,2.26,0.23,none,0
0.0,928.0,928.0,13.0,310.0,1,0.0,0.52,0.23,none,0
0.0,0.0,0.0,13.0,151.0,1,0.0,0.25,0.23,none,0
0.0,928.0,928.0,13.0,529.0,1,0.0,5.44,0.21,none,0
0.0,928.0,928.0,13.0,334.0,1,0.0,3.51,0.21,none,0
0.0,1026.0,1026.0,13.0,340.0,1,0.0,2.62,0.21,none,0
0.0,928.0,928.0,13.0,364.0,1,0.0,2.53,0.21,none,0
0.0,928.0,928.0,13.0,300.0,1,0.0,2.27,0.21,none,0
0.0,0.0,0.0,13.0,214.0,1,0.0,0.25,0.19,none,0
0.0,928.0,928.0,13.0,374.0,1,0.0,2.11,0.19,none,0
0.0,928.0,928.0,13.0,292.0,1,0.0,3.28,0.19,none,0
0.0,928.0,928.0,13.0,333.0,1,0.0,1.8,0.19,none,0
0.0,0.0,0.0,13.0,93.0,1,0.0,0.0,0.18,none,0
0.0,928.0,928.0,13.0,333.0,1,0.0,1.04,0.18,none,0
0.0,928.0,928.0,13.0,439.0,1,0.0,2.65,0.18,none,0
0.0,1026.0,1026.0,13.0,374.0,1,0.0,2.86,0.18,none,0
0.0,0.0,0.0,13.0,138.0,1,0.0,0.25,0.18,none,0
0.0,928.0,928.0,13.0,179.0,1,0.0,0.26,0.16,none,0
0.0,928.0,928.0,13.0,614.0,1,0.0,2.59,0.16,none,0
0.0,0.0,0.0,13.0,98.0,1,0.0,0.25,0.16,none,0
0.0,970.0,970.0,13.0,519.0,1,0.0,5.33,0.16,none,0
0.0,0.0,0.0,13.0,159.0,1,0.0,0.25,0.16,none,0
0.0,928.0,928.0,13.0,277.0,1,0.0,3.03,0.15,none,0
0.0,928.0,928.0,13.0,398.0,1,0.0,2.57,0.15,none,0
0.0,0.0,0.0,13.0,191.0,1,0.0,1.26,0.15,none,0
0.0,1026.0,1026.0,13.0,548.0,1,0.0,4.04,0.15,none,0
0.0,928.0,928.0,13.0,264.0,1,0.0,0.24,0.15,none,0
0.0,928.0,928.0,13.0,535.0,1,0.0,1.46,0.22,none,0
0.0,0.0,0.0,13.0,355.0,1,0.0,0.35,0.22,none,0
0.0,970.0,970.0,13.0,454.0,1,0.0,4.07,0.22,none,0
0.0,928.0,928.0,13.0,548.0,1,0.0,2.45,0.2,none,0
0.0,1856.0,1856.0,13.0,704.0,1,0.0,1.52,0.2,none,0
0.0,1026.0,1026.0,13.0,579.0,1,0.0,5.94,0.2,none,0
0.0,0.0,0.0,13.0,250.0,1,0.0,1.0,0.18,none,0
0.0,928.0,928.0,13.0,382.0,1,0.0,2.03,0.18,none,0
0.0,928.0,928.0,13.0,297.0,1,0.0,1.36,0.18,none,0
0.0,928.0,928.0,13.0,402.0,1,0.0,3.88,0.18,none,0
0.0,928.0,928.0,13.0,326.0,1,0.0,1.93,0.18,none,0
0.0,928.0,928.0,13.0,299.0,1,0.0,0.41,0.17,none,0
0.0,98.0,98.0,13.0,304.0,1,0.0,0.2,0.17,none,0
0.0,928.0,928.0,13.0,384.0,1,0.0,1.12,0.17,none,0
0.0,928.0,928.0,13.0,303.0,1,0.0,3.84,0.32,none,0
0.0,100.0,100.0,12.0,377.0,0,0.0,1.65,0.57,none,0
0.0,198.0,198.0,12.0,561.0,0,0.0,2.67,0.57,none,0
0.0,100.0,100.0,12.0,301.0,0,0.0,0.88,0.57,none,0
0.0,100.0,100.0,12.0,485.0,0,0.0,0.96,0.53,none,0
0.0,100.0,100.0,12.0,413.0,0,0.0,3.69,0.53,none,0
0.0,142.0,142.0,12.0,552.0,0,0.0,6.79,0.53,none,0
0.0,100.0,100.0,12.0,382.0,0,0.0,4.36,0.53,none,0
0.0,100.0,100.0,12.0,493.0,0,0.0,3.95,0.53,none,0
0.0,0.0,0.0,12.0,324.0,0,0.0,2.81,0.48,none,0
0.0,100.0,100.0,12.0,276.0,0,0.0,0.97,0.48,none,0
0.0,198.0,198.0,12.0,541.0,0,0.0,6.58,0.48,none,0
0.0,100.0,100.0,12.0,319.0,0,0.0,4.02,0.48,none,0
0.0,100.0,100.0,12.0,217.0,0,0.0,1.83,0.48,none,0
0.0,100.0,100.0,12.0,365.0,0,0.0,4.69,0.45,none,0
0.0,100.0,100.0,12.0,331.0,0,0.0,3.32,0.45,none,0
0.0,142.0,142.0,12.0,449.0,0,0.0,6.23,0.45,none,0
0.0,0.0,0.0,12.0,278.0,0,0.0,2.31,0.45,none,0
0.0,100.0,100.0,12.0,254.0,0,0.0,2.58,0.45,none,0
0.0,100.0,100.0,12.0,497.0,0,0.0,7.36,0.49,none,0
0.0,100.0,100.0,12.0,257.0,0,0.0,1.59,0.49,none,0
0.0,198.0,198.0,12.0,506.0,0,0.0,7.49,0.49,none,0
0.0,100.0,100.0,12.0,288.0,0,0.0,4.13,0.49,none,0
0.0,100.0,100.0,12.0,319.0,0,0.0,3.39,0.49,none,0
0.0,0.0,0.0,12.0,235.0,0,0.0,1.55,0.45,none,0
0.0,100.0,100.0,12.0,225.0,0,0.0,2.07,0.45,none,0
0.0,100.0,100.0,12.0,488.0,0,0.0,3.75,0.45,none,0
0.0,100.0,100.0,12.0,353.0,0,0.0,3.62,0.45,none,0
0.0,100.0,100.0,12.0,276.0,0,0.0,3.84,0.5,none,0
0.0,0.0,0.0,12.0,267.0,0,0.0,1.79,0.5,none,0
0.0,100.0,100.0,12.0,265.0,0,0.0,1.06,0.5,none,0
0.0,198.0,198.0,12.0,439.0,0,0.0,6.81,0.5,none,0
0.0,100.0,100.0,12.0,332.0,0,0.0,3.08,0.5,none,0
0.0,100.0,100.0,12.0,346.0,0,0.0,1.3,0.46,none,0
0.0,0.0,0.0,12.0,199.0,0,0.0,0.51,0.46,none,0
0.0,100.0,100.0,12.0,221.0,0,0.0,1.8,0.46,none,0
0.0,100.0,100.0,12.0,332.0,0,0.0,1.06,0.46,none,0
0.0,100.0,100.0,12.0,314.0,0,0.0,3.83,0.46,none,0
0.0,100.0,100.0,12.0,274.0,0,0.0,1.05,0.5,none,0
0.0,100.0,100.0,12.0,244.0,0,0.0,1.31,0.5,none,0
0.0,0.0,0.0,12.0,187.0,0,0.0,0.76,0.5,none,0
0.0,0.0,0.0,12.0,99.0,0,0.0,0.0,0.5,none,0
0.0,198.0,198.0,12.0,451.0,0,0.0,4.32,0.5,none,0
0.0,100.0,100.0,12.0,282.0,0,0.0,1.57,0.46,none,0
0.0,100.0,100.0,12.0,340.0,0,0.0,3.55,0.46,none,0
0.0,0.0,0.0,12.0,186.0,0,0.0,0.5,0.46,none,0
0.0,100.0,100.0,12.0,364.0,0,0.0,3.39,0.46,none,0
0.0,84.0,84.0,12.0,279.0,0,0.0,1.27,0.46,none,0
0.0,100.0,100.0,12.0,359.0,0,0.0,2.34,0.42,none,0
0.0,100.0,100.0,12.0,372.0,0,0.0,0.99,0.42,none,0
0.0,0.0,0.0,12.0,267.0,0,0.0,0.69,0.42,none,0
0.0,198.0,198.0,12.0,585.0,0,0.0,4.61,0.42,none,0
0.0,100.0,100.0,12.0,364.0,0,0.0,1.59,0.42,none,0
0.0,0.0,0.0,12.0,246.0,0,0.0,0.51,0.39,none,0
0.0,100.0,100.0,12.0,325.0,0,0.0,0.78,0.39,none,0
0.0,100.0,100.0,12.0,336.0,0,0.0,2.83,0.39,none,0
0.0,100.0,100.0,12.0,385.0,0,0.0,1.93,0.39,none,0
0.0,100.0,100.0,12.0,446.0,0,0.0,1.19,0.36,none,0
0.0,100.0,100.0,12.0,239.0,0,0.0,2.68,0.36,none,0
0.0,100.0,100.0,12.0,289.0,0,0.0,1.48,0.36,none,0
0.0,198.0,198.0,12.0,429.0,0,0.0,3.92,0.36,none,0
0.0,100.0,100.0,12.0,540.0,0,0.0,4.49,0.36,none,0
0.0,100.0,100.0,12.0,426.0,0,0.0,2.09,0.33,none,0
0.0,0.0,0.0,12.0,169.0,0,0.0,0.26,0.33,none,0
0.0,100.0,100.0,12.0,219.0,0,0.0,2.33,0.33,none,0
0.0,100.0,100.0,12.0,329.0,0,0.0,2.36,0.33,none,0
0.0,100.0,100.0,12.0,332.0,0,0.0,3.42,0.3,none,0
0.0,100.0,100.0,12.0,335.0,0,0.0,2.09,0.3,none,0
0.0,100.0,100.0,12.0,225.0,0,0.0,2.06,0.3,none,0
0.0,0.0,0.0,12.0,167.0,0,0.0,1.01,0.3,none,0
0.0,198.0,198.0,12.0,354.0,0,0.0,2.92,0.3,none,0
0.0,100.0,100.0,12.0,444.0,0,0.0,3.24,0.28,none,0
0.0,100.0,100.0,12.0,338.0,0,0.0,3.12,0.28,none,0
0.0,100.0,100.0,12.0,337.0,0,0.0,3.11,0.28,none,0
0.0,100.0,100.0,11.0,179.0,0,0.0,1.3,0.28,none,0
0.0,42.0,42.0,12.0,198.0,0,0.0,1.76,0.28,none,0
0.0,100.0,100.0,12.0,415.0,0,0.0,6.41,0.33,none,0
0.0,100.0,100.0,12.0,422.0,0,0.0,2.7,0.33,none,0
0.0,100.0,100.0,12.0,219.0,0,0.0,1.8,0.33,none,0
0.0,100.0,100.0,12.0,355.0,0,0.0,3.36,0.33,none,0
0.0,98.0,98.0,12.0,228.0,0,0.0,1.03,0.33,none,0
0.0,100.0,100.0,12.0,459.0,0,0.0,4.24,0.31,none,0
0.0,100.0,100.0,12.0,347.0,0,0.0,3.64,0.31,none,0
0.0,100.0,100.0,12.0,225.0,0,0.0,1.05,0.31,none,0
0.0,100.0,100.0,12.0,346.0,0,0.0,2.88,0.31,none,0
0.0,142.0,142.0,12.0,266.0,0,0.0,2.58,0.31,none,0
0.0,0.0,0.0,12.0,347.0,0,0.0,3.37,0.28,none,0
0.0,100.0,100.0,12.0,361.0,0,0.0,3.15,0.28,none,0
0.0,100.0,100.0,12.0,267.0,0,0.0,2.09,0.28,none,0
0.0,100.0,100.0,12.0,241.0,0,0.0,1.81,0.28,none,0
0.0,198.0,198.0,12.0,479.0,0,0.0,5.9,0.28,none,0
0.0,100.0,100.0,12.0,435.0,0,0.0,4.46,0.26,none,0
0.0,0.0,0.0,12.0,178.0,0,0.0,0.25,0.26,none,0
0.0,100.0,100.0,12.0,337.0,0,0.0,3.64,0.26,none,0
0.0,100.0,100.0,12.0,324.0,0,0.0,4.13,0.26,none,0
0.0,100.0,100.0,12.0,189.0,0,0.0,1.04,0.24,none,0
0.0,100.0,100.0,12.0,425.0,0,0.0,4.49,0.24,none,0
0.0,100.0,100.0,12.0,315.0,0,0.0,1.82,0.24,none,0
0.0,0.0,0.0,12.0,186.0,0,0.0,0.51,0.24,none,0
0.0,100.0,100.0,12.0,320.0,0,0.0,2.86,0.24,none,0
0.0,198.0,198.0,12.0,417.0,0,0.0,5.44,0.3,none,0
0.0,100.0,100.0,12.0,377.0,0,0.0,0.82,0.3,none,0
0.0,100.0,100.0,12.0,250.0,0,0.0,2.53,0.3,none,0
0.0,0.0,0.0,12.0,291.0,0,0.0,2.3,0.3,none,0
0.0,100.0,100.0,12.0,322.0,0,0.0,1.02,0.3,none,0
0.0,142.0,142.0,12.0,262.0,0,0.0,1.03,0.28,none,0
0.0,100.0,100.0,12.0,531.0,0,0.0,1.98,0.28,none,0
0.0,100.0,100.0,12.0,359.0,0,0.0,4.11,0.28,none,0
0.0,100.0,100.0,12.0,270.0,0,0.0,3.62,0.28,none,0
0.0,100.0,100.0,12.0,448.0,0,0.0,3.36,0.28,none,0
0.0,98.0,98.0,12.0,378.0,0,0.0,3.86,0.25,none,0
0.0,100.0,100.0,12.0,465.0,0,0.0,4.99,0.25,none,0
0.0,100.0,100.0,12.0,400.0,0,0.0,3.61,0.25,none,0
0.0,100.0,100.0,12.0,323.0,0,0.0,2.34,0.25,none,0
0.0,100.0,100.0,12.0,365.0,0,0.0,4.12,0.25,none,0
0.0,100.0,100.0,12.0,299.0,0,0.0,3.09,0.23,none,0
0.0,0.0,0.0,12.0,366.0,0,0.0,4.59,0.23,none,0
0.0,100.0,100.0,12.0,287.0,0,0.0,2.33,0.23,none,0
0.0,100.0,100.0,12.0,271.0,0,0.0,1.83,0.23,none,0
0.0,100.0,100.0,12.0,358.0,0,0.0,4.1,0.23,none,0
0.0,198.0,198.0,12.0,409.0,0,0.0,5.67,0.21,none,0
0.0,100.0,100.0,12.0,367.0,0,0.0,2.15,0.21,none,0
0.0,0.0,0.0,12.0,177.0,0,0.0,1.53,0.21,none,0
0.0,100.0,100.0,12.0,343.0,0,0.0,3.11,0.21,none,0
0.0,100.0,100.0,12.0,296.0,0,0.0,3.59,0.21,none,0
0.0,142.0,142.0,12.0,301.0,0,0.0,3.12,0.2,none,0
0.0,100.0,100.0,12.0,461.0,0,0.0,4.51,0.2,none,0
0.0,100.0,100.0,12.0,293.0,0,0.0,2.84,0.2,none,0
0.0,100.0,100.0,12.0,309.0,0,0.0,4.38,0.2,none,0
0.0,0.0,0.0,12.0,184.0,0,0.0,1.02,0.18,none,0
0.0,198.0,198.0,12.0,422.0,0,0.0,5.71,0.18,none,0
0.0,100.0,100.0,12.0,485.0,0,0.0,5.05,0.18,none,0
0.0,100.0,100.0,12.0,281.0,0,0.0,3.32,0.18,none,0
0.0,100.0,100.0,12.0,298.0,0,0.0,4.07,0.18,none,0
0.0,100.0,100.0,12.0,269.0,0,0.0,2.84,0.25,none,0
0.0,42.0,42.0,12.0,144.0,0,0.0,0.42,0.25,none,0
0.0,100.0,100.0,12.0,658.0,0,0.0,7.26,0.25,none,0
0.0,100.0,100.0,12.0,300.0,0,0.0,3.06,0.25,none,0
0.0,100.0,100.0,12.0,328.0,0,0.0,3.15,0.25,none,0
0.0,198.0,100.0,12.0,348.0,0,0.0,4.17,0.23,none,0
0.0,100.0,198.0,12.0,394.0,0,0.0,3.92,0.23,none,0
0.0,100.0,100.0,12.0,485.0,0,0.0,2.43,0.23,none,0
0.0,100.0,100.0,12.0,233.0,0,0.0,3.32,0.23,none,0
0.0,0.0,0.0,12.0,252.0,0,0.0,1.3,0.23,none,0
0.0,928.0,928.0,16.0,1862.0,1,0.0,7.65,0.74,none,0
0.0,1026.0,1026.0,16.0,1820.0,1,0.0,7.61,0.68,none,0
0.0,1856.0,1856.0,16.0,1058.0,1,0.0,8.8,0.68,none,0
0.0,1856.0,1856.0,16.0,1467.0,1,0.0,9.73,0.68,none,0
0.0,1856.0,1856.0,16.0,1371.0,1,0.0,9.8,0.68,none,0
0.0,1856.0,1856.0,16.0,1413.0,1,0.0,10.2,0.68,none,0
0.0,1856.0,1856.0,16.0,648.0,1,0.0,8.57,0.71,none,0
0.0,1856.0,1856.0,16.0,458.0,1,0.0,6.3,0.71,none,0
0.0,0.0,0.0,16.0,488.0,1,0.0,3.35,0.71,none,0
0.0,1856.0,1856.0,16.0,814.0,1,0.0,10.08,0.71,none,0
0.0,1856.0,1856.0,16.0,532.0,1,0.0,8.27,0.71,none,0
0.0,1954.0,1954.0,16.0,714.0,1,0.0,9.33,0.73,none,0
0.0,1856.0,1856.0,16.0,502.0,1,0.0,2.45,0.73,none,0
0.0,1856.0,1856.0,16.0,538.0,1,0.0,2.48,0.73,none,0
0.0,1856.0,1856.0,16.0,496.0,1,0.0,3.11,0.73,none,0
0.0,0.0,0.0,16.0,307.0,1,0.0,1.57,0.67,none,0
0.0,1940.0,1940.0,16.0,384.0,1,0.0,6.74,0.67,none,0
0.0,1856.0,1856.0,16.0,379.0,1,0.0,2.82,0.67,none,0
0.0,1856.0,1856.0,16.0,470.0,1,0.0,7.63,0.67,none,0
0.0,1856.0,1856.0,16.0,527.0,1,0.0,5.28,0.67,none,0
0.0,1954.0,1954.0,16.0,525.0,1,0.0,4.89,0.7,none,0
0.0,928.0,928.0,16.0,345.0,1,0.0,0.72,0.7,none,0
0.0,928.0,928.0,16.0,449.0,1,0.0,1.84,0.7,none,0
0.0,928.0,928.0,16.0,265.0,1,0.0,1.24,0.7,none,0
0.0,1856.0,1856.0,16.0,539.0,1,0.0,6.47,0.7,none,0
0.0,1856.0,1856.0,16.0,466.0,1,0.0,7.2,0.81,none,0
0.0,1856.0,1856.0,16.0,421.0,1,0.0,2.18,0.81,none,0
0.0,1856.0,1856.0,16.0,515.0,1,0.0,5.32,0.81,none,0
0.0,1752.0,1752.0,16.0,202.0,2,0.0,0.78,0.81,none,0
0.0,104.0,104.0,16.0,482.0,1,0.0,3.19,0.81,none,0
0.0,1954.0,1954.0,16.0,489.0,1,0.0,2.79,0.9,none,0
0.0,1856.0,1856.0,16.0,379.0,1,0.0,3.43,0.9,none,0
0.0,1856.0,1856.0,16.0,426.0,1,0.0,3.2,0.9,none,0
0.0,928.0,928.0,16.0,264.0,1,0.0,1.83,0.9,none,0
0.0,1856.0,1856.0,16.0,850.0,1,0.0,13.23,0.9,none,0
0.0,928.0,928.0,16.0,257.0,1,0.0,1.83,0.91,none,0
0.0,1856.0,1856.0,16.0,524.0,1,0.0,4.27,0.91,none,0
0.0,1856.0,1856.0,16.0,483.0,1,0.0,4.49,0.91,none,0
0.0,928.0,928.0,16.0,426.0,1,0.0,4.58,0.91,none,0
0.0,1856.0,1856.0,16.0,538.0,1,0.0,4.2,0.92,none,0
0.0,1954.0,1954.0,16.0,703.0,1,0.0,5.96,0.92,none,0
0.0,0.0,0.0,16.0,143.0,1,0.0,0.5,0.92,none,0
0.0,1856.0,1856.0,16.0,540.0,1,0.0,6.28,0.92,none,0
0.0,1856.0,1856.0,16.0,327.0,1,0.0,1.88,0.92,none,0
0.0,1856.0,1856.0,16.0,641.0,1,0.0,5.52,0.84,none,0
0.0,1898.0,1898.0,16.0,424.0,1,0.0,3.23,0.84,none,0
0.0,1856.0,1856.0,16.0,338.0,1,0.0,1.64,0.84,none,0
0.0,0.0,0.0,16.0,412.0,1,0.0,3.09,0.84,none,0
0.0,1856.0,1856.0,16.0,441.0,1,0.0,4.37,0.84,none,0
0.0,1856.0,1856.0,16.0,520.0,1,0.0,3.84,0.77,none,0
0.0,1954.0,1954.0,16.0,590.0,1,0.0,5.35,0.77,none,0
0.0,1856.0,1856.0,16.0,539.0,1,0.0,3.85,0.77,none,0
0.0,1856.0,1856.0,16.0,513.0,1,0.0,6.39,0.77,none,0
0.0,1856.0,1856.0,16.0,544.0,1,0.0,6.27,0.77,none,0
0.0,1898.0,1898.0,16.0,484.0,1,0.0,1.37,0.71,none,0
0.0,928.0,928.0,15.0,452.0,1,0.0,0.67,0.71,none,0
0.0,928.0,928.0,15.0,307.0,1,0.0,2.19,0.71,none,0
0.0,1856.0,1856.0,16.0,576.0,1,0.0,4.68,0.66,none,0
0.0,1954.0,1954.0,16.0,530.0,1,0.0,2.82,0.66,none,0
0.0,1856.0,1856.0,16.0,613.0,1,0.0,6.18,0.66,none,0
0.0,1856.0,1856.0,16.0,539.0,1,0.0,7.13,0.66,none,0
0.0,1856.0,1856.0,16.0,585.0,1,0.0,7.82,0.66,none,0
0.0,1856.0,1856.0,16.0,413.0,1,0.0,5.53,0.6,none,0
0.0,0.0,0.0,16.0,224.0,1,0.0,0.78,0.6,none,0
0.0,1856.0,1856.0,16.0,504.0,1,0.0,5.54,0.6,none,0
0.0,1856.0,1856.0,16.0,518.0,1,0.0,3.08,0.6,none,0
0.0,1856.0,1856.0,16.0,463.0,1,0.0,3.17,0.6,none,0
0.0,1856.0,1856.0,16.0,397.0,1,0.0,2.43,0.63,none,0
0.0,1954.0,1954.0,16.0,708.0,1,0.0,7.22,0.63,none,0
0.0,1856.0,1856.0,16.0,358.0,1,0.0,2.33,0.63,none,0
0.0,1856.0,1856.0,16.0,323.0,1,0.0,1.61,0.63,none,0
0.0,0.0,0.0,16.0,224.0,1,0.0,0.52,0.63,none,0
0.0,1856.0,1856.0,16.0,335.0,1,0.0,3.87,0.66,none,0
0.0,1856.0,1856.0,16.0,744.0,1,0.0,6.86,0.66,none,0
0.0,1856.0,1856.0,16.0,551.0,1,0.0,5.57,0.66,none,0
0.0,1856.0,1856.0,16.0,500.0,1,0.0,7.69,0.66,none,0
0.0,1856.0,1856.0,16.0,499.0,1,0.0,7.14,0.61,none,0
0.0,1954.0,1954.0,16.0,634.0,1,0.0,9.04,0.61,none,0
0.0,1856.0,1856.0,16.0,674.0,1,0.0,9.26,0.61,none,0
0.0,0.0,0.0,16.0,298.0,1,0.0,3.32,0.61,none,0
0.0,1856.0,1856.0,16.0,303.0,1,0.0,4.4,0.61,none,0
0.0,1856.0,1856.0,16.0,502.0,1,0.0,8.03,0.56,none,0
0.0,1856.0,1856.0,16.0,437.0,1,0.0,7.57,0.56,none,0
0.0,1898.0,1898.0,16.0,525.0,1,0.0,8.24,0.56,none,0
0.0,1856.0,1856.0,16.0,504.0,1,0.0,7.33,0.56,none,0
0.0,928.0,928.0,16.0,216.0,1,0.0,1.54,0.56,none,0
0.0,928.0,928.0,16.0,436.0,1,0.0,3.7,0.52,none,0
0.0,1954.0,1954.0,16.0,623.0,1,0.0,9.02,0.52,none,0
0.0,1856.0,1856.0,16.0,720.0,1,0.0,9.95,0.52,none,0
0.0,1856.0,1856.0,16.0,528.0,1,0.0,7.02,0.52,none,0
0.0,1856.0,1856.0,16.0,686.0,1,0.0,12.24,0.52,none,0
0.0,1856.0,1856.0,16.0,471.0,1,0.0,7.29,0.47,none,0
0.0,970.0,970.0,16.0,279.0,1,0.0,1.58,0.47,none,0
0.0,928.0,928.0,16.0,526.0,1,0.0,4.75,0.47,none,0
0.0,1856.0,1856.0,16.0,491.0,1,0.0,3.23,0.47,none,0
0.0,1856.0,1856.0,16.0,341.0,1,0.0,2.98,0.44,none,0
0.0,1856.0,1856.0,16.0,521.0,1,0.0,6.81,0.44,none,0
0.0,1954.0,1954.0,16.0,489.0,1,0.0,6.67,0.44,none,0
0.0,1856.0,1856.0,16.0,675.0,1,0.0,10.21,0.44,none,0
0.0,1856.0,1856.0,16.0,437.0,1,0.0,6.77,0.44,none,0
0.0,1856.0,1856.0,16.0,317.0,1,0.0,0.96,0.4,none,0
0.0,0.0,0.0,16.0,247.0,1,0.0,1.04,0.4,none,0
0.0,1856.0,1856.0,16.0,315.0,1,0.0,2.18,0.4,none,0
0.0,1856.0,1856.0,16.0,662.0,1,0.0,8.7,0.4,none,0
0.0,1856.0,1856.0,16.0,359.0,1,0.0,2.2,0.4,none,0
0.0,1856.0,1856.0,16.0,469.0,1,0.0,3.91,0.37,none,0
0.0,1856.0,1856.0,16.0,488.0,1,0.0,7.01,0.37,none,0
0.0,1954.0,1954.0,16.0,559.0,1,0.0,9.42,0.37,none,0
0.0,0.0,0.0,16.0,451.0,1,0.0,1.31,0.37,none,0
0.0,1856.0,1856.0,16.0,322.0,1,0.0,4.12,0.37,none,0
0.0,1856.0,1856.0,16.0,464.0,1,0.0,6.72,0.42,none,0
0.0,1856.0,1856.0,16.0,397.0,1,0.0,2.2,0.42,none,0
0.0,1950.0,1950.0,16.0,392.0,1,0.0,2.19,0.42,none,0
0.0,1856.0,1856.0,16.0,758.0,1,0.0,9.87,0.42,none,0
0.0,928.0,928.0,16.0,255.0,1,0.0,0.53,0.42,none,0
0.0,1752.0,1752.0,16.0,346.0,2,0.0,3.64,0.47,none,0
0.0,1130.0,1032.0,15.0,416.0,1,0.0,3.12,0.47,none,0
0.0,1856.0,1954.0,16.0,597.0,1,0.0,5.94,0.47,none,0
0.0,1856.0,1856.0,16.0,666.0,1,0.0,9.11,0.47,none,0
0.0,1856.0,1856.0,16.0,470.0,1,0.0,3.62,0.43,none,0
0.0,1856.0,1856.0,16.0,492.0,1,0.0,6.82,0.43,none,0
0.0,1856.0,1856.0,16.0,454.0,1,0.0,7.01,0.43,none,0
0.0,1856.0,1856.0,16.0,333.0,1,0.0,1.06,0.43,none,0
0.0,0.0,0.0,16.0,508.0,1,0.0,2.43,0.43,none,0
0.0,1856.0,1856.0,16.0,366.0,1,0.0,4.47,0.39,none,0
0.0,1856.0,1856.0,16.0,479.0,1,0.0,7.33,0.39,none,0
0.0,1954.0,1954.0,16.0,556.0,1,0.0,5.19,0.39,none,0
0.0,1856.0,1856.0,16.0,503.0,1,0.0,6.05,0.39,none,0
0.0,1856.0,1856.0,16.0,431.0,1,0.0,4.51,0.39,none,0
0.0,0.0,0.0,16.0,340.0,1,0.0,2.61,0.36,none,0
0.0,1856.0,1856.0,16.0,423.0,1,0.0,6.48,0.36,none,0
0.0,1898.0,1898.0,16.0,421.0,1,0.0,2.28,0.36,none,0
0.0,1856.0,1856.0,16.0,575.0,1,0.0,4.96,0.36,none,0
0.0,1856.0,1856.0,15.0,582.0,1,0.0,2.94,0.33,none,0
0.0,1856.0,1856.0,16.0,436.0,1,0.0,4.74,0.33,none,0
0.0,1954.0,1954.0,16.0,504.0,1,0.0,3.59,0.33,none,0
0.0,1856.0,1856.0,16.0,401.0,1,0.0,2.39,0.33,none,0
0.0,1856.0,1856.0,16.0,589.0,1,0.0,5.96,0.33,none,0
0.0,1856.0,1856.0,16.0,460.0,1,0.0,4.03,0.31,none,0
0.0,1856.0,1856.0,16.0,305.0,1,0.0,3.15,0.31,none,0
0.0,0.0,0.0,16.0,190.0,1,0.0,0.52,0.31,none,0
0.0,200.0,200.0,22.0,1266.0,0,0.0,9.69,0.94,none,0
0.0,200.0,200.0,22.0,854.0,0,11.5,10.86,1.26,none,0
0.0,0.0,0.0,22.0,792.0,0,16.4,15.64,1.26,none,0
0.0,298.0,298.0,22.0,1043.0,0,12.3,42.29,1.26,none,0
0.0,0.0,0.0,22.0,489.0,0,14.8,9.55,1.26,none,0
0.0,200.0,200.0,22.0,878.0,0,17.8,14.72,1.8,none,0
0.0,200.0,200.0,22.0,1286.0,0,0.0,9.94,1.8,none,0
0.0,198.0,198.0,22.0,797.0,0,0.0,7.56,1.8,none,0
0.0,200.0,200.0,22.0,1169.0,0,0.0,12.63,1.8,none,0
0.0,200.0,200.0,22.0,1067.0,0,0.0,9.8,1.66,none,0
0.0,200.0,200.0,22.0,612.0,0,0.0,7.69,1.66,none,0
0.0,100.0,100.0,22.0,459.0,0,0.0,3.63,1.66,none,0
0.0,298.0,298.0,22.0,728.0,0,0.0,10.28,1.66,none,0
0.0,200.0,200.0,22.0,1227.0,0,0.0,7.51,1.66,none,0
0.0,200.0,200.0,22.0,1187.0,0,0.0,10.15,1.69,none,0
0.0,100.0,100.0,22.0,806.0,0,0.0,5.26,1.69,none,0
0.0,198.0,198.0,22.0,1728.0,0,0.0,11.15,1.69,none,0
0.0,200.0,200.0,22.0,1564.0,0,0.0,13.14,1.69,none,0
0.0,200.0,200.0,22.0,620.0,0,0.0,7.07,1.63,none,0
0.0,200.0,200.0,22.0,884.0,0,0.0,6.02,1.63,none,0
0.0,100.0,100.0,21.0,929.0,0,0.0,6.34,1.63,none,0
0.0,242.0,242.0,24.0,920.0,0,0.0,8.28,1.63,none,0
0.0,298.0,298.0,24.0,871.0,0,0.0,8.41,1.63,none,0
0.0,100.0,100.0,24.0,1443.0,0,0.0,6.49,1.5,none,0
0.0,200.0,200.0,24.0,918.0,0,0.0,5.75,1.5,none,0
0.0,200.0,200.0,24.0,971.0,0,0.0,6.99,1.5,none,0
0.0,198.0,198.0,24.0,643.0,0,13.0,13.92,1.5,none,0
0.0,142.0,142.0,24.0,1518.0,0,10.2,23.53,1.5,none,0
0.0,200.0,200.0,24.0,757.0,0,0.0,6.74,2.18,none,0
0.0,200.0,200.0,24.0,627.0,0,0.0,8.61,2.18,none,0
0.0,100.0,100.0,24.0,544.0,0,0.0,4.56,2.18,none,0
0.0,298.0,298.0,24.0,661.0,0,0.0,9.09,2.18,none,0
0.0,200.0,200.0,24.0,748.0,0,0.0,8.98,2.57,none,0
0.0,100.0,100.0,24.0,374.0,0,0.0,2.16,2.57,none,0
0.0,200.0,200.0,24.0,562.0,0,0.0,4.97,2.57,none,0
0.0,298.0,298.0,24.0,500.0,0,0.0,4.79,2.57,none,0
0.0,100.0,100.0,24.0,540.0,0,0.0,5.12,2.57,none,0
0.0,200.0,200.0,24.0,706.0,0,0.0,6.67,2.36,none,0
0.0,200.0,200.0,24.0,505.0,0,0.0,6.2,2.36,none,0
0.0,100.0,100.0,24.0,574.0,0,0.0,4.04,2.36,none,0
0.0,200.0,200.0,24.0,356.0,0,0.0,6.86,2.36,none,0
0.0,298.0,298.0,24.0,748.0,0,0.0,12.23,2.33,none,0
0.0,200.0,200.0,24.0,533.0,0,0.0,7.89,2.33,none,0
0.0,200.0,200.0,24.0,575.0,0,0.0,9.02,2.33,none,0
0.0,298.0,200.0,24.0,443.0,0,0.0,4.27,2.33,none,0
0.0,100.0,198.0,24.0,265.0,0,0.0,1.0,2.33,none,0
0.0,100.0,100.0,24.0,678.0,0,0.0,5.82,2.15,none,0
0.0,200.0,200.0,24.0,534.0,0,0.0,10.13,2.15,none,0
0.0,200.0,200.0,24.0,536.0,0,0.0,6.63,2.15,none,0
0.0,200.0,200.0,24.0,589.0,0,0.0,5.08,2.15,none,0
0.0,198.0,198.0,23.0,490.0,0,0.0,8.95,2.15,none,0
0.0,200.0,200.0,24.0,637.0,0,0.0,8.74,2.05,none,0
0.0,200.0,200.0,24.0,433.0,0,0.0,6.7,2.05,none,0
0.0,100.0,100.0,24.0,413.0,0,0.0,3.44,2.05,none,0
0.0,298.0,298.0,24.0,652.0,0,0.0,14.55,2.05,none,0
0.0,242.0,242.0,24.0,513.0,0,0.0,8.64,1.97,none,0
0.0,100.0,100.0,24.0,513.0,0,0.0,4.87,1.97,none,0
0.0,100.0,100.0,24.0,305.0,0,0.0,2.8,1.97,none,0
0.0,200.0,200.0,24.0,602.0,0,0.0,8.26,1.97,none,0
0.0,200.0,200.0,23.0,519.0,0,0.0,8.77,1.97,none,0
0.0,298.0,298.0,24.0,514.0,0,0.0,6.65,1.89,none,0
0.0,200.0,200.0,24.0,511.0,0,0.0,2.48,1.89,none,0
0.0,200.0,200.0,24.0,541.0,0,0.0,8.14,1.89,none,0
0.0,298.0,298.0,24.0,507.0,0,0.0,5.22,1.89,none,0
0.0,242.0,242.0,24.0,310.0,0,0.0,2.15,1.82,none,0
0.0,100.0,100.0,24.0,248.0,0,0.0,1.26,1.82,none,0
0.0,100.0,100.0,24.0,514.0,0,0.0,5.34,1.82,none,0
0.0,200.0,200.0,24.0,455.0,0,0.0,8.05,1.82,none,0
0.0,0.0,0.0,9.0,127.0,0,0.0,0.0,0.1,none,0
0.0,0.0,0.0,9.0,159.0,0,0.0,0.24,0.1,none,0
0.0,0.0,0.0,9.0,219.0,0,0.0,0.0,0.1,none,0
0.0,42.0,42.0,9.0,298.0,0,0.0,0.5,0.09,none,0
0.0,0.0,0.0,9.0,172.0,0,0.0,0.0,0.09,none,0
0.0,0.0,0.0,9.0,194.0,0,0.0,0.0,0.09,none,0
0.0,0.0,0.0,9.0,171.0,0,0.0,0.0,0.09,none,0
0.0,0.0,0.0,9.0,253.0,0,0.0,0.25,0.09,none,0
0.0,98.0,98.0,9.0,387.0,0,0.0,1.82,0.09,none,0
0.0,0.0,0.0,9.0,154.0,0,0.0,0.0,0.09,none,0
0.0,0.0,0.0,9.0,175.0,0,0.0,0.25,0.09,none,0
0.0,0.0,0.0,9.0,147.0,0,0.0,0.0,0.09,none,0
0.0,0.0,0.0,9.0,159.0,0,0.0,0.0,0.08,none,0
0.0,0.0,0.0,9.0,125.0,0,0.0,0.0,0.08,none,0
0.0,0.0,0.0,9.0,364.0,0,0.0,0.26,0.08,none,0
0.0,0.0,0.0,9.0,154.0,0,0.0,0.0,0.08,none,0
0.0,0.0,0.0,9.0,138.0,0,0.0,0.25,0.08,none,0
0.0,0.0,0.0,9.0,155.0,0,0.0,0.25,0.07,none,0
0.0,98.0,98.0,9.0,483.0,0,0.0,1.02,0.07,none,0
0.0,0.0,0.0,9.0,330.0,0,0.0,1.02,0.07,none,0
0.0,0.0,0.0,9.0,219.0,0,0.0,0.25,0.07,none,0
0.0,0.0,0.0,9.0,195.0,0,0.0,0.0,0.07,none,0
0.0,0.0,0.0,9.0,117.0,0,0.0,0.25,0.07,none,0
0.0,0.0,0.0,9.0,220.0,0,0.0,0.0,0.07,none,0
0.0,0.0,0.0,9.0,251.0,0,0.0,0.25,0.07,none,0
0.0,0.0,0.0,9.0,151.0,0,0.0,0.0,0.07,none,0
0.0,0.0,0.0,9.0,295.0,0,0.0,0.51,0.07,none,0
0.0,0.0,0.0,9.0,290.0,0,0.0,3.55,0.06,none,0
0.0,0.0,0.0,9.0,86.0,0,0.0,0.0,0.06,none,0
0.0,98.0,98.0,9.0,241.0,0,0.0,0.26,0.06,none,0
0.0,0.0,194.0,9.0,208.0,0,0.0,0.25,0.06,none,0
0.0,0.0,0.0,9.0,249.0,0,0.0,1.02,0.06,none,0
0.0,0.0,0.0,9.0,196.0,0,0.0,0.25,0.06,none,0
0.0,0.0,0.0,9.0,118.0,0,0.0,0.25,0.06,none,0
0.0,84.0,84.0,9.0,128.0,0,0.0,0.0,0.06,none,0
0.0,0.0,0.0,9.0,112.0,0,0.0,0.0,0.06,none,0
0.0,0.0,0.0,9.0,143.0,0,0.0,0.25,0.06,none,0
0.0,0.0,0.0,9.0,68.0,0,0.0,0.0,0.05,none,0
0.0,0.0,0.0,9.0,265.0,0,0.0,0.77,0.05,none,0
0.0,98.0,98.0,9.0,251.0,0,0.0,1.51,0.05,none,0
0.0,0.0,0.0,9.0,193.0,0,0.0,0.25,0.05,none,0
0.0,0.0,0.0,9.0,77.0,0,0.0,0.0,0.05,none,0
0.0,0.0,0.0,9.0,156.0,0,0.0,0.0,0.05,none,0
0.0,0.0,0.0,9.0,115.0,0,0.0,0.24,0.05,none,0
0.0,0.0,0.0,9.0,390.0,0,0.0,2.05,0.05,none,0
0.0,0.0,0.0,9.0,106.0,0,0.0,0.24,0.05,none,0
0.0,0.0,0.0,9.0,78.0,0,0.0,0.0,0.04,none,0
0.0,0.0,0.0,9.0,130.0,0,0.0,0.25,0.04,none,0
0.0,0.0,0.0,9.0,156.0,0,0.0,0.0,0.04,none,0
0.0,0.0,0.0,9.0,223.0,0,0.0,2.24,0.04,none,0
0.0,98.0,98.0,9.0,285.0,0,0.0,0.76,0.04,none,0
0.0,0.0,0.0,9.0,136.0,0,0.0,0.0,0.04,none,0
0.0,0.0,0.0,9.0,107.0,0,0.0,0.0,0.04,none,0
0.0,0.0,0.0,9.0,68.0,0,0.0,0.24,0.04,none,0
0.0,0.0,0.0,9.0,325.0,0,0.0,2.29,0.04,none,0
0.0,0.0,0.0,9.0,111.0,0,0.0,0.25,0.04,none,0
0.0,0.0,0.0,9.0,123.0,0,0.0,0.25,0.04,none,0
0.0,0.0,0.0,9.0,250.0,0,0.0,1.54,0.04,none,0
0.0,0.0,0.0,9.0,113.0,0,0.0,0.25,0.04,none,0
0.0,0.0,0.0,9.0,79.0,0,0.0,0.0,0.04,none,0
0.0,98.0,98.0,9.0,272.0,0,0.0,0.51,0.04,none,0
0.0,0.0,0.0,9.0,239.0,0,0.0,1.69,0.03,none,0
0.0,0.0,0.0,9.0,149.0,0,0.0,0.0,0.03,none,0
0.0,0.0,0.0,9.0,104.0,0,0.0,0.0,0.03,none,0
0.0,0.0,0.0,9.0,130.0,0,0.0,0.0,0.03,none,0
0.0,42.0,42.0,9.0,386.0,0,0.0,1.41,0.03,none,0
0.0,0.0,0.0,9.0,220.0,0,0.0,0.17,0.03,none,0
0.0,0.0,0.0,9.0,95.0,0,0.0,0.0,0.03,none,0
0.0,0.0,0.0,9.0,341.0,0,0.0,0.11,0.03,none,0
0.0,98.0,98.0,9.0,401.0,0,0.0,1.43,0.03,none,0
0.0,0.0,0.0,9.0,615.0,0,0.0,0.45,0.03,none,0
0.0,0.0,0.0,9.0,771.0,0,0.0,0.18,0.03,none,0
0.0,0.0,0.0,9.0,514.0,0,0.0,1.44,0.02,none,0
0.0,0.0,0.0,9.0,204.0,0,0.0,0.17,0.02,none,0
0.0,0.0,0.0,9.0,106.0,0,0.0,0.0,0.02,none,0
0.0,0.0,0.0,9.0,178.0,0,0.0,0.7,0.02,none,0
0.0,0.0,0.0,9.0,187.0,0,0.0,0.25,0.02,none,0
0.0,98.0,98.0,9.0,354.0,0,0.0,0.47,0.02,none,0
0.0,0.0,0.0,9.0,182.0,0,0.0,0.33,0.02,none,0
0.0,84.0,84.0,9.0,422.0,0,0.0,0.15,0.02,none,0
0.0,0.0,0.0,9.0,68.0,0,0.0,0.0,0.1,none,0
0.0,98.0,0.0,9.0,73.0,0,0.0,0.5,0.1,none,0
0.0,0.0,98.0,9.0,109.0,0,0.0,0.26,0.1,none,0
0.0,0.0,0.0,9.0,58.0,0,0.0,0.5,0.1,none,0
0.0,0.0,0.0,9.0,54.0,0,0.0,0.49,0.25,none,0
0.0,0.0,0.0,9.0,174.0,0,0.0,0.48,0.25,none,0
0.0,0.0,0.0,9.0,365.0,0,0.0,0.17,0.25,none,0
0.0,0.0,0.0,9.0,149.0,0,0.0,0.21,0.23,none,0
0.0,98.0,98.0,9.0,242.0,0,0.0,0.0,0.23,none,0
0.0,0.0,0.0,9.0,309.0,0,0.0,1.21,0.23,none,0
0.0,0.0,0.0,9.0,160.0,0,0.0,0.18,0.21,none,0
0.0,0.0,0.0,9.0,105.0,0,0.0,0.0,0.21,none,0
0.0,0.0,0.0,9.0,157.0,0,0.0,0.0,0.21,none,0
0.0,0.0,0.0,9.0,141.0,0,0.0,0.16,0.21,none,0
0.0,0.0,0.0,9.0,334.0,0,0.0,0.52,0.2,none,0
0.0,0.0,0.0,9.0,249.0,0,0.0,0.26,0.2,none,0
0.0,98.0,98.0,9.0,237.0,0,0.0,0.5,0.2,none,0
0.0,0.0,0.0,9.0,281.0,0,0.0,0.45,0.18,none,0
0.0,0.0,0.0,8.0,234.0,0,0.0,0.13,0.18,none,0
0.0,42.0,42.0,9.0,376.0,0,0.0,0.65,0.18,none,0
0.0,0.0,0.0,8.0,188.0,0,0.0,0.0,0.16,none,0
0.0,0.0,0.0,9.0,438.0,0,0.0,0.59,0.16,none,0
0.0,98.0,98.0,9.0,264.0,0,0.0,0.52,0.16,none,0
0.0,0.0,0.0,9.0,194.0,0,0.0,0.24,0.15,none,0
0.0,0.0,0.0,9.0,143.0,0,0.0,0.0,0.15,none,0
0.0,0.0,0.0,9.0,100.0,0,0.0,0.0,0.15,none,0
0.0,0.0,0.0,9.0,269.0,0,0.0,0.13,0.15,none,0
0.0,0.0,0.0,9.0,109.0,0,0.0,0.23,0.14,none,0
0.0,0.0,0.0,9.0,194.0,0,0.0,0.32,0.14,none,0
0.0,0.0,0.0,9.0,173.0,0,0.0,0.0,0.14,none,0
0.0,0.0,0.0,9.0,188.0,0,0.0,0.23,0.14,none,0
0.0,98.0,98.0,9.0,366.0,0,0.0,2.24,0.21,none,0
0.0,0.0,0.0,9.0,125.0,0,0.0,0.25,0.21,none,0
0.0,0.0,0.0,9.0,436.0,0,0.0,0.55,0.21,none,0
0.0,0.0,0.0,9.0,150.0,0,0.0,0.0,0.21,none,0
0.0,42.0,42.0,9.0,174.0,0,0.0,0.21,0.19,none,0
0.0,0.0,0.0,9.0,278.0,0,0.0,0.71,0.19,none,0
0.0,0.0,0.0,9.0,111.0,0,0.0,0.49,0.19,none,0
0.0,0.0,0.0,9.0,240.0,0,0.0,0.16,0.19,none,0
0.0,98.0,98.0,9.0,345.0,0,0.0,1.53,0.18,none,0
0.0,0.0,0.0,9.0,3434.0,0,0.0,4.02,0.18,none,0
0.0,0.0,0.0,8.0,457.0,0,0.0,2.06,0.18,none,0
0.0,0.0,0.0,9.0,393.0,0,0.0,2.14,0.18,none,0
0.0,0.0,0.0,9.0,233.0,0,0.0,0.38,0.24,none,0
0.0,42.0,42.0,9.0,122.0,0,0.0,0.25,0.24,none,0
0.0,0.0,0.0,9.0,309.0,0,0.0,1.28,0.24,none,0
0.0,0.0,0.0,9.0,801.0,0,0.0,0.62,0.24,none,0
0.0,0.0,0.0,9.0,201.0,0,0.0,0.0,0.3,none,0
0.0,98.0,98.0,9.0,983.0,0,0.0,1.52,0.3,none,0
0.0,0.0,0.0,9.0,2965.0,0,0.0,4.07,0.3,none,0
0.0,0.0,0.0,9.0,323.0,0,0.0,0.74,0.3,none,0
0.0,0.0,0.0,9.0,658.0,0,0.0,1.05,0.3,none,0
0.0,0.0,0.0,9.0,728.0,0,0.0,0.45,0.28,none,0
0.0,0.0,0.0,9.0,374.0,0,0.0,0.5,0.28,none,0
0.0,0.0,0.0,9.0,778.0,0,0.0,0.25,0.28,none,0
0.0,0.0,0.0,9.0,721.0,0,0.0,2.54,0.28,none,0
0.0,0.0,0.0,9.0,999.0,0,0.0,0.5,0.28,none,0
0.0,0.0,0.0,9.0,5619.0,0,0.0,12.47,0.42,none,0
0.0,98.0,98.0,9.0,9173.0,0,0.0,25.64,0.42,none,0
0.0,0.0,0.0,9.0,3912.0,0,0.0,3.38,0.42,none,0
0.0,0.0,0.0,9.0,264.0,0,0.0,0.46,0.42,none,0
0.0,0.0,0.0,9.0,298.0,0,0.0,0.24,0.38,none,0
0.0,0.0,0.0,9.0,257.0,0,0.0,0.21,0.38,none,0
0.0,0.0,0.0,8.0,390.0,0,0.0,0.3,0.38,none,0
0.0,0.0,0.0,9.0,443.0,0,0.0,0.84,0.38,none,0
0.0,98.0,98.0,9.0,807.0,0,0.0,0.85,0.35,none,0
0.0,0.0,0.0,9.0,294.0,0,0.0,0.24,0.35,none,0
0.0,0.0,0.0,8.0,237.0,0,0.0,1.42,0.35,none,0
0.0,0.0,0.0,9.0,323.0,0,0.0,1.55,0.35,none,0
0.0,0.0,0.0,9.0,159.0,0,0.0,0.24,0.32,none,0
0.0,42.0,42.0,9.0,192.0,0,0.0,0.0,0.32,none,0
0.0,0.0,0.0,9.0,121.0,0,0.0,0.22,0.32,none,0
0.0,0.0,0.0,9.0,142.0,0,0.0,0.22,0.32,none,0
0.0,0.0,0.0,9.0,304.0,0,0.0,1.77,0.3,none,0
0.0,0.0,0.0,9.0,277.0,0,0.0,0.19,0.3,none,0
0.0,98.0,98.0,9.0,425.0,0,0.0,2.6,0.3,none,0
0.0,0.0,0.0,9.0,229.0,0,0.0,0.25,0.3,none,0
0.0,0.0,0.0,9.0,166.0,0,0.0,0.19,0.3,none,0
0.0,0.0,0.0,9.0,276.0,0,0.0,0.73,0.27,none,0
0.0,42.0,42.0,9.0,168.0,0,0.0,0.2,0.27,none,0
0.0,0.0,0.0,9.0,180.0,0,0.0,0.19,0.27,none,0
0.0,0.0,0.0,9.0,207.0,0,0.0,0.2,0.27,none,0
0.0,0.0,0.0,9.0,534.0,0,0.0,1.4,0.25,none,0
0.0,98.0,98.0,9.0,326.0,0,0.0,1.75,0.25,none,0
0.0,0.0,0.0,9.0,276.0,0,0.0,0.08,0.23,none,0
0.0,0.0,0.0,9.0,421.0,0,0.0,1.79,0.23,none,0
0.0,0.0,0.0,9.0,130.0,0,0.0,0.2,0.23,none,0
0.0,0.0,0.0,9.0,213.0,0,0.0,0.0,0.23,none,0
0.0,0.0,0.0,9.0,272.0,0,0.0,0.25,0.21,none,0
0.0,98.0,0.0,9.0,436.0,0,0.0,0.39,0.21,none,0
0.0,0.0,98.0,9.0,212.0,0,0.0,1.1,0.21,none,0
0.0,0.0,0.0,9.0,252.0,0,0.0,0.87,0.21,none,0
0.0,0.0,0.0,9.0,276.0,0,0.0,0.0,0.2,none,0
0.0,0.0,0.0,9.0,149.0,0,0.0,0.99,0.2,none,0
0.0,42.0,42.0,9.0,209.0,0,0.0,0.61,0.2,none,0
0.0,0.0,0.0,9.0,93.0,0,0.0,0.0,0.2,none,0
0.0,0.0,0.0,9.0,162.0,0,0.0,0.22,0.18,none,0
0.0,0.0,0.0,9.0,221.0,0,0.0,0.17,0.18,none,0
0.0,98.0,98.0,9.0,446.0,0,0.0,0.94,0.18,none,0
0.0,0.0,0.0,9.0,352.0,0,0.0,0.19,0.17,none,0
0.0,0.0,0.0,9.0,337.0,0,0.0,0.0,0.17,none,0
0.0,0.0,0.0,9.0,332.0,0,0.0,0.0,0.17,none,0
0.0,0.0,0.0,9.0,282.0,0,0.0,0.18,0.15,none,0
0.0,0.0,0.0,9.0,198.0,0,0.0,0.18,0.15,none,0
0.0,0.0,0.0,9.0,306.0,0,0.0,0.78,0.15,none,0
0.0,98.0,98.0,9.0,161.0,0,0.0,0.25,0.15,none,0
0.0,0.0,0.0,9.0,205.0,0,0.0,0.25,0.15,none,0
0.0,0.0,0.0,9.0,76.0,0,0.0,0.0,0.14,none,0
0.0,0.0,0.0,9.0,195.0,0,0.0,0.25,0.14,none,0
0.0,0.0,0.0,9.0,277.0,0,0.0,0.76,0.14,none,0
0.0,0.0,0.0,9.0,141.0,0,0.0,0.5,0.14,none,0
0.0,0.0,0.0,9.0,122.0,0,0.0,0.25,0.13,none,0
0.0,0.0,0.0,9.0,240.0,0,0.0,0.0,0.13,none,0
0.0,0.0,0.0,9.0,159.0,0,0.0,0.21,0.13,none,0
0.0,98.0,98.0,9.0,539.0,0,0.0,4.66,0.13,none,0
0.0,0.0,0.0,9.0,299.0,0,0.0,3.06,0.13,none,0
0.0,0.0,0.0,9.0,76.0,0,0.0,0.0,0.12,none,0
0.0,0.0,0.0,9.0,139.0,0,0.0,0.23,0.12,none,0
0.0,0.0,0.0,8.0,194.0,0,0.0,0.76,0.12,none,0
0.0,42.0,42.0,9.0,417.0,0,0.0,0.72,0.11,none,0
0.0,0.0,0.0,9.0,231.0,0,0.0,0.0,0.11,none,0
0.0,98.0,98.0,9.0,459.0,0,0.0,1.26,0.11,none,0
0.0,0.0,0.0,9.0,118.0,0,0.0,0.0,0.1,none,0
0.0,0.0,0.0,9.0,161.0,0,0.0,0.0,0.1,none,0
0.0,0.0,0.0,9.0,101.0,0,0.0,0.24,0.1,none,0
0.0,42.0,42.0,9.0,276.0,0,0.0,0.78,0.1,none,0
0.0,0.0,0.0,9.0,93.0,0,0.0,0.0,0.1,none,0
0.0,0.0,0.0,9.0,323.0,0,0.0,0.25,0.09,none,0
0.0,0.0,0.0,9.0,78.0,0,0.0,0.0,0.09,none,0
0.0,0.0,0.0,9.0,203.0,0,0.0,0.5,0.09,none,0
0.0,98.0,98.0,9.0,443.0,0,0.0,4.13,0.09,none,0
0.0,0.0,0.0,9.0,77.0,0,0.0,0.0,0.09,none,0
0.0,0.0,0.0,9.0,273.0,0,0.0,0.24,0.08,none,0
0.0,0.0,0.0,9.0,126.0,0,0.0,0.0,0.08,none,0
0.0,0.0,0.0,9.0,196.0,0,0.0,0.25,0.08,none,0
0.0,0.0,0.0,9.0,294.0,0,0.0,3.01,0.08,none,0
0.0,0.0,0.0,9.0,87.0,0,0.0,0.25,0.08,none,0
0.0,0.0,0.0,9.0,603.0,0,0.0,0.25,0.08,none,0
0.0,0.0,0.0,9.0,150.0,0,0.0,0.0,0.08,none,0
0.0,0.0,0.0,9.0,176.0,0,0.0,0.25,0.08,none,0
0.0,98.0,98.0,9.0,492.0,0,0.0,4.03,0.08,none,0
0.0,0.0,0.0,9.0,184.0,0,0.0,0.0,0.07,none,0
0.0,0.0,0.0,9.0,245.0,0,0.0,0.25,0.07,none,0
0.0,0.0,0.0,9.0,155.0,0,0.0,0.0,0.07,none,0
0.0,0.0,0.0,9.0,213.0,0,0.0,0.25,0.07,none,0
0.0,42.0,42.0,9.0,246.0,0,0.0,1.79,0.07,none,0
0.0,0.0,0.0,9.0,130.0,0,0.0,1.0,0.06,none,0
0.0,0.0,0.0,9.0,429.0,0,0.0,0.0,0.06,none,0
0.0,0.0,0.0,9.0,95.0,0,0.0,0.24,0.06,none,0
0.0,98.0,98.0,9.0,344.0,0,0.0,0.0,0.06,none,0
0.0,0.0,0.0,9.0,316.0,0,0.0,2.17,0.06,none,0
0.0,0.0,0.0,9.0,139.0,0,0.0,0.18,0.06,none,0
0.0,0.0,0.0,9.0,192.0,0,0.0,0.0,0.06,none,0
0.0,0.0,0.0,9.0,357.0,0,0.0,0.22,0.05,none,0
0.0,0.0,0.0,9.0,315.0,0,0.0,0.1,0.05,none,0
0.0,98.0,98.0,9.0,595.0,0,0.0,0.13,0.13,none,0
0.0,0.0,0.0,9.0,225.0,0,0.0,0.14,0.13,none,0
0.0,42.0,42.0,9.0,478.0,0,0.0,0.12,0.2,none,0
0.0,0.0,0.0,13.0,186.0,1,0.0,0.5,0.45,none,0
0.0,928.0,928.0,13.0,281.0,1,0.0,3.02,0.45,none,0
0.0,1012.0,1012.0,13.0,479.0,1,0.0,3.38,0.45,none,0
0.0,928.0,928.0,13.0,327.0,1,0.0,2.31,0.45,none,0
0.0,928.0,928.0,13.0,367.0,1,0.0,1.28,0.42,none,0
0.0,0.0,0.0,13.0,150.0,1,0.0,0.25,0.42,none,0
0.0,928.0,928.0,13.0,276.0,1,0.0,0.77,0.42,none,0
0.0,1026.0,1026.0,13.0,618.0,1,0.0,4.56,0.42,none,0
0.0,928.0,928.0,13.0,296.0,1,0.0,2.05,0.42,none,0
0.0,0.0,0.0,13.0,92.0,1,0.0,0.25,0.38,none,0
0.0,928.0,928.0,13.0,233.0,1,0.0,1.04,0.38,none,0
0.0,928.0,928.0,13.0,275.0,1,0.0,2.69,0.38,none,0
0.0,928.0,928.0,13.0,539.0,1,0.0,5.64,0.38,none,0
0.0,0.0,0.0,13.0,188.0,1,0.0,0.5,0.38,none,0
0.0,928.0,928.0,13.0,413.0,1,0.0,1.3,0.35,none,0
0.0,928.0,928.0,13.0,297.0,1,0.0,2.54,0.35,none,0
0.0,928.0,928.0,13.0,325.0,1,0.0,2.54,0.35,none,0
0.0,1026.0,1026.0,13.0,640.0,1,0.0,5.19,0.35,none,0
0.0,928.0,928.0,13.0,212.0,1,0.0,0.26,0.35,none,0
0.0,928.0,928.0,13.0,184.0,1,0.0,0.52,0.32,none,0
0.0,0.0,0.0,13.0,200.0,1,0.0,0.51,0.32,none,0
0.0,928.0,928.0,13.0,198.0,1,0.0,2.03,0.32,none,0
0.0,928.0,928.0,13.0,545.0,1,0.0,3.66,0.32,none,0
0.0,928.0,928.0,13.0,378.0,1,0.0,3.57,0.32,none,0
0.0,0.0,0.0,13.0,82.0,1,0.0,0.49,0.46,none,0
0.0,928.0,928.0,13.0,276.0,1,0.0,0.52,0.46,none,0
0.0,928.0,928.0,13.0,215.0,1,0.0,0.51,0.46,none,0
0.0,1026.0,1026.0,13.0,553.0,1,0.0,7.03,0.46,none,0
0.0,928.0,928.0,13.0,349.0,1,0.0,0.26,0.58,none,0
0.0,0.0,0.0,13.0,117.0,1,0.0,0.25,0.58,none,0
0.0,928.0,928.0,13.0,250.0,1,0.0,2.05,0.58,none,0
0.0,928.0,928.0,13.0,266.0,1,0.0,2.43,0.58,none,0
0.0,970.0,970.0,13.0,564.0,1,0.0,5.85,0.58,none,0
0.0,0.0,0.0,13.0,116.0,1,0.0,0.0,0.53,none,0
0.0,928.0,928.0,13.0,342.0,1,0.0,3.83,0.53,none,0
0.0,928.0,928.0,13.0,187.0,1,0.0,2.26,0.53,none,0
0.0,0.0,0.0,13.0,260.0,1,0.0,1.61,0.53,none,0
0.0,1026.0,1026.0,13.0,602.0,1,0.0,6.32,0.53,none,0
0.0,928.0,928.0,13.0,312.0,1,0.0,0.73,0.49,none,0
0.0,928.0,928.0,13.0,393.0,1,0.0,0.63,0.49,none,0
0.0,928.0,928.0,13.0,376.0,1,0.0,3.54,0.49,none,0
0.0,928.0,928.0,13.0,489.0,1,0.0,3.94,0.49,none,0
0.0,928.0,928.0,13.0,332.0,1,0.0,1.67,0.53,none,0
0.0,0.0,0.0,12.0,142.0,1,0.0,0.0,0.53,none,0
0.0,928.0,928.0,13.0,244.0,1,0.0,3.98,0.53,none,0
0.0,1026.0,1026.0,13.0,495.0,1,0.0,1.64,0.53,none,0
0.0,928.0,928.0,13.0,368.0,1,0.0,2.68,0.49,none,0
0.0,928.0,928.0,13.0,355.0,1,0.0,1.02,0.49,none,0
0.0,928.0,928.0,13.0,331.0,1,0.0,3.23,0.49,none,0
0.0,0.0,0.0,13.0,219.0,1,0.0,0.22,0.49,none,0
0.0,970.0,970.0,13.0,839.0,1,0.0,2.14,0.49,none,0
0.0,928.0,928.0,13.0,458.0,1,0.0,0.67,0.45,none,0
0.0,928.0,928.0,13.0,189.0,1,0.0,0.51,0.45,none,0
0.0,928.0,928.0,13.0,275.0,1,0.0,0.0,0.45,none,0
0.0,1026.0,1026.0,13.0,518.0,1,0.0,1.33,0.45,none,0
0.0,0.0,0.0,13.0,66.0,1,0.0,0.24,0.41,none,0
0.0,0.0,0.0,13.0,52.0,1,0.0,0.0,0.41,none,0
0.0,928.0,928.0,13.0,337.0,1,0.0,1.56,0.41,none,0
0.0,928.0,928.0,13.0,244.0,1,0.0,0.78,0.41,none,0
0.0,970.0,970.0,13.0,658.0,1,0.0,5.66,0.41,none,0
0.0,0.0,0.0,13.0,183.0,1,0.0,0.25,0.38,none,0
0.0,928.0,928.0,13.0,286.0,1,0.0,2.57,0.38,none,0
0.0,928.0,928.0,13.0,292.0,1,0.0,3.8,0.38,none,0
0.0,1026.0,928.0,13.0,411.0,1,0.0,4.11,0.38,none,0
0.0,0.0,98.0,13.0,166.0,1,0.0,0.75,0.35,none,0
0.0,928.0,928.0,13.0,491.0,1,0.0,5.12,0.35,none,0
0.0,928.0,928.0,13.0,258.0,1,0.0,0.78,0.35,none,0
0.0,928.0,928.0,13.0,484.0,1,0.0,4.92,0.35,none,0
0.0,0.0,0.0,13.0,78.0,1,0.0,0.24,0.35,none,0
0.0,928.0,928.0,13.0,373.0,1,0.0,4.53,0.32,none,0
0.0,928.0,928.0,13.0,489.0,1,0.0,2.89,0.32,none,0
0.0,824.0,824.0,13.0,119.0,2,0.0,0.5,0.32,none,0
0.0,104.0,104.0,13.0,168.0,1,0.0,0.77,0.32,none,0
0.0,928.0,928.0,13.0,216.0,1,0.0,0.51,0.32,none,0
0.0,1026.0,1026.0,13.0,354.0,1,0.0,2.1,0.3,none,0
0.0,0.0,0.0,13.0,351.0,1,0.0,2.58,0.3,none,0
0.0,928.0,928.0,13.0,312.0,1,0.0,0.52,0.3,none,0
0.0,928.0,928.0,13.0,167.0,1,0.0,0.25,0.3,none,0
0.0,0.0,0.0,13.0,136.0,1,0.0,0.0,0.3,none,0
0.0,0.0,0.0,13.0,128.0,1,0.0,0.0,0.27,none,0
0.0,928.0,928.0,13.0,312.0,1,0.0,1.59,0.27,none,0
0.0,0.0,0.0,13.0,220.0,1,0.0,0.5,0.27,none,0
0.0,928.0,928.0,13.0,394.0,1,0.0,0.78,0.27,none,0
0.0,928.0,928.0,13.0,326.0,1,0.0,2.81,0.27,none,0
0.0,98.0,98.0,13.0,370.0,1,0.0,1.86,0.25,none,0
0.0,928.0,928.0,13.0,548.0,1,0.0,1.64,0.25,none,0
0.0,928.0,928.0,13.0,381.0,1,0.0,1.52,0.25,none,0
0.0,928.0,928.0,13.0,312.0,1,0.0,0.52,0.25,none,0
0.0,970.0,970.0,13.0,310.0,1,0.0,1.79,0.23,none,0
0.0,0.0,0.0,13.0,186.0,1,0.0,1.5,0.23,none,0
0.0,928.0,928.0,13.0,479.0,1,0.0,2.87,0.23,none,0
0.0,928.0,928.0,13.0,230.0,1,0.0,0.78,0.23,none,0
0.0,1026.0,1026.0,13.0,436.0,1,0.0,3.83,0.21,none,0
0.0,928.0,928.0,13.0,140.0,1,0.0,0.52,0.21,none,0
0.0,0.0,0.0,13.0,135.0,1,0.0,0.48,0.21,none,0
0.0,772.0,772.0,13.0,185.0,2,0.0,0.25,0.21,none,0
0.0,156.0,156.0,13.0,428.0,1,0.0,3.66,0.21,none,0
0.0,970.0,970.0,13.0,361.0,1,0.0,2.33,0.19,none,0
0.0,928.0,928.0,13.0,344.0,1,0.0,2.81,0.19,none,0
0.0,928.0,928.0,13.0,270.0,1,0.0,0.0,0.19,none,0
0.0,0.0,0.0,13.0,241.0,1,0.0,1.52,0.19,none,0
0.0,928.0,928.0,13.0,287.0,1,0.0,1.79,0.19,none,0
0.0,1026.0,1026.0,13.0,434.0,1,0.0,2.13,0.18,none,0
0.0,928.0,928.0,13.0,211.0,1,0.0,1.28,0.18,none,0
0.0,0.0,0.0,13.0,111.0,1,0.0,0.0,0.18,none,0
0.0,928.0,928.0,13.0,443.0,1,0.0,3.86,0.18,none,0
0.0,928.0,928.0,13.0,308.0,1,0.0,4.15,0.18,none,0
0.0,0.0,0.0,13.0,232.0,1,0.0,1.47,0.16,none,0
0.0,928.0,928.0,13.0,217.0,1,0.0,0.77,0.16,none,0
0.0,928.0,928.0,13.0,218.0,1,0.0,1.05,0.16,none,0
0.0,928.0,928.0,13.0,521.0,1,0.0,3.66,0.16,none,0
0.0,0.0,0.0,13.0,77.0,1,0.0,0.25,0.16,none,0
0.0,928.0,928.0,13.0,167.0,1,0.0,0.26,0.23,none,0
0.0,1026.0,1026.0,13.0,338.0,1,0.0,2.62,0.23,none,0
0.0,928.0,928.0,13.0,299.0,1,0.0,3.53,0.23,none,0
0.0,928.0,928.0,13.0,541.0,1,0.0,4.43,0.23,none,0
0.0,0.0,0.0,13.0,252.0,1,0.0,0.75,0.23,none,0
0.0,928.0,928.0,13.0,297.0,1,0.0,3.26,0.29,none,0
0.0,970.0,970.0,13.0,215.0,1,0.0,1.78,0.29,none,0
0.0,928.0,928.0,13.0,235.0,1,0.0,1.04,0.29,none,0
0.0,928.0,928.0,13.0,480.0,1,0.0,5.88,0.29,none,0
0.0,172.0,172.0,13.0,149.0,2,0.0,0.25,0.35,none,0
0.0,756.0,756.0,13.0,270.0,1,0.0,1.26,0.35,none,0
0.0,1026.0,1026.0,13.0,315.0,1,0.0,0.53,0.35,none,0
0.0,0.0,0.0,13.0,143.0,1,0.0,0.25,0.35,none,0
0.0,928.0,928.0,13.0,460.0,1,0.0,3.4,0.35,none,0
0.0,928.0,928.0,13.0,404.0,1,0.0,1.59,0.4,none,0
0.0,928.0,928.0,13.0,306.0,1,0.0,3.03,0.4,none,0
0.0,354.0,354.0,13.0,183.0,2,0.0,1.51,0.4,none,0
0.0,574.0,574.0,13.0,235.0,1,0.0,0.51,0.4,none,0
0.0,928.0,928.0,13.0,337.0,1,0.0,3.76,0.4,none,0
0.0,928.0,928.0,13.0,448.0,1,0.0,3.4,0.37,none,0
0.0,928.0,928.0,13.0,142.0,1,0.0,1.78,0.37,none,0
0.0,98.0,98.0,13.0,398.0,1,0.0,2.99,0.37,none,0
0.0,2784.0,2784.0,13.0,716.0,1,0.0,1.49,0.74,none,0
0.0,928.0,928.0,13.0,216.0,1,0.0,1.13,0.74,none,0
0.0,42.0,42.0,13.0,236.0,1,0.0,0.25,0.74,none,0
0.0,928.0,928.0,13.0,272.0,1,0.0,1.68,0.74,none,0
0.0,928.0,928.0,13.0,391.0,1,0.0,1.94,0.74,none,0
0.0,928.0,928.0,13.0,3530.0,1,0.0,5.02,0.76,none,0
0.0,1026.0,1026.0,13.0,619.0,1,0.0,2.81,0.76,none,0
0.0,928.0,928.0,13.0,211.0,1,0.0,0.78,0.76,none,0
0.0,928.0,928.0,13.0,455.0,1,0.0,3.32,0.76,none,0
0.0,928.0,928.0,13.0,464.0,1,0.0,2.9,0.7,none,0
0.0,928.0,928.0,13.0,331.0,1,0.0,2.81,0.7,none,0
0.0,970.0,970.0,13.0,292.0,1,0.0,2.77,0.7,none,0
0.0,0.0,0.0,13.0,296.0,1,0.0,0.86,0.7,none,0
0.0,928.0,928.0,13.0,425.0,1,0.0,0.78,0.64,none,0
0.0,928.0,928.0,13.0,452.0,1,0.0,4.68,0.64,none,0
0.0,928.0,928.0,13.0,355.0,1,0.0,1.54,0.64,none,0
0.0,1026.0,1026.0,13.0,379.0,1,0.0,3.62,0.64,none,0
0.0,0.0,0.0,13.0,355.0,1,0.0,1.3,0.64,none,0
0.0,928.0,928.0,13.0,515.0,1,0.0,3.6,0.59,none,0
0.0,928.0,928.0,13.0,344.0,1,0.0,1.33,0.59,none,0
0.0,928.0,928.0,13.0,406.0,1,0.0,2.08,0.59,none,0
0.0,0.0,0.0,13.0,128.0,1,0.0,0.0,0.59,none,0
0.0,928.0,928.0,13.0,291.0,1,0.0,0.52,0.59,none,0
0.0,928.0,928.0,13.0,297.0,1,0.0,0.78,0.54,none,0
0.0,928.0,928.0,13.0,471.0,1,0.0,5.17,0.54,none,0
0.0,1026.0,1026.0,13.0,311.0,1,0.0,1.3,0.54,none,0
0.0,0.0,0.0,13.0,256.0,1,0.0,1.28,0.54,none,0
0.0,928.0,928.0,13.0,312.0,1,0.0,3.77,0.54,none,0
0.0,928.0,928.0,13.0,423.0,1,0.0,3.75,0.5,none,0
0.0,928.0,928.0,13.0,480.0,1,0.0,3.88,0.5,none,0
0.0,928.0,928.0,13.0,259.0,1,0.0,1.51,0.5,none,0
0.0,928.0,928.0,13.0,200.0,1,0.0,0.65,0.5,none,0
0.0,0.0,0.0,13.0,283.0,1,0.0,0.76,0.5,none,0
0.0,928.0,928.0,13.0,376.0,1,0.0,1.23,0.54,none,0
0.0,928.0,928.0,13.0,444.0,1,0.0,2.8,0.54,none,0
0.0,1026.0,1026.0,13.0,409.0,1,0.0,1.58,0.54,none,0
0.0,928.0,928.0,12.0,327.0,1,0.0,1.94,0.54,none,0
0.0,1856.0,1856.0,13.0,534.0,1,0.0,2.18,0.5,none,0
0.0,0.0,0.0,13.0,400.0,1,0.0,2.56,0.5,none,0
0.0,1012.0,1012.0,13.0,363.0,1,0.0,2.09,0.5,none,0
0.0,928.0,928.0,13.0,239.0,1,0.0,1.74,0.5,none,0
0.0,928.0,928.0,13.0,368.0,1,0.0,3.69,0.62,none,0
0.0,928.0,928.0,13.0,370.0,1,0.0,2.65,0.62,none,0
0.0,1954.0,1954.0,13.0,554.0,1,0.0,1.5,0.62,none,0
0.0,0.0,0.0,13.0,354.0,1,0.0,1.9,0.62,none,0
0.0,1856.0,1856.0,13.0,672.0,1,0.0,1.5,0.57,none,0
0.0,824.0,824.0,13.0,326.0,1,0.0,2.19,0.57,none,0
0.0,104.0,104.0,13.0,329.0,1,0.0,1.14,0.57,none,0
0.0,928.0,928.0,13.0,320.0,1,0.0,1.54,0.57,none,0
0.0,928.0,928.0,13.0,349.0,1,0.0,0.64,0.52,none,0
0.0,928.0,928.0,13.0,295.0,1,0.0,1.03,0.52,none,0
0.0,0.0,0.0,13.0,307.0,1,0.0,0.47,0.52,none,0
0.0,1954.0,1954.0,13.0,751.0,1,0.0,4.05,0.52,none,0
0.0,928.0,928.0,13.0,165.0,1,0.0,0.52,0.56,none,0
0.0,0.0,0.0,13.0,265.0,1,0.0,0.13,0.56,none,0
0.0,928.0,928.0,13.0,335.0,1,0.0,2.6,0.56,none,0
0.0,928.0,928.0,13.0,356.0,1,0.0,1.18,0.56,none,0
0.0,928.0,928.0,13.0,377.0,1,0.0,3.35,0.52,none,0
0.0,928.0,928.0,13.0,365.0,1,0.0,0.82,0.52,none,0
0.0,928.0,928.0,13.0,412.0,1,0.0,2.47,0.52,none,0
0.0,98.0,98.0,13.0,455.0,1,0.0,3.66,0.52,none,0
0.0,928.0,928.0,13.0,286.0,1,0.0,1.0,0.52,none,0
0.0,928.0,928.0,13.0,449.0,1,0.0,0.51,0.47,none,0
0.0,928.0,928.0,13.0,374.0,1,0.0,0.58,0.47,none,0
0.0,970.0,970.0,13.0,412.0,1,0.0,2.99,0.47,none,0
0.0,928.0,928.0,13.0,288.0,1,0.0,1.26,0.44,none,0
0.0,928.0,928.0,13.0,356.0,1,0.0,1.24,0.44,none,0
0.0,928.0,928.0,13.0,262.0,1,0.0,2.54,0.44,none,0
0.0,98.0,98.0,13.0,334.0,1,0.0,1.3,0.44,none,0
0.0,928.0,928.0,13.0,646.0,1,0.0,6.22,0.44,none,0
0.0,928.0,928.0,12.0,504.0,1,0.0,1.25,0.4,none,0
0.0,928.0,928.0,12.0,428.0,1,0.0,0.53,0.4,none,0
0.0,970.0,970.0,12.0,457.0,1,0.0,1.84,0.4,none,0
0.0,1856.0,1856.0,13.0,340.0,1,0.0,1.61,0.37,none,0
0.0,0.0,0.0,13.0,297.0,1,0.0,0.24,0.37,none,0
0.0,928.0,928.0,13.0,346.0,1,0.0,1.51,0.37,none,0
0.0,0.0,0.0,13.0,314.0,1,0.0,0.12,0.37,none,0
0.0,1026.0,1026.0,13.0,375.0,1,0.0,3.66,0.58,none,0
0.0,928.0,928.0,13.0,420.0,1,0.0,1.59,0.58,none,0
0.0,928.0,928.0,13.0,538.0,1,0.0,1.56,0.58,none,0
0.0,0.0,0.0,13.0,188.0,1,0.0,0.37,0.53,none,0
0.0,928.0,928.0,13.0,370.0,1,0.0,2.88,0.53,none,0
0.0,928.0,928.0,13.0,358.0,1,0.0,2.54,0.53,none,0
0.0,0.0,0.0,13.0,176.0,1,0.0,0.0,0.53,none,0
0.0,928.0,928.0,12.0,719.0,1,0.0,4.15,0.57,none,0
0.0,1026.0,1026.0,13.0,427.0,1,0.0,3.14,0.57,none,0
0.0,928.0,928.0,13.0,272.0,1,0.0,0.77,0.57,none,0
0.0,928.0,928.0,13.0,326.0,1,0.0,1.3,0.57,none,0
0.0,928.0,928.0,13.0,528.0,1,0.0,2.24,0.57,none,0
0.0,928.0,928.0,13.0,211.0,1,0.0,2.03,0.52,none,0
0.0,970.0,970.0,13.0,456.0,1,0.0,0.29,0.52,none,0
0.0,928.0,928.0,13.0,329.0,1,0.0,0.79,0.52,none,0
0.0,928.0,928.0,13.0,390.0,1,0.0,3.42,0.52,none,0
0.0,928.0,928.0,13.0,625.0,1,0.0,3.11,0.48,none,0
0.0,98.0,98.0,13.0,405.0,1,0.0,2.04,0.48,none,0
0.0,928.0,928.0,13.0,322.0,1,0.0,2.65,0.48,none,0
0.0,928.0,928.0,13.0,312.0,1,0.0,1.0,0.48,none,0
0.0,928.0,928.0,13.0,478.0,1,0.0,0.99,0.44,none,0
0.0,928.0,928.0,13.0,360.0,1,0.0,2.16,0.44,none,0
0.0,928.0,928.0,13.0,315.0,1,0.0,0.65,0.44,none,0
0.0,928.0,928.0,13.0,367.0,1,0.0,2.0,0.44,none,0
0.0,928.0,928.0,13.0,509.0,1,0.0,4.91,0.41,none,0
0.0,1026.0,1026.0,13.0,364.0,1,0.0,1.74,0.41,none,0
0.0,928.0,928.0,13.0,373.0,1,0.0,3.06,0.41,none,0
0.0,928.0,928.0,13.0,308.0,1,0.0,2.23,0.41,none,0
0.0,928.0,928.0,12.0,269.0,1,0.0,0.5,0.41,none,0
0.0,0.0,0.0,13.0,297.0,1,0.0,1.37,0.46,none,0
0.0,970.0,970.0,13.0,371.0,1,0.0,1.53,0.46,none,0
0.0,928.0,928.0,13.0,357.0,1,0.0,2.56,0.46,none,0
0.0,928.0,928.0,13.0,313.0,1,0.0,3.39,0.46,none,0
0.0,928.0,928.0,13.0,382.0,1,0.0,2.6,0.42,none,0
0.0,1026.0,1026.0,13.0,461.0,1,0.0,3.25,0.42,none,0
0.0,0.0,0.0,13.0,132.0,1,0.0,0.2,0.42,none,0
0.0,928.0,928.0,13.0,358.0,1,0.0,0.7,0.42,none,0
0.0,928.0,928.0,13.0,368.0,1,0.0,1.3,0.42,none,0
0.0,970.0,970.0,13.0,535.0,1,0.0,4.6,0.47,none,0
0.0,928.0,928.0,13.0,275.0,1,0.0,0.6,0.47,none,0
0.0,928.0,928.0,13.0,292.0,1,0.0,2.33,0.47,none,0
0.0,928.0,928.0,13.0,465.0,1,0.0,3.33,0.47,none,0
0.0,928.0,928.0,13.0,579.0,1,0.0,3.69,0.51,none,0
0.0,1026.0,1026.0,13.0,363.0,1,0.0,2.05,0.51,none,0
0.0,0.0,0.0,13.0,297.0,1,0.0,0.48,0.51,none,0
0.0,1856.0,1856.0,13.0,450.0,1,0.0,1.42,0.47,none,0
0.0,928.0,928.0,13.0,262.0,1,0.0,0.94,0.47,none,0
0.0,0.0,0.0,13.0,276.0,1,0.0,0.24,0.47,none,0
0.0,928.0,928.0,13.0,462.0,1,0.0,2.88,0.47,none,0
0.0,1856.0,1856.0,13.0,442.0,1,0.0,1.44,0.43,none,0
0.0,98.0,98.0,13.0,483.0,1,0.0,3.16,0.43,none,0
0.0,928.0,928.0,13.0,313.0,1,0.0,2.04,0.43,none,0
0.0,928.0,928.0,13.0,332.0,1,0.0,3.03,0.43,none,0
0.0,928.0,928.0,13.0,359.0,1,0.0,3.54,0.43,none,0
0.0,0.0,0.0,9.0,176.0,0,0.0,0.0,0.03,none,0
0.0,98.0,98.0,9.0,406.0,0,0.0,3.62,0.03,none,0
0.0,0.0,0.0,9.0,199.0,0,0.0,0.25,0.03,none,0
0.0,0.0,0.0,9.0,152.0,0,0.0,0.0,0.03,none,0
0.0,0.0,0.0,9.0,128.0,0,0.0,0.25,0.03,none,0
0.0,0.0,0.0,9.0,98.0,0,0.0,0.0,0.03,none,0
0.0,0.0,0.0,9.0,129.0,0,0.0,0.25,0.03,none,0
0.0,0.0,0.0,9.0,277.0,0,0.0,2.24,0.03,none,0
0.0,0.0,0.0,9.0,131.0,0,0.0,0.25,0.03,none,0
0.0,0.0,0.0,9.0,66.0,0,0.0,0.0,0.03,none,0
0.0,0.0,0.0,9.0,118.0,0,0.0,0.25,0.03,none,0
0.0,98.0,98.0,9.0,385.0,0,0.0,1.33,0.03,none,0
0.0,0.0,0.0,9.0,75.0,0,0.0,0.0,0.03,none,0
0.0,0.0,0.0,9.0,253.0,0,0.0,2.53,0.03,none,0
0.0,0.0,0.0,9.0,149.0,0,0.0,0.0,0.03,none,0
0.0,0.0,0.0,9.0,74.0,0,0.0,0.0,0.03,none,0
0.0,0.0,0.0,9.0,156.0,0,0.0,0.25,0.03,none,0
0.0,0.0,0.0,9.0,85.0,0,0.0,0.0,0.03,none,0
0.0,0.0,0.0,9.0,110.0,0,0.0,0.0,0.03,none,0
0.0,0.0,0.0,9.0,382.0,0,0.0,0.26,0.1,none,0
0.0,0.0,0.0,9.0,129.0,0,0.0,0.25,0.1,none,0
0.0,0.0,0.0,9.0,143.0,0,0.0,0.0,0.1,none,0
0.0,98.0,98.0,9.0,247.0,0,0.0,1.52,0.1,none,0
0.0,0.0,0.0,9.0,140.0,0,0.0,0.0,0.1,none,0
0.0,0.0,0.0,9.0,74.0,0,0.0,0.25,0.1,none,0
0.0,0.0,0.0,9.0,248.0,0,0.0,1.75,0.1,none,0
0.0,0.0,0.0,9.0,172.0,0,0.0,0.0,0.1,none,0
0.0,42.0,42.0,9.0,44.0,0,0.0,0.25,0.1,none,0
0.0,42.0,42.0,9.0,188.0,0,0.0,0.25,0.09,none,0
0.0,0.0,0.0,9.0,146.0,0,0.0,0.5,0.09,none,0
0.0,0.0,0.0,9.0,315.0,0,0.0,1.77,0.09,none,0
0.0,0.0,0.0,9.0,122.0,0,0.0,0.0,0.09,none,0
0.0,98.0,98.0,9.0,235.0,0,0.0,0.0,0.09,none,0
0.0,0.0,0.0,9.0,127.0,0,0.0,0.24,0.08,none,0
0.0,0.0,0.0,9.0,95.0,0,0.0,0.25,0.08,none,0
0.0,0.0,0.0,9.0,307.0,0,0.0,2.04,0.08,none,0
0.0,0.0,0.0,9.0,85.0,0,0.0,0.24,0.08,none,0
0.0,0.0,0.0,9.0,162.0,0,0.0,0.0,0.08,none,0
0.0,0.0,0.0,9.0,255.0,0,0.0,0.25,0.07,none,0
0.0,0.0,0.0,9.0,92.0,0,0.0,0.0,0.07,none,0
0.0,0.0,0.0,9.0,166.0,0,0.0,0.5,0.07,none,0
0.0,0.0,0.0,9.0,450.0,0,0.0,4.91,0.07,none,0
0.0,98.0,98.0,9.0,192.0,0,0.0,1.76,0.07,none,0
0.0,0.0,0.0,9.0,234.0,0,0.0,0.25,0.07,none,0
0.0,0.0,0.0,9.0,190.0,0,0.0,0.0,0.07,none,0
0.0,0.0,0.0,9.0,142.0,0,0.0,0.25,0.07,none,0
0.0,0.0,0.0,9.0,356.0,0,0.0,2.3,0.07,none,0
0.0,0.0,0.0,9.0,102.0,0,0.0,0.25,0.07,none,0
0.0,0.0,0.0,9.0,162.0,0,0.0,0.0,0.06,none,0
0.0,0.0,0.0,9.0,128.0,0,0.0,0.0,0.06,none,0
0.0,0.0,0.0,9.0,205.0,0,0.0,0.5,0.06,none,0
0.0,0.0,0.0,9.0,253.0,0,0.0,2.05,0.06,none,0
0.0,98.0,98.0,9.0,256.0,0,0.0,1.53,0.06,none,0
0.0,0.0,0.0,9.0,181.0,0,0.0,0.0,0.06,none,0
0.0,0.0,0.0,9.0,83.0,0,0.0,0.25,0.06,none,0
0.0,0.0,0.0,9.0,117.0,0,0.0,0.0,0.06,none,0
0.0,0.0,0.0,9.0,341.0,0,0.0,2.03,0.06,none,0
0.0,0.0,0.0,9.0,121.0,0,0.0,0.25,0.06,none,0
0.0,0.0,0.0,9.0,159.0,0,0.0,0.25,0.05,none,0
0.0,0.0,0.0,9.0,149.0,0,0.0,0.25,0.05,none,0
0.0,0.0,0.0,9.0,97.0,0,0.0,0.23,0.05,none,0
0.0,0.0,0.0,9.0,186.0,0,0.0,0.25,0.05,none,0
0.0,98.0,98.0,9.0,423.0,0,0.0,2.54,0.05,none,0
0.0,0.0,0.0,9.0,194.0,0,0.0,0.41,0.05,none,0
0.0,0.0,0.0,9.0,119.0,0,0.0,0.0,0.05,none,0
0.0,0.0,0.0,9.0,127.0,0,0.0,0.0,0.05,none,0
0.0,0.0,0.0,9.0,163.0,0,0.0,0.25,0.05,none,0
0.0,42.0,42.0,9.0,290.0,0,0.0,1.32,0.04,none,0
0.0,0.0,0.0,9.0,167.0,0,0.0,0.24,0.04,none,0
0.0,0.0,0.0,9.0,161.0,0,0.0,0.25,0.04,none,0
0.0,0.0,0.0,9.0,277.0,0,0.0,2.23,0.04,none,0
0.0,0.0,0.0,9.0,152.0,0,0.0,0.25,0.04,none,0
0.0,98.0,98.0,9.0,370.0,0,0.0,3.32,0.28,none,0
0.0,0.0,0.0,9.0,166.0,0,0.0,0.25,0.28,none,0
0.0,0.0,0.0,9.0,177.0,0,0.0,0.0,0.28,none,0
0.0,0.0,0.0,9.0,88.0,0,0.0,0.25,0.28,none,0
0.0,0.0,0.0,9.0,292.0,0,0.0,0.0,0.28,none,0
0.0,42.0,42.0,9.0,467.0,0,0.0,1.81,0.26,none,0
0.0,0.0,0.0,9.0,101.0,0,0.0,0.25,0.26,none,0
0.0,0.0,0.0,9.0,161.0,0,0.0,0.0,0.26,none,0
0.0,0.0,0.0,9.0,111.0,0,0.0,0.0,0.26,none,0
0.0,0.0,0.0,9.0,159.0,0,0.0,0.0,0.24,none,0
0.0,98.0,98.0,9.0,514.0,0,0.0,3.87,0.24,none,0
0.0,0.0,0.0,9.0,112.0,0,0.0,0.0,0.24,none,0
0.0,0.0,0.0,9.0,137.0,0,0.0,0.0,0.24,none,0
0.0,0.0,0.0,9.0,64.0,0,0.0,0.25,0.24,none,0
0.0,0.0,0.0,9.0,351.0,0,0.0,0.25,0.22,none,0
0.0,0.0,0.0,9.0,3326.0,0,0.0,3.97,0.22,none,0
0.0,0.0,0.0,9.0,130.0,0,0.0,0.25,0.22,none,0
0.0,0.0,0.0,9.0,155.0,0,0.0,0.0,0.22,none,0
0.0,0.0,0.0,9.0,115.0,0,0.0,0.25,0.22,none,0
0.0,0.0,0.0,9.0,151.0,0,0.0,0.25,0.2,none,0
0.0,98.0,98.0,9.0,459.0,0,0.0,2.33,0.2,none,0
0.0,0.0,0.0,9.0,59.0,0,0.0,0.0,0.2,none,0
0.0,0.0,0.0,9.0,134.0,0,0.0,0.25,0.2,none,0
0.0,0.0,0.0,9.0,159.0,0,0.0,0.0,0.2,none,0
0.0,0.0,0.0,9.0,199.0,0,0.0,0.0,0.26,none,0
0.0,0.0,0.0,9.0,373.0,0,0.0,1.53,0.26,none,0
0.0,0.0,0.0,9.0,147.0,0,0.0,0.25,0.26,none,0
0.0,0.0,0.0,9.0,174.0,0,0.0,0.0,0.26,none,0
0.0,0.0,0.0,9.0,324.0,0,0.0,2.53,0.26,none,0
0.0,0.0,0.0,9.0,162.0,0,0.0,0.22,0.24,none,0
0.0,98.0,98.0,9.0,534.0,0,0.0,3.87,0.24,none,0
0.0,0.0,0.0,9.0,137.0,0,0.0,0.0,0.24,none,0
0.0,0.0,0.0,9.0,207.0,0,0.0,0.23,0.24,none,0
0.0,0.0,0.0,9.0,288.0,0,0.0,0.0,0.22,none,0
0.0,42.0,42.0,9.0,178.0,0,0.0,0.25,0.22,none,0
0.0,0.0,0.0,9.0,286.0,0,0.0,0.73,0.22,none,0
0.0,0.0,0.0,9.0,128.0,0,0.0,0.23,0.22,none,0
0.0,0.0,0.0,9.0,116.0,0,0.0,0.0,0.22,none,0
0.0,0.0,0.0,9.0,180.0,0,0.0,0.25,0.21,none,0
0.0,0.0,0.0,9.0,128.0,0,0.0,0.0,0.21,none,0
0.0,0.0,0.0,9.0,210.0,0,0.0,0.0,0.21,none,0
0.0,98.0,98.0,9.0,374.0,0,0.0,0.53,0.21,none,0
0.0,0.0,0.0,9.0,250.0,0,0.0,0.0,0.21,none,0
0.0,0.0,0.0,9.0,162.0,0,0.0,0.25,0.19,none,0
0.0,0.0,0.0,9.0,130.0,0,0.0,0.0,0.19,none,0
0.0,0.0,0.0,9.0,77.0,0,0.0,0.25,0.19,none,0
0.0,42.0,42.0,9.0,304.0,0,0.0,0.51,0.19,none,0
0.0,0.0,0.0,9.0,88.0,0,0.0,0.0,0.17,none,0
0.0,0.0,0.0,9.0,215.0,0,0.0,0.25,0.17,none,0
0.0,0.0,0.0,9.0,81.0,0,0.0,0.0,0.17,none,0
0.0,0.0,0.0,9.0,80.0,0,0.0,0.0,0.17,none,0
0.0,98.0,98.0,9.0,409.0,0,0.0,2.35,0.17,none,0
0.0,0.0,0.0,9.0,96.0,0,0.0,0.25,0.16,none,0
0.0,0.0,0.0,9.0,169.0,0,0.0,0.25,0.16,none,0
0.0,0.0,0.0,9.0,155.0,0,0.0,0.0,0.16,none,0
0.0,0.0,0.0,9.0,119.0,0,0.0,0.25,0.16,none,0
0.0,0.0,0.0,9.0,466.0,0,0.0,3.69,0.16,none,0
0.0,0.0,0.0,9.0,100.0,0,0.0,0.0,0.15,none,0
0.0,0.0,0.0,9.0,76.0,0,0.0,0.49,0.15,none,0
0.0,0.0,0.0,9.0,149.0,0,0.0,0.0,0.15,none,0
0.0,0.0,0.0,9.0,68.0,0,0.0,0.25,0.15,none,0
0.0,98.0,98.0,9.0,318.0,0,0.0,2.59,0.15,none,0
0.0,0.0,0.0,9.0,208.0,0,0.0,0.25,0.13,none,0
0.0,0.0,0.0,9.0,164.0,0,0.0,0.25,0.13,none,0
0.0,0.0,0.0,9.0,173.0,0,0.0,0.0,0.13,none,0
0.0,0.0,0.0,9.0,84.0,0,0.0,0.25,0.13,none,0
0.0,0.0,0.0,9.0,161.0,0,0.0,0.26,0.13,none,0
0.0,0.0,0.0,9.0,150.0,0,0.0,0.0,0.12,none,0
0.0,0.0,0.0,9.0,90.0,0,0.0,0.48,0.12,none,0
0.0,0.0,0.0,9.0,108.0,0,0.0,0.0,0.12,none,0
0.0,0.0,0.0,9.0,126.0,0,0.0,0.25,0.12,none,0
0.0,98.0,98.0,9.0,404.0,0,0.0,0.66,0.11,none,0
0.0,0.0,0.0,9.0,121.0,0,0.0,0.25,0.11,none,0
0.0,0.0,0.0,9.0,183.0,0,0.0,0.5,0.11,none,0
0.0,0.0,0.0,9.0,218.0,0,0.0,0.0,0.11,none,0
0.0,0.0,0.0,9.0,3032.0,0,0.0,5.45,0.11,none,0
0.0,42.0,42.0,9.0,343.0,0,0.0,0.78,0.1,none,0
0.0,0.0,0.0,9.0,177.0,0,0.0,0.25,0.1,none,0
0.0,0.0,0.0,9.0,164.0,0,0.0,0.0,0.1,none,0
0.0,0.0,0.0,9.0,202.0,0,0.0,0.5,0.1,none,0
0.0,0.0,0.0,9.0,117.0,0,0.0,0.0,0.1,none,0
0.0,98.0,98.0,9.0,392.0,0,0.0,0.71,0.18,none,0
0.0,0.0,0.0,9.0,111.0,0,0.0,0.0,0.18,none,0
0.0,0.0,0.0,9.0,170.0,0,0.0,0.21,0.18,none,0
0.0,0.0,0.0,9.0,393.0,0,0.0,2.23,0.18,none,0
0.0,0.0,0.0,9.0,366.0,0,0.0,1.8,0.16,none,0
0.0,0.0,0.0,9.0,203.0,0,0.0,0.25,0.16,none,0
0.0,0.0,0.0,9.0,119.0,0,0.0,0.25,0.16,none,0
0.0,0.0,0.0,9.0,187.0,0,0.0,0.25,0.16,none,0
0.0,0.0,0.0,9.0,155.0,0,0.0,0.0,0.16,none,0
0.0,98.0,98.0,9.0,381.0,0,0.0,2.84,0.15,none,0
0.0,0.0,0.0,9.0,152.0,0,0.0,0.25,0.15,none,0
0.0,0.0,0.0,9.0,110.0,0,0.0,0.24,0.15,none,0
0.0,0.0,0.0,9.0,146.0,0,0.0,0.0,0.15,none,0
0.0,0.0,0.0,9.0,155.0,0,0.0,0.25,0.15,none,0
0.0,42.0,42.0,9.0,355.0,0,0.0,0.52,0.22,none,0
0.0,0.0,0.0,9.0,130.0,0,0.0,0.25,0.22,none,0
0.0,0.0,0.0,9.0,165.0,0,0.0,0.0,0.22,none,0
0.0,0.0,0.0,9.0,170.0,0,0.0,0.0,0.22,none,0
0.0,0.0,0.0,9.0,109.0,0,0.0,0.25,0.22,none,0
0.0,98.0,98.0,9.0,420.0,0,0.0,3.62,0.36,none,0
0.0,0.0,0.0,9.0,191.0,0,0.0,0.25,0.36,none,0
0.0,0.0,0.0,9.0,102.0,0,0.0,0.25,0.36,none,0
0.0,0.0,0.0,9.0,244.0,0,0.0,0.5,0.36,none,0
0.0,0.0,0.0,9.0,191.0,0,0.0,0.0,0.33,none,0
0.0,0.0,0.0,9.0,455.0,0,0.0,2.02,0.33,none,0
0.0,0.0,0.0,9.0,102.0,0,0.0,0.24,0.33,none,0
0.0,0.0,0.0,9.0,73.0,0,0.0,0.0,0.33,none,0
0.0,0.0,0.0,9.0,169.0,0,0.0,0.0,0.33,none,0
0.0,0.0,0.0,9.0,126.0,0,0.0,1.0,0.3,none,0
0.0,98.0,98.0,9.0,404.0,0,0.0,2.58,0.3,none,0
0.0,0.0,0.0,9.0,205.0,0,0.0,0.0,0.3,none,0
0.0,0.0,0.0,9.0,69.0,0,0.0,0.25,0.3,none,0
0.0,0.0,0.0,9.0,189.0,0,0.0,0.25,0.3,none,0
0.0,42.0,42.0,9.0,216.0,0,0.0,0.92,0.28,none,0
0.0,0.0,0.0,9.0,215.0,0,0.0,0.16,0.28,none,0
0.0,0.0,0.0,9.0,342.0,0,0.0,0.41,0.28,none,0
0.0,0.0,0.0,9.0,423.0,0,0.0,0.14,0.26,none,0
0.0,98.0,98.0,9.0,442.0,0,0.0,2.31,0.26,none,0
0.0,0.0,0.0,9.0,315.0,0,0.0,0.74,0.26,none,0
0.0,0.0,0.0,9.0,210.0,0,0.0,0.74,0.26,none,0
0.0,0.0,0.0,9.0,139.0,0,0.0,0.0,0.26,none,0
0.0,0.0,0.0,9.0,133.0,0,0.0,0.25,0.24,none,0
0.0,0.0,0.0,9.0,122.0,0,0.0,0.0,0.24,none,0
0.0,0.0,0.0,9.0,209.0,0,0.0,0.0,0.24,none,0
0.0,0.0,0.0,9.0,112.0,0,0.0,0.23,0.24,none,0
0.0,0.0,0.0,9.0,146.0,0,0.0,0.23,0.24,none,0
0.0,98.0,98.0,9.0,261.0,0,0.0,0.24,0.38,none,0
0.0,0.0,0.0,9.0,101.0,0,0.0,0.0,0.38,none,0
0.0,0.0,0.0,9.0,306.0,0,0.0,0.69,0.38,none,0
0.0,0.0,0.0,9.0,196.0,0,0.0,0.25,0.38,none,0
0.0,0.0,0.0,9.0,224.0,0,0.0,0.25,0.35,none,0
0.0,0.0,0.0,9.0,184.0,0,0.0,0.25,0.35,none,0
0.0,0.0,0.0,9.0,144.0,0,0.0,0.0,0.35,none,0
0.0,0.0,0.0,9.0,389.0,0,0.0,3.28,0.35,none,0
0.0,0.0,0.0,9.0,180.0,0,0.0,0.25,0.35,none,0
0.0,0.0,0.0,9.0,114.0,0,0.0,0.0,0.4,none,0
0.0,98.0,98.0,9.0,312.0,0,0.0,1.79,0.4,none,0
0.0,0.0,0.0,9.0,164.0,0,0.0,0.25,0.4,none,0
0.0,0.0,0.0,9.0,320.0,0,0.0,2.28,0.4,none,0
0.0,0.0,0.0,9.0,161.0,0,0.0,0.0,0.4,none,0
0.0,0.0,0.0,9.0,372.0,0,0.0,2.05,0.37,none,0
0.0,42.0,42.0,9.0,72.0,0,0.0,0.0,0.37,none,0
0.0,0.0,0.0,9.0,196.0,0,0.0,0.25,0.37,none,0
0.0,0.0,0.0,9.0,233.0,0,0.0,1.02,0.37,none,0
0.0,0.0,0.0,9.0,278.0,0,0.0,0.76,0.37,none,0
0.0,0.0,0.0,9.0,141.0,0,0.0,0.23,0.34,none,0
0.0,0.0,0.0,9.0,158.0,0,0.0,0.23,0.34,none,0
0.0,98.0,98.0,9.0,297.0,0,0.0,1.12,0.34,none,0
0.0,0.0,0.0,8.0,362.0,0,0.0,1.53,0.34,none,0
0.0,0.0,0.0,9.0,212.0,0,0.0,0.93,0.31,none,0
0.0,0.0,0.0,9.0,339.0,0,0.0,0.25,0.31,none,0
0.0,42.0,42.0,9.0,234.0,0,0.0,0.26,0.31,none,0
0.0,0.0,0.0,9.0,549.0,0,0.0,0.98,0.29,none,0
0.0,0.0,0.0,9.0,276.0,0,0.0,0.11,0.29,none,0
0.0,98.0,98.0,9.0,440.0,0,0.0,3.82,0.29,none,0
0.0,0.0,0.0,9.0,256.0,0,0.0,0.47,0.26,none,0
0.0,0.0,0.0,9.0,236.0,0,0.0,0.0,0.26,none,0
0.0,0.0,0.0,9.0,257.0,0,0.0,0.16,0.26,none,0
0.0,0.0,0.0,9.0,353.0,0,0.0,1.55,0.24,none,0
0.0,0.0,0.0,9.0,186.0,0,0.0,0.5,0.24,none,0
0.0,0.0,0.0,9.0,219.0,0,0.0,0.0,0.24,none,0
0.0,98.0,98.0,9.0,308.0,0,0.0,1.47,0.24,none,0
0.0,0.0,0.0,9.0,465.0,0,0.0,3.12,0.3,none,0
0.0,0.0,0.0,9.0,141.0,0,0.0,0.25,0.3,none,0
0.0,0.0,0.0,9.0,187.0,0,0.0,0.18,0.3,none,0
0.0,0.0,0.0,9.0,192.0,0,0.0,0.18,0.3,none,0
0.0,0.0,0.0,9.0,483.0,0,0.0,2.7,0.36,none,0
0.0,0.0,0.0,9.0,246.0,0,0.0,0.5,0.36,none,0
0.0,0.0,0.0,9.0,324.0,0,0.0,0.12,0.36,none,0
0.0,98.0,98.0,9.0,311.0,0,0.0,0.78,0.36,none,0
0.0,0.0,0.0,9.0,381.0,0,0.0,0.51,0.33,none,0
0.0,0.0,0.0,9.0,159.0,0,0.0,0.25,0.33,none,0
0.0,0.0,0.0,9.0,211.0,0,0.0,0.23,0.33,none,0
0.0,0.0,0.0,9.0,218.0,0,0.0,0.25,0.33,none,0
0.0,0.0,0.0,9.0,203.0,0,0.0,0.23,0.3,none,0
0.0,0.0,0.0,9.0,395.0,0,0.0,0.55,0.3,none,0
0.0,0.0,0.0,9.0,155.0,0,0.0,0.19,0.3,none,0
0.0,0.0,0.0,9.0,167.0,0,0.0,0.24,0.3,none,0
0.0,98.0,98.0,9.0,350.0,0,0.0,1.93,0.28,none,0
0.0,0.0,0.0,9.0,321.0,0,0.0,1.33,0.28,none,0
0.0,0.0,0.0,9.0,168.0,0,0.0,0.5,0.28,none,0
0.0,0.0,0.0,9.0,179.0,0,0.0,0.25,0.28,none,0
0.0,84.0,84.0,9.0,126.0,0,0.0,0.0,0.28,none,0
0.0,0.0,0.0,9.0,159.0,0,0.0,0.48,0.26,none,0
0.0,0.0,0.0,9.0,360.0,0,0.0,0.52,0.26,none,0
0.0,0.0,0.0,9.0,94.0,0,0.0,0.22,0.26,none,0
0.0,0.0,0.0,9.0,243.0,0,0.0,0.16,0.26,none,0
0.0,98.0,98.0,9.0,439.0,0,0.0,3.62,0.24,none,0
0.0,0.0,0.0,9.0,422.0,0,0.0,1.1,0.24,none,0
0.0,0.0,0.0,9.0,217.0,0,0.0,0.14,0.24,none,0
0.0,0.0,0.0,9.0,176.0,0,0.0,0.0,0.24,none,0
0.0,0.0,0.0,9.0,171.0,0,0.0,0.24,0.22,none,0
0.0,0.0,0.0,9.0,428.0,0,0.0,1.05,0.22,none,0
0.0,0.0,0.0,9.0,184.0,0,0.0,0.2,0.22,none,0
0.0,98.0,98.0,9.0,431.0,0,0.0,0.37,0.2,none,0
0.0,0.0,0.0,9.0,135.0,0,0.0,0.0,0.2,none,0
0.0,0.0,0.0,9.0,293.0,0,0.0,0.68,0.2,none,0
0.0,0.0,0.0,9.0,116.0,0,0.0,0.0,0.2,none,0
0.0,0.0,0.0,9.0,216.0,0,0.0,0.25,0.18,none,0
0.0,928.0,928.0,13.0,448.0,1,0.0,4.88,0.32,none,0
0.0,928.0,928.0,13.0,297.0,1,0.0,2.52,0.32,none,0
0.0,928.0,928.0,13.0,320.0,1,0.0,1.83,0.32,none,0
0.0,928.0,928.0,13.0,463.0,1,0.0,1.08,0.37,none,0
0.0,928.0,928.0,13.0,258.0,1,0.0,1.78,0.37,none,0
0.0,0.0,0.0,13.0,238.0,1,0.0,0.48,0.37,none,0
0.0,1026.0,1026.0,12.0,376.0,1,0.0,1.62,0.37,none,0
0.0,928.0,928.0,13.0,448.0,1,0.0,2.68,0.37,none,0
0.0,928.0,928.0,13.0,345.0,1,0.0,2.54,0.34,none,0
0.0,928.0,928.0,13.0,276.0,1,0.0,1.31,0.34,none,0
0.0,0.0,0.0,13.0,102.0,1,0.0,0.25,0.34,none,0
0.0,928.0,928.0,13.0,290.0,1,0.0,3.29,0.34,none,0
0.0,928.0,928.0,13.0,261.0,1,0.0,0.78,0.39,none,0
0.0,0.0,0.0,13.0,309.0,1,0.0,2.26,0.39,none,0
0.0,928.0,928.0,13.0,279.0,1,0.0,2.53,0.39,none,0
0.0,928.0,928.0,13.0,255.0,1,0.0,0.78,0.39,none,0
0.0,98.0,98.0,13.0,229.0,1,0.0,0.77,0.39,none,0
0.0,928.0,928.0,13.0,249.0,1,0.0,2.75,0.36,none,0
0.0,928.0,928.0,13.0,216.0,1,0.0,0.26,0.36,none,0
0.0,0.0,0.0,13.0,432.0,1,0.0,1.53,0.36,none,0
0.0,928.0,928.0,13.0,278.0,1,0.0,3.03,0.36,none,0
0.0,970.0,970.0,13.0,345.0,1,0.0,3.55,0.36,none,0
0.0,928.0,928.0,13.0,300.0,1,0.0,3.78,0.33,none,0
0.0,928.0,928.0,13.0,183.0,1,0.0,2.04,0.33,none,0
0.0,0.0,0.0,13.0,419.0,1,0.0,3.26,0.33,none,0
0.0,928.0,928.0,13.0,323.0,1,0.0,2.53,0.33,none,0
0.0,1026.0,1026.0,13.0,466.0,1,0.0,3.61,0.33,none,0
0.0,928.0,928.0,13.0,288.0,1,0.0,3.54,0.31,none,0
0.0,0.0,0.0,13.0,562.0,1,0.0,2.84,0.31,none,0
0.0,928.0,928.0,13.0,483.0,1,0.0,2.74,0.31,none,0
0.0,928.0,928.0,13.0,287.0,1,0.0,2.12,0.31,none,0
0.0,970.0,970.0,13.0,268.0,1,0.0,0.74,0.28,none,0
0.0,928.0,928.0,13.0,370.0,1,0.0,1.57,0.28,none,0
0.0,928.0,928.0,13.0,168.0,1,0.0,0.51,0.28,none,0
0.0,0.0,0.0,13.0,463.0,1,0.0,1.05,0.28,none,0
0.0,928.0,928.0,13.0,325.0,1,0.0,2.49,0.28,none,0
0.0,1026.0,1026.0,13.0,426.0,1,0.0,2.53,0.26,none,0
0.0,928.0,928.0,13.0,334.0,1,0.0,0.44,0.26,none,0
0.0,0.0,0.0,13.0,286.0,1,0.0,0.51,0.26,none,0
0.0,1856.0,1856.0,13.0,514.0,1,0.0,1.77,0.26,none,0
0.0,0.0,0.0,13.0,200.0,1,0.0,0.42,0.24,none,0
0.0,928.0,928.0,12.0,337.0,1,0.0,3.2,0.24,none,0
0.0,928.0,928.0,13.0,205.0,1,0.0,0.47,0.24,none,0
0.0,0.0,0.0,13.0,158.0,1,0.0,0.0,0.24,none,0
0.0,1026.0,1026.0,13.0,312.0,1,0.0,1.37,0.24,none,0
0.0,0.0,0.0,13.0,166.0,1,0.0,1.25,0.22,none,0
0.0,928.0,928.0,13.0,304.0,1,0.0,1.52,0.22,none,0
0.0,928.0,928.0,13.0,269.0,1,0.0,3.06,0.22,none,0
0.0,928.0,928.0,13.0,196.0,1,0.0,0.78,0.22,none,0
0.0,928.0,928.0,13.0,405.0,1,0.0,1.88,0.28,none,0
0.0,928.0,928.0,13.0,272.0,1,0.0,1.31,0.28,none,0
0.0,0.0,0.0,13.0,149.0,1,0.0,0.25,0.28,none,0
0.0,928.0,928.0,13.0,421.0,1,0.0,3.06,0.28,none,0
0.0,928.0,928.0,13.0,337.0,1,0.0,3.3,0.28,none,0
0.0,1026.0,1026.0,13.0,422.0,1,0.0,5.9,0.26,none,0
0.0,0.0,0.0,13.0,302.0,1,0.0,1.28,0.26,none,0
0.0,928.0,928.0,13.0,452.0,1,0.0,4.66,0.26,none,0
0.0,928.0,928.0,13.0,268.0,1,0.0,3.04,0.26,none,0
0.0,928.0,928.0,13.0,306.0,1,0.0,3.77,0.26,none,0
0.0,928.0,928.0,13.0,1478.0,1,0.0,3.39,0.24,none,0
0.0,0.0,0.0,13.0,735.0,1,0.0,1.77,0.24,none,0
0.0,0.0,0.0,13.0,94.0,1,0.0,0.0,0.24,none,0
0.0,0.0,0.0,13.0,76.0,1,0.0,0.0,0.24,none,0
0.0,928.0,928.0,13.0,255.0,1,0.0,0.26,0.24,none,0
0.0,1026.0,1026.0,13.0,610.0,1,0.0,4.8,0.38,none,0
0.0,928.0,928.0,13.0,444.0,1,0.0,3.62,0.38,none,0
0.0,0.0,0.0,13.0,281.0,1,0.0,1.5,0.38,none,0
0.0,928.0,928.0,13.0,277.0,1,0.0,2.43,0.38,none,0
0.0,928.0,928.0,13.0,325.0,1,0.0,0.35,0.43,none,0
0.0,970.0,970.0,13.0,473.0,1,0.0,3.35,0.43,none,0
0.0,928.0,928.0,13.0,360.0,1,0.0,2.03,0.43,none,0
0.0,928.0,928.0,13.0,370.0,1,0.0,1.55,0.43,none,0
0.0,928.0,928.0,13.0,228.0,1,0.0,0.62,0.43,none,0
0.0,1026.0,1026.0,13.0,481.0,1,0.0,4.93,0.39,none,0
0.0,928.0,928.0,13.0,550.0,1,0.0,4.62,0.39,none,0
0.0,928.0,928.0,13.0,320.0,1,0.0,0.22,0.39,none,0
0.0,928.0,928.0,13.0,404.0,1,0.0,1.74,0.39,none,0
0.0,1898.0,1898.0,13.0,817.0,1,0.0,0.92,0.36,none,0
0.0,0.0,0.0,13.0,110.0,1,0.0,0.0,0.36,none,0
0.0,1026.0,928.0,13.0,565.0,1,0.0,2.29,0.33,none,0
0.0,928.0,1026.0,13.0,437.0,1,0.0,3.76,0.33,none,0
0.0,928.0,928.0,13.0,584.0,1,0.0,4.86,0.33,none,0
0.0,928.0,928.0,13.0,443.0,1,0.0,3.04,0.33,none,0
0.0,928.0,928.0,13.0,273.0,1,0.0,0.78,0.33,none,0
0.0,928.0,928.0,13.0,329.0,1,0.0,0.41,0.31,none,0
0.0,0.0,0.0,13.0,95.0,1,0.0,0.49,0.31,none,0
0.0,928.0,928.0,13.0,369.0,1,0.0,1.88,0.31,none,0
0.0,928.0,928.0,13.0,305.0,1,0.0,1.55,0.31,none,0
0.0,928.0,928.0,13.0,356.0,1,0.0,0.78,0.44,none,0
0.0,98.0,98.0,13.0,384.0,1,0.0,2.55,0.44,none,0
0.0,0.0,0.0,13.0,179.0,1,0.0,0.25,0.44,none,0
0.0,928.0,928.0,13.0,353.0,1,0.0,3.16,0.44,none,0
0.0,928.0,928.0,13.0,392.0,1,0.0,2.82,0.44,none,0
0.0,928.0,928.0,13.0,749.0,1,0.0,0.78,0.41,none,0
0.0,0.0,0.0,13.0,215.0,1,0.0,0.24,0.41,none,0
0.0,824.0,824.0,13.0,296.0,2,0.0,0.26,0.41,none,0
0.0,104.0,104.0,13.0,352.0,1,0.0,1.03,0.41,none,0
0.0,928.0,928.0,13.0,214.0,1,0.0,1.02,0.41,none,0
0.0,928.0,928.0,13.0,397.0,1,0.0,1.81,0.37,none,0
0.0,98.0,98.0,13.0,416.0,1,0.0,2.57,0.37,none,0
0.0,928.0,928.0,13.0,212.0,1,0.0,2.01,0.37,none,0
0.0,928.0,928.0,13.0,413.0,1,0.0,2.64,0.37,none,0
0.0,928.0,928.0,13.0,297.0,1,0.0,2.79,0.37,none,0
0.0,928.0,928.0,13.0,335.0,1,0.0,3.24,0.34,none,0
0.0,0.0,0.0,13.0,243.0,1,0.0,1.78,0.34,none,0
0.0,928.0,928.0,13.0,235.0,1,0.0,1.77,0.34,none,0
0.0,928.0,928.0,13.0,429.0,1,0.0,4.26,0.34,none,0
0.0,928.0,928.0,13.0,292.0,1,0.0,0.69,0.34,none,0
0.0,98.0,98.0,13.0,138.0,1,0.0,0.0,0.32,none,0
0.0,928.0,928.0,13.0,482.0,1,0.0,5.01,0.32,none,0
0.0,0.0,0.0,13.0,92.0,1,0.0,0.25,0.32,none,0
0.0,928.0,928.0,13.0,473.0,1,0.0,4.92,0.32,none,0
0.0,0.0,0.0,13.0,81.0,1,0.0,0.0,0.29,none,0
0.0,1012.0,1012.0,13.0,321.0,1,0.0,0.52,0.29,none,0
0.0,928.0,928.0,13.0,197.0,1,0.0,1.28,0.29,none,0
0.0,0.0,0.0,13.0,220.0,1,0.0,0.26,0.29,none,0
0.0,928.0,928.0,13.0,238.0,1,0.0,3.48,0.29,none,0
0.0,928.0,928.0,13.0,409.0,1,0.0,1.32,0.27,none,0
0.0,1026.0,1026.0,13.0,466.0,1,0.0,3.13,0.27,none,0
0.0,928.0,928.0,13.0,227.0,1,0.0,1.29,0.27,none,0
0.0,0.0,0.0,13.0,190.0,1,0.0,0.76,0.27,none,0
0.0,928.0,928.0,13.0,224.0,1,0.0,2.26,0.27,none,0
0.0,928.0,928.0,13.0,452.0,1,0.0,1.07,0.25,none,0
0.0,928.0,928.0,13.0,343.0,1,0.0,3.05,0.25,none,0
0.0,0.0,0.0,13.0,100.0,1,0.0,0.25,0.25,none,0
0.0,928.0,928.0,13.0,333.0,1,0.0,1.45,0.25,none,0
0.0,1856.0,1856.0,13.0,673.0,1,0.0,3.22,0.23,none,0
0.0,1026.0,1026.0,13.0,398.0,1,0.0,1.34,0.23,none,0
0.0,928.0,928.0,13.0,299.0,1,0.0,0.47,0.23,none,0
0.0,0.0,0.0,13.0,161.0,1,0.0,0.0,0.23,none,0
0.0,1856.0,1856.0,13.0,709.0,1,0.0,1.77,0.21,none,0
0.0,0.0,0.0,13.0,122.0,1,0.0,0.73,0.21,none,0
0.0,928.0,928.0,13.0,268.0,1,0.0,2.78,0.21,none,0
0.0,928.0,928.0,13.0,366.0,1,0.0,1.79,0.21,none,0
0.0,0.0,0.0,13.0,331.0,1,0.0,1.54,0.19,none,0
0.0,1026.0,1026.0,13.0,484.0,1,0.0,4.37,0.19,none,0
0.0,928.0,928.0,13.0,351.0,1,0.0,2.43,0.19,none,0
0.0,0.0,0.0,13.0,176.0,1,0.0,0.39,0.19,none,0
0.0,928.0,928.0,13.0,281.0,1,0.0,2.19,0.17,none,0
0.0,1898.0,1898.0,13.0,624.0,1,0.0,1.81,0.17,none,0
0.0,354.0,354.0,13.0,240.0,2,0.0,0.76,0.17,none,0
0.0,1502.0,1502.0,13.0,410.0,1,0.0,1.43,0.17,none,0
0.0,928.0,928.0,13.0,411.0,1,0.0,0.48,0.24,none,0
0.0,0.0,0.0,13.0,440.0,1,0.0,1.13,0.24,none,0
0.0,1026.0,1026.0,13.0,477.0,1,0.0,1.21,0.24,none,0
0.0,928.0,928.0,13.0,369.0,1,0.0,2.56,0.24,none,0
0.0,928.0,928.0,13.0,404.0,1,0.0,2.1,0.22,none,0
0.0,0.0,0.0,13.0,94.0,1,0.0,0.25,0.22,none,0
0.0,970.0,970.0,13.0,479.0,1,0.0,3.17,0.22,none,0
0.0,928.0,928.0,13.0,396.0,1,0.0,3.23,0.22,none,0
0.0,1856.0,1856.0,13.0,482.0,1,0.0,1.44,0.2,none,0
0.0,1026.0,1026.0,13.0,511.0,1,0.0,4.27,0.2,none,0
0.0,928.0,928.0,13.0,140.0,1,0.0,1.03,0.2,none,0
0.0,928.0,928.0,13.0,249.0,1,0.0,2.43,0.2,none,0
0.0,0.0,0.0,13.0,218.0,1,0.0,0.36,0.19,none,0
0.0,928.0,928.0,13.0,179.0,1,0.0,0.52,0.19,none,0
0.0,928.0,928.0,13.0,353.0,1,0.0,2.03,0.19,none,0
0.0,928.0,928.0,13.0,290.0,1,0.0,2.73,0.19,none,0
0.0,1752.0,1752.0,13.0,425.0,2,0.0,0.29,0.17,none,0
0.0,104.0,104.0,13.0,252.0,1,0.0,0.99,0.17,none,0
0.0,928.0,928.0,13.0,492.0,1,0.0,4.31,0.17,none,0
0.0,1026.0,1026.0,13.0,513.0,1,0.0,6.91,0.17,none,0
0.0,928.0,928.0,13.0,215.0,1,0.0,2.22,0.16,none,0
0.0,928.0,928.0,13.0,376.0,1,0.0,3.28,0.16,none,0
0.0,928.0,928.0,13.0,314.0,1,0.0,2.81,0.16,none,0
0.0,970.0,970.0,13.0,505.0,1,0.0,4.92,0.16,none,0
0.0,928.0,928.0,13.0,525.0,1,0.0,0.61,0.16,none,0
0.0,928.0,928.0,13.0,280.0,1,0.0,2.76,0.15,none,0
0.0,928.0,928.0,13.0,489.0,1,0.0,1.48,0.15,none,0
0.0,0.0,0.0,13.0,175.0,1,0.0,0.23,0.15,none,0
0.0,1026.0,1026.0,13.0,525.0,1,0.0,2.93,0.15,none,0
0.0,928.0,928.0,13.0,339.0,1,0.0,1.03,0.37,none,0
0.0,928.0,928.0,13.0,375.0,1,0.0,3.15,0.37,none,0
0.0,928.0,928.0,13.0,231.0,1,0.0,1.53,0.37,none,0
0.0,928.0,928.0,13.0,550.0,1,0.0,5.66,0.37,none,0
0.0,928.0,928.0,13.0,436.0,1,0.0,2.01,0.34,none,0
0.0,928.0,928.0,13.0,310.0,1,0.0,2.77,0.34,none,0
0.0,928.0,928.0,13.0,420.0,1,0.0,1.3,0.34,none,0
0.0,1026.0,1026.0,13.0,663.0,1,0.0,6.9,0.34,none,0
0.0,0.0,0.0,13.0,120.0,1,0.0,0.23,0.34,none,0
0.0,928.0,928.0,13.0,279.0,1,0.0,0.9,0.32,none,0
0.0,928.0,928.0,13.0,422.0,1,0.0,2.49,0.32,none,0
0.0,928.0,928.0,13.0,359.0,1,0.0,1.79,0.32,none,0
0.0,970.0,970.0,13.0,532.0,1,0.0,4.66,0.32,none,0
0.0,928.0,928.0,13.0,338.0,1,0.0,2.93,0.29,none,0
0.0,928.0,928.0,13.0,409.0,1,0.0,3.2,0.29,none,0
0.0,928.0,928.0,13.0,229.0,1,0.0,0.78,0.29,none,0
0.0,1026.0,1026.0,13.0,416.0,1,0.0,3.96,0.29,none,0
0.0,0.0,0.0,13.0,396.0,1,0.0,3.31,0.29,none,0
0.0,1856.0,1856.0,13.0,548.0,1,0.0,0.4,0.35,none,0
0.0,0.0,0.0,13.0,162.0,1,0.0,0.0,0.35,none,0
0.0,928.0,928.0,13.0,440.0,1,0.0,2.4,0.35,none,0
0.0,970.0,970.0,13.0,639.0,1,0.0,5.35,0.32,none,0
0.0,928.0,928.0,13.0,299.0,1,0.0,1.16,0.32,none,0
0.0,928.0,928.0,13.0,192.0,1,0.0,0.77,0.32,none,0
0.0,928.0,928.0,13.0,314.0,1,0.0,1.05,0.32,none,0
0.0,1026.0,1026.0,13.0,652.0,1,0.0,3.9,0.32,none,0
0.0,0.0,0.0,13.0,137.0,1,0.0,0.16,0.29,none,0
0.0,1856.0,1856.0,13.0,566.0,1,0.0,0.92,0.29,none,0
0.0,0.0,0.0,13.0,277.0,1,0.0,1.01,0.29,none,0
0.0,928.0,928.0,13.0,393.0,1,0.0,2.86,0.29,none,0
0.0,928.0,928.0,13.0,295.0,1,0.0,3.02,0.43,none,0
0.0,928.0,928.0,13.0,415.0,1,0.0,2.81,0.43,none,0
0.0,928.0,928.0,13.0,332.0,1,0.0,1.03,0.43,none,0
0.0,0.0,0.0,13.0,80.0,1,0.0,0.25,0.43,none,0
0.0,1026.0,1026.0,13.0,542.0,1,0.0,4.79,0.43,none,0
0.0,928.0,928.0,13.0,288.0,1,0.0,1.77,0.4,none,0
0.0,928.0,928.0,13.0,413.0,1,0.0,2.56,0.4,none,0
0.0,0.0,0.0,13.0,166.0,1,0.0,0.75,0.4,none,0
0.0,928.0,928.0,13.0,316.0,1,0.0,2.32,0.4,none,0
0.0,928.0,928.0,13.0,567.0,1,0.0,3.44,0.44,none,0
0.0,928.0,928.0,13.0,319.0,1,0.0,2.76,0.44,none,0
0.0,0.0,0.0,13.0,155.0,1,0.0,0.25,0.44,none,0
0.0,0.0,0.0,13.0,79.0,1,0.0,0.0,0.44,none,0
0.0,0.0,0.0,13.0,81.0,1,0.0,0.0,0.44,none,0
0.0,1026.0,1026.0,13.0,654.0,1,0.0,8.73,0.49,none,0
0.0,0.0,0.0,13.0,119.0,1,0.0,0.25,0.49,none,0
0.0,928.0,928.0,13.0,302.0,1,0.0,2.78,0.49,none,0
0.0,0.0,0.0,13.0,252.0,1,0.0,0.25,0.49,none,0
0.0,928.0,928.0,13.0,269.0,1,0.0,0.51,0.49,none,0
0.0,1012.0,1012.0,13.0,345.0,1,0.0,1.8,0.45,none,0
0.0,928.0,928.0,13.0,494.0,1,0.0,5.68,0.45,none,0
0.0,928.0,928.0,13.0,312.0,1,0.0,3.02,0.45,none,0
0.0,928.0,928.0,13.0,241.0,1,0.0,1.04,0.45,none,0
0.0,928.0,928.0,13.0,267.0,1,0.0,2.29,0.45,none,0
0.0,98.0,98.0,13.0,316.0,1,0.0,1.79,0.41,none,0
0.0,928.0,928.0,13.0,442.0,1,0.0,4.4,0.41,none,0
0.0,928.0,928.0,13.0,325.0,1,0.0,3.77,0.41,none,0
0.0,928.0,928.0,13.0,358.0,1,0.0,0.75,0.41,none,0
0.0,0.0,0.0,13.0,153.0,1,0.0,0.49,0.38,none,0
0.0,928.0,928.0,13.0,576.0,1,0.0,4.96,0.38,none,0
0.0,928.0,928.0,13.0,357.0,1,0.0,2.31,0.38,none,0
0.0,0.0,0.0,13.0,131.0,1,0.0,0.25,0.38,none,0
0.0,928.0,928.0,13.0,318.0,1,0.0,0.52,0.38,none,0
0.0,0.0,0.0,13.0,217.0,1,0.0,0.5,0.35,none,0
0.0,1026.0,1026.0,13.0,217.0,1,0.0,0.53,0.35,none,0
0.0,928.0,928.0,13.0,472.0,1,0.0,4.43,0.35,none,0
0.0,0.0,0.0,13.0,147.0,1,0.0,0.0,0.35,none,0
0.0,928.0,928.0,13.0,398.0,1,0.0,0.78,0.35,none,0
0.0,0.0,0.0,13.0,91.0,1,0.0,0.0,0.32,none,0
0.0,928.0,928.0,13.0,384.0,1,0.0,3.32,0.32,none,0
0.0,928.0,928.0,13.0,402.0,1,0.0,5.05,0.32,none,0
0.0,0.0,0.0,13.0,138.0,1,0.0,0.25,0.32,none,0
0.0,928.0,928.0,13.0,193.0,1,0.0,0.77,0.32,none,0
0.0,1026.0,1026.0,13.0,553.0,1,0.0,8.0,0.3,none,0
0.0,928.0,928.0,13.0,225.0,1,0.0,0.51,0.3,none,0
0.0,928.0,928.0,13.0,388.0,1,0.0,4.4,0.3,none,0
0.0,0.0,0.0,13.0,135.0,1,0.0,0.25,0.3,none,0
0.0,928.0,928.0,13.0,301.0,1,0.0,0.78,0.3,none,0
0.0,928.0,928.0,13.0,273.0,1,0.0,3.31,0.27,none,0
0.0,970.0,970.0,13.0,130.0,1,0.0,0.0,0.27,none,0
0.0,928.0,928.0,13.0,356.0,1,0.0,2.08,0.27,none,0
0.0,928.0,928.0,13.0,428.0,1,0.0,2.36,0.27,none,0
0.0,928.0,928.0,13.0,256.0,1,0.0,0.23,0.25,none,0
0.0,1026.0,1026.0,13.0,372.0,1,0.0,1.57,0.25,none,0
0.0,928.0,928.0,13.0,279.0,1,0.0,0.24,0.25,none,0
0.0,0.0,0.0,13.0,242.0,1,0.0,0.9,0.25,none,0
0.0,928.0,928.0,13.0,345.0,1,0.0,3.23,0.25,none,0
0.0,928.0,928.0,13.0,307.0,1,0.0,0.52,0.23,none,0
0.0,970.0,970.0,13.0,244.0,1,0.0,0.47,0.23,none,0
0.0,928.0,928.0,13.0,346.0,1,0.0,3.82,0.23,none,0
0.0,928.0,928.0,13.0,392.0,1,0.0,1.99,0.23,none,0
0.0,928.0,928.0,13.0,350.0,1,0.0,3.08,0.21,none,0
0.0,98.0,98.0,13.0,286.0,1,0.0,0.77,0.21,none,0
0.0,928.0,928.0,13.0,164.0,1,0.0,0.75,0.21,none,0
0.0,928.0,928.0,13.0,283.0,1,0.0,0.45,0.21,none,0
0.0,928.0,928.0,12.0,591.0,1,0.0,4.09,0.19,none,0
0.0,928.0,928.0,13.0,357.0,1,0.0,1.31,0.19,none,0
0.0,100.0,100.0,12.0,246.0,0,0.0,1.05,0.29,none,0
0.0,100.0,100.0,12.0,249.0,0,0.0,1.31,0.29,none,0
0.0,100.0,100.0,12.0,431.0,0,0.0,3.47,0.29,none,0
0.0,100.0,100.0,12.0,348.0,0,0.0,3.66,0.29,none,0
0.0,100.0,100.0,12.0,312.0,0,0.0,4.36,0.26,none,0
0.0,98.0,98.0,12.0,316.0,0,0.0,4.65,0.26,none,0
0.0,100.0,100.0,12.0,240.0,0,0.0,0.79,0.26,none,0
0.0,100.0,100.0,12.0,448.0,0,0.0,5.5,0.26,none,0
0.0,100.0,100.0,12.0,289.0,0,0.0,3.34,0.26,none,0
0.0,100.0,100.0,12.0,331.0,0,0.0,3.39,0.32,none,0
0.0,100.0,100.0,12.0,258.0,0,0.0,2.86,0.32,none,0
0.0,100.0,100.0,12.0,403.0,0,0.0,3.12,0.32,none,0
0.0,0.0,0.0,12.0,431.0,0,0.0,4.65,0.32,none,0
0.0,100.0,100.0,12.0,220.0,0,0.0,3.34,0.32,none,0
0.0,100.0,100.0,12.0,260.0,0,0.0,2.37,0.3,none,0
0.0,198.0,198.0,12.0,433.0,0,0.0,5.5,0.3,none,0
0.0,100.0,100.0,12.0,194.0,0,0.0,1.05,0.3,none,0
0.0,0.0,0.0,12.0,412.0,0,0.0,3.66,0.3,none,0
0.0,100.0,100.0,12.0,322.0,0,0.0,3.59,0.3,none,0
0.0,100.0,100.0,12.0,301.0,0,0.0,3.06,0.35,none,0
0.0,142.0,142.0,12.0,400.0,0,0.0,1.83,0.35,none,0
0.0,0.0,0.0,12.0,294.0,0,0.0,2.34,0.35,none,0
0.0,100.0,100.0,12.0,369.0,0,0.0,2.14,0.35,none,0
0.0,100.0,100.0,12.0,408.0,0,0.0,2.61,0.35,none,0
0.0,100.0,100.0,12.0,258.0,0,0.0,2.06,0.33,none,0
0.0,198.0,198.0,12.0,379.0,0,0.0,3.65,0.33,none,0
0.0,0.0,0.0,12.0,193.0,0,0.0,0.51,0.33,none,0
0.0,100.0,100.0,12.0,507.0,0,0.0,4.5,0.33,none,0
0.0,100.0,100.0,12.0,275.0,0,0.0,2.58,0.33,none,0
0.0,100.0,100.0,12.0,384.0,0,0.0,2.88,0.3,none,0
0.0,100.0,100.0,12.0,281.0,0,0.0,1.84,0.3,none,0
0.0,100.0,100.0,12.0,236.0,0,0.0,2.55,0.3,none,0
0.0,0.0,0.0,12.0,427.0,0,0.0,3.64,0.3,none,0
0.0,100.0,100.0,12.0,299.0,0,0.0,3.51,0.3,none,0
0.0,100.0,100.0,12.0,270.0,0,0.0,2.52,0.35,none,0
0.0,198.0,198.0,12.0,338.0,0,0.0,1.3,0.35,none,0
0.0,100.0,100.0,12.0,404.0,0,0.0,2.16,0.35,none,0
0.0,0.0,0.0,12.0,306.0,0,0.0,1.74,0.35,none,0
0.0,100.0,100.0,12.0,257.0,0,0.0,0.8,0.33,none,0
0.0,100.0,100.0,12.0,272.0,0,0.0,3.59,0.33,none,0
0.0,142.0,142.0,12.0,325.0,0,0.0,3.36,0.33,none,0
0.0,100.0,100.0,12.0,420.0,0,0.0,3.59,0.33,none,0
0.0,100.0,100.0,12.0,395.0,0,0.0,2.35,0.3,none,0
0.0,100.0,100.0,12.0,334.0,0,0.0,4.09,0.3,none,0
0.0,198.0,198.0,12.0,345.0,0,0.0,3.03,0.3,none,0
0.0,100.0,100.0,12.0,346.0,0,0.0,1.96,0.3,none,0
0.0,0.0,0.0,12.0,368.0,0,0.0,2.6,0.3,none,0
0.0,100.0,100.0,12.0,231.0,0,0.0,2.55,0.28,none,0
0.0,100.0,100.0,12.0,300.0,0,0.0,2.08,0.28,none,0
0.0,100.0,100.0,12.0,399.0,0,0.0,2.69,0.28,none,0
0.0,100.0,100.0,12.0,266.0,0,0.0,0.78,0.28,none,0
0.0,0.0,0.0,12.0,165.0,0,0.0,0.51,0.28,none,0
0.0,100.0,100.0,12.0,381.0,0,0.0,3.45,0.25,none,0
0.0,100.0,100.0,12.0,211.0,0,0.0,1.05,0.25,none,0
0.0,98.0,98.0,12.0,307.0,0,0.0,2.04,0.25,none,0
0.0,100.0,100.0,12.0,346.0,0,0.0,0.26,0.25,none,0
0.0,100.0,100.0,12.0,201.0,0,0.0,1.54,0.25,none,0
0.0,100.0,100.0,12.0,365.0,0,0.0,2.89,0.23,none,0
0.0,42.0,42.0,12.0,288.0,0,0.0,0.78,0.23,none,0
0.0,100.0,100.0,12.0,292.0,0,0.0,2.32,0.23,none,0
0.0,100.0,100.0,12.0,295.0,0,0.0,2.82,0.23,none,0
0.0,100.0,100.0,12.0,389.0,0,0.0,2.35,0.23,none,0
0.0,100.0,100.0,12.0,417.0,0,0.0,3.41,0.21,none,0
0.0,0.0,0.0,12.0,199.0,0,10.8,0.52,0.21,none,0
0.0,198.0,198.0,12.0,288.0,0,0.0,1.08,0.21,none,0
0.0,100.0,100.0,12.0,431.0,0,0.0,4.62,0.21,none,0
0.0,100.0,100.0,12.0,354.0,0,0.0,1.05,0.21,none,0
0.0,100.0,100.0,12.0,442.0,0,0.0,3.99,0.28,none,0
0.0,0.0,0.0,12.0,124.0,0,0.0,0.25,0.28,none,0
0.0,100.0,100.0,12.0,356.0,0,0.0,3.59,0.28,none,0
0.0,100.0,100.0,12.0,287.0,0,0.0,3.84,0.28,none,0
0.0,100.0,100.0,12.0,323.0,0,0.0,3.15,0.33,none,0
0.0,100.0,100.0,12.0,363.0,0,0.0,3.99,0.33,none,0
0.0,98.0,98.0,12.0,274.0,0,0.0,1.8,0.33,none,0
0.0,100.0,100.0,12.0,378.0,0,0.0,3.32,0.33,none,0
0.0,100.0,100.0,12.0,280.0,0,0.0,3.08,0.33,none,0
0.0,100.0,100.0,12.0,283.0,0,0.0,3.11,0.31,none,0
0.0,100.0,100.0,12.0,484.0,0,0.0,5.21,0.31,none,0
0.0,100.0,100.0,12.0,343.0,0,0.0,2.91,0.31,none,0
0.0,100.0,100.0,12.0,461.0,0,0.0,4.22,0.31,none,0
0.0,0.0,0.0,12.0,246.0,0,0.0,1.02,0.31,none,0
0.0,100.0,100.0,12.0,228.0,0,0.0,1.04,0.28,none,0
0.0,100.0,100.0,12.0,361.0,0,0.0,4.36,0.28,none,0
0.0,198.0,198.0,12.0,587.0,0,0.0,6.91,0.28,none,0
0.0,100.0,100.0,12.0,302.0,0,0.0,3.1,0.28,none,0
0.0,100.0,100.0,12.0,283.0,0,0.0,1.32,0.28,none,0
0.0,0.0,0.0,12.0,230.0,0,0.0,2.27,0.26,none,0
0.0,100.0,100.0,12.0,191.0,0,0.0,1.54,0.26,none,0
0.0,142.0,142.0,12.0,455.0,0,0.0,5.25,0.26,none,0
0.0,100.0,100.0,12.0,378.0,0,0.0,3.63,0.26,none,0
0.0,0.0,0.0,12.0,198.0,0,0.0,1.32,0.26,none,0
0.0,100.0,100.0,12.0,300.0,0,0.0,1.52,0.24,none,0
0.0,100.0,100.0,12.0,348.0,0,0.0,2.45,0.24,none,0
0.0,198.0,198.0,12.0,543.0,0,0.0,6.36,0.24,none,0
0.0,100.0,100.0,12.0,334.0,0,0.0,1.04,0.24,none,0
0.0,100.0,100.0,12.0,291.0,0,0.0,1.19,0.22,none,0
0.0,100.0,100.0,12.0,289.0,0,0.0,3.85,0.22,none,0
0.0,100.0,100.0,12.0,221.0,0,0.0,0.79,0.22,none,0
0.0,142.0,142.0,12.0,463.0,0,0.0,4.51,0.22,none,0
0.0,100.0,100.0,12.0,300.0,0,0.0,3.84,0.22,none,0
0.0,100.0,100.0,12.0,300.0,0,0.0,1.3,0.2,none,0
0.0,100.0,100.0,12.0,200.0,0,0.0,0.49,0.2,none,0
0.0,98.0,98.0,12.0,267.0,0,0.0,2.34,0.2,none,0
0.0,100.0,100.0,12.0,460.0,0,0.0,3.2,0.2,none,0
0.0,100.0,100.0,12.0,287.0,0,0.0,2.31,0.2,none,0
0.0,100.0,100.0,12.0,202.0,0,0.0,1.05,0.19,none,0
0.0,100.0,100.0,12.0,314.0,0,0.0,4.36,0.19,none,0
0.0,100.0,100.0,12.0,406.0,0,0.0,3.97,0.19,none,0
0.0,0.0,0.0,12.0,407.0,0,0.0,3.36,0.19,none,0
0.0,100.0,100.0,12.0,270.0,0,0.0,2.03,0.17,none,0
0.0,100.0,100.0,12.0,299.0,0,0.0,2.02,0.17,none,0
0.0,100.0,100.0,12.0,207.0,0,0.0,0.5,0.17,none,0
0.0,198.0,198.0,12.0,445.0,0,0.0,2.69,0.17,none,0
0.0,100.0,100.0,12.0,376.0,0,0.0,2.92,0.17,none,0
0.0,100.0,100.0,12.0,285.0,0,0.0,2.62,0.16,none,0
0.0,0.0,0.0,12.0,208.0,0,0.0,1.03,0.16,none,0
0.0,100.0,100.0,12.0,241.0,0,0.0,2.04,0.16,none,0
0.0,100.0,100.0,12.0,294.0,0,0.0,1.04,0.16,none,0
0.0,100.0,100.0,12.0,426.0,0,0.0,2.62,0.16,none,0
0.0,100.0,100.0,12.0,369.0,0,0.0,3.64,0.14,none,0
0.0,100.0,100.0,12.0,309.0,0,0.0,3.75,0.14,none,0
0.0,0.0,0.0,12.0,235.0,0,0.0,2.06,0.14,none,0
0.0,198.0,198.0,12.0,482.0,0,0.0,4.53,0.14,none,0
0.0,100.0,100.0,12.0,365.0,0,0.0,3.92,0.14,none,0
0.0,100.0,100.0,12.0,331.0,0,0.0,4.25,0.29,none,0
0.0,100.0,100.0,12.0,357.0,0,0.0,3.76,0.29,none,0
0.0,100.0,100.0,12.0,310.0,0,0.0,4.09,0.29,none,0
0.0,100.0,100.0,12.0,495.0,0,0.0,6.56,0.29,none,0
0.0,0.0,0.0,12.0,212.0,0,0.0,0.78,0.29,none,0
0.0,100.0,100.0,12.0,250.0,0,0.0,2.86,0.35,none,0
0.0,100.0,100.0,12.0,295.0,0,0.0,2.87,0.35,none,0
0.0,100.0,100.0,12.0,355.0,0,0.0,2.6,0.35,none,0
0.0,198.0,198.0,12.0,600.0,0,0.0,6.93,0.35,none,0
0.0,100.0,100.0,12.0,359.0,0,0.0,1.85,0.4,none,0
0.0,0.0,0.0,12.0,204.0,0,0.0,0.75,0.4,none,0
0.0,100.0,100.0,12.0,268.0,0,0.0,0.79,0.4,none,0
0.0,100.0,100.0,12.0,425.0,0,0.0,6.04,0.4,none,0
0.0,184.0,184.0,12.0,557.0,0,0.0,3.75,0.4,none,0
0.0,100.0,100.0,12.0,270.0,0,0.0,1.85,0.37,none,0
0.0,100.0,100.0,12.0,322.0,0,0.0,1.82,0.37,none,0
0.0,100.0,100.0,12.0,315.0,0,0.0,3.39,0.37,none,0
0.0,0.0,0.0,12.0,247.0,0,0.0,1.27,0.37,none,0
0.0,198.0,198.0,12.0,495.0,0,0.0,4.38,0.37,none,0
0.0,100.0,100.0,12.0,3233.0,0,0.0,9.94,0.42,none,0
0.0,100.0,100.0,12.0,312.0,0,0.0,2.87,0.42,none,0
0.0,100.0,100.0,12.0,216.0,0,0.0,1.05,0.42,none,0
0.0,0.0,0.0,12.0,211.0,0,0.0,0.42,0.42,none,0
0.0,100.0,100.0,12.0,596.0,0,0.0,3.77,0.42,none,0
0.0,100.0,100.0,12.0,351.0,0,0.0,2.7,0.47,none,0
0.0,100.0,100.0,12.0,322.0,0,0.0,2.48,0.47,none,0
0.0,0.0,0.0,12.0,182.0,0,10.1,0.44,0.47,none,0
0.0,198.0,198.0,12.0,642.0,0,0.0,1.46,0.47,none,0
0.0,100.0,100.0,12.0,399.0,0,0.0,4.25,0.67,none,0
0.0,100.0,100.0,12.0,297.0,0,0.0,1.26,0.67,none,0
0.0,100.0,100.0,12.0,267.0,0,0.0,2.3,0.67,none,0
0.0,0.0,0.0,12.0,273.0,0,0.0,1.03,0.67,none,0
0.0,100.0,100.0,12.0,198.0,0,0.0,0.79,0.62,none,0
0.0,100.0,100.0,12.0,440.0,0,0.0,3.69,0.62,none,0
0.0,100.0,100.0,12.0,315.0,0,0.0,2.59,0.62,none,0
0.0,100.0,100.0,12.0,335.0,0,0.0,3.39,0.62,none,0
0.0,198.0,198.0,12.0,405.0,0,0.0,5.24,0.62,none,0
0.0,100.0,100.0,12.0,385.0,0,0.0,3.88,0.65,none,0
0.0,100.0,100.0,12.0,395.0,0,0.0,4.92,0.65,none,0
0.0,0.0,0.0,12.0,170.0,0,0.0,1.03,0.65,none,0
0.0,100.0,100.0,12.0,449.0,0,0.0,4.2,0.65,none,0
0.0,100.0,100.0,12.0,425.0,0,0.0,3.58,0.65,none,0
0.0,100.0,100.0,12.0,290.0,0,0.0,2.32,0.6,none,0
0.0,100.0,100.0,12.0,550.0,0,0.0,5.74,0.6,none,0
0.0,100.0,100.0,12.0,325.0,0,0.0,2.83,0.6,none,0
0.0,0.0,0.0,12.0,326.0,0,0.0,1.29,0.6,none,0
0.0,198.0,198.0,12.0,460.0,0,0.0,2.07,0.6,none,0
0.0,100.0,100.0,12.0,383.0,0,0.0,0.71,0.55,none,0
0.0,100.0,100.0,12.0,459.0,0,0.0,4.87,0.55,none,0
0.0,100.0,100.0,12.0,362.0,0,0.0,1.65,0.55,none,0
0.0,142.0,142.0,12.0,456.0,0,0.0,2.46,0.55,none,0
0.0,100.0,100.0,12.0,313.0,0,0.0,3.12,0.5,none,0
0.0,100.0,100.0,12.0,488.0,0,0.0,4.75,0.5,none,0
0.0,100.0,100.0,12.0,340.0,0,0.0,2.84,0.5,none,0
0.0,0.0,0.0,11.0,197.0,0,0.0,0.21,0.5,none,0
0.0,198.0,198.0,12.0,450.0,0,0.0,4.96,0.5,none,0
0.0,100.0,100.0,12.0,269.0,0,0.0,1.2,0.46,none,0
0.0,100.0,100.0,12.0,516.0,0,0.0,4.67,0.46,none,0
0.0,100.0,100.0,12.0,399.0,0,0.0,2.13,0.46,none,0
0.0,100.0,100.0,12.0,282.0,0,0.0,1.29,0.46,none,0
0.0,142.0,142.0,12.0,350.0,0,0.0,3.35,0.43,none,0
0.0,0.0,0.0,12.0,282.0,0,0.0,1.28,0.43,none,0
0.0,100.0,100.0,11.0,348.0,0,0.0,1.51,0.43,none,0
0.0,100.0,100.0,12.0,315.0,0,0.0,3.86,0.43,none,0
0.0,198.0,198.0,12.0,360.0,0,0.0,1.36,0.43,none,0
0.0,100.0,100.0,12.0,223.0,0,0.0,1.8,0.47,none,0
0.0,100.0,100.0,12.0,496.0,0,0.0,3.2,0.47,none,0
0.0,0.0,0.0,12.0,207.0,0,0.0,0.25,0.47,none,0
0.0,100.0,100.0,12.0,395.0,0,0.0,4.99,0.47,none,0
0.0,0.0,0.0,12.0,371.0,0,0.0,1.81,0.47,none,0
0.0,100.0,100.0,12.0,367.0,0,0.0,1.67,0.43,none,0
0.0,100.0,100.0,12.0,331.0,0,0.0,2.38,0.43,none,0
0.0,100.0,100.0,12.0,513.0,0,0.0,3.72,0.43,none,0
0.0,100.0,100.0,12.0,390.0,0,0.0,2.84,0.43,none,0
0.0,198.0,198.0,12.0,471.0,0,0.0,5.99,0.43,none,0
0.0,0.0,0.0,12.0,236.0,0,0.0,0.7,0.4,none,0
0.0,100.0,100.0,12.0,434.0,0,0.0,2.17,0.4,none,0
0.0,100.0,100.0,12.0,337.0,0,0.0,1.55,0.4,none,0
0.0,100.0,100.0,12.0,570.0,0,0.0,4.13,0.4,none,0
0.0,100.0,100.0,12.0,327.0,0,0.0,2.11,0.37,none,0
0.0,100.0,100.0,12.0,203.0,0,0.0,0.95,0.37,none,0
0.0,0.0,0.0,12.0,389.0,0,0.0,2.33,0.37,none,0
0.0,100.0,100.0,12.0,429.0,0,0.0,3.15,0.37,none,0
0.0,100.0,100.0,12.0,271.0,0,0.0,0.79,0.37,none,0
0.0,198.0,198.0,12.0,439.0,0,0.0,2.12,0.34,none,0
0.0,100.0,100.0,12.0,340.0,0,0.0,1.81,0.34,none,0
0.0,100.0,100.0,12.0,906.0,0,0.0,1.36,0.34,none,0
0.0,100.0,100.0,12.0,3076.0,0,0.0,6.53,0.34,none,0
0.0,100.0,100.0,12.0,860.0,0,0.0,1.0,0.34,none,0
0.0,142.0,142.0,12.0,323.0,0,0.0,2.43,0.31,none,0
0.0,100.0,100.0,12.0,693.0,0,0.0,1.59,0.31,none,0
0.0,0.0,0.0,12.0,593.0,0,0.0,2.65,0.31,none,0
0.0,100.0,100.0,12.0,887.0,0,0.0,4.64,0.31,none,0
0.0,198.0,198.0,12.0,1315.0,0,0.0,6.56,0.45,none,0
0.0,100.0,100.0,12.0,590.0,0,0.0,3.39,0.45,none,0
0.0,100.0,100.0,12.0,5742.0,0,0.0,20.99,0.45,none,0
0.0,0.0,0.0,12.0,9166.0,0,0.0,28.52,0.45,none,0
0.0,100.0,100.0,12.0,2586.0,0,0.0,8.52,0.45,none,0
0.0,100.0,100.0,12.0,234.0,0,0.0,1.78,0.41,none,0
0.0,100.0,100.0,12.0,461.0,0,0.0,3.89,0.41,none,0
0.0,100.0,100.0,12.0,340.0,0,0.0,3.32,0.41,none,0
0.0,100.0,100.0,12.0,502.0,0,0.0,4.69,0.41,none,0
0.0,0.0,0.0,12.0,369.0,0,0.0,1.79,0.41,none,0
0.0,198.0,198.0,12.0,554.0,0,0.0,4.46,0.38,none,0
0.0,100.0,100.0,12.0,377.0,0,0.0,4.1,0.38,none,0
0.0,100.0,100.0,12.0,835.0,0,0.0,3.15,0.38,none,0
0.0,100.0,100.0,12.0,476.0,0,0.0,2.99,0.38,none,0
0.0,100.0,100.0,12.0,461.0,0,0.0,1.78,0.35,none,0
0.0,142.0,142.0,12.0,381.0,0,0.0,3.84,0.35,none,0
0.0,100.0,100.0,12.0,350.0,0,0.0,2.03,0.35,none,0
0.0,0.0,0.0,12.0,181.0,0,0.0,0.66,0.35,none,0
0.0,100.0,100.0,12.0,503.0,0,0.0,6.76,0.35,none,0
0.0,198.0,198.0,12.0,441.0,0,0.0,5.22,0.32,none,0
0.0,100.0,100.0,12.0,276.0,0,0.0,0.77,0.32,none,0
0.0,100.0,100.0,12.0,340.0,0,0.0,2.36,0.32,none,0
0.0,0.0,0.0,12.0,313.0,0,0.0,1.01,0.32,none,0
0.0,100.0,100.0,12.0,503.0,0,0.0,5.5,0.29,none,0
0.0,100.0,100.0,12.0,341.0,0,0.0,3.92,0.29,none,0
0.0,100.0,100.0,12.0,307.0,0,0.0,3.98,0.29,none,0
0.0,100.0,100.0,12.0,380.0,0,0.0,3.63,0.29,none,0
0.0,100.0,100.0,12.0,346.0,0,0.0,3.15,0.29,none,0
0.0,100.0,100.0,12.0,479.0,0,0.0,5.24,0.27,none,0
0.0,98.0,98.0,12.0,325.0,0,0.0,1.54,0.27,none,0
0.0,100.0,100.0,12.0,300.0,0,0.0,3.59,0.27,none,0
0.0,100.0,100.0,12.0,254.0,0,0.0,1.31,0.27,none,0
0.0,100.0,100.0,12.0,784.0,0,0.0,5.28,0.27,none,0
0.0,142.0,142.0,12.0,309.0,0,0.0,3.36,0.25,none,0
0.0,100.0,100.0,12.0,297.0,0,0.0,2.33,0.25,none,0
0.0,0.0,0.0,12.0,224.0,0,0.0,1.29,0.25,none,0
0.0,100.0,100.0,12.0,300.0,0,0.0,2.35,0.25,none,0
0.0,100.0,100.0,12.0,650.0,0,0.0,6.3,0.25,none,0
0.0,198.0,198.0,12.0,430.0,0,0.0,4.77,0.23,none,0
0.0,100.0,100.0,12.0,304.0,0,0.0,4.09,0.23,none,0
0.0,100.0,100.0,12.0,346.0,0,0.0,1.85,0.23,none,0
0.0,0.0,0.0,12.0,234.0,0,0.0,1.54,0.23,none,0
0.0,100.0,100.0,12.0,478.0,0,0.0,5.32,0.23,none,0
0.0,100.0,100.0,12.0,251.0,0,0.0,1.6,0.21,none,0
0.0,100.0,100.0,12.0,328.0,0,0.0,3.9,0.21,none,0
0.0,100.0,100.0,12.0,293.0,0,0.0,3.74,0.21,none,0
0.0,100.0,100.0,12.0,348.0,0,0.0,3.61,0.21,none,0
0.0,100.0,100.0,12.0,481.0,0,0.0,6.79,0.27,none,0
0.0,98.0,98.0,12.0,284.0,0,0.0,1.82,0.27,none,0
0.0,100.0,100.0,12.0,268.0,0,0.0,2.51,0.27,none,0
0.0,100.0,100.0,12.0,325.0,0,0.0,4.39,0.27,none,0
0.0,100.0,100.0,12.0,322.0,0,0.0,3.37,0.27,none,0
0.0,100.0,100.0,12.0,387.0,0,0.0,2.7,0.57,none,0
0.0,100.0,100.0,12.0,364.0,0,0.0,4.69,0.57,none,0
0.0,0.0,0.0,12.0,167.0,0,0.0,1.54,0.57,none,0
0.0,100.0,100.0,12.0,311.0,0,0.0,3.42,0.57,none,0
0.0,100.0,100.0,12.0,402.0,0,0.0,3.38,0.57,none,0
0.0,100.0,100.0,12.0,455.0,0,0.0,5.03,0.52,none,0
0.0,198.0,198.0,12.0,401.0,0,0.0,2.17,0.52,none,0
0.0,100.0,100.0,12.0,242.0,0,0.0,1.85,0.52,none,0
0.0,100.0,100.0,12.0,237.0,0,0.0,2.86,0.52,none,0
0.0,0.0,0.0,12.0,450.0,0,0.0,4.42,0.52,none,0
0.0,100.0,100.0,12.0,372.0,0,0.0,2.68,0.48,none,0
0.0,142.0,142.0,12.0,272.0,0,0.0,3.2,0.48,none,0
0.0,100.0,100.0,12.0,238.0,0,0.0,0.68,0.48,none,0
0.0,100.0,100.0,12.0,228.0,0,0.0,1.26,0.48,none,0
0.0,100.0,100.0,12.0,337.0,0,0.0,4.08,0.48,none,0
0.0,1794.0,1794.0,16.0,416.0,1,0.0,2.43,0.31,none,0
0.0,1856.0,1856.0,16.0,585.0,1,0.0,7.98,0.31,none,0
0.0,1856.0,1856.0,16.0,443.0,1,0.0,7.47,0.28,none,0
0.0,1856.0,1856.0,16.0,338.0,1,0.0,3.24,0.28,none,0
0.0,1954.0,1954.0,16.0,519.0,1,0.0,2.47,0.28,none,0
0.0,1856.0,1856.0,16.0,561.0,1,0.0,5.35,0.28,none,0
0.0,928.0,928.0,16.0,464.0,1,0.0,2.75,0.42,none,0
0.0,928.0,928.0,16.0,437.0,1,0.0,4.75,0.42,none,0
0.0,1856.0,1856.0,16.0,457.0,1,0.0,5.68,0.42,none,0
0.0,1856.0,1856.0,16.0,408.0,1,0.0,1.89,0.42,none,0
0.0,1908.0,1908.0,16.0,596.0,1,0.0,2.17,0.42,none,0
0.0,1856.0,1856.0,16.0,602.0,1,0.0,6.49,0.47,none,0
0.0,1856.0,1856.0,16.0,442.0,1,0.0,5.5,0.47,none,0
0.0,0.0,0.0,16.0,184.0,1,0.0,0.77,0.47,none,0
0.0,1954.0,1954.0,16.0,631.0,1,0.0,4.01,0.47,none,0
0.0,1856.0,1856.0,16.0,633.0,1,0.0,8.16,0.47,none,0
0.0,1856.0,1856.0,16.0,341.0,1,0.0,1.91,0.43,none,0
0.0,1856.0,1856.0,16.0,427.0,1,0.0,6.39,0.43,none,0
0.0,1856.0,1856.0,16.0,475.0,1,0.0,6.35,0.43,none,0
0.0,1856.0,1856.0,16.0,447.0,1,0.0,3.95,0.43,none,0
0.0,0.0,0.0,16.0,325.0,1,0.0,1.82,0.43,none,0
0.0,2784.0,2784.0,16.0,591.0,1,0.0,2.25,0.71,none,0
0.0,928.0,928.0,16.0,402.0,1,0.0,3.87,0.71,none,0
0.0,1954.0,1954.0,16.0,541.0,1,0.0,4.32,0.71,none,0
0.0,1856.0,1856.0,16.0,506.0,1,0.0,5.07,0.71,none,0
0.0,1856.0,1856.0,16.0,693.0,1,0.0,8.53,0.66,none,0
0.0,1856.0,1856.0,16.0,464.0,1,0.0,6.74,0.66,none,0
0.0,1856.0,1856.0,16.0,516.0,1,0.0,7.03,0.66,none,0
0.0,1012.0,1012.0,16.0,467.0,1,0.0,2.09,0.66,none,0
0.0,928.0,928.0,16.0,265.0,1,0.0,0.76,0.6,none,0
0.0,1856.0,1856.0,16.0,589.0,1,0.0,2.97,0.6,none,0
0.0,1856.0,1856.0,16.0,436.0,1,0.0,2.2,0.6,none,0
0.0,1954.0,1856.0,16.0,402.0,1,0.0,7.05,0.6,none,0
0.0,1856.0,1954.0,16.0,599.0,1,0.0,8.36,0.6,none,0
0.0,1856.0,1856.0,16.0,566.0,1,0.0,5.63,0.72,none,0
0.0,0.0,0.0,16.0,153.0,1,0.0,1.25,0.72,none,0
0.0,1856.0,1856.0,16.0,453.0,1,0.0,4.01,0.72,none,0
0.0,1856.0,1856.0,16.0,337.0,1,0.0,1.01,0.72,none,0
0.0,928.0,928.0,16.0,510.0,1,0.0,2.94,0.72,none,0
0.0,1856.0,1856.0,16.0,380.0,1,0.0,4.31,0.66,none,0
0.0,1856.0,1856.0,16.0,618.0,1,0.0,9.28,0.66,none,0
0.0,928.0,928.0,16.0,398.0,1,0.0,5.34,0.66,none,0
0.0,1954.0,1954.0,16.0,593.0,1,0.0,7.05,0.66,none,0
0.0,1856.0,1856.0,16.0,494.0,1,0.0,4.23,0.66,none,0
0.0,928.0,928.0,16.0,352.0,1,0.0,2.62,0.61,none,0
0.0,1856.0,1856.0,16.0,594.0,1,0.0,5.48,0.61,none,0
0.0,1856.0,1856.0,16.0,454.0,1,0.0,2.17,0.61,none,0
0.0,1856.0,1856.0,16.0,335.0,1,0.0,1.21,0.61,none,0
0.0,928.0,928.0,16.0,406.0,1,0.0,2.34,0.61,none,0
0.0,1856.0,1856.0,16.0,567.0,1,0.0,6.33,0.64,none,0
0.0,1856.0,1856.0,16.0,508.0,1,0.0,3.94,0.64,none,0
0.0,928.0,928.0,16.0,324.0,1,0.0,2.36,0.64,none,0
0.0,1954.0,1954.0,16.0,611.0,1,0.0,4.57,0.64,none,0
0.0,1856.0,1856.0,16.0,500.0,1,0.0,3.52,0.59,none,0
0.0,1856.0,1856.0,16.0,436.0,1,0.0,3.23,0.59,none,0
0.0,1856.0,1856.0,16.0,601.0,1,0.0,7.12,0.59,none,0
0.0,928.0,928.0,15.0,300.0,1,0.0,1.0,0.59,none,0
0.0,928.0,928.0,16.0,400.0,1,0.0,2.35,0.59,none,0
0.0,1856.0,1856.0,16.0,394.0,1,0.0,1.9,0.54,none,0
0.0,1856.0,1856.0,16.0,421.0,1,0.0,5.51,0.54,none,0
0.0,1856.0,1856.0,16.0,449.0,1,0.0,1.66,0.54,none,0
0.0,1856.0,1856.0,16.0,550.0,1,0.0,7.44,0.54,none,0
0.0,98.0,98.0,16.0,461.0,1,0.0,2.06,0.54,none,0
0.0,1856.0,1856.0,16.0,533.0,1,0.0,4.09,0.5,none,0
0.0,1856.0,1856.0,16.0,496.0,1,0.0,6.53,0.5,none,0
0.0,1856.0,1856.0,16.0,697.0,1,0.0,10.08,0.5,none,0
0.0,1856.0,1856.0,16.0,467.0,1,0.0,3.93,0.5,none,0
0.0,84.0,84.0,16.0,528.0,1,0.0,0.25,0.5,none,0
0.0,1856.0,1856.0,16.0,578.0,1,0.0,6.44,0.62,none,0
0.0,1856.0,1856.0,16.0,459.0,1,0.0,4.7,0.62,none,0
0.0,1856.0,1856.0,16.0,566.0,1,0.0,3.05,0.62,none,0
0.0,270.0,172.0,16.0,714.0,2,0.0,2.08,0.62,none,0
0.0,1684.0,1782.0,16.0,361.0,1,0.0,1.77,0.62,none,0
0.0,1856.0,1856.0,16.0,485.0,1,0.0,5.03,0.65,none,0
0.0,1856.0,1856.0,16.0,433.0,1,0.0,6.51,0.65,none,0
0.0,1856.0,1856.0,16.0,504.0,2,0.0,5.66,0.65,none,0
0.0,928.0,928.0,16.0,356.0,3,0.0,5.58,0.65,none,0
0.0,1856.0,1856.0,16.0,419.0,2,0.0,2.52,0.59,none,0
0.0,1856.0,1856.0,16.0,496.0,2,0.0,2.0,0.59,none,0
0.0,1856.0,1856.0,16.0,647.0,2,0.0,5.88,0.59,none,0
0.0,1026.0,1026.0,15.0,445.0,2,0.0,2.33,0.59,none,0
0.0,1856.0,1856.0,16.0,544.0,2,0.0,3.24,0.55,none,0
0.0,1856.0,1856.0,16.0,484.0,2,0.0,4.42,0.55,none,0
0.0,1856.0,1856.0,16.0,455.0,2,0.0,4.23,0.55,none,0
0.0,1856.0,1926.0,16.0,645.0,2,0.0,4.92,0.55,none,0
0.0,928.0,928.0,16.0,357.0,2,0.0,1.81,0.55,none,0
0.0,928.0,928.0,16.0,295.0,2,0.0,2.56,0.5,none,0
0.0,1856.0,1856.0,16.0,414.0,2,0.0,2.37,0.5,none,0
0.0,928.0,928.0,16.0,224.0,2,0.0,0.5,0.5,none,0
0.0,1856.0,1856.0,16.0,783.0,2,0.0,6.7,0.5,none,0
0.0,1954.0,1954.0,16.0,651.0,2,0.0,6.08,0.5,none,0
0.0,1856.0,1856.0,16.0,565.0,2,0.0,4.55,0.54,none,0
0.0,928.0,928.0,16.0,483.0,2,0.0,3.94,0.54,none,0
0.0,2784.0,2784.0,16.0,487.0,2,0.0,4.53,0.54,none,0
0.0,928.0,928.0,16.0,937.0,2,0.0,6.12,0.54,none,0
0.0,1898.0,1898.0,16.0,498.0,2,0.0,4.17,0.5,none,0
0.0,928.0,928.0,16.0,412.0,2,0.0,4.1,0.5,none,0
0.0,1856.0,1856.0,16.0,373.0,2,0.0,4.42,0.5,none,0
0.0,1856.0,1856.0,16.0,347.0,2,0.0,2.14,0.5,none,0
0.0,1856.0,1856.0,16.0,586.0,2,0.0,2.49,0.5,none,0
0.0,1850.0,1850.0,16.0,378.0,3,0.0,3.89,0.46,none,0
0.0,104.0,104.0,16.0,373.0,2,0.0,2.01,0.46,none,0
0.0,1856.0,1856.0,16.0,520.0,2,0.0,4.51,0.46,none,0
0.0,1282.0,1282.0,16.0,414.0,3,0.0,5.14,0.46,none,0
0.0,2472.0,2472.0,16.0,773.0,2,0.0,3.66,0.46,none,0
0.0,1856.0,1856.0,16.0,578.0,2,0.0,7.07,0.42,none,0
0.0,928.0,928.0,16.0,418.0,2,0.0,3.89,0.42,none,0
0.0,1856.0,1856.0,16.0,416.0,2,0.0,4.38,0.42,none,0
0.0,928.0,928.0,16.0,559.0,2,0.0,5.25,0.42,none,0
0.0,1954.0,1954.0,16.0,628.0,2,0.0,3.9,0.39,none,0
0.0,1856.0,1856.0,16.0,508.0,2,0.0,3.45,0.39,none,0
0.0,1856.0,1856.0,16.0,501.0,2,0.0,3.02,0.39,none,0
0.0,1856.0,1856.0,16.0,488.0,2,0.0,4.38,0.39,none,0
0.0,1856.0,1856.0,16.0,507.0,2,0.0,3.0,0.39,none,0
0.0,1856.0,1856.0,16.0,553.0,2,0.0,7.79,0.36,none,0
0.0,0.0,0.0,16.0,260.0,2,0.0,2.02,0.36,none,0
0.0,1856.0,1856.0,16.0,336.0,2,0.0,1.66,0.36,none,0
0.0,1856.0,1856.0,16.0,408.0,2,0.0,1.86,0.36,none,0
0.0,1954.0,1856.0,16.0,510.0,2,0.0,4.72,0.36,none,0
0.0,1856.0,1954.0,16.0,525.0,2,0.0,7.24,0.49,none,0
0.0,1856.0,1856.0,16.0,574.0,2,0.0,8.0,0.49,none,0
0.0,1856.0,1856.0,16.0,379.0,2,0.0,6.41,0.49,none,0
0.0,928.0,928.0,16.0,265.0,2,0.0,0.26,0.49,none,0
0.0,928.0,928.0,16.0,577.0,2,0.0,2.89,0.49,none,0
0.0,1898.0,1898.0,16.0,478.0,2,0.0,4.96,0.61,none,0
0.0,1856.0,1856.0,16.0,492.0,2,0.0,6.99,0.61,none,0
0.0,1856.0,1856.0,16.0,442.0,2,0.0,6.99,0.61,none,0
0.0,1856.0,1856.0,16.0,395.0,2,0.0,5.94,0.61,none,0
0.0,1026.0,1026.0,16.0,489.0,2,0.0,4.76,0.61,none,0
0.0,928.0,928.0,16.0,365.0,2,0.0,2.11,0.56,none,0
0.0,1856.0,1856.0,16.0,469.0,2,0.0,2.45,0.56,none,0
0.0,1856.0,1856.0,16.0,441.0,2,0.0,3.74,0.56,none,0
0.0,1856.0,1856.0,16.0,379.0,2,0.0,4.19,0.56,none,0
0.0,1856.0,1856.0,16.0,591.0,2,0.0,8.66,0.52,none,0
0.0,1856.0,1856.0,16.0,458.0,1,0.0,6.79,0.52,none,0
0.0,0.0,0.0,16.0,180.0,1,0.0,0.76,0.52,none,0
0.0,1856.0,1856.0,16.0,299.0,1,0.0,2.17,0.52,none,0
0.0,1856.0,1856.0,16.0,462.0,1,0.0,7.77,0.52,none,0
0.0,1954.0,1954.0,16.0,571.0,1,0.0,5.99,0.55,none,0
0.0,1856.0,1856.0,16.0,545.0,1,0.0,7.05,0.55,none,0
0.0,1856.0,1856.0,16.0,415.0,1,0.0,5.25,0.55,none,0
0.0,0.0,0.0,16.0,222.0,1,0.0,2.51,0.55,none,0
0.0,1856.0,1856.0,16.0,648.0,1,0.0,4.55,0.55,none,0
0.0,1898.0,1898.0,16.0,598.0,1,0.0,8.47,0.51,none,0
0.0,0.0,0.0,16.0,195.0,1,0.0,0.51,0.51,none,0
0.0,1856.0,1856.0,16.0,534.0,1,0.0,6.02,0.51,none,0
0.0,1856.0,1856.0,16.0,415.0,1,0.0,4.74,0.51,none,0
0.0,928.0,928.0,16.0,417.0,1,0.0,1.08,0.51,none,0
0.0,1026.0,1026.0,16.0,3824.0,1,0.0,15.38,0.55,none,0
0.0,1856.0,1856.0,16.0,646.0,1,0.0,5.91,0.55,none,0
0.0,1856.0,1856.0,16.0,491.0,1,0.0,4.72,0.55,none,0
0.0,1856.0,1856.0,16.0,607.0,1,0.0,8.36,0.55,none,0
0.0,1856.0,1856.0,16.0,526.0,1,0.0,5.31,0.55,none,0
0.0,970.0,970.0,16.0,593.0,1,0.0,8.05,0.51,none,0
0.0,1856.0,1856.0,16.0,434.0,1,0.0,2.91,0.51,none,0
0.0,928.0,928.0,16.0,324.0,1,0.0,2.37,0.51,none,0
0.0,1856.0,1856.0,16.0,421.0,1,0.0,2.97,0.51,none,0
0.0,1856.0,1856.0,16.0,563.0,1,0.0,7.75,0.51,none,0
0.0,1954.0,1954.0,16.0,775.0,1,0.0,8.36,0.55,none,0
0.0,1856.0,1856.0,16.0,498.0,1,0.0,3.24,0.55,none,0
0.0,1282.0,1282.0,16.0,193.0,2,0.0,1.57,0.55,none,0
0.0,574.0,574.0,16.0,285.0,1,0.0,0.99,0.55,none,0
0.0,2784.0,2784.0,16.0,699.0,1,0.0,3.06,0.5,none,0
0.0,928.0,928.0,16.0,525.0,1,0.0,5.24,0.5,none,0
0.0,1856.0,1856.0,16.0,499.0,1,0.0,4.23,0.5,none,0
0.0,1856.0,1856.0,16.0,419.0,1,0.0,1.61,0.5,none,0
0.0,1856.0,1856.0,16.0,418.0,1,0.0,1.64,0.5,none,0
0.0,1954.0,1954.0,16.0,592.0,1,0.0,5.12,0.46,none,0
0.0,1856.0,1856.0,16.0,617.0,1,0.0,4.72,0.46,none,0
0.0,1856.0,1856.0,16.0,403.0,1,0.0,2.71,0.46,none,0
0.0,928.0,928.0,16.0,246.0,1,0.0,2.07,0.46,none,0
0.0,928.0,928.0,16.0,340.0,1,0.0,2.63,0.42,none,0
0.0,1856.0,1856.0,15.0,535.0,1,0.0,6.22,0.42,none,0
0.0,1856.0,1856.0,16.0,608.0,1,0.0,8.49,0.42,none,0
0.0,1856.0,1856.0,16.0,433.0,1,0.0,2.17,0.42,none,0
0.0,1752.0,1752.0,16.0,481.0,1,0.0,2.45,0.42,none,0
0.0,1856.0,1856.0,16.0,397.0,1,0.0,2.7,0.39,none,0
0.0,1954.0,1954.0,16.0,717.0,1,0.0,5.62,0.39,none,0
0.0,0.0,0.0,16.0,370.0,1,0.0,1.85,0.39,none,0
0.0,1856.0,1856.0,16.0,333.0,1,0.0,1.89,0.39,none,0
0.0,1856.0,1856.0,16.0,578.0,2,0.0,1.66,0.39,none,0
0.0,1856.0,1856.0,16.0,592.0,2,0.0,5.87,0.44,none,0
0.0,1856.0,1856.0,16.0,448.0,2,0.0,6.02,0.44,none,0
0.0,928.0,928.0,16.0,420.0,2,0.0,4.74,0.44,none,0
0.0,928.0,928.0,16.0,286.0,2,0.0,1.32,0.44,none,0
0.0,1856.0,1856.0,16.0,493.0,2,0.0,7.71,0.44,none,0
0.0,1954.0,1954.0,16.0,595.0,2,0.0,8.02,0.4,none,0
0.0,1856.0,1856.0,16.0,466.0,2,0.0,5.61,0.4,none,0
0.0,1856.0,1856.0,16.0,600.0,2,0.0,7.3,0.4,none,0
0.0,1856.0,1856.0,16.0,463.0,2,0.0,7.37,0.4,none,0
0.0,0.0,0.0,16.0,209.0,2,0.0,1.79,0.4,none,0
0.0,1898.0,1898.0,16.0,400.0,2,0.0,5.75,0.53,none,0
0.0,1856.0,1856.0,16.0,556.0,2,0.0,7.41,0.53,none,0
0.0,1856.0,1856.0,16.0,732.0,2,0.0,10.77,0.53,none,0
0.0,1856.0,1856.0,16.0,442.0,2,0.0,7.4,0.53,none,0
0.0,1856.0,1856.0,16.0,435.0,2,0.0,5.54,0.49,none,0
0.0,1954.0,1954.0,16.0,616.0,2,0.0,6.79,0.49,none,0
0.0,1856.0,1856.0,16.0,538.0,2,0.0,8.24,0.49,none,0
0.0,1856.0,1856.0,16.0,335.0,2,0.0,1.35,0.49,none,0
0.0,0.0,0.0,16.0,416.0,2,0.0,3.5,0.49,none,0
0.0,1856.0,1856.0,16.0,382.0,2,0.0,3.46,0.45,none,0
0.0,1898.0,1898.0,16.0,479.0,2,0.0,6.77,0.45,none,0
0.0,1856.0,1856.0,16.0,569.0,2,0.0,4.95,0.45,none,0
0.0,1856.0,1856.0,16.0,387.0,2,0.0,2.96,0.45,none,0
0.0,1856.0,1856.0,16.0,348.0,2,0.0,1.85,0.45,none,0
0.0,0.0,0.0,16.0,266.0,2,0.0,1.53,0.41,none,0
0.0,1954.0,1954.0,16.0,563.0,2,0.0,3.99,0.41,none,0
0.0,1856.0,1856.0,16.0,685.0,2,0.0,8.11,0.41,none,0
0.0,1856.0,1856.0,16.0,466.0,2,0.0,3.0,0.41,none,0
0.0,1856.0,1856.0,16.0,535.0,2,0.0,6.12,0.41,none,0
0.0,1856.0,1856.0,16.0,461.0,2,0.0,4.28,0.38,none,0
0.0,1856.0,1856.0,16.0,397.0,2,0.0,4.75,0.38,none,0
0.0,928.0,928.0,16.0,433.0,2,0.0,4.48,0.38,none,0
0.0,928.0,928.0,16.0,333.0,2,0.0,1.07,0.38,none,0
0.0,1856.0,1856.0,16.0,410.0,2,0.0,5.14,0.35,none,0
0.0,1856.0,1856.0,16.0,561.0,2,0.0,8.09,0.35,none,0
0.0,1954.0,1954.0,16.0,569.0,3,0.0,5.54,0.35,none,0
0.0,1856.0,1856.0,16.0,611.0,3,0.0,4.35,0.35,none,0
0.0,1856.0,1856.0,16.0,337.0,3,0.0,1.81,0.35,none,0
0.0,928.0,928.0,16.0,1753.0,3,0.0,3.68,0.32,none,0
0.0,2784.0,2784.0,16.0,1796.0,3,0.0,4.07,0.32,none,0
0.0,0.0,0.0,16.0,486.0,3,0.0,1.3,0.32,none,0
0.0,1856.0,1856.0,16.0,1010.0,3,0.0,2.36,0.32,none,0
0.0,1856.0,1856.0,16.0,957.0,3,0.0,3.54,0.32,none,0
0.0,1856.0,1856.0,16.0,984.0,3,0.0,3.61,0.29,none,0
0.0,1954.0,1954.0,16.0,1284.0,3,0.0,6.37,0.29,none,0
0.0,1856.0,1856.0,16.0,8388.0,3,0.0,28.44,0.29,none,0
0.0,928.0,928.0,16.0,7350.0,3,0.0,25.27,0.29,none,0
0.0,928.0,928.0,16.0,2483.0,3,0.0,6.12,0.29,none,0
0.0,1856.0,1856.0,16.0,703.0,3,0.0,6.99,0.35,none,0
0.0,1856.0,1856.0,16.0,1116.0,3,0.0,8.01,0.35,none,0
0.0,1856.0,1856.0,16.0,481.0,3,0.0,2.69,0.35,none,0
0.0,1856.0,1856.0,16.0,660.0,3,0.0,7.8,0.35,none,0
0.0,1856.0,1856.0,16.0,721.0,3,0.0,9.14,0.4,none,0
0.0,928.0,928.0,16.0,493.0,3,0.0,6.43,0.4,none,0
0.0,1026.0,1026.0,16.0,664.0,3,0.0,5.97,0.4,none,0
0.0,1856.0,1856.0,16.0,905.0,3,0.0,7.0,0.4,none,0
0.0,1856.0,1856.0,16.0,858.0,3,0.0,9.73,0.4,none,0
0.0,1856.0,1856.0,16.0,397.0,3,0.0,3.79,0.37,none,0
0.0,1856.0,1856.0,16.0,460.0,2,0.0,4.04,0.37,none,0
0.0,1856.0,1856.0,16.0,535.0,2,0.0,7.35,0.37,none,0
0.0,1856.0,1856.0,16.0,493.0,2,0.0,6.81,0.37,none,0
0.0,1856.0,1856.0,16.0,457.0,2,0.0,3.27,0.37,none,0
0.0,0.0,0.0,16.0,270.0,2,0.0,2.33,0.34,none,0
0.0,1856.0,1856.0,16.0,511.0,2,0.0,8.5,0.34,none,0
0.0,1954.0,1954.0,16.0,619.0,2,0.0,11.23,0.34,none,0
0.0,1856.0,1856.0,16.0,403.0,2,0.0,3.81,0.34,none,0
0.0,1856.0,1856.0,16.0,611.0,2,0.0,9.9,0.34,none,0
0.0,1856.0,1856.0,16.0,643.0,2,0.0,8.14,0.31,none,0
0.0,1856.0,1856.0,16.0,534.0,2,0.0,4.53,0.31,none,0
0.0,84.0,84.0,16.0,233.0,2,0.0,0.76,0.31,none,0
0.0,1856.0,1856.0,16.0,503.0,2,0.0,7.21,0.31,none,0
0.0,1856.0,1856.0,16.0,640.0,2,0.0,5.1,0.29,none,0
0.0,1856.0,1856.0,16.0,438.0,2,0.0,2.51,0.29,none,0
0.0,1954.0,1954.0,16.0,517.0,2,0.0,3.64,0.29,none,0
0.0,1856.0,1856.0,15.0,685.0,2,0.0,4.56,0.29,none,0
0.0,1856.0,1856.0,16.0,651.0,2,0.0,1.98,0.27,none,0
0.0,1856.0,1856.0,16.0,510.0,2,0.0,2.92,0.27,none,0
0.0,1856.0,1856.0,16.0,431.0,2,0.0,6.84,0.27,none,0
0.0,1856.0,1856.0,16.0,558.0,2,0.0,4.27,0.27,none,0
0.0,928.0,928.0,16.0,184.0,2,0.0,0.72,0.27,none,0
0.0,1856.0,1856.0,16.0,645.0,2,0.0,3.0,0.24,none,0
0.0,928.0,928.0,16.0,440.0,2,0.0,5.04,0.24,none,0
0.0,1954.0,1954.0,16.0,559.0,2,0.0,6.93,0.24,none,0
0.0,1856.0,1856.0,16.0,527.0,2,0.0,7.73,0.24,none,0
0.0,1856.0,1856.0,16.0,559.0,2,0.0,6.35,0.24,none,0
0.0,1856.0,1856.0,16.0,679.0,2,0.0,5.13,0.22,none,0
0.0,1856.0,1856.0,16.0,476.0,2,0.0,6.44,0.22,none,0
0.0,1856.0,1856.0,16.0,528.0,2,0.0,5.58,0.22,none,0
0.0,1856.0,1856.0,16.0,465.0,2,0.0,6.48,0.22,none,0
0.0,1856.0,1856.0,16.0,606.0,2,0.0,7.98,0.21,none,0
0.0,1856.0,1856.0,16.0,516.0,2,0.0,6.75,0.21,none,0
0.0,1954.0,1954.0,16.0,485.0,2,0.0,6.67,0.21,none,0
0.0,0.0,0.0,16.0,207.0,1,0.0,0.74,0.21,none,0
0.0,1856.0,1856.0,16.0,343.0,1,0.0,1.36,0.21,none,0
0.0,1856.0,1856.0,16.0,490.0,1,0.0,1.13,0.19,none,0
0.0,1856.0,1856.0,16.0,387.0,1,0.0,3.22,0.19,none,0
0.0,928.0,928.0,16.0,263.0,1,0.0,0.79,0.19,none,0
0.0,1856.0,1856.0,16.0,445.0,1,0.0,2.44,0.19,none,0
0.0,1856.0,1856.0,16.0,340.0,1,0.0,1.88,0.17,none,0
0.0,928.0,928.0,16.0,619.0,1,0.0,6.25,0.17,none,0
0.0,1856.0,1856.0,16.0,377.0,1,0.0,2.44,0.17,none,0
0.0,200.0,200.0,24.0,514.0,0,0.0,9.35,1.82,none,0
0.0,298.0,298.0,24.0,437.0,0,0.0,4.24,1.83,none,0
0.0,200.0,200.0,24.0,274.0,0,0.0,2.15,1.83,none,0
0.0,200.0,200.0,24.0,651.0,0,0.0,13.35,1.83,none,0
0.0,0.0,0.0,24.0,293.0,0,0.0,4.23,1.83,none,0
0.0,298.0,298.0,24.0,464.0,0,0.0,6.56,1.83,none,0
0.0,200.0,200.0,24.0,350.0,0,0.0,2.71,1.69,none,0
0.0,200.0,200.0,24.0,486.0,0,0.0,7.75,1.69,none,0
0.0,0.0,0.0,24.0,607.0,0,0.0,5.85,1.69,none,0
0.0,400.0,400.0,27.0,1323.0,0,0.0,18.97,1.69,none,0
0.0,200.0,200.0,27.0,436.0,0,96.4,14.51,1.63,none,0
0.0,98.0,98.0,27.0,492.0,0,25.8,7.14,1.63,none,0
0.0,200.0,200.0,27.0,692.0,0,0.0,10.86,1.63,none,0
0.0,200.0,200.0,27.0,616.0,0,0.0,10.27,1.63,none,0
0.0,298.0,298.0,27.0,651.0,0,0.0,13.03,1.63,none,0
0.0,200.0,200.0,27.0,449.0,0,0.0,6.63,1.5,none,0
0.0,200.0,200.0,27.0,370.0,0,0.0,8.38,1.5,none,0
0.0,0.0,0.0,27.0,631.0,0,0.0,6.83,1.5,none,0
0.0,200.0,200.0,27.0,444.0,0,0.0,9.66,1.5,none,0
0.0,242.0,242.0,27.0,545.0,0,0.0,11.32,1.5,none,0
0.0,200.0,200.0,27.0,415.0,0,0.0,4.18,1.38,none,0
0.0,298.0,298.0,27.0,495.0,0,0.0,4.0,1.38,none,0
0.0,100.0,100.0,27.0,610.0,0,0.0,6.67,1.38,none,0
0.0,100.0,100.0,27.0,357.0,0,10.4,3.98,1.38,none,0
0.0,298.0,298.0,27.0,549.0,0,0.0,8.15,1.27,none,0
0.0,200.0,200.0,27.0,419.0,0,0.0,8.49,1.27,none,0
0.0,200.0,200.0,27.0,528.0,0,0.0,9.71,1.27,none,0
0.0,200.0,200.0,27.0,819.0,0,0.0,15.26,1.27,none,0
0.0,200.0,200.0,27.0,400.0,0,0.0,9.04,1.27,none,0
0.0,0.0,0.0,27.0,480.0,0,0.0,3.68,1.17,none,0
0.0,298.0,298.0,27.0,483.0,0,0.0,3.51,1.17,none,0
0.0,200.0,200.0,26.0,347.0,0,0.0,2.22,1.17,none,0
0.0,200.0,200.0,27.0,699.0,0,0.0,6.81,1.17,none,0
0.0,298.0,298.0,27.0,653.0,0,0.0,10.5,1.17,none,0
0.0,200.0,200.0,27.0,567.0,0,0.0,11.38,1.07,none,0
0.0,242.0,242.0,27.0,419.0,0,0.0,7.92,1.07,none,0
0.0,100.0,100.0,27.0,531.0,0,0.0,4.58,1.07,none,0
0.0,100.0,100.0,27.0,752.0,0,10.3,9.94,1.07,none,0
0.0,200.0,200.0,27.0,512.0,0,0.0,8.02,0.99,none,0
0.0,200.0,200.0,27.0,420.0,0,0.0,5.18,0.99,none,0
0.0,298.0,298.0,27.0,572.0,0,0.0,6.41,0.99,none,0
0.0,200.0,200.0,27.0,828.0,0,0.0,16.0,0.99,none,0
0.0,200.0,200.0,27.0,503.0,0,0.0,8.04,0.99,none,0
0.0,198.0,198.0,27.0,441.0,0,0.0,4.81,1.15,none,0
0.0,100.0,100.0,26.0,326.0,0,0.0,3.93,1.15,none,0
0.0,200.0,200.0,27.0,394.0,0,0.0,4.09,1.15,none,0
0.0,200.0,200.0,27.0,774.0,0,0.0,11.89,1.15,none,0
0.0,200.0,200.0,27.0,475.0,0,0.0,6.79,1.15,none,0
0.0,200.0,200.0,27.0,568.0,0,0.0,7.45,1.22,none,0
0.0,98.0,98.0,27.0,577.0,0,0.0,3.24,1.22,none,0
0.0,200.0,200.0,27.0,301.0,0,0.0,2.2,1.22,none,0
0.0,200.0,200.0,27.0,855.0,0,0.0,13.46,1.22,none,0
0.0,298.0,298.0,27.0,726.0,0,0.0,10.19,1.12,none,0
0.0,200.0,200.0,27.0,475.0,0,0.0,10.16,1.12,none,0
0.0,242.0,242.0,27.0,452.0,0,0.0,10.0,1.12,none,0
0.0,0.0,0.0,27.0,364.0,0,10.5,3.09,1.12,none,0
0.0,200.0,200.0,27.0,759.0,0,0.0,12.36,1.12,none,0
0.0,200.0,200.0,27.0,559.0,0,0.0,6.93,1.03,none,0
0.0,200.0,200.0,27.0,441.0,0,0.0,3.69,1.03,none,0
0.0,298.0,298.0,27.0,1154.0,0,0.0,5.19,1.03,none,0
0.0,200.0,200.0,27.0,1659.0,0,0.0,12.89,1.03,none,0
0.0,200.0,200.0,27.0,943.0,0,0.0,19.34,1.03,none,0
0.0,298.0,298.0,27.0,578.0,0,0.0,9.58,0.95,none,0
0.0,0.0,0.0,27.0,292.0,0,11.5,5.28,0.95,none,0
0.0,200.0,200.0,27.0,474.0,0,0.0,3.75,0.95,none,0
0.0,200.0,200.0,27.0,374.0,0,0.0,2.19,0.95,none,0
0.0,200.0,200.0,27.0,2071.0,0,0.0,14.41,0.87,none,0
0.0,242.0,242.0,27.0,2250.0,0,0.0,10.0,0.87,none,0
0.0,298.0,298.0,27.0,1207.0,0,0.0,6.72,0.87,none,0
0.0,200.0,200.0,27.0,820.0,0,0.0,4.35,0.87,none,0
0.0,100.0,100.0,27.0,443.0,0,0.0,2.41,0.87,none,0
0.0,100.0,100.0,27.0,692.0,0,0.0,4.6,0.8,none,0
0.0,298.0,298.0,27.0,541.0,0,0.0,5.99,0.8,none,0
0.0,200.0,200.0,27.0,448.0,0,0.0,4.5,0.8,none,0
0.0,200.0,200.0,27.0,562.0,0,0.0,6.6,0.8,none,0
0.0,200.0,200.0,26.0,718.0,0,0.0,8.82,0.8,none,0
0.0,242.0,242.0,27.0,524.0,0,0.0,4.37,0.9,none,0
0.0,0.0,0.0,27.0,397.0,0,0.0,3.57,0.9,none,0
0.0,298.0,298.0,27.0,529.0,0,0.0,3.31,0.9,none,0
0.0,200.0,200.0,27.0,450.0,0,0.0,7.09,0.9,none,0
0.0,200.0,200.0,27.0,698.0,0,0.0,10.99,0.9,none,0
0.0,298.0,298.0,27.0,594.0,0,0.0,10.16,0.83,none,0
0.0,200.0,200.0,27.0,482.0,0,0.0,7.62,0.83,none,0
0.0,200.0,200.0,27.0,468.0,0,0.0,7.59,0.83,none,0
0.0,200.0,200.0,27.0,342.0,0,0.0,3.12,0.83,none,0
0.0,200.0,200.0,27.0,596.0,0,0.0,5.19,0.84,none,0
0.0,100.0,100.0,27.0,490.0,0,0.0,2.75,0.84,none,0
0.0,100.0,100.0,27.0,363.0,0,0.0,3.72,0.84,none,0
0.0,298.0,298.0,27.0,1527.0,0,0.0,11.44,0.84,none,0
0.0,200.0,200.0,27.0,699.0,0,0.0,10.32,0.84,none,0
0.0,200.0,200.0,27.0,795.0,0,0.0,9.09,0.77,none,0
0.0,298.0,298.0,27.0,634.0,0,0.0,10.05,0.77,none,0
0.0,200.0,200.0,27.0,554.0,0,0.0,10.13,0.77,none,0
0.0,100.0,100.0,27.0,572.0,0,0.0,7.11,0.77,none,0
0.0,200.0,200.0,27.0,506.0,0,0.0,5.82,0.77,none,0
0.0,200.0,200.0,27.0,851.0,0,0.0,6.44,0.79,none,0
0.0,100.0,100.0,27.0,414.0,0,0.0,3.16,0.79,none,0
0.0,298.0,298.0,27.0,756.0,0,0.0,8.75,0.79,none,0
0.0,200.0,200.0,27.0,355.0,0,0.0,2.0,0.79,none,0
0.0,200.0,200.0,27.0,583.0,0,0.0,5.28,0.89,none,0
0.0,298.0,298.0,27.0,793.0,0,0.0,8.59,0.89,none,0
0.0,200.0,200.0,27.0,379.0,0,0.0,3.76,0.89,none,0
0.0,184.0,184.0,27.0,482.0,0,0.0,4.55,0.89,none,0
0.0,100.0,100.0,27.0,299.0,0,0.0,3.63,0.89,none,0
0.0,200.0,200.0,27.0,428.0,0,0.0,5.01,0.98,none,0
0.0,200.0,200.0,27.0,767.0,0,0.0,8.2,0.98,none,0
0.0,298.0,298.0,27.0,614.0,0,0.0,7.24,0.98,none,0
0.0,200.0,200.0,27.0,488.0,0,0.0,5.33,0.98,none,0
0.0,200.0,200.0,27.0,457.0,0,0.0,6.37,0.9,none,0
0.0,298.0,298.0,27.0,734.0,0,0.0,9.76,0.9,none,0
0.0,200.0,200.0,27.0,677.0,0,0.0,11.29,0.9,none,0
0.0,100.0,100.0,27.0,509.0,0,0.0,2.98,0.9,none,0
0.0,100.0,100.0,27.0,433.0,0,0.0,3.24,0.9,none,0
0.0,200.0,200.0,25.0,852.0,0,0.0,8.11,0.83,none,0
0.0,200.0,200.0,27.0,1791.0,0,0.0,18.08,0.83,none,0
0.0,200.0,200.0,27.0,517.0,0,0.0,5.87,0.83,none,0
0.0,298.0,298.0,27.0,1430.0,0,0.0,12.89,0.83,none,0
0.0,200.0,200.0,27.0,951.0,0,0.0,6.28,0.83,none,0
0.0,200.0,200.0,27.0,533.0,0,0.0,6.22,0.76,none,0
0.0,198.0,198.0,27.0,793.0,0,0.0,9.62,0.76,none,0
0.0,100.0,100.0,27.0,629.0,0,0.0,7.24,0.76,none,0
0.0,200.0,200.0,27.0,991.0,0,0.0,5.29,0.76,none,0
0.0,200.0,200.0,27.0,500.0,0,0.0,5.99,0.7,none,0
0.0,200.0,200.0,27.0,667.0,0,0.0,8.88,0.7,none,0
0.0,242.0,242.0,27.0,740.0,0,0.0,5.88,0.7,none,0
0.0,298.0,298.0,27.0,444.0,0,0.0,5.11,0.7,none,0
0.0,100.0,100.0,27.0,611.0,0,0.0,3.31,0.7,none,0
0.0,100.0,100.0,27.0,651.0,0,0.0,12.18,0.72,none,0
0.0,298.0,298.0,27.0,843.0,0,0.0,18.59,0.72,none,0
0.0,200.0,200.0,27.0,879.0,0,0.0,21.64,0.72,none,0
0.0,100.0,100.0,27.0,480.0,0,10.6,9.27,0.72,none,0
0.0,100.0,100.0,27.0,629.0,0,10.5,9.72,0.67,none,0
0.0,242.0,242.0,27.0,757.0,0,0.0,21.04,0.67,none,0
0.0,200.0,200.0,27.0,746.0,0,0.0,18.02,0.67,none,0
0.0,198.0,198.0,27.0,732.0,0,0.0,11.75,0.67,none,0
0.0,200.0,200.0,27.0,593.0,0,0.0,13.02,0.69,none,0
0.0,100.0,100.0,27.0,556.0,0,10.9,7.71,0.69,none,0
0.0,298.0,298.0,27.0,686.0,0,0.0,15.41,0.69,none,0
0.0,100.0,100.0,27.0,701.0,0,10.8,12.54,0.69,none,0
0.0,0.0,0.0,9.0,347.0,0,0.0,0.07,0.2,none,0
0.0,98.0,98.0,9.0,333.0,0,0.0,2.34,0.2,none,0
0.0,0.0,0.0,9.0,355.0,0,0.0,1.78,0.18,none,0
0.0,0.0,0.0,9.0,94.0,0,0.0,0.25,0.18,none,0
0.0,0.0,0.0,9.0,151.0,0,0.0,0.0,0.18,none,0
0.0,0.0,0.0,9.0,112.0,0,0.0,0.25,0.18,none,0
0.0,42.0,42.0,9.0,76.0,0,0.0,0.0,0.17,none,0
0.0,0.0,0.0,9.0,272.0,0,0.0,0.52,0.17,none,0
0.0,0.0,0.0,9.0,85.0,0,0.0,0.0,0.17,none,0
0.0,0.0,0.0,9.0,125.0,0,0.0,0.0,0.17,none,0
0.0,0.0,0.0,9.0,65.0,0,0.0,0.0,0.17,none,0
0.0,98.0,98.0,9.0,260.0,0,0.0,0.26,0.16,none,0
0.0,0.0,0.0,9.0,272.0,0,0.0,1.27,0.16,none,0
0.0,0.0,0.0,9.0,191.0,0,0.0,0.0,0.16,none,0
0.0,0.0,0.0,9.0,95.0,0,0.0,0.0,0.16,none,0
0.0,0.0,0.0,9.0,112.0,0,0.0,0.25,0.16,none,0
0.0,0.0,0.0,9.0,87.0,0,0.0,0.0,0.14,none,0
0.0,0.0,0.0,9.0,513.0,0,0.0,2.31,0.14,none,0
0.0,0.0,0.0,9.0,142.0,0,0.0,0.0,0.14,none,0
0.0,0.0,0.0,9.0,89.0,0,0.0,0.25,0.14,none,0
0.0,0.0,0.0,9.0,79.0,0,0.0,0.0,0.14,none,0
0.0,0.0,0.0,9.0,52.0,0,0.0,0.0,0.13,none,0
0.0,98.0,98.0,9.0,390.0,0,0.0,2.59,0.13,none,0
0.0,0.0,0.0,9.0,171.0,0,0.0,0.0,0.13,none,0
0.0,0.0,0.0,9.0,112.0,0,0.0,0.0,0.13,none,0
0.0,0.0,0.0,9.0,167.0,0,0.0,0.0,0.13,none,0
0.0,0.0,0.0,9.0,227.0,0,0.0,0.5,0.12,none,0
0.0,0.0,0.0,9.0,323.0,0,0.0,1.54,0.12,none,0
0.0,0.0,0.0,9.0,131.0,0,0.0,0.0,0.12,none,0
0.0,0.0,0.0,9.0,207.0,0,0.0,0.5,0.12,none,0
0.0,0.0,0.0,9.0,240.0,0,0.0,2.03,0.12,none,0
0.0,0.0,0.0,9.0,204.0,0,0.0,1.01,0.11,none,0
0.0,98.0,98.0,9.0,452.0,0,0.0,2.87,0.11,none,0
0.0,0.0,0.0,9.0,277.0,0,0.0,0.0,0.11,none,0
0.0,0.0,0.0,9.0,141.0,0,0.0,0.24,0.11,none,0
0.0,0.0,0.0,9.0,212.0,0,0.0,0.0,0.11,none,0
0.0,0.0,0.0,9.0,156.0,0,0.0,0.25,0.1,none,0
0.0,84.0,84.0,9.0,374.0,0,0.0,1.29,0.1,none,0
0.0,0.0,0.0,9.0,110.0,0,0.0,0.25,0.1,none,0
0.0,0.0,0.0,9.0,199.0,0,0.0,0.0,0.1,none,0
0.0,0.0,0.0,9.0,180.0,0,0.0,0.25,0.09,none,0
0.0,0.0,0.0,9.0,177.0,0,0.0,0.0,0.09,none,0
0.0,98.0,98.0,9.0,381.0,0,0.0,3.86,0.09,none,0
0.0,0.0,0.0,9.0,163.0,0,0.0,0.25,0.09,none,0
0.0,0.0,0.0,9.0,135.0,0,0.0,0.25,0.09,none,0
0.0,0.0,0.0,9.0,162.0,0,0.0,0.0,0.17,none,0
0.0,0.0,0.0,9.0,137.0,0,0.0,0.0,0.17,none,0
0.0,0.0,0.0,9.0,210.0,0,0.0,0.25,0.17,none,0
0.0,0.0,0.0,9.0,389.0,0,0.0,1.53,0.17,none,0
0.0,0.0,0.0,9.0,135.0,0,0.0,0.25,0.17,none,0
0.0,0.0,0.0,9.0,202.0,0,0.0,0.0,0.15,none,0
0.0,0.0,0.0,9.0,72.0,0,0.0,0.0,0.15,none,0
0.0,98.0,98.0,9.0,259.0,0,0.0,1.51,0.15,none,0
0.0,0.0,0.0,9.0,260.0,0,0.0,1.02,0.15,none,0
0.0,0.0,0.0,9.0,144.0,0,0.0,0.25,0.15,none,0
0.0,0.0,0.0,9.0,218.0,0,0.0,0.0,0.14,none,0
0.0,0.0,0.0,9.0,73.0,0,0.0,0.25,0.14,none,0
0.0,0.0,0.0,9.0,191.0,0,0.0,0.0,0.14,none,0
0.0,0.0,0.0,9.0,369.0,0,0.0,1.53,0.14,none,0
0.0,0.0,0.0,9.0,113.0,0,0.0,0.0,0.14,none,0
0.0,0.0,0.0,9.0,260.0,0,0.0,1.28,0.21,none,0
0.0,0.0,0.0,9.0,91.0,0,0.0,0.0,0.21,none,0
0.0,98.0,98.0,9.0,263.0,0,0.0,1.78,0.21,none,0
0.0,0.0,0.0,9.0,297.0,0,0.0,1.03,0.21,none,0
0.0,0.0,0.0,9.0,111.0,0,0.0,0.0,0.21,none,0
0.0,0.0,0.0,9.0,157.0,0,0.0,0.5,0.19,none,0
0.0,0.0,0.0,9.0,52.0,0,0.0,0.0,0.19,none,0
0.0,42.0,42.0,9.0,104.0,0,0.0,0.25,0.19,none,0
0.0,0.0,0.0,9.0,152.0,0,0.0,0.0,0.19,none,0
0.0,0.0,0.0,9.0,223.0,0,0.0,0.66,0.18,none,0
0.0,0.0,0.0,9.0,142.0,0,0.0,0.0,0.18,none,0
0.0,98.0,98.0,9.0,253.0,0,0.0,1.01,0.18,none,0
0.0,0.0,0.0,9.0,136.0,0,0.0,0.25,0.18,none,0
0.0,42.0,42.0,9.0,602.0,0,0.0,0.2,0.16,none,0
0.0,0.0,0.0,9.0,330.0,0,0.0,1.48,0.16,none,0
0.0,0.0,0.0,9.0,364.0,0,0.0,0.0,0.15,none,0
0.0,98.0,98.0,9.0,296.0,0,0.0,0.77,0.15,none,0
0.0,0.0,0.0,9.0,115.0,0,0.0,0.0,0.15,none,0
0.0,0.0,0.0,9.0,558.0,0,0.0,2.27,0.14,none,0
0.0,0.0,0.0,9.0,183.0,0,0.0,0.0,0.14,none,0
0.0,0.0,0.0,9.0,202.0,0,0.0,0.0,0.14,none,0
0.0,0.0,0.0,9.0,122.0,0,0.0,0.25,0.14,none,0
0.0,0.0,0.0,9.0,449.0,0,0.0,0.63,0.21,none,0
0.0,98.0,98.0,9.0,513.0,0,0.0,0.26,0.21,none,0
0.0,0.0,0.0,9.0,310.0,0,0.0,0.08,0.19,none,0
0.0,0.0,0.0,9.0,368.0,0,0.0,1.24,0.19,none,0
0.0,0.0,0.0,9.0,73.0,0,0.0,0.0,0.19,none,0
0.0,42.0,42.0,9.0,173.0,0,0.0,0.15,0.17,none,0
0.0,0.0,0.0,9.0,250.0,0,0.0,0.0,0.17,none,0
0.0,98.0,98.0,9.0,365.0,0,0.0,1.13,0.16,none,0
0.0,0.0,0.0,9.0,217.0,0,0.0,0.0,0.16,none,0
0.0,0.0,0.0,9.0,128.0,0,0.0,0.18,0.16,none,0
0.0,0.0,0.0,9.0,386.0,0,0.0,1.57,0.15,none,0
0.0,0.0,0.0,9.0,393.0,0,0.0,0.0,0.15,none,0
0.0,98.0,98.0,9.0,569.0,0,0.0,0.19,0.13,none,0
0.0,0.0,0.0,9.0,185.0,0,0.0,0.22,0.13,none,0
0.0,0.0,0.0,9.0,138.0,0,0.0,0.0,0.13,none,0
0.0,0.0,0.0,9.0,196.0,0,0.0,0.0,0.13,none,0
0.0,42.0,42.0,9.0,210.0,0,0.0,0.5,0.2,none,0
0.0,0.0,0.0,9.0,341.0,0,0.0,2.99,0.2,none,0
0.0,0.0,0.0,9.0,161.0,0,0.0,0.0,0.2,none,0
0.0,98.0,98.0,9.0,515.0,0,0.0,0.16,0.19,none,0
0.0,0.0,0.0,9.0,188.0,0,0.0,0.25,0.19,none,0
0.0,0.0,0.0,9.0,204.0,0,0.0,0.25,0.19,none,0
0.0,0.0,0.0,9.0,104.0,0,0.0,0.25,0.19,none,0
0.0,0.0,0.0,9.0,167.0,0,0.0,0.0,0.19,none,0
0.0,42.0,42.0,9.0,108.0,0,0.0,0.0,0.17,none,0
0.0,0.0,0.0,9.0,264.0,0,0.0,1.04,0.17,none,0
0.0,0.0,0.0,9.0,101.0,0,0.0,0.0,0.17,none,0
0.0,0.0,0.0,9.0,138.0,0,0.0,0.0,0.17,none,0
0.0,0.0,0.0,9.0,409.0,0,0.0,0.25,0.17,none,0
0.0,98.0,98.0,9.0,497.0,0,0.0,2.02,0.24,none,0
0.0,0.0,0.0,9.0,337.0,0,0.0,1.03,0.24,none,0
0.0,0.0,0.0,9.0,98.0,0,0.0,0.25,0.24,none,0
0.0,0.0,0.0,9.0,100.0,0,0.0,0.0,0.24,none,0
0.0,0.0,0.0,9.0,248.0,0,0.0,0.25,0.24,none,0
0.0,0.0,0.0,9.0,84.0,0,0.0,0.0,0.22,none,0
0.0,0.0,0.0,9.0,293.0,0,0.0,2.27,0.22,none,0
0.0,0.0,0.0,9.0,114.0,0,0.0,0.25,0.22,none,0
0.0,0.0,0.0,9.0,226.0,0,0.0,0.25,0.22,none,0
0.0,0.0,0.0,9.0,90.0,0,0.0,0.0,0.22,none,0
0.0,98.0,98.0,9.0,280.0,0,0.0,0.77,0.36,none,0
0.0,0.0,0.0,9.0,319.0,0,0.0,1.67,0.36,none,0
0.0,0.0,0.0,9.0,194.0,0,0.0,0.0,0.36,none,0
0.0,0.0,0.0,9.0,268.0,0,0.0,0.0,0.36,none,0
0.0,0.0,0.0,9.0,477.0,0,0.0,0.51,0.49,none,0
0.0,0.0,0.0,9.0,303.0,0,0.0,0.62,0.49,none,0
0.0,0.0,0.0,8.0,119.0,0,0.0,0.23,0.45,none,0
0.0,98.0,98.0,9.0,280.0,0,0.0,1.02,0.45,none,0
0.0,0.0,0.0,9.0,154.0,0,0.0,0.25,0.45,none,0
0.0,0.0,0.0,9.0,243.0,0,0.0,1.26,0.45,none,0
0.0,0.0,0.0,9.0,167.0,0,0.0,0.0,0.45,none,0
0.0,0.0,0.0,9.0,123.0,0,0.0,0.25,0.42,none,0
0.0,84.0,84.0,9.0,111.0,0,0.0,0.0,0.42,none,0
0.0,0.0,0.0,9.0,158.0,0,0.0,0.0,0.42,none,0
0.0,0.0,0.0,9.0,308.0,0,0.0,1.02,0.42,none,0
0.0,0.0,0.0,9.0,189.0,0,0.0,0.5,0.42,none,0
0.0,0.0,0.0,9.0,96.0,0,0.0,0.25,0.38,none,0
0.0,98.0,98.0,9.0,238.0,0,0.0,0.26,0.38,none,0
0.0,0.0,0.0,9.0,143.0,0,0.0,0.5,0.38,none,0
0.0,0.0,0.0,9.0,119.0,0,0.0,0.25,0.38,none,0
0.0,0.0,0.0,9.0,263.0,0,0.0,0.26,0.38,none,0
0.0,0.0,0.0,9.0,148.0,0,0.0,0.49,0.35,none,0
0.0,0.0,0.0,9.0,131.0,0,0.0,0.0,0.35,none,0
0.0,0.0,0.0,9.0,122.0,0,0.0,0.0,0.35,none,0
0.0,0.0,0.0,9.0,169.0,0,0.0,0.25,0.35,none,0
0.0,0.0,0.0,9.0,315.0,0,0.0,0.52,0.35,none,0
0.0,0.0,0.0,9.0,124.0,0,0.0,0.25,0.32,none,0
0.0,0.0,0.0,9.0,193.0,0,0.0,1.01,0.32,none,0
0.0,98.0,98.0,9.0,247.0,0,0.0,0.78,0.32,none,0
0.0,0.0,0.0,9.0,284.0,0,0.0,1.03,0.32,none,0
0.0,0.0,0.0,9.0,210.0,0,0.0,0.38,0.3,none,0
0.0,0.0,0.0,9.0,187.0,0,0.0,0.17,0.3,none,0
0.0,0.0,0.0,9.0,352.0,0,0.0,2.02,0.3,none,0
0.0,0.0,0.0,9.0,350.0,0,0.0,1.44,0.27,none,0
0.0,0.0,0.0,9.0,171.0,0,0.0,0.44,0.27,none,0
0.0,98.0,98.0,9.0,222.0,0,0.0,0.68,0.27,none,0
0.0,0.0,0.0,8.0,487.0,0,0.0,0.0,0.25,none,0
0.0,42.0,42.0,9.0,335.0,0,0.0,0.66,0.25,none,0
0.0,0.0,0.0,9.0,902.0,0,0.0,0.26,0.23,none,0
0.0,0.0,0.0,9.0,265.0,0,0.0,0.2,0.23,none,0
0.0,98.0,98.0,9.0,405.0,0,0.0,1.05,0.23,none,0
0.0,0.0,0.0,9.0,101.0,0,0.0,0.0,0.21,none,0
0.0,0.0,0.0,9.0,240.0,0,0.0,0.0,0.21,none,0
0.0,0.0,0.0,9.0,93.0,0,0.0,0.24,0.21,none,0
0.0,42.0,42.0,9.0,220.0,0,0.0,2.26,0.21,none,0
0.0,0.0,0.0,9.0,77.0,0,0.0,0.0,0.21,none,0
0.0,0.0,0.0,9.0,229.0,0,0.0,0.5,0.2,none,0
0.0,0.0,0.0,9.0,238.0,0,0.0,0.0,0.2,none,0
0.0,0.0,0.0,9.0,89.0,0,0.0,0.0,0.2,none,0
0.0,98.0,98.0,9.0,359.0,0,0.0,0.79,0.2,none,0
0.0,0.0,0.0,9.0,168.0,0,0.0,0.5,0.2,none,0
0.0,0.0,0.0,9.0,170.0,0,0.0,0.0,0.18,none,0
0.0,0.0,0.0,9.0,97.0,0,0.0,0.0,0.18,none,0
0.0,0.0,0.0,9.0,157.0,0,0.0,0.25,0.18,none,0
0.0,0.0,0.0,9.0,339.0,0,0.0,1.32,0.18,none,0
0.0,0.0,0.0,9.0,173.0,0,0.0,0.51,0.18,none,0
0.0,0.0,0.0,9.0,102.0,0,0.0,0.24,0.17,none,0
0.0,0.0,0.0,9.0,124.0,0,0.0,0.46,0.17,none,0
0.0,0.0,0.0,9.0,174.0,0,0.0,0.0,0.17,none,0
0.0,98.0,98.0,9.0,383.0,0,0.0,1.69,0.17,none,0
0.0,0.0,0.0,9.0,130.0,0,0.0,0.0,0.15,none,0
0.0,0.0,0.0,9.0,251.0,0,0.0,0.13,0.15,none,0
0.0,0.0,0.0,9.0,248.0,0,0.0,0.19,0.15,none,0
0.0,0.0,0.0,9.0,289.0,0,0.0,1.1,0.15,none,0
0.0,0.0,0.0,9.0,116.0,0,0.0,0.0,0.14,none,0
0.0,0.0,0.0,9.0,137.0,0,0.0,0.23,0.14,none,0
0.0,0.0,0.0,9.0,125.0,0,0.0,0.0,0.14,none,0
0.0,98.0,98.0,9.0,305.0,0,0.0,0.6,0.14,none,0
0.0,0.0,0.0,9.0,334.0,0,0.0,1.13,0.13,none,0
0.0,0.0,0.0,9.0,153.0,0,0.0,0.0,0.13,none,0
0.0,0.0,0.0,9.0,211.0,0,0.0,0.2,0.13,none,0
0.0,0.0,0.0,9.0,79.0,0,0.0,0.0,0.13,none,0
0.0,0.0,0.0,9.0,436.0,0,0.0,0.79,0.12,none,0
0.0,0.0,0.0,9.0,218.0,0,0.0,0.0,0.12,none,0
0.0,98.0,98.0,9.0,249.0,0,0.0,0.96,0.12,none,0
0.0,0.0,0.0,9.0,278.0,0,0.0,0.75,0.11,none,0
0.0,0.0,0.0,9.0,120.0,0,0.0,0.0,0.11,none,0
0.0,84.0,84.0,9.0,196.0,0,0.0,0.0,0.11,none,0
0.0,0.0,0.0,9.0,305.0,0,0.0,2.02,0.11,none,0
0.0,0.0,0.0,9.0,290.0,0,0.0,0.77,0.1,none,0
0.0,0.0,0.0,9.0,90.0,0,0.0,0.0,0.1,none,0
0.0,0.0,0.0,9.0,142.0,0,0.0,0.25,0.1,none,0
0.0,98.0,98.0,9.0,313.0,0,0.0,1.02,0.1,none,0
0.0,0.0,0.0,9.0,115.0,0,0.0,0.0,0.1,none,0
0.0,0.0,0.0,9.0,262.0,0,0.0,1.75,0.17,none,0
0.0,0.0,0.0,9.0,109.0,0,0.0,0.0,0.17,none,0
0.0,0.0,0.0,9.0,82.0,0,0.0,0.24,0.17,none,0
0.0,0.0,0.0,9.0,142.0,0,0.0,0.0,0.17,none,0
0.0,0.0,0.0,9.0,215.0,0,0.0,0.0,0.16,none,0
0.0,0.0,0.0,9.0,310.0,0,0.0,1.28,0.16,none,0
0.0,0.0,0.0,9.0,96.0,0,0.0,0.0,0.16,none,0
0.0,0.0,0.0,9.0,71.0,0,0.0,0.0,0.16,none,0
0.0,0.0,0.0,9.0,92.0,0,0.0,0.25,0.16,none,0
0.0,98.0,98.0,9.0,255.0,0,0.0,0.26,0.14,none,0
0.0,0.0,0.0,9.0,335.0,0,0.0,2.26,0.14,none,0
0.0,0.0,0.0,9.0,105.0,0,0.0,0.0,0.14,none,0
0.0,0.0,0.0,9.0,89.0,0,0.0,0.0,0.14,none,0
0.0,0.0,0.0,9.0,124.0,0,0.0,0.25,0.14,none,0
0.0,0.0,0.0,9.0,152.0,0,0.0,0.0,0.13,none,0
0.0,0.0,0.0,9.0,289.0,0,0.0,1.79,0.13,none,0
0.0,0.0,0.0,9.0,139.0,0,0.0,0.0,0.13,none,0
0.0,0.0,0.0,9.0,212.0,0,0.0,0.25,0.13,none,0
0.0,0.0,0.0,9.0,120.0,0,0.0,0.0,0.13,none,0
0.0,98.0,98.0,9.0,283.0,0,0.0,1.53,0.28,none,0
0.0,0.0,0.0,9.0,251.0,0,0.0,1.53,0.28,none,0
0.0,0.0,0.0,9.0,103.0,0,0.0,0.25,0.28,none,0
0.0,0.0,0.0,9.0,64.0,0,0.0,0.0,0.28,none,0
0.0,0.0,0.0,9.0,368.0,0,0.0,1.29,0.28,none,0
0.0,0.0,0.0,9.0,175.0,0,0.0,0.0,0.26,none,0
0.0,0.0,0.0,9.0,3711.0,0,0.0,6.1,0.26,none,0
0.0,0.0,0.0,9.0,277.0,0,0.0,0.0,0.26,none,0
0.0,0.0,0.0,9.0,158.0,0,0.0,0.25,0.26,none,0
0.0,0.0,0.0,9.0,243.0,0,0.0,0.0,0.26,none,0
0.0,928.0,928.0,13.0,273.0,1,0.0,0.51,0.4,none,0
0.0,928.0,928.0,13.0,593.0,1,0.0,3.41,0.4,none,0
0.0,0.0,0.0,13.0,111.0,1,0.0,0.24,0.4,none,0
0.0,928.0,928.0,13.0,355.0,1,0.0,2.23,0.4,none,0
0.0,928.0,928.0,13.0,441.0,1,0.0,0.21,0.36,none,0
0.0,928.0,928.0,13.0,345.0,1,0.0,1.03,0.36,none,0
0.0,1026.0,1026.0,13.0,519.0,1,0.0,5.03,0.36,none,0
0.0,928.0,928.0,13.0,210.0,1,0.0,0.52,0.36,none,0
0.0,0.0,0.0,13.0,173.0,1,0.0,0.0,0.36,none,0
0.0,928.0,928.0,13.0,380.0,1,0.0,0.78,0.33,none,0
0.0,928.0,928.0,13.0,311.0,1,0.0,2.84,0.33,none,0
0.0,84.0,84.0,13.0,255.0,1,0.0,1.01,0.33,none,0
0.0,928.0,928.0,13.0,257.0,1,0.0,1.03,0.33,none,0
0.0,928.0,928.0,13.0,507.0,1,0.0,4.2,0.33,none,0
0.0,928.0,928.0,13.0,313.0,1,0.0,0.78,0.39,none,0
0.0,1026.0,1026.0,13.0,434.0,1,0.0,1.59,0.39,none,0
0.0,928.0,928.0,13.0,503.0,1,0.0,3.32,0.39,none,0
0.0,0.0,0.0,13.0,132.0,1,0.0,0.25,0.39,none,0
0.0,928.0,928.0,13.0,1676.0,1,0.0,2.62,0.39,none,0
0.0,928.0,928.0,13.0,1171.0,1,0.0,2.84,0.36,none,0
0.0,928.0,928.0,13.0,702.0,1,0.0,2.62,0.36,none,0
0.0,928.0,928.0,13.0,903.0,1,0.0,5.29,0.36,none,0
0.0,0.0,0.0,13.0,865.0,1,0.0,1.29,0.36,none,0
0.0,928.0,928.0,13.0,855.0,1,0.0,1.3,0.36,none,0
0.0,928.0,928.0,13.0,1099.0,1,0.0,4.11,0.33,none,0
0.0,1026.0,1026.0,13.0,7198.0,1,0.0,19.17,0.33,none,0
0.0,928.0,928.0,13.0,7273.0,1,0.0,26.92,0.33,none,0
0.0,928.0,928.0,13.0,3111.0,1,0.0,7.05,0.33,none,0
0.0,0.0,0.0,13.0,550.0,1,0.0,2.12,0.38,none,0
0.0,928.0,928.0,13.0,239.0,1,0.0,1.02,0.38,none,0
0.0,928.0,928.0,13.0,486.0,1,0.0,2.07,0.38,none,0
0.0,928.0,928.0,13.0,437.0,1,0.0,2.65,0.38,none,0
0.0,824.0,824.0,13.0,200.0,2,0.0,1.99,0.38,none,0
0.0,104.0,104.0,13.0,308.0,1,0.0,0.55,0.35,none,0
0.0,928.0,928.0,13.0,467.0,1,0.0,0.47,0.35,none,0
0.0,98.0,98.0,13.0,791.0,1,0.0,3.57,0.35,none,0
0.0,928.0,928.0,13.0,597.0,1,0.0,3.66,0.35,none,0
0.0,928.0,928.0,13.0,346.0,1,0.0,1.55,0.35,none,0
0.0,928.0,928.0,13.0,521.0,1,0.0,2.6,0.32,none,0
0.0,970.0,970.0,13.0,323.0,1,0.0,0.4,0.32,none,0
0.0,928.0,928.0,13.0,385.0,1,0.0,1.12,0.32,none,0
0.0,1856.0,1856.0,13.0,576.0,1,0.0,2.2,0.38,none,0
0.0,928.0,928.0,13.0,254.0,1,0.0,1.74,0.38,none,0
0.0,928.0,928.0,13.0,335.0,1,0.0,1.23,0.38,none,0
0.0,1026.0,1026.0,13.0,455.0,1,0.0,3.92,0.38,none,0
0.0,928.0,928.0,13.0,474.0,1,0.0,2.38,0.38,none,0
0.0,928.0,928.0,13.0,202.0,1,0.0,0.48,0.43,none,0
0.0,0.0,0.0,13.0,320.0,1,0.0,0.26,0.43,none,0
0.0,928.0,928.0,13.0,259.0,1,0.0,0.77,0.43,none,0
0.0,970.0,970.0,13.0,278.0,1,0.0,2.07,0.43,none,0
0.0,928.0,928.0,13.0,309.0,1,0.0,1.55,0.47,none,0
0.0,0.0,0.0,13.0,209.0,1,0.0,0.75,0.47,none,0
0.0,928.0,928.0,13.0,337.0,1,0.0,0.26,0.47,none,0
0.0,1026.0,1026.0,13.0,329.0,1,0.0,2.07,0.47,none,0
0.0,928.0,928.0,13.0,361.0,1,0.0,3.33,0.47,none,0
0.0,928.0,928.0,13.0,444.0,1,0.0,2.38,0.44,none,0
0.0,0.0,0.0,13.0,213.0,1,0.0,0.5,0.44,none,0
0.0,928.0,928.0,13.0,413.0,1,0.0,0.53,0.44,none,0
0.0,928.0,928.0,13.0,295.0,1,0.0,3.76,0.44,none,0
0.0,928.0,928.0,13.0,247.0,1,0.0,1.79,0.44,none,0
0.0,0.0,0.0,13.0,581.0,1,0.0,1.81,0.4,none,0
0.0,928.0,928.0,13.0,299.0,1,0.0,3.99,0.4,none,0
0.0,928.0,928.0,13.0,481.0,1,0.0,2.3,0.4,none,0
0.0,922.0,922.0,13.0,272.0,2,0.0,3.32,0.4,none,0
0.0,104.0,104.0,13.0,228.0,1,0.0,2.01,0.4,none,0
0.0,928.0,928.0,13.0,418.0,1,0.0,1.84,0.37,none,0
0.0,928.0,928.0,13.0,261.0,1,0.0,1.79,0.37,none,0
0.0,0.0,0.0,13.0,113.0,1,0.0,0.25,0.37,none,0
0.0,928.0,928.0,13.0,324.0,1,0.0,3.55,0.37,none,0
0.0,970.0,970.0,13.0,319.0,1,0.0,2.83,0.37,none,0
0.0,928.0,928.0,13.0,505.0,1,0.0,2.34,0.34,none,0
0.0,0.0,0.0,13.0,311.0,1,0.0,0.5,0.34,none,0
0.0,0.0,0.0,13.0,87.0,1,0.0,0.0,0.34,none,0
0.0,1026.0,1026.0,13.0,482.0,1,0.0,4.43,0.34,none,0
0.0,928.0,928.0,13.0,391.0,1,0.0,1.8,0.34,none,0
0.0,0.0,0.0,13.0,256.0,1,0.0,1.01,0.31,none,0
0.0,928.0,928.0,13.0,376.0,1,0.0,3.05,0.31,none,0
0.0,0.0,0.0,13.0,189.0,1,0.0,1.25,0.31,none,0
0.0,980.0,980.0,13.0,317.0,1,0.0,1.56,0.31,none,0
0.0,928.0,928.0,13.0,370.0,1,0.0,3.37,0.31,none,0
0.0,928.0,928.0,13.0,409.0,1,0.0,4.4,0.37,none,0
0.0,928.0,928.0,13.0,328.0,1,0.0,0.77,0.37,none,0
0.0,0.0,0.0,13.0,224.0,1,0.0,1.5,0.37,none,0
0.0,0.0,0.0,13.0,135.0,1,0.0,0.75,0.37,none,0
0.0,1026.0,1026.0,12.0,683.0,1,0.0,0.5,0.34,none,0
0.0,928.0,928.0,13.0,472.0,1,0.0,1.85,0.34,none,0
0.0,42.0,42.0,13.0,111.0,1,0.0,0.0,0.31,none,0
0.0,928.0,928.0,13.0,293.0,1,0.0,1.69,0.31,none,0
0.0,928.0,928.0,13.0,329.0,1,0.0,1.79,0.31,none,0
0.0,928.0,928.0,13.0,513.0,1,0.0,6.39,0.31,none,0
0.0,1026.0,1026.0,13.0,313.0,1,0.0,2.09,0.36,none,0
0.0,928.0,928.0,13.0,275.0,1,0.0,0.51,0.36,none,0
0.0,0.0,0.0,13.0,144.0,1,0.0,0.5,0.36,none,0
0.0,928.0,928.0,13.0,281.0,1,0.0,1.8,0.36,none,0
0.0,928.0,928.0,13.0,437.0,1,0.0,4.94,0.36,none,0
0.0,928.0,928.0,13.0,435.0,1,0.0,4.85,0.34,none,0
0.0,928.0,928.0,13.0,373.0,1,0.0,2.81,0.34,none,0
0.0,0.0,0.0,13.0,228.0,1,0.0,0.87,0.34,none,0
0.0,928.0,928.0,13.0,289.0,1,0.0,1.38,0.34,none,0
0.0,1026.0,928.0,13.0,449.0,1,0.0,2.57,0.31,none,0
0.0,928.0,1026.0,13.0,408.0,1,0.0,1.49,0.31,none,0
0.0,928.0,928.0,12.0,397.0,1,0.0,0.23,0.31,none,0
0.0,928.0,928.0,13.0,300.0,1,0.0,3.19,0.31,none,0
0.0,1856.0,1856.0,13.0,586.0,1,0.0,0.91,0.28,none,0
0.0,928.0,928.0,13.0,376.0,1,0.0,0.37,0.28,none,0
0.0,928.0,928.0,13.0,244.0,1,0.0,1.28,0.28,none,0
0.0,0.0,0.0,13.0,179.0,1,0.0,0.96,0.28,none,0
0.0,1026.0,1026.0,13.0,626.0,1,0.0,6.13,0.34,none,0
0.0,928.0,928.0,13.0,365.0,1,0.0,2.1,0.34,none,0
0.0,928.0,928.0,13.0,226.0,1,0.0,0.89,0.34,none,0
0.0,928.0,928.0,13.0,363.0,1,0.0,1.36,0.34,none,0
0.0,84.0,84.0,13.0,373.0,1,0.0,0.13,0.31,none,0
0.0,928.0,928.0,13.0,409.0,1,0.0,0.68,0.31,none,0
0.0,0.0,0.0,12.0,165.0,1,0.0,0.0,0.31,none,0
0.0,1856.0,1856.0,13.0,522.0,1,0.0,2.93,0.29,none,0
0.0,1026.0,1026.0,13.0,498.0,1,0.0,4.72,0.29,none,0
0.0,0.0,0.0,12.0,222.0,1,0.0,0.95,0.29,none,0
0.0,1856.0,1856.0,13.0,455.0,1,0.0,0.94,0.29,none,0
0.0,928.0,928.0,13.0,500.0,1,0.0,1.15,0.26,none,0
0.0,0.0,0.0,13.0,412.0,1,0.0,1.62,0.26,none,0
0.0,928.0,928.0,13.0,389.0,1,0.0,3.4,0.26,none,0
0.0,0.0,0.0,13.0,111.0,1,0.0,0.0,0.26,none,0
0.0,928.0,928.0,13.0,278.0,1,0.0,0.47,0.32,none,0
0.0,1026.0,1026.0,12.0,643.0,1,0.0,5.95,0.32,none,0
0.0,928.0,928.0,13.0,331.0,1,0.0,2.76,0.32,none,0
0.0,928.0,928.0,13.0,345.0,1,0.0,1.57,0.32,none,0
0.0,928.0,928.0,13.0,264.0,1,0.0,2.97,0.3,none,0
0.0,0.0,0.0,13.0,180.0,1,0.0,0.24,0.3,none,0
0.0,928.0,928.0,13.0,416.0,1,0.0,6.92,0.3,none,0
0.0,928.0,928.0,13.0,272.0,1,0.0,1.98,0.3,none,0
0.0,928.0,928.0,13.0,257.0,1,0.0,0.26,0.27,none,0
0.0,0.0,0.0,12.0,157.0,1,0.0,0.0,0.27,none,0
0.0,1026.0,1026.0,13.0,308.0,1,0.0,2.33,0.27,none,0
0.0,928.0,928.0,13.0,425.0,1,0.0,3.86,0.27,none,0
0.0,928.0,928.0,13.0,326.0,1,0.0,0.77,0.27,none,0
0.0,928.0,928.0,13.0,291.0,1,0.0,2.87,0.25,none,0
0.0,928.0,928.0,13.0,350.0,1,0.0,1.99,0.25,none,0
0.0,970.0,970.0,12.0,542.0,1,0.0,3.77,0.25,none,0
0.0,928.0,928.0,13.0,342.0,1,0.0,1.78,0.39,none,0
0.0,928.0,928.0,13.0,299.0,1,0.0,0.58,0.39,none,0
0.0,1026.0,1026.0,13.0,404.0,1,0.0,3.84,0.39,none,0
0.0,928.0,928.0,13.0,509.0,1,0.0,5.61,0.39,none,0
0.0,928.0,928.0,13.0,341.0,1,0.0,1.51,0.39,none,0
0.0,928.0,928.0,13.0,549.0,1,0.0,2.67,0.36,none,0
0.0,928.0,928.0,13.0,318.0,1,0.0,2.06,0.36,none,0
0.0,824.0,824.0,13.0,279.0,2,0.0,0.95,0.36,none,0
0.0,1032.0,1032.0,13.0,303.0,1,0.0,1.68,0.36,none,0
0.0,0.0,0.0,13.0,240.0,1,0.0,0.17,0.33,none,0
0.0,928.0,928.0,13.0,297.0,1,0.0,2.48,0.33,none,0
0.0,1026.0,1026.0,13.0,353.0,1,0.0,4.19,0.33,none,0
0.0,928.0,928.0,13.0,425.0,1,0.0,2.81,0.33,none,0
0.0,928.0,928.0,13.0,301.0,1,0.0,3.54,0.3,none,0
0.0,928.0,928.0,13.0,377.0,1,0.0,3.06,0.3,none,0
0.0,0.0,0.0,13.0,180.0,1,0.0,0.0,0.3,none,0
0.0,970.0,970.0,13.0,255.0,1,0.0,1.77,0.3,none,0
0.0,928.0,928.0,13.0,567.0,1,0.0,3.67,0.3,none,0
0.0,928.0,928.0,13.0,355.0,1,0.0,0.51,0.36,none,0
0.0,928.0,928.0,13.0,267.0,1,0.0,3.02,0.36,none,0
0.0,98.0,98.0,13.0,281.0,1,0.0,1.54,0.36,none,0
0.0,928.0,928.0,13.0,351.0,1,0.0,3.32,0.36,none,0
0.0,928.0,928.0,13.0,396.0,1,0.0,3.4,0.36,none,0
0.0,928.0,928.0,13.0,335.0,1,0.0,1.03,0.33,none,0
0.0,928.0,928.0,13.0,312.0,1,0.0,2.08,0.33,none,0
0.0,42.0,42.0,13.0,109.0,1,0.0,0.49,0.33,none,0
0.0,928.0,928.0,13.0,289.0,1,0.0,1.52,0.33,none,0
0.0,0.0,0.0,13.0,260.0,1,0.0,0.77,0.33,none,0
0.0,928.0,928.0,13.0,221.0,1,0.0,1.29,0.3,none,0
0.0,0.0,0.0,13.0,142.0,1,0.0,0.25,0.3,none,0
0.0,928.0,928.0,13.0,224.0,1,0.0,0.78,0.3,none,0
0.0,928.0,928.0,13.0,206.0,1,0.0,0.77,0.3,none,0
0.0,1026.0,1026.0,13.0,672.0,1,0.0,6.35,0.3,none,0
0.0,928.0,928.0,13.0,215.0,1,0.0,0.75,0.36,none,0
0.0,0.0,0.0,13.0,297.0,1,0.0,2.3,0.36,none,0
0.0,928.0,928.0,13.0,237.0,1,0.0,0.26,0.36,none,0
0.0,0.0,0.0,13.0,118.0,1,0.0,0.25,0.36,none,0
0.0,928.0,928.0,13.0,244.0,1,0.0,1.03,0.36,none,0
0.0,0.0,0.0,13.0,216.0,1,0.0,0.77,0.33,none,0
0.0,928.0,928.0,13.0,284.0,1,0.0,1.26,0.33,none,0
0.0,0.0,0.0,13.0,66.0,1,0.0,0.0,0.33,none,0
0.0,0.0,0.0,13.0,131.0,1,0.0,0.25,0.33,none,0
0.0,1026.0,1026.0,13.0,370.0,1,0.0,1.34,0.3,none,0
0.0,0.0,0.0,13.0,195.0,1,0.0,0.25,0.3,none,0
0.0,0.0,0.0,13.0,183.0,1,0.0,0.0,0.3,none,0
0.0,928.0,928.0,13.0,310.0,1,0.0,1.8,0.3,none,0
0.0,928.0,928.0,13.0,296.0,1,0.0,3.29,0.3,none,0
0.0,928.0,928.0,13.0,320.0,1,0.0,2.06,0.44,none,0
0.0,0.0,0.0,13.0,294.0,1,0.0,1.76,0.44,none,0
0.0,928.0,928.0,13.0,315.0,1,0.0,2.03,0.44,none,0
0.0,928.0,928.0,13.0,213.0,1,0.0,0.78,0.44,none,0
0.0,0.0,0.0,13.0,230.0,1,0.0,1.77,0.44,none,0
0.0,1026.0,1026.0,13.0,275.0,1,0.0,2.55,0.4,none,0
0.0,928.0,928.0,13.0,411.0,1,0.0,4.39,0.4,none,0
0.0,928.0,928.0,13.0,332.0,1,0.0,0.26,0.4,none,0
0.0,0.0,0.0,13.0,152.0,1,0.0,0.75,0.4,none,0
0.0,928.0,928.0,13.0,283.0,1,0.0,2.26,0.4,none,0
0.0,970.0,970.0,13.0,214.0,1,0.0,1.03,0.37,none,0
0.0,0.0,0.0,13.0,333.0,1,0.0,1.29,0.37,none,0
0.0,928.0,928.0,13.0,406.0,1,0.0,3.78,0.37,none,0
0.0,0.0,0.0,13.0,177.0,1,0.0,0.25,0.37,none,0
0.0,928.0,928.0,13.0,249.0,1,0.0,4.01,0.37,none,0
0.0,1026.0,1026.0,13.0,450.0,1,0.0,3.1,0.42,none,0
0.0,928.0,928.0,13.0,606.0,1,0.0,4.79,0.42,none,0
0.0,0.0,0.0,13.0,166.0,1,0.0,1.25,0.42,none,0
0.0,928.0,928.0,13.0,225.0,1,0.0,1.63,0.42,none,0
0.0,928.0,928.0,13.0,344.0,1,0.0,1.07,0.47,none,0
0.0,1856.0,1856.0,13.0,352.0,1,0.0,2.65,0.47,none,0
0.0,0.0,0.0,13.0,306.0,1,0.0,0.98,0.47,none,0
0.0,0.0,0.0,9.0,220.0,0,0.0,0.19,0.18,none,0
0.0,0.0,0.0,9.0,339.0,0,0.0,0.48,0.18,none,0
0.0,98.0,98.0,9.0,269.0,0,0.0,1.9,0.18,none,0
0.0,0.0,0.0,9.0,133.0,0,0.0,0.0,0.17,none,0
0.0,0.0,0.0,9.0,136.0,0,0.0,0.24,0.17,none,0
0.0,0.0,0.0,9.0,163.0,0,0.0,0.0,0.17,none,0
0.0,0.0,0.0,9.0,328.0,0,0.0,1.89,0.17,none,0
0.0,0.0,0.0,9.0,114.0,0,0.0,0.0,0.15,none,0
0.0,0.0,0.0,9.0,136.0,0,0.0,0.24,0.15,none,0
0.0,0.0,0.0,9.0,141.0,0,0.0,0.0,0.15,none,0
0.0,0.0,0.0,9.0,303.0,0,0.0,0.22,0.15,none,0
0.0,98.0,98.0,8.0,272.0,0,0.0,0.41,0.14,none,0
0.0,0.0,0.0,9.0,262.0,0,0.0,1.27,0.14,none,0
0.0,0.0,0.0,9.0,190.0,0,0.0,0.25,0.14,none,0
0.0,0.0,0.0,9.0,218.0,0,0.0,0.22,0.14,none,0
0.0,42.0,42.0,9.0,312.0,0,0.0,1.18,0.14,none,0
0.0,0.0,0.0,9.0,139.0,0,0.0,0.22,0.13,none,0
0.0,0.0,0.0,9.0,279.0,0,0.0,0.27,0.13,none,0
0.0,0.0,0.0,9.0,255.0,0,0.0,0.51,0.13,none,0
0.0,98.0,98.0,9.0,377.0,0,0.0,2.18,0.12,none,0
0.0,0.0,0.0,9.0,194.0,0,0.0,0.25,0.12,none,0
0.0,0.0,0.0,9.0,77.0,0,0.0,0.0,0.12,none,0
0.0,0.0,0.0,9.0,123.0,0,0.0,0.48,0.12,none,0
0.0,0.0,0.0,9.0,265.0,0,0.0,1.28,0.12,none,0
0.0,42.0,42.0,9.0,217.0,0,0.0,0.41,0.11,none,0
0.0,0.0,0.0,9.0,219.0,0,0.0,0.18,0.11,none,0
0.0,0.0,0.0,9.0,234.0,0,0.0,0.35,0.11,none,0
0.0,0.0,0.0,9.0,255.0,0,0.0,0.22,0.11,none,0
0.0,98.0,98.0,9.0,416.0,0,0.0,2.25,0.1,none,0
0.0,0.0,0.0,9.0,158.0,0,0.0,0.24,0.1,none,0
0.0,0.0,0.0,9.0,213.0,0,0.0,0.0,0.1,none,0
0.0,0.0,0.0,9.0,144.0,0,0.0,0.25,0.1,none,0
0.0,0.0,0.0,9.0,360.0,0,0.0,1.04,0.09,none,0
0.0,0.0,0.0,9.0,161.0,0,0.0,0.22,0.09,none,0
0.0,0.0,0.0,9.0,143.0,0,0.0,0.0,0.09,none,0
0.0,0.0,0.0,9.0,174.0,0,0.0,0.19,0.09,none,0
0.0,0.0,0.0,9.0,331.0,0,0.0,0.76,0.25,none,0
0.0,98.0,98.0,9.0,432.0,0,0.0,1.46,0.25,none,0
0.0,0.0,0.0,9.0,353.0,0,0.0,0.0,0.25,none,0
0.0,0.0,0.0,9.0,170.0,0,0.0,0.5,0.23,none,0
0.0,42.0,42.0,9.0,269.0,0,0.0,1.27,0.23,none,0
0.0,0.0,0.0,9.0,298.0,0,0.0,0.12,0.23,none,0
0.0,0.0,0.0,9.0,444.0,0,0.0,0.39,0.21,none,0
0.0,98.0,98.0,9.0,343.0,0,0.0,1.83,0.21,none,0
0.0,0.0,0.0,9.0,165.0,0,0.0,0.0,0.21,none,0
0.0,0.0,0.0,9.0,142.0,0,0.0,0.25,0.21,none,0
0.0,0.0,0.0,9.0,251.0,0,0.0,0.49,0.19,none,0
0.0,0.0,0.0,9.0,379.0,0,0.0,2.51,0.19,none,0
0.0,0.0,0.0,9.0,230.0,0,0.0,0.24,0.19,none,0
0.0,0.0,0.0,9.0,104.0,0,0.0,0.0,0.19,none,0
0.0,0.0,0.0,9.0,206.0,0,0.0,0.25,0.19,none,0
0.0,0.0,0.0,9.0,117.0,0,0.0,0.0,0.17,none,0
0.0,98.0,98.0,9.0,453.0,0,0.0,0.8,0.17,none,0
0.0,0.0,0.0,9.0,180.0,0,0.0,0.22,0.17,none,0
0.0,0.0,0.0,9.0,251.0,0,0.0,0.0,0.17,none,0
0.0,0.0,0.0,9.0,465.0,0,0.0,0.61,0.16,none,0
0.0,0.0,0.0,9.0,139.0,0,0.0,0.22,0.16,none,0
0.0,0.0,0.0,9.0,196.0,0,0.0,0.0,0.16,none,0
0.0,0.0,0.0,9.0,177.0,0,0.0,0.42,0.15,none,0
0.0,98.0,98.0,9.0,418.0,0,0.0,2.65,0.15,none,0
0.0,0.0,0.0,9.0,387.0,0,0.0,1.77,0.15,none,0
0.0,0.0,0.0,9.0,144.0,0,0.0,0.0,0.15,none,0
0.0,0.0,0.0,9.0,251.0,0,0.0,0.24,0.14,none,0
0.0,0.0,0.0,9.0,130.0,0,0.0,0.25,0.14,none,0
0.0,84.0,84.0,9.0,149.0,0,0.0,0.0,0.14,none,0
0.0,0.0,0.0,9.0,322.0,0,0.0,1.79,0.14,none,0
0.0,0.0,0.0,9.0,158.0,0,0.0,0.17,0.14,none,0
0.0,0.0,0.0,9.0,169.0,0,0.0,0.0,0.12,none,0
0.0,98.0,98.0,9.0,291.0,0,0.0,0.78,0.12,none,0
0.0,0.0,0.0,9.0,236.0,0,0.0,0.7,0.12,none,0
0.0,0.0,0.0,9.0,196.0,0,0.0,0.25,0.12,none,0
0.0,0.0,0.0,9.0,199.0,0,0.0,0.25,0.11,none,0
0.0,0.0,0.0,9.0,131.0,0,0.0,0.5,0.11,none,0
0.0,0.0,0.0,9.0,160.0,0,0.0,0.0,0.11,none,0
0.0,0.0,0.0,9.0,345.0,0,0.0,0.78,0.11,none,0
0.0,0.0,0.0,9.0,154.0,0,0.0,0.0,0.11,none,0
0.0,0.0,0.0,9.0,181.0,0,0.0,0.25,0.1,none,0
0.0,0.0,0.0,9.0,86.0,0,0.0,0.0,0.1,none,0
0.0,98.0,98.0,9.0,275.0,0,0.0,0.26,0.1,none,0
0.0,0.0,0.0,9.0,104.0,0,0.0,0.0,0.1,none,0
0.0,0.0,0.0,9.0,325.0,0,0.0,1.03,0.1,none,0
0.0,0.0,0.0,9.0,155.0,0,0.0,0.25,0.1,none,0
0.0,0.0,0.0,9.0,105.0,0,0.0,0.25,0.1,none,0
0.0,0.0,0.0,9.0,111.0,0,0.0,0.0,0.1,none,0
0.0,0.0,0.0,9.0,151.0,0,0.0,0.25,0.1,none,0
0.0,0.0,0.0,9.0,245.0,0,0.0,1.52,0.1,none,0
0.0,0.0,0.0,9.0,171.0,0,0.0,0.25,0.09,none,0
0.0,0.0,0.0,9.0,322.0,0,0.0,0.78,0.09,none,0
0.0,98.0,98.0,9.0,279.0,0,0.0,1.52,0.09,none,0
0.0,0.0,0.0,9.0,155.0,0,0.0,0.0,0.09,none,0
0.0,0.0,0.0,9.0,110.0,0,0.0,0.0,0.09,none,0
0.0,0.0,0.0,9.0,285.0,0,0.0,1.8,0.08,none,0
0.0,0.0,0.0,9.0,189.0,0,0.0,0.0,0.08,none,0
0.0,42.0,42.0,9.0,133.0,0,0.0,0.0,0.08,none,0
0.0,0.0,0.0,9.0,164.0,0,0.0,0.0,0.08,none,0
0.0,0.0,0.0,9.0,2604.0,0,0.0,1.98,0.07,none,0
0.0,0.0,0.0,9.0,295.0,0,0.0,0.25,0.07,none,0
0.0,0.0,0.0,9.0,102.0,0,0.0,0.0,0.07,none,0
0.0,98.0,98.0,9.0,213.0,0,0.0,0.25,0.07,none,0
0.0,0.0,0.0,9.0,153.0,0,0.0,0.0,0.07,none,0
0.0,0.0,0.0,9.0,773.0,0,0.0,0.78,0.07,none,0
0.0,0.0,0.0,9.0,705.0,0,0.0,2.31,0.07,none,0
0.0,0.0,0.0,9.0,542.0,0,0.0,0.26,0.07,none,0
0.0,0.0,0.0,9.0,145.0,0,0.0,0.0,0.07,none,0
0.0,0.0,0.0,9.0,325.0,0,0.0,0.25,0.07,none,0
0.0,0.0,0.0,9.0,277.0,0,0.0,0.25,0.06,none,0
0.0,0.0,0.0,9.0,736.0,0,0.0,1.81,0.06,none,0
0.0,0.0,0.0,9.0,424.0,0,0.0,0.25,0.06,none,0
0.0,98.0,98.0,9.0,1028.0,0,0.0,2.34,0.06,none,0
0.0,0.0,0.0,9.0,684.0,0,0.0,0.25,0.06,none,0
0.0,0.0,0.0,9.0,7471.0,0,0.0,20.43,0.22,none,0
0.0,0.0,0.0,9.0,7078.0,0,0.0,25.98,0.22,none,0
0.0,0.0,0.0,9.0,2457.0,0,0.0,4.43,0.22,none,0
0.0,42.0,42.0,9.0,237.0,0,0.0,0.44,0.22,none,0
0.0,0.0,0.0,9.0,527.0,0,0.0,0.54,0.2,none,0
0.0,0.0,0.0,8.0,267.0,0,0.0,0.25,0.2,none,0
0.0,0.0,0.0,9.0,472.0,0,0.0,1.78,0.2,none,0
0.0,98.0,98.0,9.0,310.0,0,0.0,0.33,0.2,none,0
0.0,0.0,0.0,9.0,333.0,0,0.0,0.25,0.2,none,0
0.0,0.0,0.0,9.0,551.0,0,0.0,0.48,0.18,none,0
0.0,0.0,0.0,9.0,497.0,0,0.0,1.56,0.18,none,0
0.0,0.0,0.0,9.0,175.0,0,0.0,0.25,0.18,none,0
0.0,42.0,42.0,9.0,279.0,0,0.0,0.24,0.18,none,0
0.0,0.0,0.0,9.0,256.0,0,0.0,0.0,0.17,none,0
0.0,0.0,0.0,9.0,229.0,0,0.0,0.24,0.17,none,0
0.0,0.0,0.0,9.0,406.0,0,0.0,1.8,0.17,none,0
0.0,0.0,0.0,9.0,223.0,0,0.0,0.19,0.17,none,0
0.0,98.0,98.0,9.0,331.0,0,0.0,0.68,0.15,none,0
0.0,0.0,0.0,9.0,168.0,0,0.0,0.25,0.15,none,0
0.0,0.0,0.0,9.0,382.0,0,0.0,2.04,0.15,none,0
0.0,0.0,0.0,9.0,158.0,0,0.0,0.0,0.15,none,0
0.0,0.0,0.0,9.0,213.0,0,0.0,0.25,0.15,none,0
0.0,0.0,0.0,9.0,305.0,0,0.0,0.24,0.14,none,0
0.0,0.0,0.0,9.0,148.0,0,0.0,0.0,0.14,none,0
0.0,0.0,0.0,9.0,316.0,0,0.0,1.34,0.14,none,0
0.0,0.0,0.0,9.0,93.0,0,0.0,0.0,0.14,none,0
0.0,98.0,98.0,9.0,342.0,0,0.0,0.74,0.29,none,0
0.0,0.0,0.0,9.0,186.0,0,0.0,0.18,0.29,none,0
0.0,0.0,0.0,9.0,355.0,0,0.0,2.56,0.29,none,0
0.0,0.0,0.0,9.0,115.0,0,0.0,0.0,0.29,none,0
0.0,0.0,0.0,9.0,286.0,0,0.0,0.23,0.27,none,0
0.0,0.0,0.0,8.0,234.0,0,0.0,0.0,0.27,none,0
0.0,0.0,0.0,9.0,442.0,0,0.0,2.55,0.27,none,0
0.0,0.0,0.0,9.0,318.0,0,0.0,0.17,0.33,none,0
0.0,98.0,98.0,9.0,411.0,0,0.0,0.29,0.33,none,0
0.0,0.0,0.0,9.0,183.0,0,0.0,0.0,0.33,none,0
0.0,0.0,0.0,9.0,197.0,0,0.0,0.25,0.3,none,0
0.0,0.0,0.0,9.0,93.0,0,0.0,0.0,0.3,none,0
0.0,42.0,42.0,9.0,113.0,0,0.0,0.0,0.3,none,0
0.0,0.0,0.0,9.0,281.0,0,0.0,1.54,0.3,none,0
0.0,0.0,0.0,9.0,85.0,0,0.0,0.0,0.3,none,0
0.0,0.0,0.0,9.0,246.0,0,0.0,0.25,0.28,none,0
0.0,98.0,98.0,9.0,262.0,0,0.0,1.02,0.28,none,0
0.0,0.0,0.0,9.0,106.0,0,0.0,0.24,0.28,none,0
0.0,0.0,0.0,9.0,54.0,0,0.0,0.24,0.28,none,0
0.0,0.0,0.0,9.0,113.0,0,0.0,0.0,0.28,none,0
0.0,0.0,0.0,9.0,112.0,0,0.0,0.0,0.25,none,0
0.0,0.0,0.0,9.0,253.0,0,0.0,2.26,0.25,none,0
0.0,42.0,42.0,9.0,137.0,0,0.0,0.25,0.25,none,0
0.0,0.0,0.0,9.0,71.0,0,0.0,0.0,0.25,none,0
0.0,0.0,0.0,9.0,97.0,0,0.0,0.25,0.25,none,0
0.0,0.0,0.0,9.0,216.0,0,0.0,0.48,0.23,none,0
0.0,0.0,0.0,9.0,73.0,0,0.0,0.0,0.23,none,0
0.0,0.0,0.0,9.0,101.0,0,0.0,0.25,0.23,none,0
0.0,98.0,98.0,9.0,351.0,0,0.0,3.33,0.23,none,0
0.0,0.0,0.0,9.0,102.0,0,0.0,0.24,0.23,none,0
0.0,0.0,0.0,9.0,187.0,0,0.0,0.0,0.21,none,0
0.0,0.0,0.0,9.0,104.0,0,0.0,0.0,0.21,none,0
0.0,0.0,0.0,8.0,228.0,0,0.0,2.47,0.21,none,0
0.0,0.0,0.0,9.0,297.0,0,0.0,2.0,0.21,none,0
0.0,0.0,0.0,9.0,95.0,0,0.0,0.0,0.21,none,0
0.0,0.0,0.0,9.0,264.0,0,0.0,0.25,0.36,none,0
0.0,0.0,0.0,9.0,132.0,0,0.0,0.25,0.36,none,0
0.0,0.0,0.0,9.0,109.0,0,0.0,0.25,0.36,none,0
0.0,98.0,98.0,9.0,351.0,0,0.0,4.31,0.36,none,0
0.0,0.0,0.0,9.0,148.0,0,0.0,0.0,0.33,none,0
0.0,0.0,0.0,9.0,113.0,0,0.0,0.49,0.33,none,0
0.0,0.0,0.0,9.0,98.0,0,0.0,0.0,0.33,none,0
0.0,0.0,0.0,9.0,82.0,0,0.0,0.0,0.33,none,0
0.0,42.0,42.0,9.0,222.0,0,0.0,1.26,0.33,none,0
0.0,0.0,0.0,9.0,177.0,0,0.0,0.25,0.3,none,0
0.0,0.0,0.0,9.0,135.0,0,0.0,0.25,0.3,none,0
0.0,0.0,0.0,9.0,139.0,0,0.0,0.25,0.3,none,0
0.0,0.0,0.0,9.0,100.0,0,0.0,0.0,0.3,none,0
0.0,98.0,98.0,9.0,278.0,0,0.0,0.26,0.3,none,0
0.0,0.0,0.0,9.0,259.0,0,0.0,0.47,0.28,none,0
0.0,0.0,0.0,9.0,190.0,0,0.0,0.0,0.28,none,0
0.0,0.0,0.0,9.0,134.0,0,0.0,0.25,0.28,none,0
0.0,0.0,0.0,9.0,156.0,0,0.0,0.0,0.28,none,0
0.0,0.0,0.0,9.0,247.0,0,0.0,0.25,0.25,none,0
0.0,0.0,0.0,9.0,506.0,0,0.0,0.95,0.25,none,0
0.0,0.0,0.0,9.0,213.0,0,0.0,0.28,0.25,none,0
0.0,0.0,0.0,9.0,101.0,0,0.0,0.0,0.25,none,0
0.0,98.0,98.0,9.0,534.0,0,0.0,2.6,0.31,none,0
0.0,0.0,0.0,8.0,103.0,0,0.0,0.18,0.31,none,0
0.0,0.0,0.0,9.0,256.0,0,0.0,0.77,0.31,none,0
0.0,0.0,0.0,9.0,253.0,0,0.0,0.87,0.29,none,0
0.0,0.0,0.0,9.0,311.0,0,0.0,0.48,0.29,none,0
0.0,0.0,0.0,9.0,93.0,0,0.0,0.0,0.29,none,0
0.0,0.0,0.0,9.0,211.0,0,0.0,0.18,0.29,none,0
0.0,0.0,0.0,8.0,177.0,0,0.0,0.25,0.27,none,0
0.0,98.0,98.0,9.0,527.0,0,0.0,2.4,0.27,none,0
0.0,0.0,0.0,9.0,160.0,0,0.0,0.0,0.27,none,0
0.0,0.0,0.0,9.0,116.0,0,0.0,0.22,0.27,none,0
0.0,84.0,84.0,9.0,286.0,0,0.0,0.0,0.24,none,0
0.0,928.0,928.0,13.0,281.0,1,0.0,3.74,0.19,none,0
0.0,928.0,928.0,13.0,322.0,1,0.0,0.78,0.19,none,0
0.0,928.0,928.0,13.0,537.0,1,0.0,5.97,0.19,none,0
0.0,928.0,928.0,13.0,339.0,1,0.0,3.57,0.18,none,0
0.0,0.0,0.0,13.0,300.0,1,0.0,1.67,0.18,none,0
0.0,1026.0,1026.0,13.0,498.0,1,0.0,4.6,0.18,none,0
0.0,928.0,928.0,13.0,250.0,1,0.0,0.26,0.18,none,0
0.0,928.0,928.0,13.0,492.0,1,0.0,1.6,0.18,none,0
0.0,928.0,928.0,13.0,398.0,1,0.0,1.79,0.16,none,0
0.0,928.0,928.0,13.0,281.0,1,0.0,2.31,0.16,none,0
0.0,42.0,42.0,13.0,149.0,1,0.0,0.5,0.16,none,0
0.0,928.0,928.0,13.0,297.0,1,0.0,1.04,0.16,none,0
0.0,928.0,928.0,13.0,442.0,1,0.0,3.39,0.16,none,0
0.0,928.0,928.0,13.0,281.0,1,0.0,0.78,0.15,none,0
0.0,0.0,0.0,13.0,93.0,1,0.0,0.0,0.15,none,0
0.0,1026.0,1026.0,13.0,387.0,1,0.0,2.37,0.15,none,0
0.0,928.0,928.0,13.0,299.0,1,0.0,2.05,0.15,none,0
0.0,928.0,928.0,13.0,387.0,1,0.0,3.62,0.15,none,0
0.0,928.0,928.0,13.0,393.0,1,0.0,2.06,0.14,none,0
0.0,0.0,0.0,13.0,190.0,1,0.0,0.25,0.14,none,0
0.0,928.0,928.0,13.0,271.0,1,0.0,1.28,0.14,none,0
0.0,928.0,928.0,13.0,394.0,1,0.0,2.8,0.14,none,0
0.0,928.0,928.0,13.0,403.0,1,0.0,2.09,0.13,none,0
0.0,0.0,0.0,13.0,238.0,1,0.0,0.25,0.13,none,0
0.0,1954.0,1954.0,12.0,432.0,1,0.0,1.53,0.13,none,0
0.0,0.0,0.0,13.0,183.0,1,0.0,1.26,0.13,none,0
0.0,928.0,928.0,13.0,301.0,1,0.0,1.97,0.13,none,0
0.0,928.0,928.0,13.0,499.0,1,0.0,2.48,0.12,none,0
0.0,928.0,928.0,13.0,373.0,1,0.0,3.45,0.12,none,0
0.0,928.0,928.0,13.0,527.0,1,0.0,3.09,0.12,none,0
0.0,970.0,970.0,13.0,297.0,1,0.0,1.22,0.12,none,0
0.0,928.0,928.0,13.0,362.0,1,0.0,1.6,0.12,none,0
0.0,928.0,928.0,13.0,525.0,1,0.0,5.72,0.11,none,0
0.0,354.0,354.0,13.0,205.0,2,0.0,1.5,0.11,none,0
0.0,1600.0,1600.0,13.0,405.0,1,0.0,2.39,0.11,none,0
0.0,0.0,0.0,13.0,154.0,1,0.0,0.0,0.11,none,0
0.0,928.0,928.0,13.0,495.0,1,0.0,3.43,0.18,none,0
0.0,928.0,928.0,13.0,358.0,1,0.0,3.05,0.18,none,0
0.0,928.0,928.0,13.0,318.0,1,0.0,1.42,0.18,none,0
0.0,970.0,970.0,13.0,383.0,1,0.0,1.45,0.18,none,0
0.0,0.0,0.0,13.0,332.0,1,0.0,0.12,0.24,none,0
0.0,928.0,928.0,13.0,431.0,1,0.0,6.03,0.24,none,0
0.0,1026.0,1026.0,13.0,1836.0,1,0.0,1.62,0.24,none,0
0.0,0.0,0.0,13.0,120.0,1,0.0,0.75,0.24,none,0
0.0,928.0,928.0,13.0,259.0,1,0.0,2.29,0.22,none,0
0.0,928.0,928.0,13.0,319.0,1,0.0,3.07,0.22,none,0
0.0,0.0,0.0,13.0,272.0,1,0.0,1.53,0.22,none,0
0.0,928.0,928.0,13.0,198.0,1,0.0,0.25,0.22,none,0
0.0,928.0,928.0,13.0,361.0,1,0.0,3.05,0.22,none,0
0.0,0.0,0.0,13.0,183.0,1,0.0,1.25,0.21,none,0
0.0,928.0,928.0,13.0,173.0,1,0.0,0.74,0.21,none,0
0.0,928.0,928.0,13.0,492.0,1,0.0,1.57,0.21,none,0
0.0,1026.0,928.0,13.0,369.0,1,0.0,3.12,0.21,none,0
0.0,928.0,1026.0,13.0,315.0,1,0.0,4.33,0.21,none,0
0.0,928.0,928.0,13.0,234.0,1,0.0,2.04,0.19,none,0
0.0,0.0,0.0,13.0,203.0,1,0.0,1.52,0.19,none,0
0.0,928.0,928.0,13.0,339.0,1,0.0,1.07,0.19,none,0
0.0,928.0,928.0,13.0,313.0,1,0.0,2.8,0.19,none,0
0.0,928.0,928.0,13.0,291.0,1,0.0,1.03,0.19,none,0
0.0,928.0,928.0,13.0,3512.0,1,0.0,9.73,0.17,none,0
0.0,928.0,928.0,13.0,497.0,1,0.0,4.97,0.17,none,0
0.0,928.0,928.0,13.0,603.0,1,0.0,3.17,0.17,none,0
0.0,98.0,98.0,13.0,326.0,1,0.0,2.79,0.17,none,0
0.0,928.0,928.0,13.0,257.0,1,0.0,2.53,0.17,none,0
0.0,928.0,928.0,13.0,684.0,1,0.0,1.06,0.24,none,0
0.0,928.0,928.0,13.0,365.0,1,0.0,3.77,0.24,none,0
0.0,0.0,0.0,13.0,408.0,1,0.0,2.55,0.24,none,0
0.0,1012.0,1012.0,13.0,331.0,1,0.0,2.55,0.24,none,0
0.0,0.0,0.0,13.0,98.0,1,0.0,0.0,0.24,none,0
0.0,928.0,928.0,13.0,404.0,1,0.0,3.8,0.22,none,0
0.0,928.0,928.0,13.0,322.0,1,0.0,2.56,0.22,none,0
0.0,0.0,0.0,13.0,129.0,1,0.0,0.0,0.22,none,0
0.0,1026.0,1026.0,13.0,564.0,1,0.0,5.84,0.22,none,0
0.0,928.0,928.0,13.0,394.0,1,0.0,2.08,0.2,none,0
0.0,928.0,928.0,13.0,347.0,1,0.0,2.54,0.2,none,0
0.0,928.0,928.0,13.0,316.0,1,0.0,2.83,0.2,none,0
0.0,928.0,928.0,13.0,274.0,1,0.0,0.26,0.2,none,0
0.0,0.0,0.0,13.0,375.0,1,0.0,1.28,0.2,none,0
0.0,928.0,928.0,13.0,342.0,1,0.0,1.29,0.19,none,0
0.0,928.0,928.0,13.0,333.0,1,0.0,3.02,0.19,none,0
0.0,928.0,928.0,13.0,320.0,1,0.0,3.54,0.19,none,0
0.0,0.0,0.0,13.0,161.0,1,0.0,0.25,0.19,none,0
0.0,1026.0,1026.0,13.0,753.0,1,0.0,6.4,0.19,none,0
0.0,0.0,0.0,13.0,120.0,1,0.0,0.25,0.17,none,0
0.0,928.0,928.0,13.0,1254.0,1,0.0,3.19,0.17,none,0
0.0,928.0,928.0,13.0,2366.0,1,0.0,4.08,0.17,none,0
0.0,928.0,928.0,13.0,971.0,1,0.0,2.66,0.17,none,0
0.0,928.0,928.0,13.0,783.0,1,0.0,3.05,0.16,none,0
0.0,928.0,928.0,13.0,966.0,1,0.0,6.53,0.16,none,0
0.0,928.0,928.0,13.0,412.0,1,0.0,2.55,0.16,none,0
0.0,0.0,0.0,13.0,603.0,1,0.0,1.03,0.16,none,0
0.0,1026.0,1026.0,13.0,897.0,1,0.0,5.68,0.16,none,0
0.0,928.0,928.0,13.0,1047.0,1,0.0,3.4,0.14,none,0
0.0,928.0,928.0,13.0,964.0,1,0.0,3.59,0.14,none,0
0.0,928.0,928.0,13.0,1208.0,1,0.0,4.19,0.14,none,0
0.0,928.0,928.0,13.0,10257.0,1,0.0,30.88,0.14,none,0
0.0,928.0,928.0,12.0,6317.0,1,0.0,13.06,0.14,none,0
0.0,928.0,928.0,13.0,554.0,1,0.0,1.73,0.13,none,0
0.0,0.0,0.0,12.0,130.0,1,0.0,0.25,0.13,none,0
0.0,1856.0,1856.0,13.0,529.0,1,0.0,2.65,0.13,none,0
0.0,0.0,0.0,13.0,235.0,1,0.0,0.5,0.13,none,0
0.0,1026.0,1026.0,13.0,681.0,1,0.0,4.38,0.12,none,0
0.0,928.0,928.0,13.0,361.0,1,0.0,1.79,0.12,none,0
0.0,0.0,0.0,13.0,259.0,1,0.0,0.25,0.12,none,0
0.0,928.0,928.0,13.0,591.0,1,0.0,1.82,0.12,none,0
0.0,928.0,928.0,13.0,374.0,1,0.0,1.04,0.12,none,0
0.0,970.0,970.0,13.0,558.0,1,0.0,4.39,0.19,none,0
0.0,928.0,928.0,12.0,369.0,1,0.0,0.26,0.19,none,0
0.0,0.0,0.0,13.0,175.0,1,0.0,0.25,0.19,none,0
0.0,928.0,928.0,13.0,338.0,1,0.0,3.05,0.19,none,0
0.0,1026.0,928.0,13.0,360.0,1,0.0,0.78,0.19,none,0
0.0,928.0,1026.0,13.0,534.0,1,0.0,5.97,0.34,none,0
0.0,928.0,928.0,13.0,334.0,1,0.0,2.31,0.34,none,0
0.0,928.0,928.0,13.0,365.0,1,0.0,3.05,0.34,none,0
0.0,0.0,0.0,13.0,369.0,1,0.0,1.52,0.34,none,0
0.0,928.0,928.0,13.0,221.0,1,0.0,0.77,0.34,none,0
0.0,970.0,970.0,13.0,502.0,1,0.0,6.89,0.31,none,0
0.0,928.0,928.0,13.0,384.0,1,0.0,4.44,0.31,none,0
0.0,0.0,0.0,13.0,115.0,1,0.0,0.25,0.31,none,0
0.0,928.0,928.0,13.0,235.0,1,0.0,0.52,0.31,none,0
0.0,1026.0,1026.0,13.0,819.0,1,0.0,4.96,0.31,none,0
0.0,928.0,928.0,13.0,449.0,1,0.0,4.19,0.29,none,0
0.0,0.0,0.0,13.0,173.0,1,0.0,1.76,0.29,none,0
0.0,928.0,928.0,13.0,259.0,1,0.0,1.52,0.29,none,0
0.0,928.0,928.0,13.0,471.0,1,0.0,0.77,0.29,none,0
0.0,928.0,928.0,13.0,359.0,1,0.0,3.34,0.29,none,0
0.0,928.0,928.0,13.0,302.0,1,0.0,2.11,0.26,none,0
0.0,0.0,0.0,13.0,113.0,1,0.0,0.0,0.26,none,0
0.0,928.0,928.0,13.0,330.0,1,0.0,1.04,0.26,none,0
0.0,928.0,928.0,13.0,305.0,1,0.0,2.3,0.26,none,0
0.0,928.0,928.0,12.0,348.0,1,0.0,0.73,0.24,none,0
0.0,1026.0,1026.0,13.0,556.0,1,0.0,6.8,0.24,none,0
0.0,928.0,928.0,13.0,154.0,1,0.0,0.25,0.24,none,0
0.0,0.0,0.0,13.0,309.0,1,0.0,0.5,0.24,none,0
0.0,928.0,928.0,13.0,220.0,1,0.0,1.39,0.24,none,0
0.0,970.0,970.0,13.0,452.0,1,0.0,2.36,0.38,none,0
0.0,928.0,928.0,13.0,466.0,1,0.0,3.23,0.38,none,0
0.0,1856.0,1856.0,13.0,548.0,1,0.0,1.57,0.38,none,0
0.0,928.0,928.0,13.0,389.0,1,0.0,0.53,0.38,none,0
0.0,1026.0,1026.0,13.0,285.0,1,0.0,2.3,0.43,none,0
0.0,0.0,0.0,13.0,401.0,1,0.0,3.05,0.43,none,0
0.0,928.0,928.0,13.0,281.0,1,0.0,1.28,0.43,none,0
0.0,928.0,928.0,13.0,279.0,1,0.0,0.79,0.43,none,0
0.0,928.0,928.0,13.0,262.0,1,0.0,0.78,0.4,none,0
0.0,0.0,0.0,13.0,73.0,1,0.0,0.0,0.4,none,0
0.0,928.0,928.0,13.0,471.0,1,0.0,4.59,0.4,none,0
0.0,928.0,928.0,13.0,228.0,1,0.0,0.52,0.4,none,0
0.0,0.0,0.0,13.0,185.0,1,0.0,0.5,0.4,none,0
0.0,928.0,928.0,13.0,332.0,1,0.0,1.04,0.36,none,0
0.0,1026.0,1026.0,13.0,347.0,1,0.0,0.79,0.36,none,0
0.0,928.0,928.0,13.0,455.0,1,0.0,5.7,0.36,none,0
0.0,928.0,928.0,13.0,364.0,1,0.0,3.3,0.36,none,0
0.0,928.0,928.0,13.0,216.0,1,0.0,0.45,0.36,none,0
0.0,0.0,0.0,13.0,208.0,1,0.0,0.23,0.34,none,0
0.0,928.0,928.0,13.0,412.0,1,0.0,2.21,0.34,none,0
0.0,928.0,928.0,13.0,485.0,1,0.0,2.2,0.34,none,0
0.0,928.0,928.0,13.0,388.0,1,0.0,2.04,0.34,none,0
0.0,1954.0,1954.0,13.0,695.0,1,0.0,1.56,0.31,none,0
0.0,928.0,928.0,13.0,382.0,1,0.0,0.77,0.31,none,0
0.0,0.0,0.0,13.0,214.0,1,0.0,0.99,0.31,none,0
0.0,928.0,928.0,13.0,236.0,1,0.0,1.28,0.28,none,0
0.0,928.0,928.0,13.0,372.0,1,0.0,3.32,0.28,none,0
0.0,1012.0,1012.0,13.0,252.0,1,0.0,1.05,0.28,none,0
0.0,0.0,0.0,13.0,328.0,1,0.0,2.52,0.28,none,0
0.0,928.0,928.0,13.0,392.0,1,0.0,1.04,0.28,none,0
0.0,928.0,928.0,13.0,219.0,1,0.0,1.27,0.26,none,0
0.0,824.0,824.0,13.0,166.0,2,0.0,0.25,0.26,none,0
0.0,202.0,202.0,13.0,340.0,1,0.0,0.97,0.26,none,0
0.0,928.0,928.0,13.0,396.0,1,0.0,1.99,0.26,none,0
0.0,928.0,928.0,13.0,403.0,1,0.0,1.76,0.32,none,0
0.0,928.0,928.0,13.0,378.0,1,0.0,4.02,0.32,none,0
0.0,928.0,928.0,13.0,557.0,1,0.0,2.7,0.32,none,0
0.0,0.0,0.0,12.0,149.0,1,0.0,0.38,0.32,none,0
0.0,928.0,1035.0,12.0,439.0,1,0.0,1.42,0.29,none,0
0.0,928.0,928.0,13.0,254.0,1,0.0,2.84,0.29,none,0
0.0,1026.0,1026.0,13.0,614.0,1,0.0,3.61,0.29,none,0
0.0,928.0,928.0,13.0,313.0,1,0.0,0.43,0.29,none,0
0.0,928.0,928.0,13.0,354.0,1,0.0,0.42,0.27,none,0
0.0,928.0,928.0,13.0,334.0,1,0.0,1.77,0.27,none,0
0.0,928.0,928.0,13.0,345.0,1,0.0,0.99,0.27,none,0
0.0,928.0,928.0,13.0,424.0,1,0.0,3.41,0.27,none,0
0.0,928.0,928.0,13.0,248.0,1,0.0,1.29,0.25,none,0
0.0,0.0,0.0,13.0,206.0,1,0.0,0.48,0.25,none,0
0.0,928.0,928.0,13.0,294.0,1,0.0,0.44,0.25,none,0
0.0,1026.0,1026.0,13.0,319.0,1,0.0,1.6,0.25,none,0
0.0,0.0,0.0,13.0,184.0,1,0.0,0.23,0.25,none,0
0.0,928.0,928.0,12.0,286.0,1,0.0,1.26,0.31,none,0
0.0,928.0,928.0,13.0,320.0,1,0.0,2.01,0.31,none,0
0.0,1898.0,1898.0,13.0,525.0,1,0.0,1.11,0.31,none,0
0.0,928.0,928.0,13.0,544.0,1,0.0,0.58,0.36,none,0
0.0,0.0,0.0,13.0,205.0,1,0.0,0.5,0.36,none,0
0.0,928.0,928.0,13.0,211.0,1,0.0,0.75,0.36,none,0
0.0,928.0,928.0,13.0,362.0,1,0.0,0.26,0.36,none,0
0.0,0.0,0.0,13.0,174.0,1,0.0,0.24,0.36,none,0
0.0,1026.0,1026.0,13.0,478.0,1,0.0,5.77,0.58,none,0
0.0,928.0,928.0,13.0,315.0,1,0.0,3.52,0.58,none,0
0.0,928.0,928.0,13.0,232.0,1,0.0,1.02,0.58,none,0
0.0,0.0,0.0,13.0,199.0,1,0.0,1.01,0.58,none,0
0.0,928.0,928.0,13.0,395.0,1,0.0,1.77,0.58,none,0
0.0,1856.0,1856.0,13.0,604.0,1,0.0,2.79,0.61,none,0
0.0,0.0,0.0,13.0,162.0,1,0.0,0.0,0.61,none,0
0.0,100.0,100.0,12.0,308.0,0,0.0,1.74,0.44,none,0
0.0,98.0,98.0,12.0,285.0,0,0.0,2.26,0.44,none,0
0.0,100.0,100.0,12.0,345.0,0,0.0,3.61,0.44,none,0
0.0,100.0,100.0,12.0,349.0,0,0.0,2.34,0.44,none,0
0.0,100.0,100.0,12.0,343.0,0,0.0,2.18,0.49,none,0
0.0,142.0,142.0,12.0,454.0,0,0.0,2.87,0.49,none,0
0.0,0.0,0.0,12.0,198.0,0,0.0,0.49,0.49,none,0
0.0,0.0,0.0,12.0,183.0,0,0.0,0.76,0.49,none,0
0.0,100.0,100.0,12.0,333.0,0,0.0,1.42,0.45,none,0
0.0,100.0,100.0,11.0,344.0,0,0.0,3.16,0.45,none,0
0.0,198.0,198.0,12.0,434.0,0,0.0,3.89,0.45,none,0
0.0,100.0,100.0,12.0,262.0,0,0.0,1.3,0.45,none,0
0.0,0.0,0.0,12.0,158.0,0,0.0,0.49,0.45,none,0
0.0,200.0,200.0,12.0,361.0,0,0.0,1.65,0.41,none,0
0.0,0.0,0.0,12.0,487.0,0,0.0,1.7,0.41,none,0
0.0,100.0,100.0,12.0,339.0,0,0.0,3.63,0.41,none,0
0.0,100.0,100.0,12.0,219.0,0,0.0,1.04,0.41,none,0
0.0,0.0,0.0,12.0,178.0,0,0.0,0.25,0.38,none,0
0.0,100.0,100.0,12.0,293.0,0,0.0,2.08,0.38,none,0
0.0,198.0,198.0,12.0,583.0,0,0.0,6.42,0.38,none,0
0.0,100.0,100.0,12.0,246.0,0,0.0,0.53,0.38,none,0
0.0,100.0,100.0,12.0,575.0,0,0.0,2.21,0.38,none,0
0.0,100.0,100.0,12.0,302.0,0,0.0,2.63,0.35,none,0
0.0,200.0,200.0,12.0,505.0,0,0.0,3.49,0.35,none,0
0.0,0.0,0.0,12.0,174.0,0,0.0,0.5,0.35,none,0
0.0,100.0,100.0,12.0,371.0,0,0.0,1.06,0.32,none,0
0.0,100.0,100.0,12.0,260.0,0,0.0,2.83,0.32,none,0
0.0,198.0,198.0,12.0,385.0,0,0.0,2.7,0.32,none,0
0.0,100.0,100.0,12.0,449.0,0,0.0,3.71,0.32,none,0
0.0,100.0,100.0,12.0,300.0,0,0.0,3.58,0.32,none,0
0.0,0.0,0.0,12.0,295.0,0,0.0,1.01,0.29,none,0
0.0,100.0,100.0,12.0,298.0,0,0.0,0.79,0.29,none,0
0.0,100.0,100.0,12.0,226.0,0,0.0,1.04,0.29,none,0
0.0,100.0,100.0,12.0,546.0,0,0.0,6.54,0.29,none,0
0.0,100.0,100.0,12.0,367.0,0,0.0,1.57,0.29,none,0
0.0,0.0,0.0,12.0,207.0,0,0.0,2.78,0.27,none,0
0.0,100.0,100.0,12.0,343.0,0,0.0,2.3,0.27,none,0
0.0,198.0,198.0,12.0,336.0,0,0.0,3.42,0.27,none,0
0.0,100.0,100.0,12.0,448.0,0,0.0,3.41,0.27,none,0
0.0,0.0,0.0,12.0,187.0,0,0.0,0.75,0.27,none,0
0.0,100.0,100.0,12.0,349.0,0,0.0,2.08,0.33,none,0
0.0,100.0,100.0,12.0,362.0,0,0.0,4.12,0.33,none,0
0.0,142.0,142.0,12.0,303.0,0,0.0,1.56,0.33,none,0
0.0,0.0,0.0,12.0,402.0,0,0.0,4.12,0.33,none,0
0.0,100.0,100.0,12.0,339.0,0,0.0,3.2,0.33,none,0
0.0,100.0,100.0,12.0,362.0,0,0.0,0.44,0.38,none,0
0.0,200.0,200.0,12.0,411.0,0,0.0,2.76,0.38,none,0
0.0,198.0,198.0,12.0,620.0,0,0.0,7.67,0.38,none,0
0.0,0.0,0.0,12.0,319.0,0,0.0,2.35,0.38,none,0
0.0,200.0,200.0,12.0,446.0,0,0.0,3.07,0.35,none,0
0.0,0.0,0.0,12.0,301.0,0,0.0,1.71,0.35,none,0
0.0,242.0,242.0,12.0,580.0,0,0.0,5.49,0.35,none,0
0.0,0.0,0.0,12.0,165.0,0,0.0,0.51,0.35,none,0
0.0,100.0,100.0,12.0,343.0,0,0.0,3.24,0.32,none,0
0.0,100.0,100.0,12.0,349.0,0,0.0,0.78,0.32,none,0
0.0,198.0,100.0,12.0,339.0,0,0.0,2.63,0.32,none,0
0.0,100.0,198.0,12.0,486.0,0,0.0,7.73,0.32,none,0
0.0,100.0,100.0,12.0,322.0,0,0.0,3.97,0.3,none,0
0.0,100.0,100.0,12.0,335.0,0,0.0,2.89,0.3,none,0
0.0,100.0,100.0,12.0,332.0,0,0.0,4.11,0.3,none,0
0.0,0.0,0.0,12.0,257.0,0,0.0,1.29,0.3,none,0
0.0,100.0,100.0,12.0,405.0,0,0.0,4.52,0.3,none,0
0.0,100.0,100.0,12.0,416.0,0,0.0,3.89,0.27,none,0
0.0,100.0,100.0,12.0,335.0,0,0.0,1.05,0.27,none,0
0.0,100.0,100.0,12.0,226.0,0,0.0,1.19,0.27,none,0
0.0,198.0,198.0,12.0,251.0,0,0.0,2.17,0.27,none,0
0.0,100.0,100.0,12.0,472.0,0,0.0,4.25,0.27,none,0
0.0,100.0,100.0,12.0,360.0,0,0.0,1.59,0.25,none,0
0.0,0.0,0.0,12.0,183.0,0,0.0,0.23,0.25,none,0
0.0,100.0,100.0,11.0,329.0,0,0.0,0.84,0.25,none,0
0.0,100.0,100.0,12.0,474.0,0,0.0,4.18,0.25,none,0
0.0,100.0,100.0,12.0,303.0,0,0.0,3.75,0.23,none,0
0.0,100.0,100.0,12.0,312.0,0,0.0,1.01,0.23,none,0
0.0,100.0,100.0,12.0,375.0,0,0.0,3.54,0.23,none,0
0.0,198.0,100.0,12.0,272.0,0,0.0,2.09,0.23,none,0
0.0,100.0,198.0,12.0,715.0,0,0.0,5.64,0.23,none,0
0.0,100.0,100.0,12.0,560.0,0,0.0,5.77,0.21,none,0
0.0,0.0,0.0,12.0,180.0,0,0.0,1.01,0.21,none,0
0.0,100.0,100.0,12.0,352.0,0,0.0,3.99,0.21,none,0
0.0,142.0,142.0,12.0,397.0,0,0.0,2.46,0.21,none,0
0.0,100.0,100.0,12.0,430.0,0,0.0,3.12,0.21,none,0
0.0,200.0,200.0,12.0,543.0,0,0.0,0.93,0.2,none,0
0.0,198.0,198.0,12.0,399.0,0,0.0,4.18,0.2,none,0
0.0,100.0,100.0,12.0,481.0,0,0.0,7.05,0.2,none,0
0.0,0.0,0.0,12.0,158.0,0,0.0,0.76,0.18,none,0
0.0,100.0,100.0,12.0,287.0,0,0.0,3.35,0.18,none,0
0.0,100.0,100.0,12.0,330.0,0,0.0,3.12,0.18,none,0
0.0,100.0,100.0,12.0,276.0,0,0.0,3.12,0.18,none,0
0.0,100.0,100.0,12.0,358.0,0,0.0,2.16,0.18,none,0
0.0,100.0,100.0,12.0,203.0,0,0.0,2.31,0.17,none,0
0.0,0.0,0.0,12.0,259.0,0,0.0,2.04,0.17,none,0
0.0,100.0,100.0,12.0,304.0,0,0.0,3.8,0.17,none,0
0.0,198.0,198.0,12.0,395.0,0,0.0,5.44,0.17,none,0
0.0,100.0,100.0,12.0,445.0,0,0.0,3.64,0.15,none,0
0.0,100.0,100.0,12.0,306.0,0,0.0,2.85,0.15,none,0
0.0,100.0,100.0,12.0,277.0,0,0.0,1.91,0.15,none,0
0.0,100.0,100.0,12.0,294.0,0,0.0,2.6,0.15,none,0
0.0,142.0,142.0,12.0,261.0,0,0.0,2.58,0.15,none,0
0.0,0.0,0.0,12.0,375.0,0,0.0,2.89,0.14,none,0
0.0,100.0,100.0,12.0,408.0,0,0.0,3.11,0.14,none,0
0.0,100.0,100.0,12.0,357.0,0,0.0,3.29,0.14,none,0
0.0,100.0,100.0,12.0,295.0,0,0.0,2.1,0.14,none,0
0.0,198.0,198.0,12.0,405.0,0,0.0,5.97,0.14,none,0
0.0,100.0,100.0,12.0,696.0,0,0.0,7.08,0.29,none,0
0.0,0.0,0.0,12.0,183.0,0,0.0,0.47,0.29,none,0
0.0,100.0,100.0,12.0,251.0,0,0.0,1.77,0.29,none,0
0.0,200.0,200.0,12.0,446.0,0,0.0,0.81,0.29,none,0
0.0,0.0,0.0,12.0,299.0,0,0.0,1.27,0.27,none,0
0.0,100.0,100.0,11.0,281.0,0,0.0,0.61,0.27,none,0
0.0,100.0,100.0,12.0,294.0,0,0.0,0.67,0.27,none,0
0.0,198.0,198.0,12.0,323.0,0,0.0,2.99,0.27,none,0
0.0,100.0,100.0,12.0,508.0,0,0.0,4.76,0.24,none,0
0.0,100.0,100.0,12.0,212.0,0,0.0,1.52,0.24,none,0
0.0,100.0,100.0,12.0,162.0,0,0.0,0.48,0.24,none,0
0.0,0.0,0.0,11.0,245.0,0,0.0,1.01,0.24,none,0
0.0,242.0,242.0,12.0,338.0,0,0.0,1.88,0.22,none,0
0.0,0.0,0.0,12.0,280.0,0,0.0,2.78,0.22,none,0
0.0,100.0,100.0,12.0,355.0,0,0.0,2.47,0.22,none,0
0.0,198.0,198.0,12.0,380.0,0,0.0,1.52,0.22,none,0
0.0,100.0,100.0,12.0,361.0,0,0.0,3.89,0.29,none,0
0.0,100.0,100.0,12.0,416.0,0,0.0,4.21,0.29,none,0
0.0,100.0,100.0,12.0,313.0,0,0.0,1.47,0.29,none,0
0.0,100.0,100.0,12.0,333.0,0,0.0,3.62,0.29,none,0
0.0,0.0,0.0,12.0,199.0,0,0.0,1.26,0.29,none,0
0.0,100.0,100.0,12.0,200.0,0,0.0,2.06,0.26,none,0
0.0,100.0,100.0,12.0,491.0,0,0.0,5.04,0.26,none,0
0.0,100.0,100.0,12.0,391.0,0,0.0,3.15,0.26,none,0
0.0,100.0,100.0,12.0,397.0,0,0.0,3.37,0.26,none,0
0.0,198.0,198.0,12.0,427.0,0,0.0,4.44,0.24,none,0
0.0,100.0,100.0,12.0,409.0,0,0.0,1.09,0.24,none,0
0.0,0.0,0.0,12.0,339.0,0,0.0,1.85,0.24,none,0
0.0,200.0,200.0,12.0,290.0,0,0.0,2.63,0.24,none,0
0.0,0.0,0.0,12.0,207.0,0,0.0,0.24,0.24,none,0
0.0,100.0,100.0,12.0,281.0,0,0.0,3.33,0.22,none,0
0.0,100.0,100.0,12.0,311.0,0,0.0,0.98,0.22,none,0
0.0,100.0,100.0,12.0,452.0,0,0.0,4.01,0.22,none,0
0.0,100.0,100.0,12.0,329.0,0,0.0,3.09,0.22,none,0
0.0,100.0,100.0,12.0,643.0,0,0.0,1.32,0.22,none,0
0.0,98.0,98.0,12.0,321.0,0,0.0,2.58,0.2,none,0
0.0,100.0,100.0,12.0,244.0,0,0.0,1.52,0.2,none,0
0.0,100.0,100.0,12.0,404.0,0,0.0,2.68,0.2,none,0
0.0,100.0,100.0,12.0,372.0,0,0.0,4.35,0.2,none,0
0.0,100.0,100.0,12.0,384.0,0,0.0,3.12,0.2,none,0
0.0,142.0,142.0,12.0,241.0,0,0.0,3.08,0.19,none,0
0.0,0.0,0.0,12.0,246.0,0,0.0,0.78,0.19,none,0
0.0,100.0,100.0,12.0,460.0,0,0.0,5.26,0.19,none,0
0.0,100.0,100.0,12.0,293.0,0,0.0,3.57,0.19,none,0
0.0,198.0,198.0,12.0,376.0,0,0.0,3.77,0.19,none,0
0.0,100.0,100.0,12.0,333.0,0,0.0,2.89,0.17,none,0
0.0,100.0,100.0,12.0,298.0,0,0.0,2.29,0.17,none,0
0.0,100.0,100.0,12.0,502.0,0,0.0,3.94,0.17,none,0
0.0,0.0,0.0,12.0,201.0,0,0.0,0.51,0.17,none,0
0.0,0.0,0.0,12.0,129.0,0,0.0,0.25,0.16,none,0
0.0,142.0,142.0,12.0,318.0,0,0.0,2.08,0.16,none,0
0.0,0.0,0.0,12.0,112.0,0,0.0,0.0,0.16,none,0
0.0,100.0,100.0,12.0,459.0,0,0.0,4.47,0.16,none,0
0.0,100.0,100.0,12.0,250.0,0,0.0,1.31,0.16,none,0
0.0,198.0,198.0,12.0,339.0,0,0.0,4.43,0.23,none,0
0.0,0.0,0.0,12.0,299.0,0,0.0,1.04,0.23,none,0
0.0,100.0,100.0,12.0,281.0,0,0.0,2.61,0.23,none,0
0.0,100.0,100.0,12.0,453.0,0,0.0,3.94,0.23,none,0
0.0,0.0,0.0,12.0,339.0,0,0.0,2.31,0.23,none,0
0.0,100.0,100.0,12.0,384.0,0,0.0,3.6,0.21,none,0
0.0,100.0,100.0,12.0,315.0,0,0.0,3.33,0.21,none,0
0.0,100.0,100.0,12.0,448.0,0,0.0,3.38,0.21,none,0
0.0,100.0,100.0,12.0,509.0,0,0.0,3.73,0.21,none,0
0.0,100.0,100.0,12.0,402.0,0,0.0,3.85,0.21,none,0
0.0,98.0,98.0,12.0,321.0,0,0.0,2.81,0.19,none,0
0.0,100.0,100.0,12.0,289.0,0,0.0,3.09,0.19,none,0
0.0,100.0,100.0,12.0,409.0,0,0.0,3.8,0.19,none,0
0.0,100.0,100.0,12.0,463.0,0,0.0,2.63,0.19,none,0
0.0,100.0,100.0,12.0,317.0,0,0.0,4.01,0.19,none,0
0.0,100.0,100.0,12.0,295.0,0,0.0,4.18,0.17,none,0
0.0,1954.0,1954.0,16.0,618.0,1,0.0,8.22,0.17,none,0
0.0,1856.0,1856.0,16.0,457.0,1,0.0,3.43,0.17,none,0
0.0,1856.0,1856.0,16.0,515.0,1,0.0,4.24,0.24,none,0
0.0,928.0,928.0,16.0,438.0,1,0.0,2.68,0.24,none,0
0.0,928.0,928.0,15.0,356.0,1,0.0,3.2,0.24,none,0
0.0,1856.0,1856.0,16.0,459.0,1,0.0,6.35,0.24,none,0
0.0,1856.0,1856.0,16.0,573.0,1,0.0,4.82,0.3,none,0
0.0,1856.0,1856.0,16.0,621.0,1,0.0,5.74,0.3,none,0
0.0,1856.0,1856.0,16.0,623.0,1,0.0,4.52,0.3,none,0
0.0,1954.0,1954.0,16.0,865.0,1,0.0,7.54,0.3,none,0
0.0,1856.0,1856.0,16.0,504.0,1,0.0,7.07,0.36,none,0
0.0,1856.0,1856.0,16.0,709.0,1,0.0,8.95,0.36,none,0
0.0,1856.0,1856.0,16.0,353.0,1,0.0,2.26,0.36,none,0
0.0,1898.0,1898.0,16.0,387.0,1,0.0,1.54,0.36,none,0
0.0,1856.0,1856.0,16.0,348.0,1,0.0,2.95,0.36,none,0
0.0,1856.0,1856.0,16.0,406.0,1,0.0,3.33,0.33,none,0
0.0,0.0,0.0,16.0,473.0,1,0.0,3.87,0.33,none,0
0.0,1856.0,1856.0,16.0,347.0,1,0.0,3.21,0.33,none,0
0.0,1954.0,1954.0,16.0,516.0,1,0.0,3.33,0.33,none,0
0.0,1856.0,1856.0,16.0,406.0,1,0.0,5.54,0.33,none,0
0.0,1856.0,1856.0,16.0,510.0,1,0.0,6.05,0.3,none,0
0.0,1856.0,1856.0,16.0,572.0,1,0.0,4.28,0.3,none,0
0.0,1856.0,1856.0,16.0,402.0,1,0.0,4.56,0.3,none,0
0.0,970.0,970.0,16.0,356.0,1,0.0,4.11,0.3,none,0
0.0,928.0,928.0,16.0,375.0,1,0.0,3.82,0.28,none,0
0.0,1856.0,1856.0,16.0,481.0,1,0.0,4.29,0.28,none,0
0.0,1856.0,1856.0,16.0,653.0,1,0.0,13.19,0.28,none,0
0.0,1954.0,1954.0,16.0,621.0,1,0.0,7.96,0.28,none,0
0.0,1856.0,1856.0,16.0,568.0,1,0.0,4.89,0.28,none,0
0.0,1856.0,1856.0,16.0,798.0,1,0.0,4.59,0.34,none,0
0.0,1856.0,1856.0,16.0,614.0,1,0.0,5.59,0.34,none,0
0.0,0.0,0.0,16.0,436.0,1,0.0,2.79,0.34,none,0
0.0,1856.0,1856.0,16.0,428.0,1,0.0,4.69,0.34,none,0
0.0,1908.0,1908.0,16.0,407.0,1,0.0,2.47,0.34,none,0
0.0,1856.0,1856.0,16.0,357.0,1,0.0,1.85,0.31,none,0
0.0,1856.0,1856.0,16.0,813.0,1,0.0,8.89,0.31,none,0
0.0,1856.0,1856.0,16.0,652.0,1,0.0,8.03,0.31,none,0
0.0,1026.0,1026.0,16.0,502.0,1,0.0,6.56,0.31,none,0
0.0,928.0,928.0,16.0,365.0,1,0.0,2.15,0.31,none,0
0.0,1856.0,1856.0,16.0,483.0,1,0.0,5.28,0.36,none,0
0.0,1856.0,1856.0,16.0,508.0,1,0.0,7.37,0.36,none,0
0.0,1856.0,1856.0,16.0,700.0,1,0.0,10.85,0.36,none,0
0.0,1856.0,1856.0,16.0,438.0,1,0.0,3.98,0.36,none,0
0.0,1856.0,1856.0,16.0,351.0,1,0.0,3.36,0.42,none,0
0.0,928.0,928.0,16.0,377.0,1,0.0,4.66,0.42,none,0
0.0,928.0,928.0,16.0,326.0,1,0.0,2.21,0.42,none,0
0.0,1856.0,1856.0,16.0,521.0,1,0.0,8.06,0.42,none,0
0.0,1954.0,1954.0,16.0,586.0,1,0.0,8.4,0.42,none,0
0.0,1856.0,1856.0,16.0,515.0,1,0.0,8.07,0.38,none,0
0.0,1856.0,1856.0,16.0,499.0,1,0.0,7.57,0.38,none,0
0.0,1856.0,1856.0,16.0,590.0,1,0.0,9.31,0.38,none,0
0.0,1856.0,1856.0,16.0,539.0,1,0.0,6.52,0.38,none,0
0.0,0.0,0.0,16.0,179.0,1,0.0,0.26,0.38,none,0
0.0,3712.0,3712.0,16.0,633.0,1,0.0,3.67,0.35,none,0
0.0,1856.0,1856.0,16.0,679.0,1,0.0,1.28,0.35,none,0
0.0,1954.0,1954.0,16.0,608.0,1,0.0,8.71,0.35,none,0
0.0,1856.0,1856.0,16.0,323.0,1,0.0,1.67,0.32,none,0
0.0,1856.0,1856.0,16.0,510.0,1,0.0,2.75,0.32,none,0
0.0,1856.0,1856.0,16.0,400.0,1,0.0,3.6,0.32,none,0
0.0,0.0,0.0,16.0,498.0,1,0.0,1.82,0.32,none,0
0.0,1898.0,1898.0,16.0,479.0,1,0.0,4.04,0.32,none,0
0.0,1856.0,1856.0,16.0,514.0,1,0.0,4.79,0.3,none,0
0.0,1856.0,1856.0,16.0,577.0,1,0.0,6.32,0.3,none,0
0.0,928.0,928.0,16.0,620.0,1,0.0,8.44,0.3,none,0
0.0,1856.0,1856.0,16.0,675.0,1,0.0,7.59,0.3,none,0
0.0,1026.0,1026.0,16.0,444.0,1,0.0,5.5,0.35,none,0
0.0,1856.0,1856.0,16.0,584.0,1,0.0,6.35,0.35,none,0
0.0,1856.0,1856.0,16.0,601.0,1,0.0,5.87,0.35,none,0
0.0,1856.0,1856.0,16.0,611.0,1,0.0,6.41,0.35,none,0
0.0,1856.0,1856.0,16.0,532.0,1,0.0,4.86,0.35,none,0
0.0,1856.0,1856.0,16.0,534.0,1,0.0,5.0,0.41,none,0
0.0,1856.0,1856.0,16.0,542.0,1,0.0,5.74,0.41,none,0
0.0,928.0,928.0,16.0,401.0,1,0.0,4.04,0.41,none,0
0.0,1856.0,1856.0,16.0,584.0,1,0.0,8.24,0.41,none,0
0.0,1026.0,1026.0,16.0,570.0,1,0.0,5.84,0.41,none,0
0.0,1856.0,1856.0,16.0,474.0,1,0.0,3.85,0.37,none,0
0.0,1856.0,1856.0,16.0,648.0,1,0.0,6.14,0.37,none,0
0.0,1856.0,1856.0,16.0,426.0,1,0.0,2.73,0.37,none,0
0.0,1856.0,1856.0,16.0,620.0,1,0.0,8.16,0.37,none,0
0.0,1898.0,1898.0,16.0,504.0,1,0.0,6.65,0.42,none,0
0.0,1856.0,1856.0,16.0,536.0,1,0.0,6.33,0.42,none,0
0.0,928.0,928.0,16.0,201.0,1,0.0,1.05,0.42,none,0
0.0,928.0,928.0,16.0,390.0,1,0.0,3.66,0.42,none,0
0.0,1856.0,1856.0,16.0,868.0,1,0.0,10.46,0.42,none,0
0.0,1954.0,1954.0,16.0,605.0,1,0.0,8.36,0.39,none,0
0.0,1856.0,1856.0,16.0,498.0,1,0.0,8.07,0.39,none,0
0.0,1856.0,1856.0,16.0,488.0,1,0.0,7.92,0.39,none,0
0.0,1856.0,1856.0,16.0,441.0,1,0.0,7.85,0.39,none,0
0.0,0.0,0.0,16.0,446.0,1,0.0,4.42,0.39,none,0
0.0,1856.0,1856.0,16.0,455.0,1,0.0,5.94,0.36,none,0
0.0,1856.0,1856.0,16.0,580.0,1,0.0,6.63,0.36,none,0
0.0,1856.0,1856.0,16.0,455.0,1,0.0,4.08,0.36,none,0
0.0,1856.0,1856.0,16.0,547.0,1,0.0,9.3,0.36,none,0
0.0,0.0,0.0,16.0,515.0,1,0.0,4.95,0.36,none,0
0.0,1954.0,1954.0,16.0,480.0,1,0.0,7.69,0.41,none,0
0.0,1856.0,1856.0,16.0,488.0,1,0.0,6.37,0.41,none,0
0.0,1856.0,2050.0,16.0,554.0,1,0.0,8.36,0.41,none,0
0.0,1856.0,1856.0,16.0,447.0,1,0.0,7.53,0.41,none,0
0.0,1856.0,1856.0,16.0,583.0,1,0.0,3.86,0.41,none,0
0.0,0.0,0.0,16.0,269.0,1,0.0,1.04,0.38,none,0
0.0,3712.0,3712.0,16.0,659.0,1,0.0,4.83,0.38,none,0
0.0,928.0,928.0,16.0,300.0,1,0.0,0.38,0.38,none,0
0.0,928.0,928.0,16.0,456.0,1,0.0,3.23,0.38,none,0
0.0,1954.0,1954.0,16.0,635.0,1,0.0,6.93,0.43,none,0
0.0,1856.0,1856.0,16.0,550.0,1,0.0,8.07,0.43,none,0
0.0,1856.0,1856.0,16.0,503.0,1,0.0,4.99,0.43,none,0
0.0,1856.0,1856.0,16.0,506.0,1,0.0,7.12,0.43,none,0
0.0,1856.0,1856.0,16.0,443.0,1,0.0,2.97,0.39,none,0
0.0,42.0,42.0,16.0,258.0,1,0.0,2.56,0.39,none,0
0.0,1856.0,1856.0,16.0,455.0,1,0.0,2.45,0.39,none,0
0.0,1856.0,1856.0,16.0,420.0,1,0.0,2.72,0.39,none,0
0.0,1856.0,1856.0,16.0,359.0,1,0.0,2.96,0.39,none,0
0.0,1954.0,1856.0,16.0,591.0,1,0.0,10.16,0.44,none,0
0.0,1856.0,1954.0,16.0,480.0,1,0.0,3.55,0.44,none,0
0.0,928.0,928.0,16.0,354.0,1,0.0,2.09,0.44,none,0
0.0,928.0,928.0,16.0,339.0,1,0.0,1.04,0.44,none,0
0.0,1856.0,1856.0,16.0,472.0,1,0.0,7.75,0.44,none,0
0.0,1856.0,1856.0,16.0,601.0,1,0.0,8.24,0.41,none,0
0.0,1856.0,1856.0,16.0,544.0,1,0.0,6.79,0.41,none,0
0.0,1856.0,1856.0,16.0,451.0,1,0.0,5.77,0.41,none,0
0.0,0.0,0.0,16.0,309.0,1,0.0,2.34,0.41,none,0
0.0,1856.0,1856.0,16.0,452.0,1,0.0,4.02,0.41,none,0
0.0,1954.0,1954.0,16.0,699.0,1,0.0,7.44,0.53,none,0
0.0,1856.0,1856.0,16.0,389.0,1,0.0,2.97,0.53,none,0
0.0,1856.0,1856.0,16.0,460.0,1,0.0,4.28,0.53,none,0
0.0,1856.0,1856.0,16.0,442.0,1,0.0,4.02,0.53,none,0
0.0,928.0,928.0,16.0,182.0,1,0.0,0.5,0.53,none,0
0.0,928.0,928.0,16.0,419.0,1,0.0,2.5,0.57,none,0
0.0,1856.0,1856.0,16.0,611.0,1,0.0,9.46,0.57,none,0
0.0,1856.0,1856.0,16.0,450.0,1,0.0,4.27,0.57,none,0
0.0,1856.0,1856.0,16.0,484.0,1,0.0,6.43,0.57,none,0
0.0,1856.0,1856.0,16.0,410.0,1,0.0,5.5,0.53,none,0
0.0,1954.0,1954.0,16.0,620.0,1,0.0,8.99,0.53,none,0
0.0,928.0,928.0,16.0,400.0,1,0.0,1.52,0.53,none,0
0.0,928.0,928.0,16.0,302.0,1,0.0,1.5,0.53,none,0
0.0,1856.0,1856.0,16.0,481.0,1,0.0,1.95,0.53,none,0
0.0,1898.0,1898.0,16.0,458.0,1,0.0,2.93,0.48,none,0
0.0,1856.0,1856.0,15.0,603.0,1,0.0,5.17,0.48,none,0
0.0,1856.0,1856.0,16.0,318.0,1,0.0,2.16,0.48,none,0
0.0,1856.0,1856.0,16.0,533.0,1,0.0,3.63,0.48,none,0
0.0,1856.0,1856.0,16.0,460.0,1,0.0,5.84,0.6,none,0
0.0,1954.0,1954.0,16.0,619.0,1,0.0,10.65,0.6,none,0
0.0,1856.0,1856.0,16.0,541.0,1,0.0,5.69,0.6,none,0
0.0,0.0,0.0,16.0,186.0,1,0.0,1.28,0.6,none,0
0.0,1856.0,1856.0,16.0,420.0,1,0.0,5.0,0.6,none,0
0.0,1856.0,1856.0,16.0,502.0,1,0.0,7.55,0.72,none,0
0.0,1856.0,1856.0,16.0,556.0,1,0.0,6.07,0.72,none,0
0.0,1856.0,1856.0,16.0,669.0,1,0.0,9.14,0.72,none,0
0.0,1856.0,1856.0,16.0,607.0,1,0.0,8.27,0.72,none,0
0.0,1856.0,1856.0,16.0,504.0,1,0.0,6.15,0.72,none,0
0.0,0.0,0.0,16.0,307.0,1,0.0,1.81,0.74,none,0
0.0,1954.0,1954.0,16.0,501.0,1,0.0,3.3,0.74,none,0
0.0,1856.0,1856.0,16.0,633.0,1,0.0,8.47,0.74,none,0
0.0,1856.0,1856.0,16.0,405.0,1,0.0,5.47,0.74,none,0
0.0,1856.0,1856.0,16.0,496.0,1,0.0,6.37,0.68,none,0
0.0,1856.0,1856.0,16.0,438.0,1,0.0,7.07,0.68,none,0
0.0,1898.0,1898.0,16.0,491.0,1,0.0,3.54,0.68,none,0
0.0,0.0,0.0,16.0,351.0,1,0.0,4.95,0.68,none,0
0.0,2784.0,2784.0,16.0,446.0,1,0.0,1.55,0.68,none,0
0.0,928.0,928.0,16.0,404.0,1,0.0,4.44,0.62,none,0
0.0,1954.0,1954.0,16.0,718.0,1,0.0,8.49,0.62,none,0
0.0,1856.0,1856.0,16.0,731.0,1,0.0,10.57,0.62,none,0
0.0,1856.0,1856.0,16.0,572.0,1,0.0,7.07,0.62,none,0
0.0,1856.0,1856.0,16.0,433.0,1,0.0,5.57,0.62,none,0
0.0,928.0,928.0,16.0,389.0,1,0.0,2.9,0.66,none,0
0.0,928.0,928.0,16.0,290.0,1,0.0,1.79,0.66,none,0
0.0,1856.0,1856.0,16.0,697.0,1,0.0,10.42,0.66,none,0
0.0,1856.0,1856.0,16.0,533.0,1,0.0,8.4,0.66,none,0
0.0,1856.0,1856.0,16.0,416.0,1,0.0,6.41,0.66,none,0
0.0,1856.0,1856.0,16.0,601.0,1,0.0,5.06,0.6,none,0
0.0,1954.0,1954.0,16.0,680.0,1,0.0,7.05,0.6,none,0
0.0,1856.0,1856.0,16.0,488.0,1,0.0,5.84,0.6,none,0
0.0,824.0,824.0,16.0,312.0,2,0.0,1.26,0.6,none,0
0.0,1032.0,1032.0,16.0,389.0,1,0.0,1.35,0.55,none,0
0.0,1856.0,1856.0,16.0,423.0,1,0.0,4.0,0.55,none,0
0.0,1856.0,1856.0,16.0,563.0,1,0.0,7.79,0.55,none,0
0.0,1856.0,1856.0,16.0,607.0,1,0.0,4.29,0.55,none,0
0.0,200.0,200.0,27.0,671.0,0,0.0,12.84,0.69,none,0
0.0,200.0,200.0,27.0,434.0,0,0.0,6.15,0.64,none,0
0.0,200.0,200.0,27.0,661.0,0,0.0,7.6,0.64,none,0
0.0,100.0,100.0,27.0,701.0,0,0.0,12.05,0.64,none,0
0.0,198.0,198.0,27.0,745.0,0,0.0,16.72,0.64,none,0
0.0,200.0,200.0,27.0,551.0,0,13.0,12.9,0.83,none,0
0.0,200.0,200.0,27.0,643.0,0,11.2,17.07,0.83,none,0
0.0,98.0,98.0,27.0,561.0,0,11.0,10.2,0.83,none,0
0.0,200.0,200.0,27.0,958.0,0,10.8,22.18,0.83,none,0
0.0,242.0,242.0,27.0,528.0,0,0.0,12.22,0.83,none,0
0.0,200.0,200.0,27.0,564.0,0,12.6,11.02,1.0,none,0
0.0,0.0,0.0,27.0,657.0,0,11.4,10.74,1.0,none,0
0.0,200.0,200.0,27.0,519.0,0,12.3,14.25,1.0,none,0
0.0,298.0,200.0,27.0,962.0,0,0.0,23.85,1.0,none,0
0.0,200.0,298.0,27.0,516.0,0,0.0,9.28,0.92,none,0
0.0,0.0,0.0,27.0,401.0,0,11.5,4.27,0.92,none,0
0.0,298.0,298.0,27.0,667.0,0,10.2,17.17,0.92,none,0
0.0,200.0,200.0,27.0,664.0,0,0.0,15.18,0.92,none,0
0.0,200.0,200.0,27.0,920.0,0,10.1,24.75,1.09,none,0
0.0,0.0,0.0,27.0,257.0,0,0.0,2.39,1.09,none,0
0.0,200.0,200.0,27.0,782.0,0,11.8,17.95,1.09,none,0
0.0,200.0,200.0,27.0,571.0,0,11.3,18.1,1.09,none,0
0.0,200.0,200.0,27.0,516.0,0,0.0,8.51,1.09,none,0
0.0,98.0,98.0,27.0,1361.0,0,0.0,8.36,1.0,none,0
0.0,200.0,200.0,27.0,1073.0,0,0.0,6.15,1.0,none,0
0.0,200.0,200.0,27.0,527.0,0,0.0,5.85,1.0,none,0
0.0,298.0,298.0,27.0,1454.0,0,0.0,7.61,1.0,none,0
0.0,200.0,200.0,27.0,1152.0,0,0.0,7.87,1.0,none,0
0.0,242.0,242.0,27.0,603.0,0,0.0,5.72,0.92,none,0
0.0,200.0,200.0,30.0,1361.0,0,0.0,22.51,0.92,none,0
0.0,200.0,200.0,30.0,854.0,0,99.3,31.05,0.92,none,0
0.0,242.0,242.0,30.0,529.0,0,26.1,10.72,0.92,none,0
0.0,0.0,0.0,30.0,923.0,0,0.0,11.26,0.92,none,0
0.0,298.0,298.0,30.0,709.0,0,0.0,7.97,1.49,none,0
0.0,200.0,200.0,30.0,417.0,0,0.0,4.17,1.49,none,0
0.0,298.0,298.0,30.0,750.0,0,0.0,7.84,1.49,none,0
0.0,200.0,200.0,30.0,666.0,0,0.0,6.48,1.49,none,0
0.0,200.0,200.0,30.0,792.0,0,0.0,10.53,1.53,none,0
0.0,200.0,200.0,30.0,409.0,0,0.0,3.81,1.53,none,0
0.0,100.0,100.0,30.0,484.0,0,0.0,7.24,1.53,none,0
0.0,200.0,200.0,30.0,435.0,0,0.0,3.08,1.53,none,0
0.0,100.0,100.0,30.0,409.0,0,0.0,5.36,1.53,none,0
0.0,298.0,298.0,30.0,954.0,0,0.0,13.54,1.49,none,0
0.0,200.0,200.0,30.0,622.0,0,0.0,7.57,1.49,none,0
0.0,200.0,200.0,30.0,553.0,0,0.0,6.89,1.49,none,0
0.0,298.0,298.0,30.0,582.0,0,0.0,8.36,1.49,none,0
0.0,200.0,200.0,30.0,589.0,0,0.0,8.68,1.49,none,0
0.0,100.0,100.0,30.0,614.0,0,0.0,6.63,1.37,none,0
0.0,100.0,100.0,30.0,546.0,0,0.0,6.1,1.37,none,0
0.0,200.0,200.0,30.0,727.0,0,0.0,8.31,1.37,none,0
0.0,200.0,200.0,30.0,562.0,0,0.0,8.92,1.37,none,0
0.0,200.0,200.0,30.0,510.0,0,0.0,8.23,1.37,none,0
0.0,298.0,298.0,30.0,933.0,0,0.0,9.54,1.26,none,0
0.0,200.0,200.0,30.0,1276.0,0,0.0,8.61,1.26,none,0
0.0,200.0,200.0,30.0,1465.0,0,0.0,8.52,1.26,none,0
0.0,298.0,298.0,29.0,719.0,0,0.0,8.49,1.26,none,0
0.0,0.0,0.0,30.0,399.0,0,0.0,4.7,1.16,none,0
0.0,242.0,242.0,30.0,736.0,0,0.0,7.89,1.16,none,0
0.0,200.0,200.0,30.0,522.0,0,0.0,3.91,1.16,none,0
0.0,200.0,200.0,30.0,540.0,0,0.0,4.96,1.16,none,0
0.0,242.0,242.0,30.0,657.0,0,0.0,7.71,1.16,none,0
0.0,200.0,200.0,29.0,627.0,0,0.0,7.79,1.14,none,0
0.0,298.0,298.0,30.0,871.0,0,0.0,13.69,1.14,none,0
0.0,200.0,200.0,30.0,554.0,0,0.0,6.47,1.14,none,0
0.0,198.0,198.0,30.0,715.0,0,0.0,8.82,1.14,none,0
0.0,100.0,100.0,30.0,633.0,0,0.0,5.79,1.14,none,0
0.0,200.0,200.0,30.0,517.0,0,0.0,9.14,1.05,none,0
0.0,200.0,200.0,30.0,714.0,0,0.0,9.78,1.05,none,0
0.0,200.0,200.0,30.0,702.0,0,0.0,10.37,1.05,none,0
0.0,200.0,200.0,30.0,533.0,0,0.0,7.28,1.05,none,0
0.0,200.0,200.0,30.0,421.0,0,0.0,4.86,1.05,none,0
0.0,298.0,298.0,30.0,455.0,0,0.0,4.47,0.97,none,0
0.0,100.0,100.0,30.0,711.0,0,0.0,10.22,0.97,none,0
0.0,100.0,100.0,30.0,1034.0,0,0.0,8.86,0.97,none,0
0.0,298.0,298.0,30.0,605.0,0,0.0,9.79,0.97,none,0
0.0,200.0,200.0,30.0,407.0,0,0.0,5.15,0.89,none,0
0.0,200.0,200.0,29.0,490.0,0,0.0,4.92,0.89,none,0
0.0,200.0,200.0,30.0,803.0,0,0.0,10.58,0.89,none,0
0.0,200.0,200.0,30.0,435.0,0,0.0,4.38,0.89,none,0
0.0,200.0,200.0,30.0,513.0,0,0.0,6.93,0.89,none,0
0.0,200.0,200.0,30.0,412.0,0,0.0,4.88,0.9,none,0
0.0,198.0,198.0,30.0,616.0,0,0.0,9.84,0.9,none,0
0.0,100.0,100.0,30.0,518.0,0,0.0,5.93,0.9,none,0
0.0,300.0,300.0,29.0,577.0,0,0.0,2.64,0.9,none,0
0.0,298.0,298.0,30.0,629.0,0,0.0,2.71,0.83,none,0
0.0,242.0,242.0,30.0,715.0,0,0.0,6.12,0.83,none,0
0.0,100.0,100.0,30.0,417.0,0,0.0,2.97,0.83,none,0
0.0,200.0,200.0,30.0,527.0,0,0.0,6.15,0.83,none,0
0.0,200.0,200.0,30.0,706.0,0,0.0,8.25,0.83,none,0
0.0,298.0,298.0,30.0,657.0,0,0.0,8.7,0.84,none,0
0.0,200.0,200.0,30.0,654.0,0,0.0,9.7,0.84,none,0
0.0,200.0,200.0,30.0,601.0,0,0.0,6.32,0.84,none,0
0.0,298.0,298.0,30.0,622.0,0,0.0,8.03,0.84,none,0
0.0,4166.14,2651.9,190.5,1908.0,242,0.0,8.0,0.57,portscan,1
0.0,2868.47,3519.73,79.5,1794.0,145,0.0,8.0,0.57,portscan,1
0.0,4575.76,5977.78,163.5,1251.0,255,0.0,8.0,0.57,portscan,1
0.0,3380.74,3246.82,84.0,1665.0,269,0.0,8.0,0.53,portscan,1
0.0,2893.95,5962.32,105.0,1243.5,229,0.0,8.99,0.53,portscan,1
0.0,2398.04,2348.13,105.0,1644.0,238,0.0,12.51,0.53,portscan,1
0.0,5455.07,3059.88,103.5,1923.0,123,0.0,9.0,0.53,portscan,1
0.0,5967.76,2911.96,142.5,2035.5,195,0.0,9.02,0.53,portscan,1
0.0,4300.62,4067.08,82.5,1576.5,119,0.0,8.84,0.48,portscan,1
0.0,3189.71,2102.3,163.5,921.0,279,0.0,8.0,0.48,portscan,1
0.0,4124.11,3996.12,184.5,2011.5,265,0.0,13.65,0.48,portscan,1
0.0,2062.84,4116.34,96.0,1212.0,279,0.0,8.0,0.48,portscan,1
0.0,5342.96,4935.98,88.5,1519.5,273,0.0,8.0,0.48,portscan,1
0.0,3537.73,4008.53,151.5,1671.0,180,0.0,10.13,0.45,portscan,1
0.0,3355.1,4136.17,195.0,1353.0,197,0.0,8.67,0.45,portscan,1
0.0,5282.37,2320.61,147.0,1192.5,130,0.0,12.78,0.45,portscan,1
0.0,4162.26,2279.25,147.0,1522.5,220,0.0,8.0,0.45,portscan,1
0.0,4373.68,5717.1,180.0,1311.0,224,0.0,8.23,0.45,portscan,1
0.0,5148.91,5188.0,139.5,1323.0,156,0.0,14.44,0.49,portscan,1
0.0,5365.95,3307.07,118.5,1174.5,186,0.0,8.0,0.49,portscan,1
0.0,4625.69,4213.41,120.0,1627.5,179,0.0,14.34,0.49,portscan,1
0.0,4654.04,5878.27,153.0,1566.0,159,0.0,9.02,0.49,portscan,1
0.0,3294.18,4101.7,192.0,1269.0,130,0.0,8.0,0.49,portscan,1
0.0,4499.99,3268.6,99.0,1479.0,165,0.0,8.0,0.45,portscan,1
0.0,3148.83,3944.85,159.0,1062.0,198,0.0,8.0,0.45,portscan,1
0.0,2397.62,3656.83,162.0,1746.0,275,0.0,8.0,0.45,portscan,1
0.0,4122.65,3053.37,154.5,1533.0,228,0.0,9.67,0.45,portscan,1
0.0,5728.31,3002.82,93.0,930.0,214,0.0,8.0,0.5,portscan,1
0.0,4765.84,3082.17,108.0,1441.5,261,0.0,8.25,0.5,portscan,1
0.0,4157.09,3737.17,148.5,1189.5,141,0.0,8.0,0.5,portscan,1
0.0,4705.67,4996.15,151.5,1503.0,140,0.0,12.72,0.5,portscan,1
0.0,5340.0,4514.89,162.0,1195.5,217,0.0,8.57,0.5,portscan,1
0.0,3122.54,3856.1,103.5,1008.0,221,0.0,8.0,0.46,portscan,1
0.0,2019.69,4653.83,181.5,1383.0,295,0.0,8.0,0.46,portscan,1
0.0,3515.06,4491.63,132.0,1588.5,252,0.0,8.24,0.46,portscan,1
0.0,4313.55,4584.38,136.5,1609.5,230,0.0,8.0,0.46,portscan,1
0.0,4409.33,3975.6,96.0,1788.0,283,0.0,8.71,0.46,portscan,1
0.0,5046.01,4622.64,127.5,1540.5,176,0.0,8.0,0.5,portscan,1
0.0,2388.62,2898.93,132.0,1386.0,251,0.0,8.0,0.5,portscan,1
0.0,4458.45,2338.88,87.0,819.0,230,0.0,8.0,0.5,portscan,1
0.0,5463.44,4424.72,81.0,873.0,271,0.0,8.0,0.5,portscan,1
0.0,2616.57,3738.79,121.5,1146.0,235,0.0,8.83,0.5,portscan,1
0.0,4396.04,4483.27,123.0,1387.5,195,0.0,8.0,0.46,portscan,1
0.0,5419.43,2083.52,106.5,1212.0,197,0.0,8.0,0.46,portscan,1
0.0,4047.41,3568.63,166.5,909.0,105,0.0,8.0,0.46,portscan,1
0.0,4774.28,2252.81,196.5,1795.5,224,0.0,9.6,0.46,portscan,1
0.0,5013.46,3968.64,169.5,1207.5,202,0.0,8.0,0.46,portscan,1
0.0,5072.15,3134.3,114.0,1462.5,229,0.0,8.0,0.42,portscan,1
0.0,4320.76,5280.5,132.0,1384.5,194,0.0,8.0,0.42,portscan,1
0.0,4565.62,2211.59,144.0,1522.5,178,0.0,8.0,0.42,portscan,1
0.0,4031.88,2954.31,96.0,2169.0,116,0.0,9.13,0.42,portscan,1
0.0,4745.3,2657.29,121.5,1332.0,111,0.0,8.0,0.42,portscan,1
0.0,5565.57,4386.45,118.5,1285.5,102,0.0,8.0,0.39,portscan,1
0.0,5124.16,2768.17,91.5,1435.5,212,0.0,8.0,0.39,portscan,1
0.0,4939.03,5605.71,172.5,1798.5,219,0.0,8.0,0.39,portscan,1
0.0,5634.68,3977.84,186.0,1291.5,242,0.0,8.0,0.39,portscan,1
0.0,4036.33,4028.52,130.5,1582.5,253,0.0,8.0,0.36,portscan,1
0.0,2064.47,3330.11,145.5,1444.5,144,0.0,8.0,0.36,portscan,1
0.0,5448.79,5246.63,163.5,1081.5,294,0.0,8.0,0.36,portscan,1
0.0,2392.57,5046.1,139.5,1636.5,126,0.0,9.66,0.36,portscan,1
0.0,2399.68,4854.79,84.0,1827.0,232,0.0,10.82,0.36,portscan,1
0.0,5669.16,2700.45,189.0,1528.5,130,0.0,8.0,0.33,portscan,1
0.0,4604.4,3274.25,187.5,1497.0,181,0.0,8.0,0.33,portscan,1
0.0,5136.79,5158.22,84.0,966.0,215,0.0,8.0,0.33,portscan,1
0.0,2902.57,3007.99,112.5,1759.5,241,0.0,8.0,0.33,portscan,1
0.0,3840.02,2181.91,171.0,1099.5,261,0.0,8.85,0.3,portscan,1
0.0,3462.86,4557.66,150.0,1035.0,123,0.0,8.76,0.3,portscan,1
0.0,3921.77,4269.17,165.0,1518.0,259,0.0,8.75,0.3,portscan,1
0.0,5452.57,3643.31,108.0,1537.5,298,0.0,8.0,0.3,portscan,1
0.0,3029.38,4344.93,186.0,1791.0,265,0.0,8.0,0.3,portscan,1
0.0,2576.86,5423.99,175.5,1585.5,175,0.0,9.42,0.28,portscan,1
0.0,5872.71,5817.12,85.5,978.0,177,0.0,8.0,0.28,portscan,1
0.0,2558.29,2462.6,120.0,1330.5,142,0.0,8.17,0.28,portscan,1
0.0,4393.64,4479.34,135.0,891.0,274,0.0,8.0,0.28,portscan,1
0.0,4565.75,5091.46,171.0,906.0,152,0.0,8.0,0.28,portscan,1
0.0,4588.31,5723.52,196.5,1419.0,225,0.0,10.57,0.33,portscan,1
0.0,2240.63,4713.15,156.0,1149.0,148,0.0,9.36,0.33,portscan,1
0.0,2147.9,2991.99,78.0,1590.0,111,0.0,8.0,0.33,portscan,1
0.0,3329.65,5206.98,111.0,1831.5,244,0.0,9.79,0.33,portscan,1
0.0,3127.91,5239.83,145.5,1051.5,228,0.0,8.0,0.33,portscan,1
0.0,2255.85,5303.54,144.0,1714.5,268,0.0,10.25,0.31,portscan,1
0.0,4624.86,5653.94,165.0,1669.5,255,0.0,9.57,0.31,portscan,1
0.0,4246.76,5582.37,106.5,1005.0,156,0.0,8.0,0.31,portscan,1
0.0,4412.09,2280.66,178.5,1398.0,130,0.0,8.0,0.31,portscan,1
0.0,4217.14,2953.08,192.0,1309.5,142,0.0,8.0,0.31,portscan,1
0.0,5105.66,5909.64,195.0,1108.5,195,0.0,9.09,0.28,portscan,1
0.0,5897.28,3378.82,168.0,1161.0,284,0.0,9.97,0.28,portscan,1
0.0,2082.26,4148.52,102.0,1140.0,178,0.0,8.0,0.28,portscan,1
0.0,5637.82,3640.3,154.5,1146.0,112,0.0,8.51,0.28,portscan,1
0.0,5418.83,2209.37,115.5,1824.0,283,0.0,12.08,0.28,portscan,1
0.0,5557.1,5353.04,103.5,1974.0,241,0.0,10.56,0.26,portscan,1
0.0,5564.62,2369.95,195.0,732.0,233,0.0,8.0,0.26,portscan,1
0.0,4716.66,3811.09,84.0,1611.0,125,0.0,8.65,0.26,portscan,1
0.0,2550.59,3966.87,91.5,1098.0,288,0.0,8.0,0.26,portscan,1
0.0,5093.58,5894.78,99.0,1149.0,283,0.0,8.0,0.24,portscan,1
0.0,4432.71,2379.12,97.5,1281.0,237,0.0,9.59,0.24,portscan,1
0.0,4414.96,5869.88,189.0,1359.0,130,0.0,8.0,0.24,portscan,1
0.0,5846.77,4854.14,84.0,738.0,214,0.0,8.0,0.24,portscan,1
0.0,4785.18,5448.23,88.5,994.5,225,0.0,8.0,0.24,portscan,1
0.0,3392.85,4845.6,121.5,1699.5,134,0.0,9.83,0.3,portscan,1
0.0,2646.58,2213.21,121.5,1543.5,160,0.0,8.0,0.3,portscan,1
0.0,2405.39,2762.95,174.0,1306.5,182,0.0,8.99,0.3,portscan,1
0.0,4770.85,3370.44,88.5,1125.0,184,0.0,8.0,0.3,portscan,1
0.0,2864.68,2447.66,133.5,1444.5,219,0.0,8.0,0.3,portscan,1
0.0,3734.95,4652.15,147.0,1162.5,206,0.0,8.0,0.28,portscan,1
0.0,3092.32,3977.6,145.5,1987.5,252,0.0,8.0,0.28,portscan,1
0.0,3590.37,2891.41,123.0,1356.0,243,0.0,10.99,0.28,portscan,1
0.0,3469.19,3315.64,78.0,931.5,234,0.0,10.56,0.28,portscan,1
0.0,5634.6,4091.75,195.0,1485.0,180,0.0,10.15,0.28,portscan,1
0.0,4909.09,4945.45,82.5,1845.0,268,0.0,10.46,0.25,portscan,1
0.0,2353.19,5885.64,85.5,1513.5,264,0.0,10.48,0.25,portscan,1
0.0,2963.09,2150.62,159.0,1705.5,234,0.0,8.0,0.25,portscan,1
0.0,3762.98,4636.75,132.0,1767.0,270,0.0,8.0,0.25,portscan,1
0.0,2457.7,5547.43,148.5,1638.0,264,0.0,9.18,0.25,portscan,1
0.0,2457.24,5129.21,171.0,1585.5,265,0.0,9.31,0.23,portscan,1
0.0,5938.28,2235.53,124.5,1498.5,241,0.0,11.34,0.23,portscan,1
0.0,4524.84,2550.65,103.5,1104.0,292,0.0,9.12,0.23,portscan,1
0.0,5655.06,5349.1,126.0,1608.0,299,0.0,8.0,0.23,portscan,1
0.0,2293.81,2606.99,189.0,1728.0,175,0.0,8.45,0.23,portscan,1
0.0,4791.32,5713.49,114.0,1135.5,277,0.0,12.23,0.21,portscan,1
0.0,4993.88,2646.12,121.5,1086.0,249,0.0,8.0,0.21,portscan,1
0.0,3320.83,3388.47,93.0,1422.0,182,0.0,8.0,0.21,portscan,1
0.0,2986.8,3867.87,132.0,1093.5,230,0.0,8.13,0.21,portscan,1
0.0,3390.56,4098.34,87.0,1422.0,206,0.0,8.0,0.21,portscan,1
0.0,5980.28,2771.05,190.5,1456.5,264,0.0,8.0,0.2,portscan,1
0.0,2169.49,4432.97,79.5,1338.0,126,0.0,9.2,0.2,portscan,1
0.0,5007.31,3356.8,81.0,1114.5,187,0.0,9.34,0.2,portscan,1
0.0,2695.42,4361.38,135.0,1006.5,220,0.0,8.47,0.2,portscan,1
0.0,2902.89,2917.29,153.0,1428.0,216,0.0,8.0,0.18,portscan,1
0.0,3695.42,2097.47,78.0,1491.0,209,0.0,10.6,0.18,portscan,1
0.0,5413.67,4280.14,156.0,1921.5,173,0.0,12.08,0.18,portscan,1
0.0,2693.67,2807.7,106.5,1212.0,105,0.0,8.93,0.18,portscan,1
0.0,5214.17,4348.25,171.0,1450.5,223,0.0,10.81,0.18,portscan,1
0.0,3819.28,2942.38,145.5,928.5,256,0.0,8.0,0.25,portscan,1
0.0,5033.24,2488.8,183.0,1444.5,184,0.0,8.0,0.25,portscan,1
0.0,3995.48,2548.67,100.5,1953.0,192,0.0,13.13,0.25,portscan,1
0.0,2268.58,5224.15,160.5,1755.0,192,0.0,8.29,0.25,portscan,1
0.0,3981.66,5369.61,189.0,1042.5,109,0.0,8.55,0.25,portscan,1
0.0,5960.38,5613.73,112.5,1561.5,270,0.0,9.13,0.23,portscan,1
0.0,5364.71,5656.1,102.0,1539.0,152,0.0,9.89,0.23,portscan,1
0.0,2922.01,4986.68,99.0,1680.0,146,0.0,8.7,0.23,portscan,1
0.0,5578.08,2754.52,198.0,1024.5,285,0.0,8.0,0.23,portscan,1
0.0,4960.49,5294.34,181.5,1056.0,198,0.0,8.0,0.23,portscan,1
0.0,4449.63,3667.69,317.5,1510.0,773,0.0,8.0,0.29,portscan,1
0.0,4864.25,3674.35,192.5,2727.5,753,0.0,8.0,0.29,portscan,1
0.0,3718.07,5152.35,252.5,2695.0,527,0.0,9.85,0.29,portscan,1
0.0,5642.65,4974.32,145.0,2555.0,765,0.0,8.4,0.29,portscan,1
0.0,3428.79,5682.86,270.0,3020.0,855,0.0,9.31,0.26,portscan,1
0.0,4425.23,3163.24,242.5,1985.0,338,0.0,10.53,0.26,portscan,1
0.0,2951.49,2304.0,267.5,2190.0,540,0.0,8.0,0.26,portscan,1
0.0,2106.21,3085.27,187.5,3365.0,548,0.0,12.65,0.26,portscan,1
0.0,4836.09,5356.36,330.0,1745.0,574,0.0,9.48,0.26,portscan,1
0.0,5571.64,2569.32,245.0,2562.5,483,0.0,8.0,0.32,portscan,1
0.0,4831.09,2741.79,300.0,1672.5,582,0.0,9.45,0.32,portscan,1
0.0,4217.6,5696.22,240.0,1912.5,373,0.0,9.66,0.32,portscan,1
0.0,2875.19,4257.94,180.0,2300.0,303,0.0,8.44,0.32,portscan,1
0.0,3919.9,2934.74,192.5,2290.0,434,0.0,8.57,0.32,portscan,1
0.0,2313.83,2443.71,192.5,2177.5,309,0.0,8.0,0.3,portscan,1
0.0,3125.55,5423.92,205.0,2085.0,631,0.0,11.89,0.3,portscan,1
0.0,2954.26,2741.3,292.5,1345.0,715,0.0,8.0,0.3,portscan,1
0.0,3331.42,5325.09,145.0,3070.0,863,0.0,8.7,0.3,portscan,1
0.0,5783.36,2489.39,292.5,1762.5,642,0.0,8.99,0.3,portscan,1
0.0,3639.43,4459.54,215.0,1770.0,654,0.0,8.36,0.35,portscan,1
0.0,2066.71,4861.53,192.5,3192.5,796,0.0,8.3,0.35,portscan,1
0.0,3881.26,3374.1,237.5,2237.5,497,0.0,8.0,0.35,portscan,1
0.0,5378.11,5802.3,170.0,2175.0,387,0.0,8.0,0.35,portscan,1
0.0,3589.45,3381.21,197.5,3215.0,769,0.0,8.0,0.35,portscan,1
0.0,2614.12,4170.39,315.0,2775.0,666,0.0,8.0,0.33,portscan,1
0.0,2464.92,3078.0,217.5,2877.5,505,0.0,8.0,0.33,portscan,1
0.0,5812.65,4492.5,155.0,2482.5,623,0.0,8.0,0.33,portscan,1
0.0,3297.73,4132.63,240.0,3392.5,691,0.0,8.31,0.33,portscan,1
0.0,3375.49,5906.35,285.0,2015.0,850,0.0,8.65,0.33,portscan,1
0.0,5364.98,2656.64,270.0,3075.0,571,0.0,8.0,0.3,portscan,1
0.0,5732.14,2746.53,217.5,2567.5,836,0.0,8.0,0.3,portscan,1
0.0,4961.42,2994.69,137.5,2647.5,466,0.0,8.0,0.3,portscan,1
0.0,5618.77,4717.67,322.5,2310.0,663,0.0,9.54,0.3,portscan,1
0.0,5554.15,3202.13,250.0,2590.0,529,0.0,8.0,0.3,portscan,1
0.0,4920.25,2453.17,165.0,1485.0,313,0.0,8.0,0.35,portscan,1
0.0,4563.67,3343.47,267.5,2687.5,835,0.0,8.0,0.35,portscan,1
0.0,3488.97,2388.54,282.5,2587.5,336,0.0,8.0,0.35,portscan,1
0.0,2762.39,5333.11,167.5,2555.0,836,0.0,8.0,0.35,portscan,1
0.0,3789.84,4275.25,230.0,2722.5,705,0.0,8.0,0.33,portscan,1
0.0,5659.08,5258.12,190.0,1815.0,492,0.0,10.07,0.33,portscan,1
0.0,4586.64,3413.12,257.5,2310.0,754,0.0,9.86,0.33,portscan,1
0.0,4175.66,3292.58,215.0,3277.5,669,0.0,9.51,0.33,portscan,1
0.0,3164.48,3935.83,215.0,2672.5,354,0.0,8.0,0.3,portscan,1
0.0,2898.07,5325.82,200.0,2147.5,632,0.0,8.93,0.3,portscan,1
0.0,5773.08,5964.79,285.0,2422.5,840,0.0,8.18,0.3,portscan,1
0.0,2735.12,3630.09,222.5,2480.0,625,0.0,8.7,0.3,portscan,1
0.0,5213.88,3449.35,292.5,2170.0,679,0.0,8.0,0.3,portscan,1
0.0,5275.62,4170.15,315.0,2600.0,893,0.0,9.02,0.28,portscan,1
0.0,5240.69,5448.89,322.5,2895.0,863,0.0,8.0,0.28,portscan,1
0.0,2087.47,5412.23,192.5,2242.5,507,0.0,8.67,0.28,portscan,1
0.0,5605.3,5742.43,177.5,2677.5,773,0.0,8.0,0.28,portscan,1
0.0,4903.93,4367.84,232.5,1212.5,417,0.0,8.0,0.28,portscan,1
0.0,2959.27,4524.51,180.0,2335.0,700,0.0,9.84,0.25,portscan,1
0.0,3808.42,5919.68,210.0,2107.5,665,0.0,8.0,0.25,portscan,1
0.0,2305.72,5553.17,327.5,2952.5,397,0.0,8.0,0.25,portscan,1
0.0,2301.7,4002.69,142.5,2147.5,324,0.0,8.0,0.25,portscan,1
0.0,3891.51,2616.41,177.5,2067.5,890,0.0,8.0,0.25,portscan,1
0.0,4637.95,3722.51,232.5,1860.0,362,0.0,8.04,0.23,portscan,1
0.0,2176.2,3845.79,212.5,2532.5,499,0.0,8.0,0.23,portscan,1
0.0,2289.57,2823.7,242.5,2280.0,439,0.0,8.16,0.23,portscan,1
0.0,2913.54,4647.24,227.5,2227.5,826,0.0,8.0,0.23,portscan,1
0.0,3067.43,4069.84,135.0,2667.5,366,0.0,8.0,0.23,portscan,1
0.0,3027.84,4094.85,290.0,3017.5,477,0.0,8.0,0.21,portscan,1
0.0,4002.12,4934.73,142.5,2707.5,383,10.8,8.0,0.21,portscan,1
0.0,3233.6,2965.87,190.0,1575.0,738,0.0,8.0,0.21,portscan,1
0.0,2435.5,3193.51,290.0,2730.0,440,0.0,9.11,0.21,portscan,1
0.0,5324.38,4639.63,207.5,2397.5,411,0.0,8.0,0.21,portscan,1
0.0,2135.66,3712.78,132.5,2020.0,521,0.0,9.27,0.28,portscan,1
0.0,5719.85,3532.45,237.5,1410.0,535,0.0,8.0,0.28,portscan,1
0.0,3174.72,4887.62,210.0,2910.0,693,0.0,8.0,0.28,portscan,1
0.0,5498.48,4468.35,245.0,2300.0,462,0.0,9.55,0.28,portscan,1
0.0,2092.14,2072.6,260.0,3042.5,889,0.0,9.33,0.33,portscan,1
0.0,2571.43,5018.48,317.5,2395.0,552,0.0,9.87,0.33,portscan,1
0.0,2807.6,5242.36,192.5,2217.5,608,0.0,8.0,0.33,portscan,1
0.0,3963.5,5832.52,287.5,2742.5,717,0.0,8.0,0.33,portscan,1
0.0,4470.51,2388.71,215.0,2260.0,719,0.0,8.0,0.33,portscan,1
0.0,3137.5,4157.23,320.0,1712.5,773,0.0,8.9,0.31,portscan,1
0.0,3038.94,4208.03,217.5,2282.5,687,0.0,10.91,0.31,portscan,1
0.0,4702.07,2266.92,270.0,2950.0,849,0.0,8.57,0.31,portscan,1
0.0,4047.83,4367.41,182.5,3312.5,745,0.0,8.38,0.31,portscan,1
0.0,2832.35,4520.52,180.0,1402.5,726,0.0,8.0,0.31,portscan,1
0.0,3458.5,3179.72,207.5,2785.0,327,0.0,8.0,0.28,portscan,1
0.0,2223.55,2832.27,287.5,2155.0,772,0.0,9.5,0.28,portscan,1
0.0,2290.68,5919.93,185.0,3392.5,593,0.0,13.75,0.28,portscan,1
0.0,5924.27,2664.92,240.0,2810.0,762,0.0,8.96,0.28,portscan,1
0.0,5037.46,4559.01,185.0,2795.0,836,0.0,8.0,0.28,portscan,1
0.0,5616.29,4142.82,217.5,2660.0,477,0.0,8.68,0.26,portscan,1
0.0,2465.4,2111.08,320.0,1842.5,443,0.0,8.0,0.26,portscan,1
0.0,2549.7,2699.83,175.0,2787.5,465,0.0,12.02,0.26,portscan,1
0.0,4426.64,5685.03,177.5,2057.5,474,0.0,8.0,0.26,portscan,1
0.0,3736.09,4759.93,287.5,1275.0,734,0.0,8.0,0.26,portscan,1
0.0,5335.17,2978.55,182.5,2850.0,681,0.0,8.0,0.24,portscan,1
0.0,2004.99,5969.77,270.0,2217.5,758,0.0,8.0,0.24,portscan,1
0.0,3544.74,2623.98,210.0,3452.5,770,0.0,12.06,0.24,portscan,1
0.0,4034.07,5256.62,245.0,2675.0,831,0.0,8.0,0.24,portscan,1
0.0,5745.97,5091.11,170.0,1567.5,322,0.0,8.0,0.22,portscan,1
0.0,4351.19,5717.18,242.5,1830.0,893,0.0,8.94,0.22,portscan,1
0.0,5191.5,5776.37,162.5,1730.0,888,0.0,8.0,0.22,portscan,1
0.0,2633.55,2967.92,145.0,2877.5,327,0.0,8.33,0.22,portscan,1
0.0,5355.84,2490.79,182.5,2422.5,845,0.0,8.59,0.22,portscan,1
0.0,3118.63,4379.89,162.5,1715.0,634,0.0,8.0,0.2,portscan,1
0.0,2037.98,5309.26,172.5,2317.5,398,0.0,8.0,0.2,portscan,1
0.0,3420.68,5684.77,265.0,1752.5,479,0.0,8.0,0.2,portscan,1
0.0,5892.36,2350.57,140.0,2185.0,749,0.0,10.06,0.2,portscan,1
0.0,4627.36,5615.11,215.0,1717.5,678,0.0,8.32,0.2,portscan,1
0.0,3090.42,3074.65,142.5,1752.5,727,0.0,8.0,0.19,portscan,1
0.0,2969.61,4311.41,165.0,2855.0,409,0.0,10.97,0.19,portscan,1
0.0,3382.64,2570.18,185.0,2037.5,661,0.0,9.0,0.19,portscan,1
0.0,5806.45,5844.35,135.0,2120.0,321,0.0,8.0,0.19,portscan,1
0.0,2458.33,3506.89,287.5,1637.5,615,0.0,8.33,0.17,portscan,1
0.0,5316.05,4153.53,202.5,2982.5,739,0.0,8.0,0.17,portscan,1
0.0,2293.23,2685.81,282.5,1415.0,528,0.0,8.0,0.17,portscan,1
0.0,5287.27,3150.23,250.0,3152.5,664,0.0,8.98,0.17,portscan,1
0.0,4097.64,5704.96,322.5,2202.5,503,0.0,8.0,0.17,portscan,1
0.0,5289.33,5218.18,282.5,2130.0,354,0.0,8.0,0.16,portscan,1
0.0,3628.15,2989.5,285.0,1580.0,335,0.0,8.0,0.16,portscan,1
0.0,2262.01,2136.61,285.0,1862.5,592,0.0,8.0,0.16,portscan,1
0.0,3018.55,4460.22,130.0,1580.0,651,0.0,8.0,0.16,portscan,1
0.0,5887.32,3751.38,142.5,2742.5,592,0.0,8.68,0.16,portscan,1
0.0,3086.16,3310.11,277.5,2115.0,694,0.0,8.86,0.14,portscan,1
0.0,3697.12,4951.91,230.0,2692.5,502,0.0,10.42,0.14,portscan,1
0.0,5356.59,3440.01,320.0,2070.0,882,0.0,8.0,0.14,portscan,1
0.0,4465.85,2912.03,210.0,2250.0,381,0.0,9.04,0.14,portscan,1
0.0,2257.86,3505.4,190.0,2097.5,505,0.0,8.53,0.14,portscan,1
0.0,2121.34,5916.96,297.5,2705.0,576,0.0,9.48,0.29,portscan,1
0.0,4658.75,3512.96,197.5,1782.5,460,0.0,8.88,0.29,portscan,1
0.0,2429.32,3432.99,135.0,2727.5,859,0.0,9.26,0.29,portscan,1
0.0,5979.42,5412.95,252.5,2007.5,489,0.0,11.28,0.29,portscan,1
0.0,5395.93,3159.48,205.0,1587.5,781,0.0,8.0,0.29,portscan,1
0.0,4376.55,5021.5,260.0,2650.0,845,0.0,8.0,0.35,portscan,1
0.0,2460.52,2287.26,132.5,2785.0,333,0.0,9.14,0.35,portscan,1
0.0,4456.13,2138.57,207.5,2912.5,317,0.0,8.0,0.35,portscan,1
0.0,2279.17,2753.15,307.5,2487.5,684,0.0,13.91,0.35,portscan,1
0.0,4754.3,5036.38,317.5,1780.0,661,0.0,8.0,0.4,portscan,1
0.0,2133.59,3442.55,315.0,2385.0,639,0.0,8.0,0.4,portscan,1
0.0,5458.41,2895.13,292.5,2910.0,303,0.0,8.0,0.4,portscan,1
0.0,4867.71,5730.17,145.0,3107.5,327,0.0,10.01,0.4,portscan,1
0.0,3593.58,2149.61,272.5,2677.5,764,0.0,10.71,0.4,portscan,1
0.0,3155.04,4296.63,325.0,2655.0,382,0.0,8.0,0.37,portscan,1
0.0,3988.89,5812.18,170.0,2400.0,618,0.0,8.0,0.37,portscan,1
0.0,3297.8,5287.19,227.5,2157.5,352,0.0,8.0,0.37,portscan,1
0.0,2780.17,3167.32,300.0,1822.5,473,0.0,8.0,0.37,portscan,1
0.0,3023.02,4843.62,247.5,3295.0,855,0.0,10.64,0.37,portscan,1
0.0,4567.86,3138.99,220.0,8855.0,562,0.0,16.62,0.42,portscan,1
0.0,5622.87,3503.09,247.5,2230.0,617,0.0,8.44,0.42,portscan,1
0.0,3205.15,3251.9,232.5,1610.0,603,0.0,8.0,0.42,portscan,1
0.0,2448.98,2707.39,327.5,2482.5,739,0.0,8.0,0.42,portscan,1
0.0,2956.07,5903.24,152.5,2285.0,545,0.0,8.0,0.42,portscan,1
0.0,5744.54,4259.98,182.5,2252.5,792,0.0,8.97,0.47,portscan,1
0.0,2419.34,3488.89,192.5,2477.5,871,0.0,8.2,0.47,portscan,1
0.0,4515.6,3956.78,187.5,1917.5,608,10.1,8.0,0.47,portscan,1
0.0,5944.45,2186.78,185.0,3312.5,363,0.0,8.0,0.47,portscan,1
0.0,4042.77,2561.68,317.5,1892.5,370,0.0,8.29,0.67,portscan,1
0.0,2325.07,4712.64,327.5,1877.5,884,0.0,8.0,0.67,portscan,1
0.0,4283.79,2238.42,302.5,1712.5,573,0.0,8.0,0.67,portscan,1
0.0,3395.48,3415.14,292.5,2277.5,435,0.0,8.0,0.67,portscan,1
0.0,4834.62,4063.93,265.0,1977.5,838,0.0,8.0,0.62,portscan,1
0.0,2811.47,2433.74,260.0,2920.0,357,0.0,9.34,0.62,portscan,1
0.0,5133.34,5330.11,220.0,2325.0,845,0.0,8.0,0.62,portscan,1
0.0,3788.19,3504.7,287.5,2245.0,608,0.0,10.16,0.62,portscan,1
0.0,2270.2,5203.86,142.5,2472.5,778,0.0,11.94,0.62,portscan,1
0.0,5425.18,5715.22,197.5,2622.5,698,0.0,10.14,0.65,portscan,1
0.0,5333.16,3288.03,150.0,1802.5,538,0.0,9.1,0.65,portscan,1
0.0,5502.94,3831.23,142.5,1730.0,753,0.0,8.0,0.65,portscan,1
0.0,2124.73,4100.4,237.5,3327.5,397,0.0,9.23,0.65,portscan,1
0.0,5201.22,2083.22,235.0,3185.0,649,0.0,8.05,0.65,portscan,1
0.0,2347.85,4863.51,190.0,2582.5,878,0.0,8.64,0.6,portscan,1
0.0,2960.51,2145.56,235.0,2880.0,454,0.0,12.85,0.6,portscan,1
0.0,3686.97,5994.61,292.5,2975.0,882,0.0,8.0,0.6,portscan,1
0.0,3940.7,4368.27,277.5,2817.5,764,0.0,8.0,0.6,portscan,1
0.0,5317.52,3194.99,135.0,2850.0,327,0.0,8.12,0.6,portscan,1
0.0,3416.57,4122.14,252.5,1982.5,425,0.0,8.0,0.55,portscan,1
0.0,5432.62,3560.01,205.0,3235.0,573,0.0,9.34,0.55,portscan,1
0.0,4048.01,2304.58,237.5,2725.0,603,0.0,8.0,0.55,portscan,1
0.0,3887.13,5489.19,250.0,2942.5,597,0.0,8.0,0.55,portscan,1
0.0,3550.46,5789.7,330.0,2070.0,620,0.0,8.38,0.5,portscan,1
0.0,2894.23,2896.95,215.0,2702.5,557,0.0,10.48,0.5,portscan,1
0.0,5774.27,5257.3,155.0,1670.0,870,0.0,8.76,0.5,portscan,1
0.0,5316.57,5156.33,137.5,1490.0,479,0.0,8.0,0.5,portscan,1
0.0,2238.4,5817.56,225.0,3172.5,468,0.0,9.31,0.5,portscan,1
0.0,5086.72,5622.16,192.5,1595.0,836,0.0,8.0,0.46,portscan,1
0.0,3631.56,3011.32,217.5,2242.5,350,0.0,10.74,0.46,portscan,1
0.0,2382.79,4240.76,230.0,2375.0,630,0.0,8.0,0.46,portscan,1
0.0,3593.54,5572.82,215.0,1705.0,594,0.0,8.0,0.46,portscan,1
0.0,4198.67,4890.27,245.0,2102.5,868,0.0,8.0,0.43,portscan,1
0.0,3882.13,3883.15,165.0,2137.5,406,0.0,8.0,0.43,portscan,1
0.0,2836.77,5164.32,247.5,2665.0,670,0.0,8.0,0.43,portscan,1
0.0,4460.56,3428.13,217.5,2402.5,802,0.0,8.0,0.43,portscan,1
0.0,3164.32,2924.6,265.0,2262.5,422,0.0,8.0,0.43,portscan,1
0.0,3832.62,5825.42,142.5,2367.5,747,0.0,8.0,0.47,portscan,1
0.0,5314.68,4169.92,180.0,3395.0,417,0.0,9.04,0.47,portscan,1
0.0,2404.74,5020.98,275.0,1965.0,624,0.0,8.0,0.47,portscan,1
0.0,3180.2,3375.04,190.0,2775.0,697,0.0,11.06,0.47,portscan,1
0.0,3715.99,3929.74,175.0,2780.0,736,0.0,8.0,0.47,portscan,1
0.0,3005.91,4884.99,200.0,2627.5,434,0.0,8.0,0.43,portscan,1
0.0,3258.64,3194.8,207.5,2207.5,668,0.0,8.0,0.43,portscan,1
0.0,2991.43,4331.0,295.0,2077.5,472,0.0,8.62,0.43,portscan,1
0.0,4081.44,4218.34,152.5,2517.5,322,0.0,8.0,0.43,portscan,1
0.0,4868.12,4464.45,282.5,2802.5,790,0.0,12.13,0.43,portscan,1
0.0,3003.05,3346.82,155.0,2540.0,651,0.0,8.0,0.4,portscan,1
0.0,4974.87,5060.3,145.0,1955.0,523,0.0,8.14,0.4,portscan,1
0.0,4765.38,3526.29,325.0,2335.0,408,0.0,8.0,0.4,portscan,1
0.0,5258.85,2233.14,162.5,3232.5,396,0.0,8.0,0.4,portscan,1
0.0,5052.99,3485.77,157.5,3065.0,741,0.0,8.0,0.37,portscan,1
0.0,3488.97,4185.36,247.5,1902.5,384,0.0,8.0,0.37,portscan,1
0.0,4592.88,4245.43,212.5,2745.0,327,0.0,8.0,0.37,portscan,1
0.0,3844.37,4956.58,142.5,1920.0,671,0.0,8.0,0.37,portscan,1
0.0,4303.76,4849.73,165.0,2677.5,825,0.0,8.0,0.37,portscan,1
0.0,5984.81,3099.16,227.5,1965.0,442,0.0,8.61,0.34,portscan,1
0.0,4573.63,3644.07,255.0,2472.5,382,0.0,8.0,0.34,portscan,1
0.0,3691.42,4993.01,135.0,4240.0,753,0.0,8.0,0.34,portscan,1
0.0,2758.49,4605.08,142.5,9810.0,876,0.0,12.98,0.34,portscan,1
0.0,3120.17,4614.93,142.5,3657.5,811,0.0,8.0,0.34,portscan,1
0.0,2798.07,4214.6,242.5,3000.0,879,0.0,8.64,0.31,portscan,1
0.0,2755.91,4390.38,270.0,2987.5,809,0.0,8.0,0.31,portscan,1
0.0,2930.16,2489.49,185.0,2877.5,604,0.0,8.0,0.31,portscan,1
0.0,3296.35,5792.02,225.0,3017.5,530,0.0,8.75,0.31,portscan,1
0.0,2443.45,4017.96,167.5,4995.0,718,0.0,12.64,0.45,portscan,1
0.0,4160.85,5062.09,320.0,3620.0,767,0.0,8.0,0.45,portscan,1
0.0,3518.36,5925.14,290.0,16117.5,757,0.0,26.52,0.45,portscan,1
0.0,5220.94,4384.35,207.5,23732.5,304,0.0,35.0,0.45,portscan,1
0.0,3660.72,2674.8,227.5,7625.0,830,0.0,13.01,0.45,portscan,1
0.0,2147.16,2183.53,157.5,1772.5,355,0.0,8.0,0.41,portscan,1
0.0,3831.31,2148.81,242.5,2750.0,434,0.0,10.34,0.41,portscan,1
0.0,4300.87,2649.45,300.0,2130.0,664,0.0,8.72,0.41,portscan,1
0.0,3031.93,4325.7,212.5,2267.5,526,0.0,9.72,0.41,portscan,1
0.0,4568.71,2483.06,277.5,3165.0,542,0.0,8.0,0.41,portscan,1
0.0,2525.4,5157.12,175.0,2510.0,487,0.0,10.22,0.38,portscan,1
0.0,3972.14,4035.98,142.5,1865.0,880,0.0,10.45,0.38,portscan,1
0.0,4136.97,3283.25,207.5,3202.5,738,0.0,8.0,0.38,portscan,1
0.0,4022.99,2485.34,247.5,2780.0,506,0.0,8.0,0.38,portscan,1
0.0,2869.96,4827.26,260.0,1970.0,654,0.0,8.0,0.35,portscan,1
0.0,5455.56,3800.77,277.5,2742.5,419,0.0,10.26,0.35,portscan,1
0.0,4919.72,2477.19,325.0,2700.0,532,0.0,8.0,0.35,portscan,1
0.0,4060.08,5975.07,190.0,1332.5,609,0.0,8.0,0.35,portscan,1
0.0,5568.09,2826.78,150.0,2145.0,434,0.0,11.74,0.35,portscan,1
0.0,4526.15,2893.94,205.0,3330.0,563,0.0,10.66,0.32,portscan,1
0.0,3537.45,4196.91,322.5,1642.5,782,0.0,8.0,0.32,portscan,1
0.0,3247.69,5398.4,255.0,2040.0,697,0.0,8.0,0.32,portscan,1
0.0,5496.75,5467.59,170.0,2507.5,654,0.0,8.0,0.32,portscan,1
0.0,5028.4,3122.06,210.0,2077.5,530,0.0,10.83,0.29,portscan,1
0.0,5614.43,2396.87,170.0,2592.5,306,0.0,8.0,0.29,portscan,1
0.0,4613.48,4846.75,175.0,2165.0,405,0.0,10.75,0.29,portscan,1
0.0,3572.6,2171.02,230.0,1870.0,621,0.0,9.81,0.29,portscan,1
0.0,2917.88,2559.29,180.0,2625.0,729,0.0,9.3,0.29,portscan,1
0.0,4833.96,4937.82,315.0,2847.5,397,0.0,11.57,0.27,portscan,1
0.0,4120.45,3876.74,285.0,2720.0,564,0.0,8.0,0.27,portscan,1
0.0,4254.69,5087.61,235.0,2112.5,361,0.0,8.0,0.27,portscan,1
0.0,3415.95,2618.34,217.5,2512.5,716,0.0,8.0,0.27,portscan,1
0.0,3167.35,2510.63,157.5,3807.5,702,0.0,12.08,0.27,portscan,1
0.0,4349.67,5700.64,315.0,1812.5,793,0.0,8.0,0.25,portscan,1
0.0,2975.4,5050.74,245.0,1885.0,779,0.0,8.81,0.25,portscan,1
0.0,5534.25,4934.93,232.5,2162.5,877,0.0,8.0,0.25,portscan,1
0.0,5847.08,2135.65,177.5,2405.0,785,0.0,8.0,0.25,portscan,1
0.0,5257.87,5752.85,245.0,3847.5,593,0.0,10.81,0.25,portscan,1
0.0,3518.07,2121.17,295.0,2182.5,734,0.0,9.04,0.23,portscan,1
0.0,4151.37,4133.31,187.5,1515.0,368,0.0,9.63,0.23,portscan,1
0.0,4176.16,4596.38,247.5,2760.0,835,0.0,8.09,0.23,portscan,1
0.0,2261.11,5994.31,305.0,1847.5,884,0.0,8.0,0.23,portscan,1
0.0,3400.06,4879.28,295.0,2107.5,789,0.0,11.33,0.23,portscan,1
0.0,4209.39,5554.1,190.0,2692.5,766,0.0,8.0,0.21,portscan,1
0.0,3977.87,3928.74,270.0,2887.5,700,0.0,8.0,0.21,portscan,1
0.0,4244.94,2480.49,180.0,2530.0,613,0.0,8.66,0.21,portscan,1
0.0,2091.34,2278.93,312.5,1792.5,447,0.0,9.38,0.21,portscan,1
0.0,2711.99,5741.24,150.0,2795.0,470,0.0,11.06,0.27,portscan,1
0.0,4960.41,3655.99,252.5,2327.5,791,0.0,8.0,0.27,portscan,1
0.0,5627.52,3950.76,202.5,1580.0,561,0.0,8.0,0.27,portscan,1
0.0,2072.67,4747.91,277.5,2105.0,598,0.0,11.19,0.27,portscan,1
0.0,2885.49,3691.22,207.5,2135.0,609,0.0,8.47,0.27,portscan,1
0.0,3505.66,4827.35,315.0,1917.5,502,0.0,8.0,0.57,portscan,1
0.0,5531.6,5758.13,255.0,1730.0,401,0.0,10.27,0.57,portscan,1
0.0,2253.76,4138.42,215.0,1675.0,380,0.0,8.0,0.57,portscan,1
0.0,2402.03,2107.09,260.0,2620.0,627,0.0,8.01,0.57,portscan,1
0.0,3922.81,5325.6,162.5,1907.5,329,0.0,9.6,0.57,portscan,1
0.0,3593.14,5906.79,182.5,2845.0,319,0.0,11.09,0.52,portscan,1
0.0,4425.82,2064.86,302.5,2990.0,517,0.0,8.0,0.52,portscan,1
0.0,5599.51,3967.06,135.0,2600.0,703,0.0,8.0,0.52,portscan,1
0.0,4939.37,3640.78,247.5,2160.0,787,0.0,9.31,0.52,portscan,1
0.0,3615.46,4870.84,172.5,2037.5,552,0.0,11.19,0.52,portscan,1
0.0,4823.45,2888.31,202.5,2870.0,511,0.0,9.49,0.48,portscan,1
0.0,4514.79,5815.41,235.0,1670.0,470,0.0,8.0,0.48,portscan,1
0.0,5261.42,5560.41,315.0,2207.5,774,0.0,8.0,0.48,portscan,1
0.0,2282.79,5349.43,130.0,1582.5,656,0.0,8.0,0.48,portscan,1
0.0,2112.93,4189.41,177.5,1597.5,810,0.0,8.0,0.48,portscan,1
0.0,2179.0,5276.43,150.8,1496.3,192,0.0,8.0,0.44,portscan,1
0.0,5495.5,4750.48,148.2,1088.1,85,0.0,8.0,0.44,portscan,1
0.0,2758.24,4640.84,146.9,1314.3,116,0.0,9.74,0.44,portscan,1
0.0,5155.78,3299.24,158.6,864.5,182,0.0,8.64,0.44,portscan,1
0.0,5073.89,5730.19,107.9,1063.4,132,0.0,8.0,0.49,portscan,1
0.0,2022.66,4241.58,115.7,1024.4,110,0.0,8.0,0.49,portscan,1
0.0,2779.58,3376.72,114.4,1028.3,197,0.0,8.0,0.49,portscan,1
0.0,3282.56,3047.18,170.3,672.1,189,0.0,8.0,0.49,portscan,1
0.0,3674.46,5891.34,102.7,1006.2,133,0.0,8.0,0.45,portscan,1
0.0,3531.79,4750.49,106.6,938.6,90,0.0,9.69,0.45,portscan,1
0.0,3329.71,5302.3,148.2,1359.8,153,0.0,9.8,0.45,portscan,1
0.0,5666.35,3140.53,171.6,1164.8,200,0.0,8.0,0.45,portscan,1
0.0,3113.63,3470.36,139.1,1128.4,172,0.0,8.0,0.45,portscan,1
0.0,4331.41,4824.44,80.6,1177.8,89,0.0,8.0,0.41,portscan,1
0.0,4355.17,5448.24,136.5,1677.0,82,0.0,8.18,0.41,portscan,1
0.0,2713.54,2552.77,145.6,1107.6,102,0.0,8.01,0.41,portscan,1
0.0,2597.34,2364.17,156.0,1406.6,91,0.0,8.0,0.41,portscan,1
0.0,4550.36,5790.49,130.0,743.6,115,0.0,8.0,0.38,portscan,1
0.0,3215.31,3594.46,114.4,1241.5,145,0.0,8.0,0.38,portscan,1
0.0,5104.43,2210.36,97.5,1248.0,86,0.0,10.56,0.38,portscan,1
0.0,4199.49,2160.71,167.7,1393.6,199,0.0,8.0,0.38,portscan,1
0.0,4442.61,2555.75,84.5,1810.9,126,0.0,8.0,0.38,portscan,1
0.0,2148.06,4474.75,148.2,1132.3,116,0.0,8.0,0.35,portscan,1
0.0,3748.12,5756.47,156.0,1600.3,95,0.0,9.23,0.35,portscan,1
0.0,2375.12,3633.27,128.7,1188.2,119,0.0,8.0,0.35,portscan,1
0.0,2755.83,3508.76,171.6,1027.0,199,0.0,8.0,0.32,portscan,1
0.0,3550.18,5773.72,119.6,1199.9,109,0.0,8.0,0.32,portscan,1
0.0,4873.1,5937.64,156.0,1290.9,147,0.0,8.0,0.32,portscan,1
0.0,4614.58,4023.65,91.0,1614.6,123,0.0,8.0,0.32,portscan,1
0.0,4888.09,4973.8,71.5,1201.2,88,0.0,8.61,0.32,portscan,1
0.0,3898.21,4677.37,114.4,1544.4,94,0.0,8.0,0.29,portscan,1
0.0,4838.27,5844.17,169.0,939.9,172,0.0,8.0,0.29,portscan,1
0.0,4147.1,4428.93,119.6,859.3,170,0.0,8.0,0.29,portscan,1
0.0,4862.81,5386.47,93.6,1669.2,133,0.0,12.62,0.29,portscan,1
0.0,4481.8,2873.63,167.7,1367.6,165,0.0,8.0,0.29,portscan,1
0.0,2990.54,4355.95,148.2,1123.2,192,0.0,8.0,0.27,portscan,1
0.0,3742.19,3733.41,94.9,1280.5,153,0.0,8.0,0.27,portscan,1
0.0,4865.45,4185.42,154.7,1359.8,89,0.0,8.58,0.27,portscan,1
0.0,4146.56,3783.92,163.8,1469.0,127,0.0,8.45,0.27,portscan,1
0.0,5363.7,5889.99,161.2,1097.2,89,0.0,8.0,0.27,portscan,1
0.0,4541.99,4835.14,70.2,1589.9,139,0.0,8.13,0.33,portscan,1
0.0,5269.3,2718.76,76.7,1586.0,192,0.0,10.26,0.33,portscan,1
0.0,2348.23,4720.19,119.6,1147.9,96,0.0,8.0,0.33,portscan,1
0.0,3798.85,4466.19,84.5,1388.4,192,0.0,11.04,0.33,portscan,1
0.0,2340.11,5226.69,126.1,964.6,176,0.0,8.0,0.33,portscan,1
0.0,3815.63,4723.81,145.6,1306.5,90,0.0,8.0,0.38,portscan,1
0.0,4248.24,4117.74,78.0,1573.0,184,0.0,8.0,0.38,portscan,1
0.0,4569.46,5381.88,89.7,1342.9,93,0.0,12.99,0.38,portscan,1
0.0,5032.45,4064.31,101.4,1095.9,170,0.0,8.0,0.38,portscan,1
0.0,2050.15,3848.16,167.7,1112.8,165,0.0,8.43,0.35,portscan,1
0.0,2639.44,3558.8,140.4,1376.7,117,0.0,8.0,0.35,portscan,1
0.0,4148.17,4612.75,120.9,1739.4,153,0.0,10.69,0.35,portscan,1
0.0,4121.15,4894.86,130.0,867.1,135,0.0,8.0,0.35,portscan,1
0.0,2663.97,3556.11,98.8,1539.2,193,0.0,8.0,0.32,portscan,1
0.0,5686.49,5480.08,159.9,1023.1,177,0.0,8.0,0.32,portscan,1
0.0,4245.17,2384.89,148.2,1444.3,134,0.0,8.01,0.32,portscan,1
0.0,2482.42,5108.88,79.3,1514.5,183,0.0,14.69,0.32,portscan,1
0.0,2008.03,5526.93,163.8,1573.0,196,0.0,8.26,0.3,portscan,1
0.0,4353.86,4098.88,101.4,1032.2,100,0.0,8.0,0.3,portscan,1
0.0,5387.53,3006.73,104.0,998.4,167,0.0,8.35,0.3,portscan,1
0.0,2128.65,5859.41,114.4,1089.4,97,0.0,8.0,0.3,portscan,1
0.0,5071.27,4048.57,149.5,967.2,112,0.0,11.12,0.3,portscan,1
0.0,3985.94,2676.0,128.7,1346.8,165,0.0,9.45,0.27,portscan,1
0.0,3155.94,4512.41,118.3,985.4,96,0.0,8.0,0.27,portscan,1
0.0,2637.43,5692.46,96.2,1094.6,136,0.0,8.0,0.27,portscan,1
0.0,4370.67,4042.51,91.0,1029.6,189,0.0,8.0,0.27,portscan,1
0.0,4668.34,5295.24,127.4,1770.6,88,0.0,9.74,0.27,portscan,1
0.0,3241.78,2554.49,96.2,991.9,193,0.0,8.0,0.25,portscan,1
0.0,3472.54,5895.25,102.7,1235.0,100,0.0,8.0,0.25,portscan,1
0.0,2081.73,4696.76,102.7,915.2,200,0.0,8.0,0.25,portscan,1
0.0,4330.86,3337.77,117.0,1674.4,102,0.0,10.65,0.25,portscan,1
0.0,2654.76,4530.67,67.6,1149.2,88,0.0,9.48,0.23,portscan,1
0.0,4718.09,4691.25,165.1,1366.3,88,0.0,8.0,0.23,portscan,1
0.0,2116.68,2659.17,171.6,913.9,95,0.0,8.69,0.23,portscan,1
0.0,5819.75,5237.24,87.1,990.6,129,0.0,8.0,0.23,portscan,1
0.0,2711.85,2023.18,89.7,2074.8,181,0.0,12.48,0.23,portscan,1
0.0,2192.32,2530.0,70.2,1566.5,177,0.0,12.68,0.21,portscan,1
0.0,5856.36,2363.88,92.3,1012.7,187,0.0,8.0,0.21,portscan,1
0.0,5263.63,3104.45,83.2,1090.7,92,0.0,10.57,0.21,portscan,1
0.0,5245.12,2258.1,80.6,1280.5,182,0.0,9.28,0.21,portscan,1
0.0,4435.33,4065.44,70.2,1483.3,139,0.0,8.0,0.21,portscan,1
0.0,2598.89,3813.33,97.5,1168.7,173,0.0,8.0,0.2,portscan,1
0.0,4619.35,3247.79,114.4,1463.8,96,0.0,8.64,0.2,portscan,1
0.0,4802.7,4397.54,143.0,1437.8,144,0.0,13.47,0.2,portscan,1
0.0,2847.64,4095.29,114.4,817.7,180,0.0,8.0,0.18,portscan,1
0.0,3824.86,4239.68,122.2,1398.8,82,0.0,8.0,0.18,portscan,1
0.0,4881.84,5263.2,163.8,919.1,126,0.0,8.24,0.18,portscan,1
0.0,3686.43,3349.6,161.2,1316.9,91,0.0,8.0,0.18,portscan,1
0.0,3409.93,4461.88,115.7,1423.5,122,0.0,8.0,0.18,portscan,1
0.0,3528.44,5570.22,143.0,713.7,135,0.0,8.32,0.17,portscan,1
0.0,3719.67,2586.77,114.4,965.9,176,0.0,8.0,0.17,portscan,1
0.0,4698.03,3674.02,79.3,1413.1,112,0.0,8.53,0.17,portscan,1
0.0,3698.78,4287.91,127.4,1331.2,143,0.0,12.35,0.17,portscan,1
0.0,5022.0,3717.79,78.0,1088.1,185,0.0,9.91,0.15,portscan,1
0.0,3024.93,5198.71,89.7,1201.2,195,0.0,8.0,0.15,portscan,1
0.0,4818.88,4713.63,115.7,1298.7,127,0.0,8.0,0.15,portscan,1
0.0,2557.39,3970.91,96.2,1294.8,197,0.0,8.0,0.15,portscan,1
0.0,4126.68,5228.09,118.3,1281.8,109,0.0,8.0,0.15,portscan,1
0.0,5304.24,4724.62,169.0,912.6,178,0.0,8.0,0.14,portscan,1
0.0,4743.15,2444.75,153.4,1184.3,126,0.0,9.91,0.14,portscan,1
0.0,3118.96,2420.44,171.6,917.8,120,0.0,8.0,0.14,portscan,1
0.0,4803.3,2419.89,170.3,1041.3,95,0.0,8.56,0.14,portscan,1
0.0,4917.95,4393.77,124.8,1686.1,149,0.0,11.36,0.14,portscan,1
0.0,5309.05,2846.99,89.7,1405.3,110,0.0,11.51,0.29,portscan,1
0.0,2911.66,4330.73,137.8,664.3,189,0.0,8.0,0.29,portscan,1
0.0,5226.2,4286.53,101.4,1266.2,117,0.0,8.0,0.29,portscan,1
0.0,5482.3,4546.77,133.9,1223.3,84,0.0,8.0,0.29,portscan,1
0.0,4080.76,3719.57,79.3,1136.2,172,0.0,8.0,0.27,portscan,1
0.0,2585.73,4901.86,92.3,1501.5,158,0.0,8.0,0.27,portscan,1
0.0,5924.78,4851.1,130.0,1155.7,97,0.0,8.0,0.27,portscan,1
0.0,5184.81,4160.54,163.8,1137.5,142,0.0,9.42,0.27,portscan,1
0.0,2372.47,3827.62,97.5,1710.8,145,0.0,9.97,0.24,portscan,1
0.0,2961.1,2158.48,146.9,1150.5,139,0.0,8.0,0.24,portscan,1
0.0,4921.15,3271.32,68.9,952.9,164,0.0,8.0,0.24,portscan,1
0.0,2492.8,5491.3,101.4,941.2,137,0.0,8.0,0.24,portscan,1
0.0,3826.48,3403.89,114.4,1561.3,120,0.0,8.0,0.22,portscan,1
0.0,3272.51,2507.46,162.5,956.8,80,0.0,8.0,0.22,portscan,1
0.0,3501.15,2357.49,154.7,1030.9,178,0.0,8.0,0.22,portscan,1
0.0,5862.37,5817.53,128.7,1197.3,95,0.0,8.0,0.22,portscan,1
0.0,5484.88,4380.17,102.7,1284.4,156,0.0,9.59,0.29,portscan,1
0.0,5787.78,5482.31,165.1,1222.0,161,0.0,9.62,0.29,portscan,1
0.0,2798.85,5876.69,88.4,1066.0,85,0.0,8.0,0.29,portscan,1
0.0,3662.61,4384.82,150.8,1027.0,98,0.0,8.72,0.29,portscan,1
0.0,4653.27,3139.61,110.5,698.1,188,0.0,8.0,0.29,portscan,1
0.0,3833.61,5857.05,110.5,1098.5,92,0.0,8.0,0.26,portscan,1
0.0,2497.86,3751.23,161.2,1706.9,148,0.0,12.13,0.26,portscan,1
0.0,2591.74,4375.23,149.5,1592.5,111,0.0,8.0,0.26,portscan,1
0.0,2597.46,2677.42,139.1,1488.5,161,0.0,8.33,0.26,portscan,1
0.0,5998.26,4222.28,136.5,1119.3,117,0.0,8.99,0.24,portscan,1
0.0,3940.43,4997.6,105.3,1466.4,90,0.0,8.0,0.24,portscan,1
0.0,5070.64,2160.84,83.2,1141.4,198,0.0,8.0,0.24,portscan,1
0.0,2632.9,2978.85,97.5,1125.8,92,0.0,8.0,0.24,portscan,1
0.0,5894.55,4440.85,169.0,1357.2,140,0.0,8.0,0.24,portscan,1
0.0,3672.01,5438.92,127.4,1034.8,93,0.0,8.18,0.22,portscan,1
0.0,2011.89,2491.98,146.9,863.2,181,0.0,8.0,0.22,portscan,1
0.0,2236.99,4857.52,171.6,1618.5,143,0.0,9.48,0.22,portscan,1
0.0,3066.1,5645.07,166.4,1548.3,122,0.0,9.2,0.22,portscan,1
0.0,4244.26,3965.37,115.7,1523.6,199,0.0,8.0,0.22,portscan,1
0.0,4242.85,2862.0,170.3,1021.8,100,0.0,8.0,0.2,portscan,1
0.0,3910.59,2114.85,72.8,1452.1,195,0.0,8.0,0.2,portscan,1
0.0,4812.92,4862.04,163.8,928.2,143,0.0,9.08,0.2,portscan,1
0.0,3247.2,5086.81,91.0,1219.4,189,0.0,10.71,0.2,portscan,1
0.0,2559.17,3314.27,123.5,1599.0,163,0.0,9.74,0.2,portscan,1
0.0,3026.2,3526.88,114.4,838.5,149,0.0,9.02,0.19,portscan,1
0.0,2397.05,3147.71,110.5,934.7,139,0.0,8.0,0.19,portscan,1
0.0,5975.87,5572.4,141.7,1271.4,187,0.0,9.8,0.19,portscan,1
0.0,5322.66,4387.54,98.8,1459.9,153,0.0,8.45,0.19,portscan,1
0.0,5183.49,4619.27,68.9,1359.8,120,0.0,9.24,0.19,portscan,1
0.0,3214.8,2971.98,98.8,1016.6,125,0.0,8.94,0.17,portscan,1
0.0,3556.17,4396.53,166.4,1190.8,151,0.0,8.0,0.17,portscan,1
0.0,2398.47,3489.29,162.5,1149.2,168,0.0,10.9,0.17,portscan,1
0.0,2181.16,2847.46,167.7,794.3,102,0.0,8.0,0.17,portscan,1
0.0,2290.09,4826.78,157.3,634.4,93,0.0,8.0,0.16,portscan,1
0.0,5822.86,5593.54,80.6,1232.4,98,0.0,8.0,0.16,portscan,1
0.0,4422.67,3151.07,87.1,772.2,86,0.0,8.0,0.16,portscan,1
0.0,2417.3,5707.6,161.2,1033.5,119,0.0,11.05,0.16,portscan,1
0.0,5301.52,2946.42,146.9,1068.6,157,0.0,8.0,0.16,portscan,1
0.0,2278.45,3066.25,111.8,1407.9,137,0.0,11.38,0.23,portscan,1
0.0,4279.67,5908.22,118.3,1301.3,163,0.0,8.0,0.23,portscan,1
0.0,4986.73,3096.23,70.2,1474.2,133,0.0,8.0,0.23,portscan,1
0.0,3151.45,5599.64,128.7,1554.8,161,0.0,10.42,0.23,portscan,1
0.0,4823.48,2741.34,145.6,1461.2,90,0.0,8.0,0.23,portscan,1
0.0,5820.63,4126.85,120.9,1251.9,87,0.0,8.92,0.21,portscan,1
0.0,3068.89,3736.54,163.8,1067.3,119,0.0,8.0,0.21,portscan,1
0.0,3745.53,3882.1,132.6,1190.8,163,0.0,9.22,0.21,portscan,1
0.0,3724.24,5239.67,83.2,1184.3,141,0.0,10.37,0.21,portscan,1
0.0,3215.97,4786.07,102.7,1219.4,178,0.0,8.21,0.21,portscan,1
0.0,4035.46,2810.38,109.2,863.2,177,0.0,8.0,0.19,portscan,1
0.0,4308.46,4625.91,154.7,876.2,188,0.0,8.0,0.19,portscan,1
0.0,5107.02,2303.02,85.8,1300.0,168,0.0,9.81,0.19,portscan,1
0.0,2124.41,5896.78,123.5,1475.5,90,0.0,8.57,0.19,portscan,1
0.0,3433.78,5546.48,136.5,1111.5,119,0.0,8.52,0.19,portscan,1
0.0,4866.96,3181.36,114.4,1056.9,107,0.0,8.98,0.17,portscan,1
